eval_id,benchmark,pair_id,src_lang,tgt_lang,source,reference,model_name,prediction,total_seconds,generated_tokens,has_repetition,hit_max_tokens,raw_prediction,finish_reason,source_has_numbers,numbers_preserved,format_prefix,reference_length_ratio,abnormal_length,sentence_chrf2
ru-uz-0397,flores_devtest,397,ru,uz,"На земле Ханаана не было больших лесов, поэтому древесина была чрезвычайно дорогой.","Kan'on yerlarida keng o'rmonlar yo'q edi, shu sababdan yog'och nihoyatda qimmat edi.",qwen3_4b_q8,Xanaan davriyida katta qo'shimcha qo'shimcha qo'shimcha qo'shimcha qo'shimcha qo'shimcha qo'shimcha qo'shimcha qo'shimcha qo'shimcha qo'shimcha qo'shimcha qo'shimcha qo'shimcha qo'shimcha qo'shimcha qo'shimcha qo'shimcha qo'shimcha qo'shimcha qo'shimcha qo'shimcha qo'shimcha qo'shimcha qo'shimcha qo'shimcha qo'shimcha qo'shimcha qo'shimcha qo'shimcha qo'shimcha qo'shimcha qo'shimcha qo'shimcha qo'shimcha qo'shimcha qo'shimcha qo'shimcha qo'shimcha qo'shimcha qo'shimcha qo'shimcha qo'shimcha qo'shimcha qo'shimcha qo'shimcha qo'shimcha qo'shimcha qo's,3.6705333000281826,256,True,True,Xanaan davriyida katta qo'shimcha qo'shimcha qo'shimcha qo'shimcha qo'shimcha qo'shimcha qo'shimcha qo'shimcha qo'shimcha qo'shimcha qo'shimcha qo'shimcha qo'shimcha qo'shimcha qo'shimcha qo'shimcha qo'shimcha qo'shimcha qo'shimcha qo'shimcha qo'shimcha qo'shimcha qo'shimcha qo'shimcha qo'shimcha qo'shimcha qo'shimcha qo'shimcha qo'shimcha qo'shimcha qo'shimcha qo'shimcha qo'shimcha qo'shimcha qo'shimcha qo'shimcha qo'shimcha qo'shimcha qo'shimcha qo'shimcha qo'shimcha qo'shimcha qo'shimcha qo'shimcha qo'shimcha qo'shimcha qo'shimcha qo'shimcha qo's,length,False,True,False,6.607142857142857,True,4.957124953382229
en-uz-0091,flores_devtest,91,en,uz,The scientists were able to conclude that the dark matter affect other dark matter in the same way regular matter does.,"Olimlar qora materiya boshqa qora materiyaga xuddi odatiy materiya ta'sir qilgani kabi ta'sir ko'rsatadi, degan xulosaga kelishdi.",qwen3_4b_q8,"Aloqatliy tilga o'tkazish:
Aloqatliy tilga o'tkazish:
Aloqatliy tilga o'tkazish:
Aloqatliy tilga o'tkazish:
Aloqatliy tilga o'tkazish:
Aloqatliy tilga o'tkazish:
Aloqatliy tilga o'tkazish:
Aloqatliy tilga o'tkazish:
Aloqatliy tilga o'tkazish:
Aloqatliy tilga o'tkazish:
Aloqatliy tilga o'tkazish:
Aloqatliy tilga o'tkazish:
Aloqatliy tilga o'tkazish:
Aloqatliy tilga o'tkazish:
Aloqatliy tilga o'tkazish:
Aloqatliy tilga o'tkazish:
Aloqatliy tilga o'tkazish:
Aloqatliy tilga o'tkazish:",3.846309999935329,256,True,True,"Aloqatliy tilga o'tkazish:
Aloqatliy tilga o'tkazish:
Aloqatliy tilga o'tkazish:
Aloqatliy tilga o'tkazish:
Aloqatliy tilga o'tkazish:
Aloqatliy tilga o'tkazish:
Aloqatliy tilga o'tkazish:
Aloqatliy tilga o'tkazish:
Aloqatliy tilga o'tkazish:
Aloqatliy tilga o'tkazish:
Aloqatliy tilga o'tkazish:
Aloqatliy tilga o'tkazish:
Aloqatliy tilga o'tkazish:
Aloqatliy tilga o'tkazish:
Aloqatliy tilga o'tkazish:
Aloqatliy tilga o'tkazish:
Aloqatliy tilga o'tkazish:
Aloqatliy tilga o'tkazish:
",length,False,True,False,3.730769230769231,True,7.685737537599054
zh-uz-0913,flores_devtest,913,zh,uz,对于那些计划怎么度过空档年的人来说，游学成为越来越受欢迎的选择。,Akademik ta'tilni rejalashtirayotganlar orasida tobora ommalashib borayotgan tanlov – sayohat hamda o'rganishdir.,qwen3_4b_q8,"Ko'proq yoshlarda bo'sh yil uchun planlash kerak bo'lgan kishilarga, o'quvchilarga o'quvchi bo'lmagan yil uchun o'quvchi bo'lmagan yil uchun o'quvchi bo'lmagan yil uchun o'quvchi bo'lmagan yil uchun o'quvchi bo'lmagan yil uchun o'quvchi bo'lmagan yil uchun o'quvchi bo'lmagan yil uchun o'quvchi bo'lmagan yil uchun o'quvchi bo'lmagan yil uchun o'quvchi bo'lmagan yil uchun o'quvchi bo'lmagan yil uchun o'quvchi bo'lmagan yil uchun o'quvchi bo'lmagan yil uchun o'quvchi bo'lmagan yil uchun o'quvchi bo'lmagan yil uchun o'quvchi",3.729955999995582,256,True,True,"Ko'proq yoshlarda bo'sh yil uchun planlash kerak bo'lgan kishilarga, o'quvchilarga o'quvchi bo'lmagan yil uchun o'quvchi bo'lmagan yil uchun o'quvchi bo'lmagan yil uchun o'quvchi bo'lmagan yil uchun o'quvchi bo'lmagan yil uchun o'quvchi bo'lmagan yil uchun o'quvchi bo'lmagan yil uchun o'quvchi bo'lmagan yil uchun o'quvchi bo'lmagan yil uchun o'quvchi bo'lmagan yil uchun o'quvchi bo'lmagan yil uchun o'quvchi bo'lmagan yil uchun o'quvchi bo'lmagan yil uchun o'quvchi bo'lmagan yil uchun o'quvchi bo'lmagan yil uchun o'quvchi",length,False,True,False,4.654867256637168,True,9.213196069813451
zh-uz-0771,flores_devtest,771,zh,uz,除了一艘英国巡航舰外，其余船只悉数沉没。近 200 名美国人和德国人丧失生命。,Bitta Britaniya kreyseridan boshqa barcha kemalar cho'ktirilgan edi. 200 ga yaqin amerikalik va nemis halok bo'lgan.,qwen3_4b_q8,Boshqa barcha qo'shimcha qurilma yoki qurilma yoki qurilma yoki qurilma yoki qurilma yoki qurilma yoki qurilma yoki qurilma yoki qurilma yoki qurilma yoki qurilma yoki qurilma yoki qurilma yoki qurilma yoki qurilma yoki qurilma yoki qurilma yoki qurilma yoki qurilma yoki qurilma yoki qurilma yoki qurilma yoki qurilma yoki qurilma yoki qurilma yoki qurilma yoki qurilma yoki qurilma yoki qurilma yoki qurilma yoki qurilma yoki qurilma yoki qurilma yoki qurilma yoki qurilma yoki qurilma yoki qurilma yoki qurilma yoki qurilma yoki qurilma yoki q,3.7837204999523237,256,True,True,Boshqa barcha qo'shimcha qurilma yoki qurilma yoki qurilma yoki qurilma yoki qurilma yoki qurilma yoki qurilma yoki qurilma yoki qurilma yoki qurilma yoki qurilma yoki qurilma yoki qurilma yoki qurilma yoki qurilma yoki qurilma yoki qurilma yoki qurilma yoki qurilma yoki qurilma yoki qurilma yoki qurilma yoki qurilma yoki qurilma yoki qurilma yoki qurilma yoki qurilma yoki qurilma yoki qurilma yoki qurilma yoki qurilma yoki qurilma yoki qurilma yoki qurilma yoki qurilma yoki qurilma yoki qurilma yoki qurilma yoki qurilma yoki qurilma yoki q,length,True,False,False,4.706896551724138,True,9.320682411820089
zh-uz-0356,flores_devtest,356,zh,uz,要把卫星或望远镜送入太空，需要一枚超过 100 英尺高的巨型火箭。,Sun'iy yo'ldosh yoki teleskopni kosmosga joylashtirish uchun 100 futdan ortiq balandlikdagi ulkan raketa talab qilinadi.,qwen3_4b_q8,Boshqaruv satelllisi yoki teleskopni uzunlikda uzunlikda uzunlikda uzunlikda uzunlikda uzunlikda uzunlikda uzunlikda uzunlikda uzunlikda uzunlikda uzunlikda uzunlikda uzunlikda uzunlikda uzunlikda uzunlikda uzunlikda uzunlikda uzunlikda uzunlikda uzunlikda uzunlikda uzunlikda uzunlikda uzunlikda uzunlikda uzunlikda uzunlikda uzunlikda uzunlikda uzunlikda uzunlikda uzunlikda uzunlikda uzunlikda uzunlikda uzunlikda uzunlikda uzunlikda uzunlikda uzunlikda uzunlikda uzunlikda uzunlikda uzunlikda uzunlikda uzunlikda uzunlikda uzunlikda uzunlikda uzunlikda uzunlikda uzunlikda uzunlikda uzunlikda uzunlikda uzunlikda uzunlikda uz,3.716869299998507,256,True,True,Boshqaruv satelllisi yoki teleskopni uzunlikda uzunlikda uzunlikda uzunlikda uzunlikda uzunlikda uzunlikda uzunlikda uzunlikda uzunlikda uzunlikda uzunlikda uzunlikda uzunlikda uzunlikda uzunlikda uzunlikda uzunlikda uzunlikda uzunlikda uzunlikda uzunlikda uzunlikda uzunlikda uzunlikda uzunlikda uzunlikda uzunlikda uzunlikda uzunlikda uzunlikda uzunlikda uzunlikda uzunlikda uzunlikda uzunlikda uzunlikda uzunlikda uzunlikda uzunlikda uzunlikda uzunlikda uzunlikda uzunlikda uzunlikda uzunlikda uzunlikda uzunlikda uzunlikda uzunlikda uzunlikda uzunlikda uzunlikda uzunlikda uzunlikda uzunlikda uzunlikda uzunlikda uzunlikda uz,length,True,False,False,5.241666666666666,True,10.9148393785094
en-uz-0085,flores_devtest,85,en,uz,Commons Administrator Adam Cuerden expressed his frustration over the deletions when he spoke to Wikinews last month.,Parlamentning quyi palatasi ma'muri Adam Kuerden o'tgan oyda Wikinews bilan suhbatida o'chirishlardan ranjiganini aytdi.,qwen3_4b_q8,"Kommunalar administratori Adam Cuerden, aynan o'zini Wikinewsga o'zini o'zini o'zini o'zini o'zini o'zini o'zini o'zini o'zini o'zini o'zini o'zini o'zini o'zini o'zini o'zini o'zini o'zini o'zini o'zini o'zini o'zini o'zini o'zini o'zini o'zini o'zini o'zini o'zini o'zini o'zini o'zini o'zini o'zini o'zini o'zini o'zini o'zini o'zini o'zini o'zini o'zini o'zini o'zini o'zini o'zini o'zini o'zini o'zini o'zini o'zini o'zini o'zini o'zini o'zini o'zini o'zini o'",3.847537299967371,256,True,True,"Kommunalar administratori Adam Cuerden, aynan o'zini Wikinewsga o'zini o'zini o'zini o'zini o'zini o'zini o'zini o'zini o'zini o'zini o'zini o'zini o'zini o'zini o'zini o'zini o'zini o'zini o'zini o'zini o'zini o'zini o'zini o'zini o'zini o'zini o'zini o'zini o'zini o'zini o'zini o'zini o'zini o'zini o'zini o'zini o'zini o'zini o'zini o'zini o'zini o'zini o'zini o'zini o'zini o'zini o'zini o'zini o'zini o'zini o'zini o'zini o'zini o'zini o'zini o'zini o'zini o'",length,False,True,False,3.875,True,11.655127453548781
zh-uz-0814,flores_devtest,814,zh,uz,如果你在宣布推迟之前预订了 2020 年的航班和住宿，则可能会面临棘手的情况。,"Agar siz kechiktirish e'lon qilinishidan avval 2020-yil uchun reyslar va mehmonxonani buyurtna qilgan bo'lsangiz, siz qiyin vaziyatda qolishingiz mumkin.",qwen3_4b_q8,Agar 2020-yil bo'ylab bo'lib o'tgan kiritish va o'zimizga qo'shimcha xizmatlar tashkil etishga qo'shib olib borishga qo'shib olib borishga qo'shib olib borishga qo'shib olib borishga qo'shib olib borishga qo'shib olib borishga qo'shib olib borishga qo'shib olib borishga qo'shib olib borishga qo'shib olib borishga qo'shib olib borishga qo'shib olib borishga qo'shib olib borishga qo'shib olib borishga qo'shib olib borishga qo'shib olib borishga qo'shib olib borishga qo'shib olib borishga qo'shib olib borishga qo'shib olib borishga qo'shib olib borishga qo'shib olib borishga qo'shib olib borishga q,3.835125300101936,256,True,True,Agar 2020-yil bo'ylab bo'lib o'tgan kiritish va o'zimizga qo'shimcha xizmatlar tashkil etishga qo'shib olib borishga qo'shib olib borishga qo'shib olib borishga qo'shib olib borishga qo'shib olib borishga qo'shib olib borishga qo'shib olib borishga qo'shib olib borishga qo'shib olib borishga qo'shib olib borishga qo'shib olib borishga qo'shib olib borishga qo'shib olib borishga qo'shib olib borishga qo'shib olib borishga qo'shib olib borishga qo'shib olib borishga qo'shib olib borishga qo'shib olib borishga qo'shib olib borishga qo'shib olib borishga qo'shib olib borishga qo'shib olib borishga q,length,True,True,False,3.934640522875817,True,11.950273067484165
ru-uz-0950,flores_devtest,950,ru,uz,Севернее посетите также великий Храм Фатимской Богоматери (усыпальница) — место всемирно известных явлений Девы Марии.,Yana shimolda butun dunyoga mashhur bo'lgan Mariam onamizning ko'rinish joyi bo'lgan Fotima onamiz ibodatxonasiga (Muqaddas jiy) ham tashrif buyuring.,qwen3_4b_q8,"Ko'pincha, Katedrali (usupalinishi) - Mariya Kvinasining universal katta tajriba joyi bo'lib, Katedrali (usupalinishi) - Mariya Kvinasining universal katta tajriba joyi bo'lib, Katedrali (usupalinishi) - Mariya Kvinasining universal katta tajriba joyi bo'lib, Katedrali (usupalinishi) - Mariya Kvinasining universal katta tajriba joyi bo'lib, Katedrali (usupalinishi) - Mariya Kvinasining universal katta tajriba joyi bo'lib, Katedrali (usupalinishi) - Mariya Kvinasining universal katta tajriba joyi bo'lib, Katedrali (usupalinishi) - Mariya Kvinasining universal katta tajriba joyi bo'lib, Katedrali (usupalinishi) - Mariya Kvinasining universal katta tajriba joyi bo'lib, Katedrali (us",3.646662799990736,256,True,True,"Ko'pincha, Katedrali (usupalinishi) - Mariya Kvinasining universal katta tajriba joyi bo'lib, Katedrali (usupalinishi) - Mariya Kvinasining universal katta tajriba joyi bo'lib, Katedrali (usupalinishi) - Mariya Kvinasining universal katta tajriba joyi bo'lib, Katedrali (usupalinishi) - Mariya Kvinasining universal katta tajriba joyi bo'lib, Katedrali (usupalinishi) - Mariya Kvinasining universal katta tajriba joyi bo'lib, Katedrali (usupalinishi) - Mariya Kvinasining universal katta tajriba joyi bo'lib, Katedrali (usupalinishi) - Mariya Kvinasining universal katta tajriba joyi bo'lib, Katedrali (usupalinishi) - Mariya Kvinasining universal katta tajriba joyi bo'lib, Katedrali (us",length,False,True,False,4.586666666666667,True,12.329517183074499
en-uz-0746,flores_devtest,746,en,uz,"The Chaco region was home to other groups of indigenous tribes such as the Guaycurú and Payaguá, who survived by hunting, gathering and fishing.","Chako mintaqasida Guaykuru va Payagua kabi mahalliy qabilalarning boshqa guruhlari yashab, ular ovchilik, termachilik va baliq ovlash orqali hayotlarini saqlab qolishgan.",qwen3_4b_q8,Chako regioni Guaycuru va Payaguá kabi boshqa adatdagi qo'shimcha qo'shimcha qo'shimcha qo'shimcha qo'shimcha qo'shimcha qo'shimcha qo'shimcha qo'shimcha qo'shimcha qo'shimcha qo'shimcha qo'shimcha qo'shimcha qo'shimcha qo'shimcha qo'shimcha qo'shimcha qo'shimcha qo'shimcha qo'shimcha qo'shimcha qo'shimcha qo'shimcha qo'shimcha qo'shimcha qo'shimcha qo'shimcha qo'shimcha qo'shimcha qo'shimcha qo'shimcha qo'shimcha qo'shimcha qo'shimcha qo'shimcha qo'shimcha qo'shimcha qo'shimcha qo'shimcha qo'shimcha qo'shimcha qo'shimcha qo'shimcha qo'shimcha qo'shimcha q,3.8508949000388384,256,True,True,Chako regioni Guaycuru va Payaguá kabi boshqa adatdagi qo'shimcha qo'shimcha qo'shimcha qo'shimcha qo'shimcha qo'shimcha qo'shimcha qo'shimcha qo'shimcha qo'shimcha qo'shimcha qo'shimcha qo'shimcha qo'shimcha qo'shimcha qo'shimcha qo'shimcha qo'shimcha qo'shimcha qo'shimcha qo'shimcha qo'shimcha qo'shimcha qo'shimcha qo'shimcha qo'shimcha qo'shimcha qo'shimcha qo'shimcha qo'shimcha qo'shimcha qo'shimcha qo'shimcha qo'shimcha qo'shimcha qo'shimcha qo'shimcha qo'shimcha qo'shimcha qo'shimcha qo'shimcha qo'shimcha qo'shimcha qo'shimcha qo'shimcha qo'shimcha q,length,False,True,False,3.3058823529411763,True,13.159959554706916
zh-uz-0994,flores_devtest,994,zh,uz,内陆水道可以作为假期游玩的一个不错的主题。,Ichki suv yo'llari ta'til uchun yaxshi mavzu bo'lishi mumkin.,qwen3_4b_q8,Ichki suv yo'llari yengi o'ylab ko'rgan bo'lgan xavfli o'ylab ko'rgan bo'lgan bo'lgan bo'lgan bo'lgan bo'lgan bo'lgan bo'lgan bo'lgan bo'lgan bo'lgan bo'lgan bo'lgan bo'lgan bo'lgan bo'lgan bo'lgan bo'lgan bo'lgan bo'lgan bo'lgan bo'lgan bo'lgan bo'lgan bo'lgan bo'lgan bo'lgan bo'lgan bo'lgan bo'lgan bo'lgan bo'lgan bo'lgan bo'lgan bo'lgan bo'lgan bo'lgan bo'lgan bo'lgan bo'lgan bo'lgan bo'lgan bo'lgan bo'lgan bo'lgan bo'lgan bo'lgan bo'lgan bo'lgan bo'lgan bo'lgan bo'lgan bo'lgan bo'lgan bo'lgan bo'lgan,3.6882895999588072,256,True,True,Ichki suv yo'llari yengi o'ylab ko'rgan bo'lgan xavfli o'ylab ko'rgan bo'lgan bo'lgan bo'lgan bo'lgan bo'lgan bo'lgan bo'lgan bo'lgan bo'lgan bo'lgan bo'lgan bo'lgan bo'lgan bo'lgan bo'lgan bo'lgan bo'lgan bo'lgan bo'lgan bo'lgan bo'lgan bo'lgan bo'lgan bo'lgan bo'lgan bo'lgan bo'lgan bo'lgan bo'lgan bo'lgan bo'lgan bo'lgan bo'lgan bo'lgan bo'lgan bo'lgan bo'lgan bo'lgan bo'lgan bo'lgan bo'lgan bo'lgan bo'lgan bo'lgan bo'lgan bo'lgan bo'lgan bo'lgan bo'lgan bo'lgan bo'lgan bo'lgan bo'lgan bo'lgan bo'lgan,length,False,True,False,8.344262295081966,True,13.301969648491205
en-uz-0827,flores_devtest,827,en,uz,"Travellers bound for countries with heavy taxation can sometimes save a considerable amount of money, especially on products such as alcoholic beverages and tobacco.","Og'ir soliqlarga ega mamlakatlarga boruvchi sayohatchilar ba'zi hollarda, ayniqsa, spirtli ichimliklar va tamaki mahsulotlari kabilardan anchagina pul tejab qolishlari mumkin.",qwen3_4b_q8,Yashil qo'shimcha tashabbuslarga kirish uchun xavfli vergularda o'zgarishlar bo'lgan davlatlarga kiradigan xavfli vergularda o'zgarishlar bo'lgan davlatlarga kiradigan xavfli vergularda o'zgarishlar bo'lgan davlatlarga kiradigan xavfli vergularda o'zgarishlar bo'lgan davlatlarga kiradigan xavfli vergularda o'zgarishlar bo'lgan davlatlarga kiradigan xavfli vergularda o'zgarishlar bo'lgan davlatlarga kiradigan xavfli vergularda o'zgarishlar bo'lgan davlatlarga kiradigan xavfli vergularda o'zgarishlar bo'lgan davlatlarga kiradigan xavfli vergularda o'zgarishlar bo'lgan davlatlarga kiradigan xavfli vergularda o'zgarishlar bo'lgan,3.793622300028801,256,True,True,Yashil qo'shimcha tashabbuslarga kirish uchun xavfli vergularda o'zgarishlar bo'lgan davlatlarga kiradigan xavfli vergularda o'zgarishlar bo'lgan davlatlarga kiradigan xavfli vergularda o'zgarishlar bo'lgan davlatlarga kiradigan xavfli vergularda o'zgarishlar bo'lgan davlatlarga kiradigan xavfli vergularda o'zgarishlar bo'lgan davlatlarga kiradigan xavfli vergularda o'zgarishlar bo'lgan davlatlarga kiradigan xavfli vergularda o'zgarishlar bo'lgan davlatlarga kiradigan xavfli vergularda o'zgarishlar bo'lgan davlatlarga kiradigan xavfli vergularda o'zgarishlar bo'lgan davlatlarga kiradigan xavfli vergularda o'zgarishlar bo'lgan,length,False,True,False,3.617142857142857,True,13.647060147246433
zh-uz-0085,flores_devtest,85,zh,uz,共享资源管理员亚当·库尔登 (Adam Cuerden) 上个月在接受维基新闻 (Wikinews) 采访时表达了他对删除相关内容的不满。,Parlamentning quyi palatasi ma'muri Adam Kuerden o'tgan oyda Wikinews bilan suhbatida o'chirishlardan ranjiganini aytdi.,qwen3_4b_q8,Oylikda Wikinews dan ma'lumot olib kelgan sharhchining Adam Cuerdeni (Adam Cuerden) uchun o'zini o'zini o'zini o'zini o'zini o'zini o'zini o'zini o'zini o'zini o'zini o'zini o'zini o'zini o'zini o'zini o'zini o'zini o'zini o'zini o'zini o'zini o'zini o'zini o'zini o'zini o'zini o'zini o'zini o'zini o'zini o'zini o'zini o'zini o'zini o'zini o'zini o'zini o'zini o'zini o'zini o'zini o'zini o'zini o'zini o'zini o'zini o'zini o'zini o'zini o'zini o'zini o'zini o'zini o,3.964279800071381,256,True,True,Oylikda Wikinews dan ma'lumot olib kelgan sharhchining Adam Cuerdeni (Adam Cuerden) uchun o'zini o'zini o'zini o'zini o'zini o'zini o'zini o'zini o'zini o'zini o'zini o'zini o'zini o'zini o'zini o'zini o'zini o'zini o'zini o'zini o'zini o'zini o'zini o'zini o'zini o'zini o'zini o'zini o'zini o'zini o'zini o'zini o'zini o'zini o'zini o'zini o'zini o'zini o'zini o'zini o'zini o'zini o'zini o'zini o'zini o'zini o'zini o'zini o'zini o'zini o'zini o'zini o'zini o'zini o,length,False,True,False,3.908333333333333,True,13.698162075696677
en-uz-0449,flores_devtest,449,en,uz,"He arrived in the US with 4 cents to his name, a book of poetry, and a letter of recommendation from Charles Batchelor (his manager in his previous job) to Thomas Edison.","U AQSHga o'z nomidagi 4 sent, she'riy kitob va Charlz Batchelordan (oldingi ish joyidagi ish boshqaruvchisi) Tomas Edisonga tavsiyanoma bilan kelgandi.",qwen3_4b_q8,"Ushbu joyga 4 sentga ega bo'lib, poeziya kitobi va Charles Batchelor (kun davomida katta ishga kirgan katta ishga kirgan katta ishga kirgan katta ishga kirgan katta ishga kirgan katta ishga kirgan katta ishga kirgan katta ishga kirgan katta ishga kirgan katta ishga kirgan katta ishga kirgan katta ishga kirgan katta ishga kirgan katta ishga kirgan katta ishga kirgan katta ishga kirgan katta ishga kirgan katta ishga kirgan katta ishga kirgan katta ishga kirgan katta ishga kirgan katta ishga kirgan katta ishga kirgan katta ishga kirgan katta ishga kirgan katta ishga kirgan katta ishga kirgan katta ishga kirgan katta ishga kirgan katta ishga kirgan katta ishga kirgan katta ishga",4.248093199916184,256,True,True,"Ushbu joyga 4 sentga ega bo'lib, poeziya kitobi va Charles Batchelor (kun davomida katta ishga kirgan katta ishga kirgan katta ishga kirgan katta ishga kirgan katta ishga kirgan katta ishga kirgan katta ishga kirgan katta ishga kirgan katta ishga kirgan katta ishga kirgan katta ishga kirgan katta ishga kirgan katta ishga kirgan katta ishga kirgan katta ishga kirgan katta ishga kirgan katta ishga kirgan katta ishga kirgan katta ishga kirgan katta ishga kirgan katta ishga kirgan katta ishga kirgan katta ishga kirgan katta ishga kirgan katta ishga kirgan katta ishga kirgan katta ishga kirgan katta ishga kirgan katta ishga kirgan katta ishga kirgan katta ishga kirgan katta ishga",length,True,True,False,4.52317880794702,True,13.865518391541759
zh-uz-0746,flores_devtest,746,zh,uz,查科 (Chaco) 地区是瓜伊库鲁 (Guaycuru) 和帕亚瓜 (Payagua) 等其他土著部落的家园，他们靠狩猎、采集和捕鱼为生。,"Chako mintaqasida Guaykuru va Payagua kabi mahalliy qabilalarning boshqa guruhlari yashab, ular ovchilik, termachilik va baliq ovlash orqali hayotlarini saqlab qolishgan.",qwen3_4b_q8,Chaco hududi Guaycuru va Payagua kabi boshqa qo'shimcha qo'shimcha qo'shimcha qo'shimcha qo'shimcha qo'shimcha qo'shimcha qo'shimcha qo'shimcha qo'shimcha qo'shimcha qo'shimcha qo'shimcha qo'shimcha qo'shimcha qo'shimcha qo'shimcha qo'shimcha qo'shimcha qo'shimcha qo'shimcha qo'shimcha qo'shimcha qo'shimcha qo'shimcha qo'shimcha qo'shimcha qo'shimcha qo'shimcha qo'shimcha qo'shimcha qo'shimcha qo'shimcha qo'shimcha qo'shimcha qo'shimcha qo'shimcha qo'shimcha qo'shimcha qo'shimcha qo'shimcha qo'shimcha qo'shimcha qo'shimcha qo'shimcha qo'shimcha qo'shimcha q,3.825387899996713,256,True,True,Chaco hududi Guaycuru va Payagua kabi boshqa qo'shimcha qo'shimcha qo'shimcha qo'shimcha qo'shimcha qo'shimcha qo'shimcha qo'shimcha qo'shimcha qo'shimcha qo'shimcha qo'shimcha qo'shimcha qo'shimcha qo'shimcha qo'shimcha qo'shimcha qo'shimcha qo'shimcha qo'shimcha qo'shimcha qo'shimcha qo'shimcha qo'shimcha qo'shimcha qo'shimcha qo'shimcha qo'shimcha qo'shimcha qo'shimcha qo'shimcha qo'shimcha qo'shimcha qo'shimcha qo'shimcha qo'shimcha qo'shimcha qo'shimcha qo'shimcha qo'shimcha qo'shimcha qo'shimcha qo'shimcha qo'shimcha qo'shimcha qo'shimcha qo'shimcha q,length,False,True,False,3.3117647058823527,True,14.151398652542232
ru-uz-0063,flores_devtest,63,ru,uz,"Историки критикуют прошлую политику ФБР за то, что выделяла большую часть ресурсов на дела, которые легко раскрываются, особенно на дела об угоне автомобилей, с целью повышения уровня успешности работы агентства.","Tarixchilar agentlikning muvaffaqiyat darajasini kuchaytirish uchun osongina hal qilish mumkin bo'lgan, ayniqsa avtomobil o'g'rilanishi bo'yicha ishlarga resurslarning qaratilganligi uchun FQB agentligining o'tmishdagi siyosatlarini tanqid qildilar.",qwen3_4b_q8,Tarihshunoslar FBI ning o'zining katta qismi o'zining qo'shimcha resurslarini o'zining hamma qo'shimcha resurslarini o'zining qo'shimcha resurslarini o'zining qo'shimcha resurslarini o'zining qo'shimcha resurslarini o'zining qo'shimcha resurslarini o'zining qo'shimcha resurslarini o'zining qo'shimcha resurslarini o'zining qo'shimcha resurslarini o'zining qo'shimcha resurslarini o'zining qo'shimcha resurslarini o'zining qo'shimcha resurslarini o'zining qo'shimcha resurslarini o'zining qo'shimcha resurslarini o'zining qo'shimcha resurslarini o'zining qo'shimcha resurslarini o'zining qo'shimcha resurslarini o'zining qo'shimcha resurslarini,3.6946926000528038,256,True,True,Tarihshunoslar FBI ning o'zining katta qismi o'zining qo'shimcha resurslarini o'zining hamma qo'shimcha resurslarini o'zining qo'shimcha resurslarini o'zining qo'shimcha resurslarini o'zining qo'shimcha resurslarini o'zining qo'shimcha resurslarini o'zining qo'shimcha resurslarini o'zining qo'shimcha resurslarini o'zining qo'shimcha resurslarini o'zining qo'shimcha resurslarini o'zining qo'shimcha resurslarini o'zining qo'shimcha resurslarini o'zining qo'shimcha resurslarini o'zining qo'shimcha resurslarini o'zining qo'shimcha resurslarini o'zining qo'shimcha resurslarini o'zining qo'shimcha resurslarini o'zining qo'shimcha resurslarini,length,False,True,False,2.5863453815261046,True,14.656498685831377
ru-uz-0676,flores_devtest,676,ru,uz,Появление новых технологий позволяет нам увидеть и исследовать невиданные ранее структуры и процессы мозга.,Yangi texnologiyalarning rivojlanishi bizga oldin hech qachon kuzatilmagan miyaning tuzilishi hamda ishlash jarayonini ko'rish va tadqiq etish imkon yaratdi.,qwen3_4b_q8,"Yaqin tekhnologiyalarni shakllantirish uchun biz kengroq qiziqishga ega bo'lib, o'zgarmas bo'lgan joylarda va jarayonlarda qiziqishga ega bo'lib, mazmuniy qiziqishga ega bo'lib, mazmuniy qiziqishga ega bo'lib, mazmuniy qiziqishga ega bo'lib, mazmuniy qiziqishga ega bo'lib, mazmuniy qiziqishga ega bo'lib, mazmuniy qiziqishga ega bo'lib, mazmuniy qiziqishga ega bo'lib, mazmuniy qiziqishga ega bo'lib, mazmuniy qiziqishga ega bo'lib, mazmuniy qiziqishga ega bo'lib, mazmuniy qiziqishga ega bo'lib, mazmuniy qiziqishga e",3.6721825998974964,256,True,True,"Yaqin tekhnologiyalarni shakllantirish uchun biz kengroq qiziqishga ega bo'lib, o'zgarmas bo'lgan joylarda va jarayonlarda qiziqishga ega bo'lib, mazmuniy qiziqishga ega bo'lib, mazmuniy qiziqishga ega bo'lib, mazmuniy qiziqishga ega bo'lib, mazmuniy qiziqishga ega bo'lib, mazmuniy qiziqishga ega bo'lib, mazmuniy qiziqishga ega bo'lib, mazmuniy qiziqishga ega bo'lib, mazmuniy qiziqishga ega bo'lib, mazmuniy qiziqishga ega bo'lib, mazmuniy qiziqishga ega bo'lib, mazmuniy qiziqishga ega bo'lib, mazmuniy qiziqishga e",length,False,True,False,3.305732484076433,True,16.416419734580458
zh-uz-0125,flores_devtest,125,zh,uz,一名在事故发生地附近的车库立的工作人员说：“孩子们正等着过马路，并且都在大声尖叫，哭个不停。”,"Ko'ngilsiz hodisa yuz bergan joy yaqinidagi garajda ishlayotgan kishi: ""U yerda yo'lni kesib o'tmoqchi bo'layotgan bolalar bor edi va ularning barchasi qichqirib yig'layotgandi"" deb aytdi.",qwen3_4b_q8,"Bir xodim, o'zini olib borayotgan joyda bo'lgan o'zgaruvchi kafedralarda: ""Balalardan biri yurib borayotgan va hammasi yengi yurib borayotgan, qo'shimcha qo'shimcha qo'shimcha qo'shimcha qo'shimcha qo'shimcha qo'shimcha qo'shimcha qo'shimcha qo'shimcha qo'shimcha qo'shimcha qo'shimcha qo'shimcha qo'shimcha qo'shimcha qo'shimcha qo'shimcha qo'shimcha qo'shimcha qo'shimcha qo'shimcha qo'shimcha qo'shimcha qo'shimcha qo'shimcha qo'shimcha qo'shimcha qo'shimcha qo'shimcha qo'shimcha qo'shimcha qo'shimcha qo'shimcha qo'shimcha qo'shimcha qo'shimcha qo'shim",3.6512381000211462,256,True,True,"Bir xodim, o'zini olib borayotgan joyda bo'lgan o'zgaruvchi kafedralarda: ""Balalardan biri yurib borayotgan va hammasi yengi yurib borayotgan, qo'shimcha qo'shimcha qo'shimcha qo'shimcha qo'shimcha qo'shimcha qo'shimcha qo'shimcha qo'shimcha qo'shimcha qo'shimcha qo'shimcha qo'shimcha qo'shimcha qo'shimcha qo'shimcha qo'shimcha qo'shimcha qo'shimcha qo'shimcha qo'shimcha qo'shimcha qo'shimcha qo'shimcha qo'shimcha qo'shimcha qo'shimcha qo'shimcha qo'shimcha qo'shimcha qo'shimcha qo'shimcha qo'shimcha qo'shimcha qo'shimcha qo'shimcha qo'shimcha qo'shim",length,False,True,False,2.9627659574468086,True,17.200640749160645
ru-uz-0083,flores_devtest,83,ru,uz,"Девятый административный район, затопленный на 20 футов во время урагана Катрина, сейчас по пояс залит водой, поскольку дамба, находящаяся неподалеку, оказалась недостаточно высокой, чтобы удержать воду.","Katrina bo'roni vaqtida 20 fut balandlikdagi toshqinga guvoh bo'lgan to'qqizinchi bo'linma, suv yaqindagi to'g'ondan oshib o'tgani sababli, hozirda belgacha keladigan suv ostida qolgan.",qwen3_4b_q8,"Dixonti adminstrativ regioni, Katrina tsikloni davrida 20 foot bo'lgan suv bilan to'ldirilgan, bu yerda suv yuzaga kelgan, chunki yaxlitda joylashgan qo'shimcha qo'shimcha suvni o'z ichiga olmaydigan qo'shimcha qo'shimcha qo'shimcha qo'shimcha qo'shimcha qo'shimcha qo'shimcha qo'shimcha qo'shimcha qo'shimcha qo'shimcha qo'shimcha qo'shimcha qo'shimcha qo'shimcha qo'shimcha qo'shimcha qo'shimcha qo'shimcha qo'shimcha qo'shimcha qo'shimcha qo'shimcha qo'shimcha qo'shimcha qo'shimcha qo'shimcha qo'shimcha qo'shimcha qo'shimcha qo'shimcha qo'shimcha qo'shimcha qo'shimcha qo's",3.6597521000076085,256,True,True,"Dixonti adminstrativ regioni, Katrina tsikloni davrida 20 foot bo'lgan suv bilan to'ldirilgan, bu yerda suv yuzaga kelgan, chunki yaxlitda joylashgan qo'shimcha qo'shimcha suvni o'z ichiga olmaydigan qo'shimcha qo'shimcha qo'shimcha qo'shimcha qo'shimcha qo'shimcha qo'shimcha qo'shimcha qo'shimcha qo'shimcha qo'shimcha qo'shimcha qo'shimcha qo'shimcha qo'shimcha qo'shimcha qo'shimcha qo'shimcha qo'shimcha qo'shimcha qo'shimcha qo'shimcha qo'shimcha qo'shimcha qo'shimcha qo'shimcha qo'shimcha qo'shimcha qo'shimcha qo'shimcha qo'shimcha qo'shimcha qo'shimcha qo'shimcha qo's",length,True,True,False,3.1243243243243244,True,20.0223278680816
ru-uz-0125,flores_devtest,125,ru,uz,"Человек, работающий в гараже недалеко от того места, где произошла авария, сказал: ""Там стояли дети, которые ждали, чтобы перейти дорогу. Все они кричали и плакали.","Ko'ngilsiz hodisa yuz bergan joy yaqinidagi garajda ishlayotgan kishi: ""U yerda yo'lni kesib o'tmoqchi bo'layotgan bolalar bor edi va ularning barchasi qichqirib yig'layotgandi"" deb aytdi.",qwen3_4b_q8,"Ko'proq yashashga xavf qiladigan kishilardan biri, avarya yerga yakunlangan joydan yaxlit, garazda ishlagan, deydi: ""Ushbu joyda baliq olib kelgan o'quvchilar bor edi. Ular yordam qilishga kirdi va qo'shimcha xavf qiladigan kishilardan biri, avarya yerga yakunlangan joydan yaxlit, garazda ishlagan, deydi: ""Ushbu joyda baliq olib kelgan o'quvchilar bor edi. Ular yordam qilishga kirdi va qo'shimcha xavf qiladigan kishilardan biri, avarya yerga yakunlangan joydan yaxlit, garazda ishlagan, deydi: ""Ushbu joyda baliq olib kelgan o'quvchilar bor edi. Ular yordam qilishga",3.662041800096631,256,True,True,"Ko'proq yashashga xavf qiladigan kishilardan biri, avarya yerga yakunlangan joydan yaxlit, garazda ishlagan, deydi: ""Ushbu joyda baliq olib kelgan o'quvchilar bor edi. Ular yordam qilishga kirdi va qo'shimcha xavf qiladigan kishilardan biri, avarya yerga yakunlangan joydan yaxlit, garazda ishlagan, deydi: ""Ushbu joyda baliq olib kelgan o'quvchilar bor edi. Ular yordam qilishga kirdi va qo'shimcha xavf qiladigan kishilardan biri, avarya yerga yakunlangan joydan yaxlit, garazda ishlagan, deydi: ""Ushbu joyda baliq olib kelgan o'quvchilar bor edi. Ular yordam qilishga",length,False,True,False,3.0319148936170213,True,22.010079624566764
en-uz-0063,flores_devtest,63,en,uz,"Historians have criticized past FBI policies for focusing resources on cases which are easy to solve, especially stolen car cases, with the intent of boosting the agency's success rate.","Tarixchilar agentlikning muvaffaqiyat darajasini kuchaytirish uchun osongina hal qilish mumkin bo'lgan, ayniqsa avtomobil o'g'rilanishi bo'yicha ishlarga resurslarning qaratilganligi uchun FQB agentligining o'tmishdagi siyosatlarini tanqid qildilar.",qwen3_4b_q8,"Tarihshunoslar, қўшқа ҳисобларни ҳисобланган ҳисобларга (ҳамма ҳолатда ҳисобланган ҳисоблар) ҳисобланган ҳисобларга қўшқа ҳисобларни ҳисобланган ҳисобларга ҳисобланган ҳисобларга ҳисобланган ҳисобларга ҳисобланган ҳисобларга ҳисобланган ҳисобларга ҳисобланган ҳисобларга ҳисобланган ҳисобларга ҳисобланган ҳисобларга ҳисобланган ҳисобларга ҳисобланган ҳисобларга ҳисобланган ҳисобларга ҳисобланган ҳисобларга ҳисобланган ҳисобларга ҳис",4.000484299962409,256,True,True,"Tarihshunoslar, қўшқа ҳисобларни ҳисобланган ҳисобларга (ҳамма ҳолатда ҳисобланган ҳисоблар) ҳисобланган ҳисобларга қўшқа ҳисобларни ҳисобланган ҳисобларга ҳисобланган ҳисобларга ҳисобланган ҳисобларга ҳисобланган ҳисобларга ҳисобланган ҳисобларга ҳисобланган ҳисобларга ҳисобланган ҳисобларга ҳисобланган ҳисобларга ҳисобланган ҳисобларга ҳисобланган ҳисобларга ҳисобланган ҳисобларга ҳисобланган ҳисобларга ҳисобланган ҳисобларга ҳис",length,False,True,False,1.7469879518072289,False,2.30351180260361
en-uz-0857,flores_devtest,857,en,uz,"Europe is a continent that is relatively small but with many independent countries. Under normal circumstances, travelling through multiple countries would mean having to go through visa applications and passport control multiple times.","Yevropa nisbatan kichik, biroq ko'plab mustaqil davlatlarga ega bo'lgan qit'adir. Odatiy sharoitlarda bir nechta mamlakatlar bo'ylab sayohat qilish bir necha marta vizaga ariza topshirish va pasport nazoratidan o'tish kerakligini anglatadi.",qwen3_4b_q8,"Eurobiy havo qo'shimcha tashkiloti, o'zini tashkilot qilgan davridan keyin, o'zini tashkilot qilgan davridan keyin, o'zini tashkilot qilgan davridan keyin, o'zini tashkilot qilgan davridan keyin, o'zini tashkilot qilgan davridan keyin, o'zini tashkilot qilgan davridan keyin, o'zini tashkilot qilgan davridan keyin, o'zini tashkilot qilgan davridan keyin, o'zini tashkilot qilgan davridan keyin, o'zini tashkilot qilgan davridan keyin, o'zini tashkilot qilgan davridan keyin, o'zini tashkilot qilgan davridan keyin, o'zini tashkilot qilgan davridan keyin, o'zini tashkilot qilgan davridan key",3.73059190006461,256,True,True,"Eurobiy havo qo'shimcha tashkiloti, o'zini tashkilot qilgan davridan keyin, o'zini tashkilot qilgan davridan keyin, o'zini tashkilot qilgan davridan keyin, o'zini tashkilot qilgan davridan keyin, o'zini tashkilot qilgan davridan keyin, o'zini tashkilot qilgan davridan keyin, o'zini tashkilot qilgan davridan keyin, o'zini tashkilot qilgan davridan keyin, o'zini tashkilot qilgan davridan keyin, o'zini tashkilot qilgan davridan keyin, o'zini tashkilot qilgan davridan keyin, o'zini tashkilot qilgan davridan keyin, o'zini tashkilot qilgan davridan keyin, o'zini tashkilot qilgan davridan key",length,False,True,False,2.466666666666667,False,12.590329852842011
zh-uz-0165,flores_devtest,165,zh,uz,自 1988 年以来，投票箱就必须是透明的，这样选民和观察员才能看到投票开始时箱内没有信封，还能看到除了那些及时统计过、有权投票的选民以外，没有其他人向箱内投入信封。,1988-yildan beri ovoz beruvchilar va kuzatuvchilar boshlanishida konvertlar mavjud emasligi va mos tarzda sanalgan va vakolat berilgan ovoz beruvchilardan tashqari hech qanday konvertlar qo'shilmasligiga guvohlik bera olishlari uchun saylov qutilarining shaffof bo'lishi talab qilinadi.,qwen3_4b_q8,"1988 dan beri, ovoq qo'shimiylar o'sha vaqtda o'sha qo'shimiylar ichida himoya qilish uchun qizil bo'lsin, shu bilan birga, ovoq boshlanishini ko'rish uchun ovoq qo'shimiylar ichida himoya qilish uchun qizil bo'lsin, shu bilan birga, ovoq boshlanishini ko'rish uchun ovoq qo'shimiylar ichida himoya qilish uchun qizil bo'lsin, shu bilan birga, ovoq boshlanishini ko'rish uchun ovoq qo'shimiylar ichida himoya qilish uchun qizil bo'lsin, shu bilan birga, ovoq boshlanishini ko'rish uchun ovoq qo'shimiylar ichida himoya qilish uchun qizil bo'lsin, shu bil",3.6590972000267357,256,True,True,"1988 dan beri, ovoq qo'shimiylar o'sha vaqtda o'sha qo'shimiylar ichida himoya qilish uchun qizil bo'lsin, shu bilan birga, ovoq boshlanishini ko'rish uchun ovoq qo'shimiylar ichida himoya qilish uchun qizil bo'lsin, shu bilan birga, ovoq boshlanishini ko'rish uchun ovoq qo'shimiylar ichida himoya qilish uchun qizil bo'lsin, shu bilan birga, ovoq boshlanishini ko'rish uchun ovoq qo'shimiylar ichida himoya qilish uchun qizil bo'lsin, shu bilan birga, ovoq boshlanishini ko'rish uchun ovoq qo'shimiylar ichida himoya qilish uchun qizil bo'lsin, shu bil",length,True,True,False,1.937062937062937,False,19.158173319080174
ru-uz-0704,flores_devtest,704,ru,uz,Также полезно носить кольцо (только не слишком дорогое на вид).,Uzuk taqish ham foydali (shunchaki nihoyatda qimmat ko'rinmaydiganini.,qwen3_4b_q8,"Biroq, kola (boshqacha, o'zgarishga qarama-qarshi, o'zgarishga qarama-qarshi, o'zgarishga qarama-qarshi) o'zgarishga qarama-qarshi.",1.0244562999578193,69,True,False,"Biroq, kola (boshqacha, o'zgarishga qarama-qarshi, o'zgarishga qarama-qarshi, o'zgarishga qarama-qarshi) o'zgarishga qarama-qarshi.",stop,False,True,False,1.8714285714285714,False,11.196881430195663
zh-uz-0512,flores_devtest,512,zh,uz,孩子们因为各种原因被寄养，原因有被忽视、被虐待，甚至是被勒索。,"Bolalar e'tiborsizlikdan tortib, zo'ravonlik va hatto tovlamachilikka qadar turli sabablarga ko'ra homiylik parvarishiga topshiriladi.",qwen3_4b_q8,"Balalar bir nechta sabablar uchun qo'shimcha tashabbusga kirishadi, bu sabablar qo'shimcha tashabbusga kirishadi, qo'shimcha tashabbusga kirishadi, yoki qo'shimcha tashabbusga kirishadi.",1.154496300034225,80,True,False,"Balalar bir nechta sabablar uchun qo'shimcha tashabbusga kirishadi, bu sabablar qo'shimcha tashabbusga kirishadi, qo'shimcha tashabbusga kirishadi, yoki qo'shimcha tashabbusga kirishadi.",stop,False,True,False,1.3880597014925373,False,17.459960174462505
zh-uz-0364,flores_devtest,364,zh,uz,作为大家庭里的姐妹和女儿，雌性之间通常彼此关系密切。,"Urg'ochilar, odatda, katta oilaning opa-singillari yoki qizi bo'lib, bir-biriga chambarchas bog'liqdir.",qwen3_4b_q8,"Bog'liq oila ichida o'zini o'z qo'shimcha qilgan, erkin qo'shimcha qilgan, erkin qo'shimcha qilgan, erkin qo'shimcha qilgan.",0.9408463999861851,63,True,False,"Bog'liq oila ichida o'zini o'z qo'shimcha qilgan, erkin qo'shimcha qilgan, erkin qo'shimcha qilgan, erkin qo'shimcha qilgan.",stop,False,True,False,1.203883495145631,False,18.042214372918842
zh-uz-0742,flores_devtest,742,zh,uz,两座桥塔高 83 米，桥的长度为 378 米，有两条 3.50米宽的车道。,"Ikki minoraning balandligi 83 metrga yetadi, u uzunligi 378 metr hamda kengligi 3,5 m bo'lgan ikkita yo'lakchaga ega.",qwen3_4b_q8,"Iki qo'shimcha qo'shimcha 83 metr, qo'shimcha 378 metr, 3.50 metr yuza bo'lgan ikki yolchi yolga ega.",0.9292328000301495,60,True,False,"Iki qo'shimcha qo'shimcha 83 metr, qo'shimcha 378 metr, 3.50 metr yuza bo'lgan ikki yolchi yolga ega.",stop,True,True,False,0.8632478632478633,False,27.177408927771147
en-uz-0685,flores_devtest,685,en,uz,Sharing a field trip virtually is also a great way to reflect a on a trip and share experiences with future classes.,Ekskursiyalarni virtual tarzda bo'lishish sayohat haqida fikr yuritish va kelasi darslar bilan tajriba almashish uchun ajoyib usuldir.,qwen3_4b_q8,"Biroq, virtual bo'lib o'tadigan o'qishga ham qo'shimcha ma'lumot berish va tushunishni amalga oshirish ham muhim bo'lib, boshqalar bilan tajriba ko'rsatish uchun ham muhim bo'lib, boshqalar bilan tajriba ko'rsatish uchun ham muhim bo'lib.",1.533415799960494,102,True,False,"Biroq, virtual bo'lib o'tadigan o'qishga ham qo'shimcha ma'lumot berish va tushunishni amalga oshirish ham muhim bo'lib, boshqalar bilan tajriba ko'rsatish uchun ham muhim bo'lib, boshqalar bilan tajriba ko'rsatish uchun ham muhim bo'lib.",stop,False,True,False,1.7761194029850746,False,29.204830267405313
en-uz-0068,flores_devtest,68,en,uz,"U.S. President George W. Bush arrived in Singapore the morning of November 16, beginning a week-long tour of Asia.","AQSH Prezidenti Jorj V. Bush, Osiyo bo'ylab bir haftalik sayohatini boshlab, 16-noyabr kuni tongda Singapurga yetib keldi.",qwen3_4b_q8,,3.8929078999208286,256,False,True,,length,True,False,False,0.0,True,0.0
en-uz-0083,flores_devtest,83,en,uz,"The Ninth Ward, which saw flooding as high as 20 feet during Hurricane Katrina, is currently in waist-high water as the nearby levee was overtopped.","Katrina bo'roni vaqtida 20 fut balandlikdagi toshqinga guvoh bo'lgan to'qqizinchi bo'linma, suv yaqindagi to'g'ondan oshib o'tgani sababli, hozirda belgacha keladigan suv ostida qolgan.",qwen3_4b_q8,,3.792768199928105,256,False,True,,length,True,False,False,0.0,True,0.0
en-uz-0125,flores_devtest,125,en,uz,"A person working in a garage near where the accident occurred said: ""There were children waiting to cross the road and they were all screaming and crying.""","Ko'ngilsiz hodisa yuz bergan joy yaqinidagi garajda ishlayotgan kishi: ""U yerda yo'lni kesib o'tmoqchi bo'layotgan bolalar bor edi va ularning barchasi qichqirib yig'layotgandi"" deb aytdi.",qwen3_4b_q8,,4.4112696999218315,256,False,True,,length,False,True,False,0.0,True,0.0
en-uz-0165,flores_devtest,165,en,uz,"Since 1988, ballot boxes must be transparent so that voters and observers can witness that no envelopes are present at the start of the vote and that no envelopes are added except those of the duly counted and authorized voters.",1988-yildan beri ovoz beruvchilar va kuzatuvchilar boshlanishida konvertlar mavjud emasligi va mos tarzda sanalgan va vakolat berilgan ovoz beruvchilardan tashqari hech qanday konvertlar qo'shilmasligiga guvohlik bera olishlari uchun saylov qutilarining shaffof bo'lishi talab qilinadi.,qwen3_4b_q8,,4.541660699993372,256,False,True,,length,True,False,False,0.0,True,0.0
en-uz-0364,flores_devtest,364,en,uz,"The females are usually closely related to each other, being a large family of sisters and daughters.","Urg'ochilar, odatda, katta oilaning opa-singillari yoki qizi bo'lib, bir-biriga chambarchas bog'liqdir.",qwen3_4b_q8,,3.867532200063579,256,False,True,,length,False,True,False,0.0,True,0.0
en-uz-0397,flores_devtest,397,en,uz,"There were no large forests in the land of Canaan, so wood was extremely expensive.","Kan'on yerlarida keng o'rmonlar yo'q edi, shu sababdan yog'och nihoyatda qimmat edi.",qwen3_4b_q8,,3.8267139000818133,256,False,True,,length,False,True,False,0.0,True,0.0
en-uz-0447,flores_devtest,447,en,uz,"After seeing the horrors and atrocities of war during World War I, nations desired to avoid such a situation again in the future.",Birinchi jahon urushi vaqtida urush dahshatlari va vahshiyliklarini ko'rgan xalqlar kelajakda shu kabi holatlarning oldini olishni istaganlar.,qwen3_4b_q8,,3.8454012000001967,256,False,True,,length,False,True,False,0.0,True,0.0
en-uz-0512,flores_devtest,512,en,uz,"Children are placed in Foster Care for a wide variety of reasons that range from neglect, to abuse, and even to extortion.","Bolalar e'tiborsizlikdan tortib, zo'ravonlik va hatto tovlamachilikka qadar turli sabablarga ko'ra homiylik parvarishiga topshiriladi.",qwen3_4b_q8,,4.50553610001225,256,False,True,,length,False,True,False,0.0,True,0.0
en-uz-0950,flores_devtest,950,en,uz,"Also to the north visit the great Sanctuary of Our Lady of Fatima (Shrine), a place of worldwide famous Marian apparitions.",Yana shimolda butun dunyoga mashhur bo'lgan Mariam onamizning ko'rinish joyi bo'lgan Fotima onamiz ibodatxonasiga (Muqaddas jiy) ham tashrif buyuring.,qwen3_4b_q8,,3.6719651999883354,256,False,True,,length,False,True,False,0.0,True,0.0
en-uz-0978,flores_devtest,978,en,uz,Persian has a relatively easy and mostly regular grammar.,Fors tili nisbatan oson va aksariyat hollarda o'zgarmas grammatikaga ega.,qwen3_4b_q8,,3.6808548000408337,256,False,True,,length,False,True,False,0.0,True,0.0
ru-uz-0165,flores_devtest,165,ru,uz,"Начиная с 1988 года урны для избирательных бюллетеней должны быть прозрачными, чтобы избиратели и наблюдатели могли убедиться в том, что в начале голосования внутри нет конвертов и что к ним не добавлены какие-либо другие конверты, кроме конвертов тех людей, которых допустили к участию в голосовании и голоса которых подсчитали надлежащим образом.",1988-yildan beri ovoz beruvchilar va kuzatuvchilar boshlanishida konvertlar mavjud emasligi va mos tarzda sanalgan va vakolat berilgan ovoz beruvchilardan tashqari hech qanday konvertlar qo'shilmasligiga guvohlik bera olishlari uchun saylov qutilarining shaffof bo'lishi talab qilinadi.,qwen3_4b_q8,,3.699519000016153,256,False,True,,length,True,False,False,0.0,True,0.0
en-uz-0179,flores_devtest,179,en,uz,"It was the final match for the All Blacks, who had already won the trophy two weeks ago.","Bu ikki hafta avval sovrin yutgan ""All Blacks"" jamoasi uchun oxirgi o'yin edi.",qwen3_4b_q8,,0.7677354000043124,41,False,False,,stop,False,True,False,0.0,True,0.0
en-uz-0356,flores_devtest,356,en,uz,It takes a giant rocket over a 100 feet high to put a satellite or telescope in space.,Sun'iy yo'ldosh yoki teleskopni kosmosga joylashtirish uchun 100 futdan ortiq balandlikdagi ulkan raketa talab qilinadi.,qwen3_4b_q8,,1.0592455000150949,58,False,False,,stop,True,False,False,0.0,True,0.0
en-uz-0418,flores_devtest,418,en,uz,"Italy's national football, along with German national football team is the second most successful team in the world and were the FIFA World Cup champions in 2006.","Italiya milliy futbol jamoasi Germaniya milliy futbol jamoasi qatori dunyodagi eng muvaffaqiyatli ikkinchi jamoa bo'lib, 2006-yilda FIFA Jahon chempionatida g'olib chiqqan.",qwen3_4b_q8,,1.0673385999398306,69,False,False,,stop,True,False,False,0.0,True,0.0
en-uz-0491,flores_devtest,491,en,uz,It was at this time that the transfer of the title of Fashion Capital from Constantinople to Paris was made.,Moda poytaxti unvonining Konstantinopoldan Parijga o'tishi aynan shu vaqtda yuz berdi.,qwen3_4b_q8,,0.5389718000078574,27,False,False,,stop,False,True,False,0.0,True,0.0
en-uz-0552,flores_devtest,552,en,uz,"At the same time, the German navy, using mainly U-boats, was trying to stop this traffic.","Shu bilan birga Nemis dengiz floti, asosan, dengizosti qayiqlaridan foydalanib, ushbu transport harakatini to'xtatishga urinayotgandi.",qwen3_4b_q8,,0.9143032000865787,50,False,False,,stop,False,True,False,0.0,True,0.0
en-uz-0700,flores_devtest,700,en,uz,"The Arabs also brought Islam to the lands, and it took in a big way in the Comoros and Mayotte.",Arablar bu yerlarga islomni ham olib kelishdi va bu Komor orollari hamda Mayottada katta ahamiyat kasb etdi.,qwen3_4b_q8,,0.5952318999916315,37,False,False,,stop,False,True,False,0.0,True,0.0
en-uz-0704,flores_devtest,704,en,uz,It is helpful to also wear a ring (just not one that looks too expensive.,Uzuk taqish ham foydali (shunchaki nihoyatda qimmat ko'rinmaydiganini.,qwen3_4b_q8,,1.019077300094068,66,False,False,,stop,False,True,False,0.0,True,0.0
en-uz-0717,flores_devtest,717,en,uz,"Combined with its relative inaccessibility, ""Timbuktu"" has come to be used as a metaphor for exotic, distant lands.","Yetishish imkoniyati nisbatan kamligi bilan birga, ""Timbuktu"" uzoq, ekzotik o'lkalar uchun metafora sifatida ishlatila boshlandi.",qwen3_4b_q8,,1.0976739000761881,71,False,False,,stop,False,True,False,0.0,True,0.0
en-uz-0761,flores_devtest,761,en,uz,"The winter can be deceptively chilly: temperatures rarely go below freezing, but the wind and humidity combine to make it feel colder than what the thermometer says.","Qish chalg'itadigan sovuq bo'lishi mumkin: haroratlar kamdan-ham hollarda muzlash nuqtasidan pastga tushadi, biroq shamol va namlik birlashgan holda termometr ko'rsatganiga qaraganda sovuqroqdek tuyulishi mumkin.",qwen3_4b_q8,,1.4167910000542179,93,False,False,,stop,False,True,False,0.0,True,0.0
en-uz-0814,flores_devtest,814,en,uz,"If you booked your flights and accommodation for 2020 before the postponement was announced, you may have a tricky situation.","Agar siz kechiktirish e'lon qilinishidan avval 2020-yil uchun reyslar va mehmonxonani buyurtna qilgan bo'lsangiz, siz qiyin vaziyatda qolishingiz mumkin.",qwen3_4b_q8,,1.176441799965687,76,False,False,,stop,True,False,False,0.0,True,0.0
en-uz-0831,flores_devtest,831,en,uz,"Curiously, though, mobile phone service is much stronger here than along many other stretches of the route, e.g. the Pennsylvania Wilds.","Qizig'i shuki, bu yerda mobil telefon xizmati, boshqa ko'p yo'nalishlarga qaraganda, masalan, Pensilvaniya Uayldzdan ko'ra ancha kuchliroq.",qwen3_4b_q8,,1.2518158999737352,82,False,False,,stop,False,True,False,0.0,True,0.0
ru-uz-0631,flores_devtest,631,ru,uz,"Население Ватикана составляет около 800 человек. Это самая маленькая независимая страна в мире, а также страна, имеющая наименьшее население.",Vatikan shahri aholisi 800 kishi atrofida. U dunyodagi eng kichik mustaqil davlat va eng kam aholiga ega mamlakatdir.,qwen3_4b_q8,,0.9133654000470415,61,False,False,,stop,True,False,False,0.0,True,0.0
ru-uz-0814,flores_devtest,814,ru,uz,"Если вы забронировали авиабилеты и проживание на 2020 год до того, как было объявлено о переносе даты, у вас может возникнуть непростая ситуация.","Agar siz kechiktirish e'lon qilinishidan avval 2020-yil uchun reyslar va mehmonxonani buyurtna qilgan bo'lsangiz, siz qiyin vaziyatda qolishingiz mumkin.",qwen3_4b_q8,,1.2935151000274345,88,False,False,,stop,True,False,False,0.0,True,0.0
uz-en-0063,flores_devtest,63,uz,en,"Tarixchilar agentlikning muvaffaqiyat darajasini kuchaytirish uchun osongina hal qilish mumkin bo'lgan, ayniqsa avtomobil o'g'rilanishi bo'yicha ishlarga resurslarning qaratilganligi uchun FQB agentligining o'tmishdagi siyosatlarini tanqid qildilar.","Historians have criticized past FBI policies for focusing resources on cases which are easy to solve, especially stolen car cases, with the intent of boosting the agency's success rate.",qwen3_4b_q8,,0.6956080000381917,45,False,False,,stop,False,True,False,0.0,True,0.0
uz-en-0165,flores_devtest,165,uz,en,1988-yildan beri ovoz beruvchilar va kuzatuvchilar boshlanishida konvertlar mavjud emasligi va mos tarzda sanalgan va vakolat berilgan ovoz beruvchilardan tashqari hech qanday konvertlar qo'shilmasligiga guvohlik bera olishlari uchun saylov qutilarining shaffof bo'lishi talab qilinadi.,"Since 1988, ballot boxes must be transparent so that voters and observers can witness that no envelopes are present at the start of the vote and that no envelopes are added except those of the duly counted and authorized voters.",qwen3_4b_q8,,0.6726478999480605,44,False,False,,stop,True,False,False,0.0,True,0.0
uz-en-0552,flores_devtest,552,uz,en,"Shu bilan birga Nemis dengiz floti, asosan, dengizosti qayiqlaridan foydalanib, ushbu transport harakatini to'xtatishga urinayotgandi.","At the same time, the German navy, using mainly U-boats, was trying to stop this traffic.",qwen3_4b_q8,,0.36857350007630885,22,False,False,,stop,False,True,False,0.0,True,0.0
uz-en-0902,flores_devtest,902,uz,en,Sahnalar piramidalar ustida namoyish etildi va turli xil piramidalar yoritildi.,The scenes are displayed on the pyramids and the different pyramids are lit up.,qwen3_4b_q8,,0.256387299974449,15,False,False,,stop,False,True,False,0.0,True,0.0
uz-zh-0125,flores_devtest,125,uz,zh,"Ko'ngilsiz hodisa yuz bergan joy yaqinidagi garajda ishlayotgan kishi: ""U yerda yo'lni kesib o'tmoqchi bo'layotgan bolalar bor edi va ularning barchasi qichqirib yig'layotgandi"" deb aytdi.",一名在事故发生地附近的车库立的工作人员说：“孩子们正等着过马路，并且都在大声尖叫，哭个不停。”,qwen3_4b_q8,,0.43735599995125085,28,False,False,,stop,False,True,False,0.0,True,0.0
uz-zh-0704,flores_devtest,704,uz,zh,Uzuk taqish ham foydali (shunchaki nihoyatda qimmat ko'rinmaydiganini.,戴戒指也会有帮助（但不要戴看上去太贵的戒指。,qwen3_4b_q8,Uzuk taqish ham foydali (shunchaki nihoyatda qimmat ko'rinmaydiganini.,0.5456415000371635,36,False,False,Uzuk taqish ham foydali (shunchaki nihoyatda qimmat ko'rinmaydiganini.,stop,False,True,False,3.1818181818181817,True,0.0
uz-zh-0827,flores_devtest,827,uz,zh,"Og'ir soliqlarga ega mamlakatlarga boruvchi sayohatchilar ba'zi hollarda, ayniqsa, spirtli ichimliklar va tamaki mahsulotlari kabilardan anchagina pul tejab qolishlari mumkin.",前往课征重税的国家/地区的旅客有时可以省下一大笔钱，在这些地方购买酒水和烟草等产品特别划算。,qwen3_4b_q8,,0.4561161999590695,30,False,False,,stop,False,True,False,0.0,True,0.0
uz-zh-0978,flores_devtest,978,uz,zh,Fors tili nisbatan oson va aksariyat hollarda o'zgarmas grammatikaga ega.,波斯语的语法大多相对简单，有规律可循。,qwen3_4b_q8,For tili nisbatan oson va aksariyat hollarda o'zgarmas grammatikaga ega.,0.5361914000241086,35,False,False,For tili nisbatan oson va aksariyat hollarda o'zgarmas grammatikaga ega.,stop,False,True,False,3.789473684210526,True,0.0
ru-uz-0447,flores_devtest,447,ru,uz,"Познав ужасы и зверства Первой мировой войны, государства хотели избежать подобной ситуации в будущем.",Birinchi jahon urushi vaqtida urush dahshatlari va vahshiyliklarini ko'rgan xalqlar kelajakda shu kabi holatlarning oldini olishni istaganlar.,qwen3_4b_q8,"Познав ужасы ва зверства Биринчи дунёй саяси ўйини, дуниёнинг мустақил таркизлари мумкин бўлган ҳолатни излаб кўрсатишга хохлади.",1.1646784999174997,79,False,False,"Познав ужасы ва зверства Биринчи дунёй саяси ўйини, дуниёнинг мустақил таркизлари мумкин бўлган ҳолатни излаб кўрсатишга хохлади.",stop,False,True,False,0.9084507042253521,False,0.7884927840963394
en-uz-0225,flores_devtest,225,en,uz,The rock band was due to tour the United States and Canada until September 16.,Rok guruhi AQSH va Kanadada 16-sentyabrga qadar gastrol safarida bo'lishi kerak edi.,qwen3_4b_q8,Кампания топрак музыка гурӯҳи 16 сентябрда Канада ва Американийонга турниқ қилишга тайёр болган.,1.86312180000823,105,False,False,Кампания топрак музыка гурӯҳи 16 сентябрда Канада ва Американийонга турниқ қилишга тайёр болган.,stop,True,True,False,1.1428571428571428,False,1.6143993020604004
ru-uz-0978,flores_devtest,978,ru,uz,В персидском языке относительно лёгкая и в основном закономерная грамматика.,Fors tili nisbatan oson va aksariyat hollarda o'zgarmas grammatikaga ega.,qwen3_4b_q8,Perсид тилида тугри ва азрой тартибли грамматика.,0.45885360008105636,28,False,False,Perсид тилида тугри ва азрой тартибли грамматика.,stop,False,True,False,0.6712328767123288,False,1.829343811925779
ru-uz-0225,flores_devtest,225,ru,uz,Рок-группа должна была гастролировать по США и Канаде до 16 сентября.,Rok guruhi AQSH va Kanadada 16-sentyabrga qadar gastrol safarida bo'lishi kerak edi.,qwen3_4b_q8,Рок-гурӯҳ 16 сентябрга донишчӣ Америкага ва Канадага гастролла шуди.,0.6589694999856874,43,False,False,Рок-гурӯҳ 16 сентябрга донишчӣ Америкага ва Канадага гастролла шуди.,stop,True,True,False,0.8095238095238095,False,1.8986885609238144
en-uz-0442,flores_devtest,442,en,uz,"Soon after the outbreak of hostilities, Britain initiated a naval blockade of Germany.","Harbiy harakatlar xurujidan ko'p o'tmay, Britaniya Germaniyani dengizda blokada qilishni boshladi.",qwen3_4b_q8,"Техника тақдирланган бўлганidan кейин, Британия Германияга дәвомиятли море бўйича боринга эга бўлган.",1.6982838000403717,113,False,False,"Техника тақдирланган бўлганidan кейин, Британия Германияга дәвомиятли море бўйича боринга эга бўлган.",stop,False,True,False,1.030612244897959,False,3.6075312098027688
uz-zh-0717,flores_devtest,717,uz,zh,"Yetishish imkoniyati nisbatan kamligi bilan birga, ""Timbuktu"" uzoq, ekzotik o'lkalar uchun metafora sifatida ishlatila boshlandi.",又因为相对偏僻，“廷巴克图”被用来比喻遥远的异国他乡。,qwen3_4b_q8,與「廷布克圖」一詞相對，其用作遠離、異域國家的隱喻開始被使用。,0.5413370999740437,33,False,False,與「廷布克圖」一詞相對，其用作遠離、異域國家的隱喻開始被使用。,stop,False,True,False,1.1481481481481481,False,4.624871531346351
uz-zh-0950,flores_devtest,950,uz,zh,Yana shimolda butun dunyoga mashhur bo'lgan Mariam onamizning ko'rinish joyi bo'lgan Fotima onamiz ibodatxonasiga (Muqaddas jiy) ham tashrif buyuring.,也可以到北部参观法蒂玛圣母院（圣地），它是举世闻名的圣母玛丽亚显现之地。,qwen3_4b_q8,請前往奉獻給我們的瑪麗亞母親的福阿提瑪母親聖殿（聖潔之處），這是全人類皆知的瑪麗亞母親的象徵之地。,0.6831018999218941,46,False,False,請前往奉獻給我們的瑪麗亞母親的福阿提瑪母親聖殿（聖潔之處），這是全人類皆知的瑪麗亞母親的象徵之地。,stop,False,True,False,1.3611111111111112,False,5.231122242379928
uz-zh-0994,flores_devtest,994,uz,zh,Ichki suv yo'llari ta'til uchun yaxshi mavzu bo'lishi mumkin.,内陆水道可以作为假期游玩的一个不错的主题。,qwen3_4b_q8,內河航道可能是一個很好的主題。,0.224688500049524,13,False,False,內河航道可能是一個很好的主題。,stop,False,True,False,0.7142857142857143,False,5.848819974917341
uz-zh-0439,flores_devtest,439,uz,zh,"Uning keng qamrovli qudrati shohdan tortib, oddiy insongacha ta'sir qildi.",从国王到平民，它遍布十方的力量影响着每一个人。,qwen3_4b_q8,他广泛的权力影响了国王乃至普通百姓。,0.2579259999329224,15,False,False,他广泛的权力影响了国王乃至普通百姓。,stop,False,True,False,0.782608695652174,False,5.906021856091204
uz-zh-0449,flores_devtest,449,uz,zh,"U AQSHga o'z nomidagi 4 sent, she'riy kitob va Charlz Batchelordan (oldingi ish joyidagi ish boshqaruvchisi) Tomas Edisonga tavsiyanoma bilan kelgandi.",他在抵达美国时，身上带着 4 美分、一本诗集，还有一封查尔斯•巴舍勒（Charles Batchelor）（他前份工作的经理）写给托马斯•爱迪生（Thomas Edison）的推荐信。,qwen3_4b_q8,他於4月4日以自己之名，附上建议书，向美国国会提交了一份关于宗教书籍和查尔斯·巴奇勒（前工作地点的主管）托马斯·埃迪森的建议书。,0.8068381000775844,54,False,False,他於4月4日以自己之名，附上建议书，向美国国会提交了一份关于宗教书籍和查尔斯·巴奇勒（前工作地点的主管）托马斯·埃迪森的建议书。,stop,True,False,False,0.6956521739130435,False,6.032700575054803
uz-zh-0512,flores_devtest,512,uz,zh,"Bolalar e'tiborsizlikdan tortib, zo'ravonlik va hatto tovlamachilikka qadar turli sabablarga ko'ra homiylik parvarishiga topshiriladi.",孩子们因为各种原因被寄养，原因有被忽视、被虐待，甚至是被勒索。,qwen3_4b_q8,儿童根据不同的原因，如不听话、调皮甚至捣乱，被送去寄养。,0.40913719998206943,24,False,False,儿童根据不同的原因，如不听话、调皮甚至捣乱，被送去寄养。,stop,False,True,False,0.9032258064516129,False,6.626901066106917
ru-uz-0364,flores_devtest,364,ru,uz,Самки обычно находятся друг с другом в родстве и составляют большую семью сестёр и дочерей.,"Urg'ochilar, odatda, katta oilaning opa-singillari yoki qizi bo'lib, bir-biriga chambarchas bog'liqdir.",qwen3_4b_q8,Ko'p xil qo'shimcha turlar ham mavjud.,0.3640798000851646,23,False,False,Ko'p xil qo'shimcha turlar ham mavjud.,stop,False,True,False,0.36893203883495146,False,6.833066939968316
uz-zh-0913,flores_devtest,913,uz,zh,Akademik ta'tilni rejalashtirayotganlar orasida tobora ommalashib borayotgan tanlov – sayohat hamda o'rganishdir.,对于那些计划怎么度过空档年的人来说，游学成为越来越受欢迎的选择。,qwen3_4b_q8,在安排学术假期的人中，选择旅行和学习正变得越来越普遍。,0.3364465000340715,21,False,False,在安排学术假期的人中，选择旅行和学习正变得越来越普遍。,stop,False,True,False,0.84375,False,7.005682109985546
uz-zh-0823,flores_devtest,823,uz,zh,Sayyohlar o'z mintaqalarida noma'lum bo'lgan hayvon parazitlariga duch kelishlari mumkin.,旅行者可能会遇到在家乡不常见的有害动物。,qwen3_4b_q8,旅客可能在自己的地区遇到未知的动物寄生虫。,0.3018929000245407,18,False,False,旅客可能在自己的地区遇到未知的动物寄生虫。,stop,False,True,False,1.05,False,9.304280393510918
uz-zh-0195,flores_devtest,195,uz,zh,Fotosuratchi Ronald Reygan nomidagi UCLA Tibbiyot Markaziga yetkazilgan va keyinchalik u yerda vafot etgan.,这名摄影师被送往加州大学洛杉矶分校罗纳德·里根医疗中心，其后不治。,qwen3_4b_q8,照片送往了罗纳德·雷根命名的UCLA医学院，后来在那里去世了。,0.39069500006735325,25,False,False,照片送往了罗纳德·雷根命名的UCLA医学院，后来在那里去世了。,stop,False,True,False,0.9393939393939394,False,9.359624761939912
uz-zh-0063,flores_devtest,63,uz,zh,"Tarixchilar agentlikning muvaffaqiyat darajasini kuchaytirish uchun osongina hal qilish mumkin bo'lgan, ayniqsa avtomobil o'g'rilanishi bo'yicha ishlarga resurslarning qaratilganligi uchun FQB agentligining o'tmishdagi siyosatlarini tanqid qildilar.",历史学家批判了联邦调查局的过往政策，这种政策会把资源集中到容易破获的案件上，尤以偷车案件居多，目的只在于提高该机构的成功破案率。,qwen3_4b_q8,历史学家们批评了FQB代理机构过去在资源分配方面的政策，认为这些政策使代理机构能够轻易地提高其成功程度，尤其是在汽车被劫持方面的工作。,0.6699409000575542,43,False,False,历史学家们批评了FQB代理机构过去在资源分配方面的政策，认为这些政策使代理机构能够轻易地提高其成功程度，尤其是在汽车被劫持方面的工作。,stop,False,True,False,1.046875,False,9.800421481196711
uz-zh-0423,flores_devtest,423,uz,zh,"Tayvanning boshlanishi 15-asrga borib taqaladi, bunda o'tib ketayotgan yevropalik dengizchilar orol nomini Ilha Formosa yoki go'zal orol deb yozib qoldirishadi.",西方对台湾的了解可以追溯到 15 世纪。当时路过的欧洲水手将该岛命名为“福尔摩沙岛”(Ilha Formosa)，意思是美丽的岛屿。,qwen3_4b_q8,台湾的开始延至15世纪，届时正在航行的欧洲船只将把太平洋称为福尔摩沙或美丽岛。,0.49379039998166263,32,False,False,台湾的开始延至15世纪，届时正在航行的欧洲船只将把太平洋称为福尔摩沙或美丽岛。,stop,True,False,False,0.5909090909090909,False,10.190214405237773
uz-zh-0502,flores_devtest,502,uz,zh,"Submadaniyat a'zolari ko'pincha o'z a'zoliklarini modalar, xulq-atvor va jargonlarni o'z ichiga olgan uslubdan o'ziga xos va ramziy foydalanish orqali namoyon etadilar.",亚文化群体的成员，常常会象征性地利用独特的行事风格来表明他们的成员身份，包括时尚服装、举止和黑话。,qwen3_4b_q8,各地方的成员经常通过使用包含模因、俗语和行话的风格，以自己特有的象征性方式来展示他们的身份。,0.540820199996233,35,False,False,各地方的成员经常通过使用包含模因、俗语和行话的风格，以自己特有的象征性方式来展示他们的身份。,stop,False,True,False,0.9387755102040817,False,11.008881682849983
uz-ru-0085,flores_devtest,85,uz,ru,Parlamentning quyi palatasi ma'muri Adam Kuerden o'tgan oyda Wikinews bilan suhbatida o'chirishlardan ranjiganini aytdi.,Администратор Commons Адам Керден выразил своё разочарование в связи с удалениями в своем разговоре  в прошлом месяце с Wikinews.,qwen3_4b_q8,Палаты нишони Адам Курден о'тган ойда Викиньюс билан сўзларимда о'чиришлардан ранжиганini айтди.,0.8790720999240875,58,False,False,Палаты нишони Адам Курден о'тган ойда Викиньюс билан сўзларимда о'чиришлардан ранжиганini айтди.,stop,False,True,False,0.7441860465116279,False,11.159179724041216
uz-zh-0552,flores_devtest,552,uz,zh,"Shu bilan birga Nemis dengiz floti, asosan, dengizosti qayiqlaridan foydalanib, ushbu transport harakatini to'xtatishga urinayotgandi.",与此同时，以 U 型潜艇为主力的德国海军试图拦截这场运输。,qwen3_4b_q8,此外，德国海军主要依靠货轮来试图阻止这次运输行动。,0.3421868000878021,20,False,False,此外，德国海军主要依靠货轮来试图阻止这次运输行动。,stop,False,True,False,0.8620689655172413,False,11.538699882822359
uz-zh-0083,flores_devtest,83,uz,zh,"Katrina bo'roni vaqtida 20 fut balandlikdagi toshqinga guvoh bo'lgan to'qqizinchi bo'linma, suv yaqindagi to'g'ondan oshib o'tgani sababli, hozirda belgacha keladigan suv ostida qolgan.",“卡特里娜”飓风来袭时，第九区洪水水位一度高达 20 英尺，由于附近的防洪堤已经被淹没，目前水位已达齐腰深度。,qwen3_4b_q8,第七个板块在飓风卡特里娜期间，证明了20英尺高的石头是正确的，由于靠近水的水位上涨，现在正位于水下。,0.6378406999865547,42,False,False,第七个板块在飓风卡特里娜期间，证明了20英尺高的石头是正确的，由于靠近水的水位上涨，现在正位于水下。,stop,True,False,False,0.9090909090909091,False,11.590629739877663
uz-zh-0685,flores_devtest,685,uz,zh,Ekskursiyalarni virtual tarzda bo'lishish sayohat haqida fikr yuritish va kelasi darslar bilan tajriba almashish uchun ajoyib usuldir.,以虚拟方式分享实地考察，也是回顾行程以及与以后班级分享经验的好办法。,qwen3_4b_q8,以虚拟方式组织旅行，思考有关旅行的想法，并与未来的课程进行经验交流是一种很好的方法。,0.41945269994903356,26,False,False,以虚拟方式组织旅行，思考有关旅行的想法，并与未来的课程进行经验交流是一种很好的方法。,stop,False,True,False,1.2352941176470589,False,11.9032378539745
uz-zh-0787,flores_devtest,787,uz,zh,"Sho'r suv timsohlari okeanda ko'p uchramaydi, ularning asosiy yashash joyi Rokxemptondan shimolda joylashgan daryolarning quyilish joylaridir.",咸水鳄的主要栖息地并非海洋，而是罗克汉普顿 (Rockhampton) 北部的河口。,qwen3_4b_q8,海洋中的风暴潮经常发生，它们的主要栖息地位于罗克希姆顿以东河流的下游地区。,0.4690170999383554,30,False,False,海洋中的风暴潮经常发生，它们的主要栖息地位于罗克希姆顿以东河流的下游地区。,stop,False,True,False,0.8809523809523809,False,11.970572698336571
uz-zh-0397,flores_devtest,397,uz,zh,"Kan'on yerlarida keng o'rmonlar yo'q edi, shu sababdan yog'och nihoyatda qimmat edi.",迦南没有大森林，所以木材非常昂贵。,qwen3_4b_q8,在传统地区没有广阔的森林，因此木材最终变得非常珍贵。,0.3008070000214502,19,False,False,在传统地区没有广阔的森林，因此木材最终变得非常珍贵。,stop,False,True,False,1.5294117647058822,False,14.024916736212067
uz-zh-0831,flores_devtest,831,uz,zh,"Qizig'i shuki, bu yerda mobil telefon xizmati, boshqa ko'p yo'nalishlarga qaraganda, masalan, Pensilvaniya Uayldzdan ko'ra ancha kuchliroq.",不过，令人奇怪的是，这里的手机服务比沿途的许多其他路线（例如宾夕法尼亚州荒原）要强得多。,qwen3_4b_q8,热力很强，这里的移动电话服务，与其他方向相比，例如比宾夕法尼亚州的威尔士更强大。,0.48064090008847415,31,False,False,热力很强，这里的移动电话服务，与其他方向相比，例如比宾夕法尼亚州的威尔士更强大。,stop,False,True,False,0.9090909090909091,False,15.272976784778072
ru-uz-0439,flores_devtest,439,ru,uz,Её всепроникающая сила коснулась каждого - от короля до простолюдина.,"Uning keng qamrovli qudrati shohdan tortib, oddiy insongacha ta'sir qildi.",qwen3_4b_q8,Ushbu qo'shimcha qobiliyatini hamma bilan (kingsdan kichik kishilarga) qadar qo'shdi.,0.6178665000479668,41,False,False,Ushbu qo'shimcha qobiliyatini hamma bilan (kingsdan kichik kishilarga) qadar qo'shdi.,stop,False,True,False,1.1486486486486487,False,15.819398797293172
uz-zh-0364,flores_devtest,364,uz,zh,"Urg'ochilar, odatda, katta oilaning opa-singillari yoki qizi bo'lib, bir-biriga chambarchas bog'liqdir.",作为大家庭里的姐妹和女儿，雌性之间通常彼此关系密切。,qwen3_4b_q8,乌尔古奇人通常为大家庭中的母亲或女儿，彼此之间有紧密的联系。,0.42559749993961304,26,False,False,乌尔古奇人通常为大家庭中的母亲或女儿，彼此之间有紧密的联系。,stop,False,True,False,1.1538461538461537,False,15.819921925783884
uz-zh-0814,flores_devtest,814,uz,zh,"Agar siz kechiktirish e'lon qilinishidan avval 2020-yil uchun reyslar va mehmonxonani buyurtna qilgan bo'lsangiz, siz qiyin vaziyatda qolishingiz mumkin.",如果你在宣布推迟之前预订了 2020 年的航班和住宿，则可能会面临棘手的情况。,qwen3_4b_q8,如果您在2020年航班和酒店预订时已经宣布了延误，您可能会陷入困境。,0.43208339996635914,27,False,False,如果您在2020年航班和酒店预订时已经宣布了延误，您可能会陷入困境。,stop,True,False,False,0.8717948717948718,False,16.05360065431371
ru-uz-0091,flores_devtest,91,ru,uz,"Ученые смогли сделать вывод, что темная материя воздействует на другую темную материю так же, как и в случае с обычной материей.","Olimlar qora materiya boshqa qora materiyaga xuddi odatiy materiya ta'sir qilgani kabi ta'sir ko'rsatadi, degan xulosaga kelishdi.",qwen3_4b_q8,"Murojaatlar, qarama qarshi madde kabi, qarama qarshi maddega ham tushunishga ega bo'ldi.",0.6636505000060424,44,False,False,"Murojaatlar, qarama qarshi madde kabi, qarama qarshi maddega ham tushunishga ega bo'ldi.",stop,False,True,False,0.676923076923077,False,16.098395689651948
uz-zh-0746,flores_devtest,746,uz,zh,"Chako mintaqasida Guaykuru va Payagua kabi mahalliy qabilalarning boshqa guruhlari yashab, ular ovchilik, termachilik va baliq ovlash orqali hayotlarini saqlab qolishgan.",查科 (Chaco) 地区是瓜伊库鲁 (Guaycuru) 和帕亚瓜 (Payagua) 等其他土著部落的家园，他们靠狩猎、采集和捕鱼为生。,qwen3_4b_q8,在恰科地区，除了瓜伊库尔和帕亚瓜等本地部落外，其他部落也居住在那里，他们通过狩猎、采集和捕鱼来维持生计。,0.6573243999155238,43,False,False,在恰科地区，除了瓜伊库尔和帕亚瓜等本地部落外，其他部落也居住在那里，他们通过狩猎、采集和捕鱼来维持生计。,stop,False,True,False,0.7428571428571429,False,16.11001249228031
uz-zh-0885,flores_devtest,885,uz,zh,Chet el hukumatlarining mazkur hujjatlarni hurmat qilishga tayyorligi xuddi shu darajada o'zgaruvchandir.,外国政府对这些文件的认可程度也千差万别。,qwen3_4b_q8,各国政府对上述文件的尊重程度也处于同一变化水平。,0.3314786000410095,19,False,False,各国政府对上述文件的尊重程度也处于同一变化水平。,stop,False,True,False,1.2,False,16.447738923736818
uz-zh-0085,flores_devtest,85,uz,zh,Parlamentning quyi palatasi ma'muri Adam Kuerden o'tgan oyda Wikinews bilan suhbatida o'chirishlardan ranjiganini aytdi.,共享资源管理员亚当·库尔登 (Adam Cuerden) 上个月在接受维基新闻 (Wikinews) 采访时表达了他对删除相关内容的不满。,qwen3_4b_q8,parliament 的下议院官员 Adam Kuerden 在与 Wikinews 的采访中表示，他已下令清除。,0.4795756000094116,30,False,False, parliament 的下议院官员 Adam Kuerden 在与 Wikinews 的采访中表示，他已下令清除。,stop,False,True,False,0.8260869565217391,False,16.90640935313266
uz-zh-0165,flores_devtest,165,uz,zh,1988-yildan beri ovoz beruvchilar va kuzatuvchilar boshlanishida konvertlar mavjud emasligi va mos tarzda sanalgan va vakolat berilgan ovoz beruvchilardan tashqari hech qanday konvertlar qo'shilmasligiga guvohlik bera olishlari uchun saylov qutilarining shaffof bo'lishi talab qilinadi.,自 1988 年以来，投票箱就必须是透明的，这样选民和观察员才能看到投票开始时箱内没有信封，还能看到除了那些及时统计过、有权投票的选民以外，没有其他人向箱内投入信封。,qwen3_4b_q8,自1988年以来，为确保选民和观察员在开始时没有使用任何转换器，并且只有经过适当登记和授权的选民才可使用转换器，要求投票箱保持透明。,0.7638933999696746,50,False,False,自1988年以来，为确保选民和观察员在开始时没有使用任何转换器，并且只有经过适当登记和授权的选民才可使用转换器，要求投票箱保持透明。,stop,True,False,False,0.7951807228915663,False,16.982100060784834
en-uz-0913,flores_devtest,913,en,uz,An increasingly more popular option for those planning a gap-year is to travel and learn.,Akademik ta'tilni rejalashtirayotganlar orasida tobora ommalashib borayotgan tanlov – sayohat hamda o'rganishdir.,qwen3_4b_q8,Yaqin kunlarda gap-yil planlaydiganlarning katta qismini izohlovchi va o'qishga harakat qilishga qiyosan katta populyarlikga ega bo'lgan option.,0.8928076999727637,61,False,False,Yaqin kunlarda gap-yil planlaydiganlarning katta qismini izohlovchi va o'qishga harakat qilishga qiyosan katta populyarlikga ega bo'lgan option.,stop,False,True,False,1.2743362831858407,False,17.075526471633047
zh-uz-0717,flores_devtest,717,zh,uz,又因为相对偏僻，“廷巴克图”被用来比喻遥远的异国他乡。,"Yetishish imkoniyati nisbatan kamligi bilan birga, ""Timbuktu"" uzoq, ekzotik o'lkalar uchun metafora sifatida ishlatila boshlandi.",qwen3_4b_q8,"Shu sababli, ""Tibabakut"" nomi yig'ilgan, u yuqori qishloq bo'lib, u uzoq mazmuni bo'lgan xalqaro mamlakatga ega bo'lgan ma'noga ega.",1.088912000064738,72,False,False,"Shu sababli, ""Tibabakut"" nomi yig'ilgan, u yuqori qishloq bo'lib, u uzoq mazmuni bo'lgan xalqaro mamlakatga ega bo'lgan ma'noga ega.",stop,False,True,False,1.0232558139534884,False,17.25540364099618
uz-ru-0364,flores_devtest,364,uz,ru,"Urg'ochilar, odatda, katta oilaning opa-singillari yoki qizi bo'lib, bir-biriga chambarchas bog'liqdir.",Самки обычно находятся друг с другом в родстве и составляют большую семью сестёр и дочерей.,qwen3_4b_q8,"Ург'очилар, обычно, большие семьи的母亲 или дочь, и они тесно связаны между собой.",0.5201182999880984,34,False,False,"Ург'очилар, обычно, большие семьи的母亲 или дочь, и они тесно связаны между собой.",stop,False,True,False,0.8681318681318682,False,17.327661026500497
zh-uz-0787,flores_devtest,787,zh,uz,咸水鳄的主要栖息地并非海洋，而是罗克汉普顿 (Rockhampton) 北部的河口。,"Sho'r suv timsohlari okeanda ko'p uchramaydi, ularning asosiy yashash joyi Rokxemptondan shimolda joylashgan daryolarning quyilish joylaridir.",qwen3_4b_q8,"Asosiy tushuviy joyi okean emas, balki Rockhamptonning boborini tashkil etuvchi qo'shimcha qism.",0.6993499000091106,44,False,False,"Asosiy tushuviy joyi okean emas, balki Rockhamptonning boborini tashkil etuvchi qo'shimcha qism.",stop,False,True,False,0.676056338028169,False,17.68883948497572
uz-ru-0195,flores_devtest,195,uz,ru,Fotosuratchi Ronald Reygan nomidagi UCLA Tibbiyot Markaziga yetkazilgan va keyinchalik u yerda vafot etgan.,"Фотограф был доставлен в медицинский центр имени Рональда Рейгана при  Калифорнийском университете в Лос-Анджелесе, где он впоследствии скончался.",qwen3_4b_q8,Фотосуратчи Рональд Рейган именем названный UCLA Клиника медицины была передана и позднее умерла там.,0.654016499989666,44,False,False,Фотосуратчи Рональд Рейган именем названный UCLA Клиника медицины была передана и позднее умерла там.,stop,False,True,False,0.6917808219178082,False,17.700848878909987
zh-uz-0885,flores_devtest,885,zh,uz,外国政府对这些文件的认可程度也千差万别。,Chet el hukumatlarining mazkur hujjatlarni hurmat qilishga tayyorligi xuddi shu darajada o'zgaruvchandir.,qwen3_4b_q8,Xavfli davlatlar bu dokumentalarni taklif qilish darajasi ham katta farq qiladi.,0.6659383000805974,36,False,False,Xavfli davlatlar bu dokumentalarni taklif qilish darajasi ham katta farq qiladi.,stop,False,True,False,0.7619047619047619,False,18.13955806373599
uz-ru-0704,flores_devtest,704,uz,ru,Uzuk taqish ham foydali (shunchaki nihoyatda qimmat ko'rinmaydiganini.,Также полезно носить кольцо (только не слишком дорогое на вид).,qwen3_4b_q8,Узук тақиш такида полезен (всё же в конечном итоге не очень ценный).,0.5382123000454158,36,False,False,Узук тақиш такида полезен (всё же в конечном итоге не очень ценный).,stop,False,True,False,1.0793650793650793,False,18.320958111116052
ru-uz-0913,flores_devtest,913,ru,uz,"Вариант, становящийся всё более популярным для тех, кто планирует взять академический год, это путешествовать и учиться.",Akademik ta'tilni rejalashtirayotganlar orasida tobora ommalashib borayotgan tanlov – sayohat hamda o'rganishdir.,qwen3_4b_q8,"Variant, qanday qilishga qiyinchilik qilmaydigan, akademik yil o'zini o'tkazishni planlaganlarga uchrashgan, turish va o'qishni qilish.",0.9080778000643477,62,False,False,"Variant, qanday qilishga qiyinchilik qilmaydigan, akademik yil o'zini o'tkazishni planlaganlarga uchrashgan, turish va o'qishni qilish.",stop,False,True,False,1.1946902654867257,False,18.405375246383198
uz-zh-0636,flores_devtest,636,uz,zh,"Faylasuf Aristotel barcha narsa to'rt unsurning bir yoki bir nechtasi aralashmasidan tashkil topgan degan nazariyani ilgari surgan. Ularni tuproq, suv, havo va olov ekanligini aytib o'tgan.",哲学家亚里士多德提出一种理论，即任何事物都是由土、水、空气和火四种元素中的一种或多种组成的。,qwen3_4b_q8,哲學家亞里士多德曾提出過一個理論，認為所有事物都是由四種元素——土、水、氣、火——中的一種或幾種組成的。,0.6817502999911085,46,False,False,哲學家亞里士多德曾提出過一個理論，認為所有事物都是由四種元素——土、水、氣、火——中的一種或幾種組成的。,stop,False,True,False,1.1304347826086956,False,18.798037666857113
uz-ru-0885,flores_devtest,885,uz,ru,Chet el hukumatlarining mazkur hujjatlarni hurmat qilishga tayyorligi xuddi shu darajada o'zgaruvchandir.,Готовность зарубежных правительств выполнять свои обязательства по данным документам столь же весьма различна.,qwen3_4b_q8,"Государства внешних сил готовы уважать указанные документы на том же уровне, что и раньше.",0.516563400044106,33,False,False,"Государства внешних сил готовы уважать указанные документы на том же уровне, что и раньше.",stop,False,True,False,0.8181818181818182,False,18.99060607772898
zh-uz-0761,flores_devtest,761,zh,uz,冬天可能会比看上去显得更冷：温度很少低于零度，但当风和湿度结合在一起，会让人感觉比温度计显示的温度要冷。,"Qish chalg'itadigan sovuq bo'lishi mumkin: haroratlar kamdan-ham hollarda muzlash nuqtasidan pastga tushadi, biroq shamol va namlik birlashgan holda termometr ko'rsatganiga qaraganda sovuqroqdek tuyulishi mumkin.",qwen3_4b_q8,"Kuzda havo ko'pincha qizil bo'lsada, havo temperaturasi 0 ga teng yoki undan past bo'lmaydi, lekin havo va suv miqdori birga kelib, havo temperaturasi ko'pincha ko'rinmasi kabi sovuq bo'ladi.",1.2548436999786645,81,False,False,"Kuzda havo ko'pincha qizil bo'lsada, havo temperaturasi 0 ga teng yoki undan past bo'lmaydi, lekin havo va suv miqdori birga kelib, havo temperaturasi ko'pincha ko'rinmasi kabi sovuq bo'ladi.",stop,False,False,False,0.9009433962264151,False,19.008733148101552
zh-uz-0950,flores_devtest,950,zh,uz,也可以到北部参观法蒂玛圣母院（圣地），它是举世闻名的圣母玛丽亚显现之地。,Yana shimolda butun dunyoga mashhur bo'lgan Mariam onamizning ko'rinish joyi bo'lgan Fotima onamiz ibodatxonasiga (Muqaddas jiy) ham tashrif buyuring.,qwen3_4b_q8,"Boshqacha xavfda Fatima Mariya manzilini (sant) ko'rish mumkin, u dunyoning eng mashhur Mariya Maryam manzilidir.",0.7472416999517009,49,False,False,"Boshqacha xavfda Fatima Mariya manzilini (sant) ko'rish mumkin, u dunyoning eng mashhur Mariya Maryam manzilidir.",stop,False,True,False,0.7533333333333333,False,19.034073893833988
ru-uz-0085,flores_devtest,85,ru,uz,Администратор Commons Адам Керден выразил своё разочарование в связи с удалениями в своем разговоре  в прошлом месяце с Wikinews.,Parlamentning quyi palatasi ma'muri Adam Kuerden o'tgan oyda Wikinews bilan suhbatida o'chirishlardan ranjiganini aytdi.,qwen3_4b_q8,Commons administrator Adam Kerdan expressed his disappointment in connection with the deletions during his conversation last month with Wikinews.,0.5052772000199184,31,False,False,Commons administrator Adam Kerdan expressed his disappointment in connection with the deletions during his conversation last month with Wikinews.,stop,False,True,False,1.2083333333333333,False,19.266046227517023
uz-en-0704,flores_devtest,704,uz,en,Uzuk taqish ham foydali (shunchaki nihoyatda qimmat ko'rinmaydiganini.,It is helpful to also wear a ring (just not one that looks too expensive.,qwen3_4b_q8,Uzuk is also useful (just barely worth nothing).,0.267242299974896,17,False,False,Uzuk is also useful (just barely worth nothing).,stop,False,True,False,0.6575342465753424,False,19.284696690763823
uz-zh-0447,flores_devtest,447,uz,zh,Birinchi jahon urushi vaqtida urush dahshatlari va vahshiyliklarini ko'rgan xalqlar kelajakda shu kabi holatlarning oldini olishni istaganlar.,目睹第一次世界大战中的肆虐残暴后，各国都渴望避免重蹈覆辙。,qwen3_4b_q8,第一次世界大战期间，目睹战争残酷与暴行的人民希望今后能避免出现类似的情况。,0.38579630001913756,26,False,False,第一次世界大战期间，目睹战争残酷与暴行的人民希望今后能避免出现类似的情况。,stop,False,True,False,1.2758620689655173,False,19.560162209232615
uz-zh-0442,flores_devtest,442,uz,zh,"Harbiy harakatlar xurujidan ko'p o'tmay, Britaniya Germaniyani dengizda blokada qilishni boshladi.",敌对行动爆发后不久，英国开始对德国实施海上封锁。,qwen3_4b_q8,军事行动从出口中超过，英国开始在海上封锁德国。,0.31032749998848885,19,False,False,军事行动从出口中超过，英国开始在海上封锁德国。,stop,False,True,False,0.9583333333333334,False,20.100957334813064
zh-uz-0704,flores_devtest,704,zh,uz,戴戒指也会有帮助（但不要戴看上去太贵的戒指。,Uzuk taqish ham foydali (shunchaki nihoyatda qimmat ko'rinmaydiganini.,qwen3_4b_q8,Ko'rsatuvchi kuchli bo'lsa yordam beradi (lekin qiyin ko'rinadigan ko'rsatuvchilarni o'zini qo'shingmasiz).,0.8392149999272078,56,False,False,Ko'rsatuvchi kuchli bo'lsa yordam beradi (lekin qiyin ko'rinadigan ko'rsatuvchilarni o'zini qo'shingmasiz).,stop,False,True,False,1.5285714285714285,False,20.29972717800583
en-uz-0439,flores_devtest,439,en,uz,Its all-pervading power affected everyone from king to commoner.,"Uning keng qamrovli qudrati shohdan tortib, oddiy insongacha ta'sir qildi.",qwen3_4b_q8,"Barcha kishilardan kralga ham, umumiy kishiga ham o'zini tushunmaydigan qobiliyatini tashkil qildi.",0.7149145000148565,46,False,False,"Barcha kishilardan kralga ham, umumiy kishiga ham o'zini tushunmaydigan qobiliyatini tashkil qildi.",stop,False,True,False,1.337837837837838,False,20.46084730010432
zh-uz-0978,flores_devtest,978,zh,uz,波斯语的语法大多相对简单，有规律可循。,Fors tili nisbatan oson va aksariyat hollarda o'zgarmas grammatikaga ega.,qwen3_4b_q8,Persiya tili tizimini ko'pincha soddaga ega va tizimli.,0.44322130002547055,28,False,False,Persiya tili tizimini ko'pincha soddaga ega va tizimli.,stop,False,True,False,0.7534246575342466,False,20.59251964567182
uz-zh-0179,flores_devtest,179,uz,zh,"Bu ikki hafta avval sovrin yutgan ""All Blacks"" jamoasi uchun oxirgi o'yin edi.",全黑队在两周前已经赢得了奖杯，而这场比赛是他们打的最后一场。,qwen3_4b_q8,这是“所有黑人”队在两周前赢得冠军后的最后一场比赛。,0.3529008000623435,21,False,False,这是“所有黑人”队在两周前赢得冠军后的最后一场比赛。,stop,False,True,False,0.8666666666666667,False,21.370139885886406
uz-ru-0423,flores_devtest,423,uz,ru,"Tayvanning boshlanishi 15-asrga borib taqaladi, bunda o'tib ketayotgan yevropalik dengizchilar orol nomini Ilha Formosa yoki go'zal orol deb yozib qoldirishadi.","Тайвань берёт своё начало много лет назад, в XV веке, когда европейские мореплаватели, проплывающие мимо, записали название острова как Ilha Formosa, или ""прекрасный остров"".",qwen3_4b_q8,"Начало Тайвана смещается в 15-е столетие, в которое корабли европейцы, проходя, будут записывать имя орла как Ила Формоса или красивый орл.",0.8844209000235423,59,False,False,"Начало Тайвана смещается в 15-е столетие, в которое корабли европейцы, проходя, будут записывать имя орла как Ила Формоса или красивый орл.",stop,True,True,False,0.7988505747126436,False,21.730900497876497
zh-uz-0083,flores_devtest,83,zh,uz,“卡特里娜”飓风来袭时，第九区洪水水位一度高达 20 英尺，由于附近的防洪堤已经被淹没，目前水位已达齐腰深度。,"Katrina bo'roni vaqtida 20 fut balandlikdagi toshqinga guvoh bo'lgan to'qqizinchi bo'linma, suv yaqindagi to'g'ondan oshib o'tgani sababli, hozirda belgacha keladigan suv ostida qolgan.",qwen3_4b_q8,"""Katerina"" tsikloni kelganda, 9- soatliyda suv sathini 20 foot gacha erishgan, chunki yaxlitdagi qo'shimcha suv qo'shilgan, hozirgi vaqtda suv sathini yaxlitga yetib keldi.",1.2238730000099167,83,False,False,"""Katerina"" tsikloni kelganda, 9- soatliyda suv sathini 20 foot gacha erishgan, chunki yaxlitdagi qo'shimcha suv qo'shilgan, hozirgi vaqtda suv sathini yaxlitga yetib keldi.",stop,True,False,False,0.9297297297297298,False,21.863712802712378
en-uz-0823,flores_devtest,823,en,uz,Travellers may encounter animal pests that they are not familiar with in their home regions.,Sayyohlar o'z mintaqalarida noma'lum bo'lgan hayvon parazitlariga duch kelishlari mumkin.,qwen3_4b_q8,"Yuridagi xavfli hayvonlarga uchrashishi mumkin, shu xavfli hayvonlarni bilmaydigan yurishchilar.",0.740218700026162,45,False,False,"Yuridagi xavfli hayvonlarga uchrashishi mumkin, shu xavfli hayvonlarni bilmaydigan yurishchilar.",stop,False,True,False,1.0786516853932584,False,21.98410112840846
uz-ru-0439,flores_devtest,439,uz,ru,"Uning keng qamrovli qudrati shohdan tortib, oddiy insongacha ta'sir qildi.",Её всепроникающая сила коснулась каждого - от короля до простолюдина.,qwen3_4b_q8,"Широкая сила его оказалась воздействующей не только на султанов, но и на простых людей.",0.5344159000087529,34,False,False,"Широкая сила его оказалась воздействующей не только на султанов, но и на простых людей.",stop,False,True,False,1.2608695652173914,False,22.081109691621332
uz-ru-0685,flores_devtest,685,uz,ru,Ekskursiyalarni virtual tarzda bo'lishish sayohat haqida fikr yuritish va kelasi darslar bilan tajriba almashish uchun ajoyib usuldir.,Выкладывание экскурсии в виртуальное пространство для всеобщего обозрения — это также отличный способ освежить в памяти экскурсию и поделиться своим полученными знаниями с будущими классами.,qwen3_4b_q8,Путешествие поVirtual-экскурсиям — отличный способ мыслить о поездках и обмениваться опытом с последующими занятиями.,0.6724296000320464,44,False,False,Путешествие поVirtual-экскурсиям — отличный способ мыслить о поездках и обмениваться опытом с последующими занятиями.,stop,False,True,False,0.6157894736842106,False,22.08900404535184
zh-uz-0225,flores_devtest,225,zh,uz,这支摇滚乐队原定在美国和加拿大巡演，一直持续到 9 月 16 日。,Rok guruhi AQSH va Kanadada 16-sentyabrga qadar gastrol safarida bo'lishi kerak edi.,qwen3_4b_q8,"Rock band ishlatilmoqda Amerika va Kanada davlatlarida turlash uchun, 16 septembrda taklif etilgan.",0.6660661000059918,43,False,False,"Rock band ishlatilmoqda Amerika va Kanada davlatlarida turlash uchun, 16 septembrda taklif etilgan.",stop,True,False,False,1.1785714285714286,False,22.283873309593062
uz-zh-0771,flores_devtest,771,uz,zh,Bitta Britaniya kreyseridan boshqa barcha kemalar cho'ktirilgan edi. 200 ga yaqin amerikalik va nemis halok bo'lgan.,除了一艘英国巡航舰外，其余船只悉数沉没。近 200 名美国人和德国人丧失生命。,qwen3_4b_q8,除了英国战列舰外，所有军舰都被击沉了。近200名美国和德国士兵丧生。,0.49599760002456605,32,False,False,除了英国战列舰外，所有军舰都被击沉了。近200名美国和德国士兵丧生。,stop,True,False,False,0.8717948717948718,False,22.469834192732353
zh-uz-0195,flores_devtest,195,zh,uz,这名摄影师被送往加州大学洛杉矶分校罗纳德·里根医疗中心，其后不治。,Fotosuratchi Ronald Reygan nomidagi UCLA Tibbiyot Markaziga yetkazilgan va keyinchalik u yerda vafot etgan.,qwen3_4b_q8,"Fotograf UCLA Ronald Reagan Medical Centeriga yuborilgan, keyin hayotini qo'shdi.",0.4928285999922082,31,False,False,"Fotograf UCLA Ronald Reagan Medical Centeriga yuborilgan, keyin hayotini qo'shdi.",stop,False,True,False,0.7570093457943925,False,22.93485428157244
uz-ru-0994,flores_devtest,994,uz,ru,Ichki suv yo'llari ta'til uchun yaxshi mavzu bo'lishi mumkin.,Внутренние водные пути могут стать хорошей темой для проведения какого-либо праздника.,qwen3_4b_q8,Хорошо подходит тема для прекращения внутренних водных путей.,0.38965079991612583,25,False,False,Хорошо подходит тема для прекращения внутренних водных путей.,stop,False,True,False,0.7093023255813954,False,22.967353197146707
uz-zh-0540,flores_devtest,540,uz,zh,"Tibet buddizmi Budda ta'limotlariga asoslanadi, lekin muhabbatning mahayana yo'li bilan va hind yogasining ko'plab uslublari bilan kengaytirilgan.",藏传佛教以佛陀的教义为基础，但通过大乘佛教的普世之爱和印度瑜伽的许多技巧得到了拓展。,qwen3_4b_q8,"藏传佛教基于佛陀的教义, 但扩展了大乘佛教和印度瑜伽的多种方法。",0.4346321999328211,28,False,False,"藏传佛教基于佛陀的教义, 但扩展了大乘佛教和印度瑜伽的多种方法。",stop,False,True,False,0.7619047619047619,False,22.97897361931324
uz-ru-0978,flores_devtest,978,uz,ru,Fors tili nisbatan oson va aksariyat hollarda o'zgarmas grammatikaga ega.,В персидском языке относительно лёгкая и в основном закономерная грамматика.,qwen3_4b_q8,"Язык Форса в целом довольно прост, и в большинстве случаев имеет неизменную грамматику.",0.5297660001087934,34,False,False,"Язык Форса в целом довольно прост, и в большинстве случаев имеет неизменную грамматику.",stop,False,True,False,1.144736842105263,False,23.235584818120085
zh-uz-0439,flores_devtest,439,zh,uz,从国王到平民，它遍布十方的力量影响着每一个人。,"Uning keng qamrovli qudrati shohdan tortib, oddiy insongacha ta'sir qildi.",qwen3_4b_q8,"Barcha kralardan aholi gacha, u 10 qonuni barcha kishilarga ta'sir qiladi.",0.6065168000059202,39,False,False,"Barcha kralardan aholi gacha, u 10 qonuni barcha kishilarga ta'sir qiladi.",stop,False,False,False,1.0,False,23.361871341650883
uz-zh-0356,flores_devtest,356,uz,zh,Sun'iy yo'ldosh yoki teleskopni kosmosga joylashtirish uchun 100 futdan ortiq balandlikdagi ulkan raketa talab qilinadi.,要把卫星或望远镜送入太空，需要一枚超过 100 英尺高的巨型火箭。,qwen3_4b_q8,要將人工衛星或望遠鏡送入太空中，需要發射高度超過100英尺的大型火箭。,0.5060451000463217,33,False,False,要將人工衛星或望遠鏡送入太空中，需要發射高度超過100英尺的大型火箭。,stop,True,False,False,1.0606060606060606,False,23.638497088388366
uz-ru-0746,flores_devtest,746,uz,ru,"Chako mintaqasida Guaykuru va Payagua kabi mahalliy qabilalarning boshqa guruhlari yashab, ular ovchilik, termachilik va baliq ovlash orqali hayotlarini saqlab qolishgan.","Область Чако служила домом для разных групп местных племен, например для Гуайкуру и Паягуа, они выживали при помощи охоты, собирательства и рыбалки.",qwen3_4b_q8,"В районе Чако обитают другие племена, такие как Гуайкуру и Пайагуа, которые сохраняют жизнь, занимаясь охотой, сбором ягод и рыбной ловлей.",0.8690840000053868,58,False,False,"В районе Чако обитают другие племена, такие как Гуайкуру и Пайагуа, которые сохраняют жизнь, занимаясь охотой, сбором ягод и рыбной ловлей.",stop,False,True,False,0.9391891891891891,False,23.753747617004922
uz-ru-0950,flores_devtest,950,uz,ru,Yana shimolda butun dunyoga mashhur bo'lgan Mariam onamizning ko'rinish joyi bo'lgan Fotima onamiz ibodatxonasiga (Muqaddas jiy) ham tashrif buyuring.,Севернее посетите также великий Храм Фатимской Богоматери (усыпальница) — место всемирно известных явлений Девы Марии.,qwen3_4b_q8,"Ещё в Симолде, в месте, где находится образ Марии, известной во всей мире, и храм Фотимы, святой, также посетите.",0.6989152999594808,47,False,False,"Ещё в Симолде, в месте, где находится образ Марии, известной во всей мире, и храм Фотимы, святой, также посетите.",stop,False,True,False,0.9576271186440678,False,24.426376411259444
zh-uz-0502,flores_devtest,502,zh,uz,亚文化群体的成员，常常会象征性地利用独特的行事风格来表明他们的成员身份，包括时尚服装、举止和黑话。,"Submadaniyat a'zolari ko'pincha o'z a'zoliklarini modalar, xulq-atvor va jargonlarni o'z ichiga olgan uslubdan o'ziga xos va ramziy foydalanish orqali namoyon etadilar.",qwen3_4b_q8,"Subkultura qo'shimcha tashkilotining a'zolarini, ularning a'zoligi haqida belgilash uchun xosil bo'lgan xususiy qilish shakli, shu jumladan modellik, tushuncha va qiziqarli so'zlardan foydalangan.",1.2938822999130934,90,False,False,"Subkultura qo'shimcha tashkilotining a'zolarini, ularning a'zoligi haqida belgilash uchun xosil bo'lgan xususiy qilish shakli, shu jumladan modellik, tushuncha va qiziqarli so'zlardan foydalangan.",stop,False,True,False,1.1666666666666667,False,24.48806108352611
zh-uz-0277,flores_devtest,277,zh,uz,中央邦警方追回了被盗的笔记本电脑和手机。,Madxya-Pradesh politsiyasi o'g'irlangan noutbuk hamda mobil telefonni qaytardi.,qwen3_4b_q8,O'rtacha viloyat politsiyasi kriminalni qaytarib topdi.,0.4056643000803888,26,False,False,O'rtacha viloyat politsiyasi kriminalni qaytarib topdi.,stop,False,True,False,0.6962025316455697,False,24.51593700316637
zh-uz-0447,flores_devtest,447,zh,uz,目睹第一次世界大战中的肆虐残暴后，各国都渴望避免重蹈覆辙。,Birinchi jahon urushi vaqtida urush dahshatlari va vahshiyliklarini ko'rgan xalqlar kelajakda shu kabi holatlarning oldini olishni istaganlar.,qwen3_4b_q8,Birinchi jahon jangidan keyin katta mamlakatlarning barchasi qaytadan qaytishni boshqarishni xohlagan.,0.7157913000555709,47,False,False,Birinchi jahon jangidan keyin katta mamlakatlarning barchasi qaytadan qaytishni boshqarishni xohlagan.,stop,False,True,False,0.7183098591549296,False,24.564479054488228
ru-uz-0356,flores_devtest,356,ru,uz,Для запуска в космос спутника или телескопа необходима гигантская ракета высотой более 100 футов.,Sun'iy yo'ldosh yoki teleskopni kosmosga joylashtirish uchun 100 futdan ortiq balandlikdagi ulkan raketa talab qilinadi.,qwen3_4b_q8,"Uzunligi 100 footdan katta bo'lgan katta raketga ega bo'lib, satellit yoki teleskop kosmik uchrashuvga tayyorgar bo'lishi kerak.",0.8735993000445887,61,False,False,"Uzunligi 100 footdan katta bo'lgan katta raketga ega bo'lib, satellit yoki teleskop kosmik uchrashuvga tayyorgar bo'lishi kerak.",stop,True,True,False,1.0666666666666667,False,24.657548568252274
ru-uz-0885,flores_devtest,885,ru,uz,Готовность зарубежных правительств выполнять свои обязательства по данным документам столь же весьма различна.,Chet el hukumatlarining mazkur hujjatlarni hurmat qilishga tayyorligi xuddi shu darajada o'zgaruvchandir.,qwen3_4b_q8,Dunyoviy xizmatlar tomonidan bu dokumentalar bo'yicha ijobiy xizmatlarini bajarishga tayyorgohlik ham katta farq qiladi.,0.7922295000171289,52,False,False,Dunyoviy xizmatlar tomonidan bu dokumentalar bo'yicha ijobiy xizmatlarini bajarishga tayyorgohlik ham katta farq qiladi.,stop,False,True,False,1.1428571428571428,False,24.68636321844469
zh-uz-0091,flores_devtest,91,zh,uz,科学家们可以得出结论，暗物质对其他暗物质的影响方式与普通物质相同。,"Olimlar qora materiya boshqa qora materiyaga xuddi odatiy materiya ta'sir qilgani kabi ta'sir ko'rsatadi, degan xulosaga kelishdi.",qwen3_4b_q8,"Astronomlar, qarama qarshi madde, umumiy maddega o'xshash ravishda qarama qarshi maddega ta'sir qiladi degan konkluziyaga kirishadi.",0.8842229000292718,59,False,False,"Astronomlar, qarama qarshi madde, umumiy maddega o'xshash ravishda qarama qarshi maddega ta'sir qiladi degan konkluziyaga kirishadi.",stop,False,True,False,1.0153846153846153,False,24.762528509815315
zh-uz-0552,flores_devtest,552,zh,uz,与此同时，以 U 型潜艇为主力的德国海军试图拦截这场运输。,"Shu bilan birga Nemis dengiz floti, asosan, dengizosti qayiqlaridan foydalanib, ushbu transport harakatini to'xtatishga urinayotgandi.",qwen3_4b_q8,"Bunun hamda, U-ko'p turlu subordinatsiya bilan boshlang'ich bo'lgan Almaniyalik milliy qo'shimcha tashabbusi shu transportni o'zini o'zidan olib tashlab ketishga harakat qilmoqda.",1.182847399963066,80,False,False,"Bunun hamda, U-ko'p turlu subordinatsiya bilan boshlang'ich bo'lgan Almaniyalik milliy qo'shimcha tashabbusi shu transportni o'zini o'zidan olib tashlab ketishga harakat qilmoqda.",stop,False,True,False,1.335820895522388,False,24.79601785118186
ru-uz-0771,flores_devtest,771,ru,uz,"Все корабли затонули, за исключением одного британского крейсера. Погибли около 200 американских и немецких моряков.",Bitta Britaniya kreyseridan boshqa barcha kemalar cho'ktirilgan edi. 200 ga yaqin amerikalik va nemis halok bo'lgan.,qwen3_4b_q8,"Barcha qo'shimcha kabi tundu, bitta britaniya kрейсера xavf qilmasa. 200 yuridik va germanyya kaptengi o'lingan.",0.8568753999425098,57,False,False,"Barcha qo'shimcha kabi tundu, bitta britaniya kрейсера xavf qilmasa. 200 yuridik va germanyya kaptengi o'lingan.",stop,True,True,False,0.9655172413793104,False,24.89530676591861
uz-en-0439,flores_devtest,439,uz,en,"Uning keng qamrovli qudrati shohdan tortib, oddiy insongacha ta'sir qildi.",Its all-pervading power affected everyone from king to commoner.,qwen3_4b_q8,His broad power influenced from the king down to the common man.,0.30712240003049374,18,False,False,His broad power influenced from the king down to the common man.,stop,False,True,False,1.0,False,25.03917852466798
ru-uz-0502,flores_devtest,502,ru,uz,"Представители определенной субкультуры зачастую заявляют о своей принадлежности через своеобразное и символичное использование стиля, в том числе через моду, манеры и жаргон.","Submadaniyat a'zolari ko'pincha o'z a'zoliklarini modalar, xulq-atvor va jargonlarni o'z ichiga olgan uslubdan o'ziga xos va ramziy foydalanish orqali namoyon etadilar.",qwen3_4b_q8,"Subkultura bo'lgan barcha qo'shimcha tashkilotlarning qo'shimcha va simvolik kiritish orqali xususiyatlarini ko'rsatishini ko'rsatadi, shu jumladan mod, tizim va jargon orqali.",1.1684455999638885,80,False,False,"Subkultura bo'lgan barcha qo'shimcha tashkilotlarning qo'shimcha va simvolik kiritish orqali xususiyatlarini ko'rsatishini ko'rsatadi, shu jumladan mod, tizim va jargon orqali.",stop,False,True,False,1.0476190476190477,False,25.168139953514363
ru-uz-0512,flores_devtest,512,ru,uz,Дети передаются под опеку по множеству разнообразных причин: от беспризорности до жестокого обращения и даже вымогательств.,"Bolalar e'tiborsizlikdan tortib, zo'ravonlik va hatto tovlamachilikka qadar turli sabablarga ko'ra homiylik parvarishiga topshiriladi.",qwen3_4b_q8,"Balalar opa qo'shilib boradi ko'plab turlarini sabab: o'zaro qo'shilib borishdan o'zgarishga qadar, qatlamli tashabbusga va hatta tashriq qilishga.",1.0357252999674529,70,False,False,"Balalar opa qo'shilib boradi ko'plab turlarini sabab: o'zaro qo'shilib borishdan o'zgarishga qadar, qatlamli tashabbusga va hatta tashriq qilishga.",stop,False,True,False,1.0970149253731343,False,25.535565208387705
en-uz-0423,flores_devtest,423,en,uz,"Taiwan beginning start way back in 15th century where European sailors passing by record the island’s name as Ilha Formosa, or beautiful island.","Tayvanning boshlanishi 15-asrga borib taqaladi, bunda o'tib ketayotgan yevropalik dengizchilar orol nomini Ilha Formosa yoki go'zal orol deb yozib qoldirishadi.",qwen3_4b_q8,"Taiwan boshlanish 15- asrda, Europpa kishi o'zini o'tishda ""Ilha Formosa"" yoki qizil qishloq kabi nomi bilan qo'shimcha nomi qo'shgan.",1.0286476999754086,66,False,False,"Taiwan boshlanish 15- asrda, Europpa kishi o'zini o'tishda ""Ilha Formosa"" yoki qizil qishloq kabi nomi bilan qo'shimcha nomi qo'shgan.",stop,True,True,False,0.8375,False,25.592762074113303
ru-uz-0685,flores_devtest,685,ru,uz,Выкладывание экскурсии в виртуальное пространство для всеобщего обозрения — это также отличный способ освежить в памяти экскурсию и поделиться своим полученными знаниями с будущими классами.,Ekskursiyalarni virtual tarzda bo'lishish sayohat haqida fikr yuritish va kelasi darslar bilan tajriba almashish uchun ajoyib usuldir.,qwen3_4b_q8,Tashkilot qilish virtualiyadagi uzunlik uchun barcha kishilarga ko'rish uchun — bu ham o'zini yodda tutish va tashqari sinflar uchun o'zini o'rgangan bilimlarni qo'llashga yaxshi usul.,1.2218516001012176,82,False,False,Tashkilot qilish virtualiyadagi uzunlik uchun barcha kishilarga ko'rish uchun — bu ham o'zini yodda tutish va tashqari sinflar uchun o'zini o'rgangan bilimlarni qo'llashga yaxshi usul.,stop,False,True,False,1.373134328358209,False,25.650704306735093
ru-uz-0827,flores_devtest,827,ru,uz,"Путешественники, направляющиеся в страны с высоким налогообложением, могут иногда сэкономить значительную сумму, особенно на таких товарах, как спиртные напитки и табак.","Og'ir soliqlarga ega mamlakatlarga boruvchi sayohatchilar ba'zi hollarda, ayniqsa, spirtli ichimliklar va tamaki mahsulotlari kabilardan anchagina pul tejab qolishlari mumkin.",qwen3_4b_q8,"Yuridagi yuqori vergulangan mamlakatlarga murojaat qiladigan xavfliy, ko'pincha ko'pincha katta miqdorda xavfliy, masalan, alkohol va tovush mahsulotlari.",1.0487725000130013,71,False,False,"Yuridagi yuqori vergulangan mamlakatlarga murojaat qiladigan xavfliy, ko'pincha ko'pincha katta miqdorda xavfliy, masalan, alkohol va tovush mahsulotlari.",stop,False,True,False,0.88,False,25.72909872198356
zh-uz-0423,flores_devtest,423,zh,uz,西方对台湾的了解可以追溯到 15 世纪。当时路过的欧洲水手将该岛命名为“福尔摩沙岛”(Ilha Formosa)，意思是美丽的岛屿。,"Tayvanning boshlanishi 15-asrga borib taqaladi, bunda o'tib ketayotgan yevropalik dengizchilar orol nomini Ilha Formosa yoki go'zal orol deb yozib qoldirishadi.",qwen3_4b_q8,"Dunyoning Taiwan haqida bilimi 15- asrda boshlangan. Ushbu qishloqni o'tishgan Europpa kengashlari uchi bilan ""Formosa qishloqi"" (Ilha Formosa) deb nomga ega qilgan, yani ""qizil qishloq"" degan ma'nosida.",1.3516800999641418,92,False,False,"Dunyoning Taiwan haqida bilimi 15- asrda boshlangan. Ushbu qishloqni o'tishgan Europpa kengashlari uchi bilan ""Formosa qishloqi"" (Ilha Formosa) deb nomga ega qilgan, yani ""qizil qishloq"" degan ma'nosida.",stop,True,True,False,1.26875,False,25.841277262584946
zh-uz-0397,flores_devtest,397,zh,uz,迦南没有大森林，所以木材非常昂贵。,"Kan'on yerlarida keng o'rmonlar yo'q edi, shu sababdan yog'och nihoyatda qimmat edi.",qwen3_4b_q8,"Kanon da katta qo'shimcha yo'q, shu sababli qo'shimcha ajoyib qimmat.",0.5523587999632582,37,False,False,"Kanon da katta qo'shimcha yo'q, shu sababli qo'shimcha ajoyib qimmat.",stop,False,True,False,0.8214285714285714,False,25.841454848482066
zh-uz-0442,flores_devtest,442,zh,uz,敌对行动爆发后不久，英国开始对德国实施海上封锁。,"Harbiy harakatlar xurujidan ko'p o'tmay, Britaniya Germaniyani dengizda blokada qilishni boshladi.",qwen3_4b_q8,"Englant, qarshi qo'shilmalardan keyin Germaniyaga dengiz katta qo'shilmalari tizmasini boshlagan.",0.6874488000757992,46,False,False,"Englant, qarshi qo'shilmalardan keyin Germaniyaga dengiz katta qo'shilmalari tizmasini boshlagan.",stop,False,True,False,0.9897959183673469,False,25.892191863315983
uz-ru-0700,flores_devtest,700,uz,ru,Arablar bu yerlarga islomni ham olib kelishdi va bu Komor orollari hamda Mayottada katta ahamiyat kasb etdi.,"Арабы также принесли в этот регион ислам, особенно он укоренился на Коморах и Майотте.",qwen3_4b_q8,Арабы привезли ислам в эти места и это имело большое значение для Коморских островов и Майотта.,0.5625148999970406,37,False,False,Арабы привезли ислам в эти места и это имело большое значение для Коморских островов и Майотта.,stop,False,True,False,1.1046511627906976,False,26.179174156224295
ru-uz-0823,flores_devtest,823,ru,uz,"Путешественники могут встретиться с животными-вредителями, которых они не видели в своих родных краях.",Sayyohlar o'z mintaqalarida noma'lum bo'lgan hayvon parazitlariga duch kelishlari mumkin.,qwen3_4b_q8,"Yolcuлar xavfli hayvonlarga uchrashishi mumkin, shu hayvonlarni o'z qo'llarida kuzatganlar.",0.7013202999951318,46,False,False,"Yolcuлar xavfli hayvonlarga uchrashishi mumkin, shu hayvonlarni o'z qo'llarida kuzatganlar.",stop,False,True,False,1.0224719101123596,False,26.363269917746578
uz-zh-0676,flores_devtest,676,uz,zh,Yangi texnologiyalarning rivojlanishi bizga oldin hech qachon kuzatilmagan miyaning tuzilishi hamda ishlash jarayonini ko'rish va tadqiq etish imkon yaratdi.,新技术的兴起让我们能够看到和研究大脑的结构和工作过程，这些是以前从未见过的。,qwen3_4b_q8,新型技术的发展使我们能够观察和研究以前从未见过的结构及其工作过程。,0.37889549997635186,23,False,False,新型技术的发展使我们能够观察和研究以前从未见过的结构及其工作过程。,stop,False,True,False,0.868421052631579,False,26.406035338833654
zh-uz-0491,flores_devtest,491,zh,uz,正是在这个时候，时尚之都的称号从君士坦丁堡转移到了巴黎。,Moda poytaxti unvonining Konstantinopoldan Parijga o'tishi aynan shu vaqtda yuz berdi.,qwen3_4b_q8,"Bu paytda ""shaxsiy qo'llanma"" nomi Konstantinopole dan Paris ga o'tkazilgan.",0.5635930999414995,37,False,False,"Bu paytda ""shaxsiy qo'llanma"" nomi Konstantinopole dan Paris ga o'tkazilgan.",stop,False,True,False,0.8837209302325582,False,26.690411107181262
uz-zh-0225,flores_devtest,225,uz,zh,Rok guruhi AQSH va Kanadada 16-sentyabrga qadar gastrol safarida bo'lishi kerak edi.,这支摇滚乐队原定在美国和加拿大巡演，一直持续到 9 月 16 日。,qwen3_4b_q8,美国和加拿大地区摇滚乐队必须在9月16日之前完成巡演。,0.3623405999969691,23,False,False,美国和加拿大地区摇滚乐队必须在9月16日之前完成巡演。,stop,True,False,False,0.8181818181818182,False,26.74856822059548
ru-uz-0742,flores_devtest,742,ru,uz,"Эти две башни достигают 83 метра в высоту, а сам мост 378 метров в длину и имеет две полосы движения шириной 3,5 метра.","Ikki minoraning balandligi 83 metrga yetadi, u uzunligi 378 metr hamda kengligi 3,5 m bo'lgan ikkita yo'lakchaga ega.",qwen3_4b_q8,"Bu ikki katta yuksaklik 83 metr, va katta qo'shimcha 378 metr uzunlikda bo'lib, 3,5 metr yuqori bo'lib, ikkita yurish yo'li bor.",1.0164466999704018,68,False,False,"Bu ikki katta yuksaklik 83 metr, va katta qo'shimcha 378 metr uzunlikda bo'lib, 3,5 metr yuqori bo'lib, ikkita yurish yo'li bor.",stop,True,True,False,1.0940170940170941,False,26.977229802201386
zh-uz-0540,flores_devtest,540,zh,uz,藏传佛教以佛陀的教义为基础，但通过大乘佛教的普世之爱和印度瑜伽的许多技巧得到了拓展。,"Tibet buddizmi Budda ta'limotlariga asoslanadi, lekin muhabbatning mahayana yo'li bilan va hind yogasining ko'plab uslublari bilan kengaytirilgan.",qwen3_4b_q8,"Buddizmning tibbiyotini Bodhisattva tushunchasiga asoslangan, lekin mahmudiyat va Indian yoga tajribalarini olib boradi.",0.7622975000413135,50,False,False,"Buddizmning tibbiyotini Bodhisattva tushunchasiga asoslangan, lekin mahmudiyat va Indian yoga tajribalarini olib boradi.",stop,False,True,False,0.821917808219178,False,26.982132233470214
uz-zh-0761,flores_devtest,761,uz,zh,"Qish chalg'itadigan sovuq bo'lishi mumkin: haroratlar kamdan-ham hollarda muzlash nuqtasidan pastga tushadi, biroq shamol va namlik birlashgan holda termometr ko'rsatganiga qaraganda sovuqroqdek tuyulishi mumkin.",冬天可能会比看上去显得更冷：温度很少低于零度，但当风和湿度结合在一起，会让人感觉比温度计显示的温度要冷。,qwen3_4b_q8,可能在寒冷的天气中会感觉寒冷：温度在某些时候可能低于结冰点，但当风和潮湿结合在一起时，温度计显示的温度可能显得更冷。,0.6723878000630066,44,False,False,可能在寒冷的天气中会感觉寒冷：温度在某些时候可能低于结冰点，但当风和潮湿结合在一起时，温度计显示的温度可能显得更冷。,stop,False,True,False,1.1153846153846154,False,27.003346456048206
zh-uz-0685,flores_devtest,685,zh,uz,以虚拟方式分享实地考察，也是回顾行程以及与以后班级分享经验的好办法。,Ekskursiyalarni virtual tarzda bo'lishish sayohat haqida fikr yuritish va kelasi darslar bilan tajriba almashish uchun ajoyib usuldir.,qwen3_4b_q8,"Virtual ravishda tashabbusni qo'llash, tashabbusni qaytadan ko'rish va keyingi klasslarga tajriba berish uchun ham xavfli bo'lib qoladi.",0.8814095999114215,58,False,False,"Virtual ravishda tashabbusni qo'llash, tashabbusni qaytadan ko'rish va keyingi klasslarga tajriba berish uchun ham xavfli bo'lib qoladi.",stop,False,True,False,1.0149253731343284,False,27.060887097243715
uz-ru-0491,flores_devtest,491,uz,ru,Moda poytaxti unvonining Konstantinopoldan Parijga o'tishi aynan shu vaqtda yuz berdi.,В этот момент и произошел переход титула Столицы Моды от Константинополя к Парижу.,qwen3_4b_q8,"Современный мода пойtaxти, получивший прозвище Константинополь, в этот период перешёл в Париж.",0.6209287999663502,41,False,False,"Современный мода пойtaxти, получивший прозвище Константинополь, в этот период перешёл в Париж.",stop,False,True,False,1.146341463414634,False,27.072946789443208
uz-ru-0083,flores_devtest,83,uz,ru,"Katrina bo'roni vaqtida 20 fut balandlikdagi toshqinga guvoh bo'lgan to'qqizinchi bo'linma, suv yaqindagi to'g'ondan oshib o'tgani sababli, hozirda belgacha keladigan suv ostida qolgan.","Девятый административный район, затопленный на 20 футов во время урагана Катрина, сейчас по пояс залит водой, поскольку дамба, находящаяся неподалеку, оказалась недостаточно высокой, чтобы удержать воду.",qwen3_4b_q8,"Седьмая часть, которая подтверждала, что буря Катрина вовремя достигла высоты 20 футов, сейчас находится под водой, потому что из-за перелива в близлежащем озере.",0.9735009999712929,64,False,False,"Седьмая часть, которая подтверждала, что буря Катрина вовремя достигла высоты 20 футов, сейчас находится под водой, потому что из-за перелива в близлежащем озере.",stop,True,True,False,0.7980295566502463,False,27.358664433114367
ru-uz-0552,flores_devtest,552,ru,uz,"В это же время немецкий военно-морской флот, используя в основном свои подводные лодки, пытался остановить это движение.","Shu bilan birga Nemis dengiz floti, asosan, dengizosti qayiqlaridan foydalanib, ushbu transport harakatini to'xtatishga urinayotgandi.",qwen3_4b_q8,"Bu vaqtda alman milleti savydagi flot, asosan xavfliyalarini ishlatib, bu hujumni to'xtatishga harakat qilmoqda.",0.8338080000830814,57,False,False,"Bu vaqtda alman milleti savydagi flot, asosan xavfliyalarini ishlatib, bu hujumni to'xtatishga harakat qilmoqda.",stop,False,True,False,0.835820895522388,False,27.68304447839351
uz-zh-0742,flores_devtest,742,uz,zh,"Ikki minoraning balandligi 83 metrga yetadi, u uzunligi 378 metr hamda kengligi 3,5 m bo'lgan ikkita yo'lakchaga ega.",两座桥塔高 83 米，桥的长度为 378 米，有两条 3.50米宽的车道。,qwen3_4b_q8,两座小山的高度达到83米，长度为378米，宽度为3.5米，各具两条道路。,0.5199627000838518,34,False,False,两座小山的高度达到83米，长度为378米，宽度为3.5米，各具两条道路。,stop,True,False,False,0.972972972972973,False,27.75445087030039
zh-uz-0902,flores_devtest,902,zh,uz,场景在金字塔上展示，不同的金字塔被点亮。,Sahnalar piramidalar ustida namoyish etildi va turli xil piramidalar yoritildi.,qwen3_4b_q8,"Murojaat piramidalarida ko'rsatilgan, bir-biridan o'zgarmas piramidalardan tashkil topgan.",0.6696612000232562,42,False,False,"Murojaat piramidalarida ko'rsatilgan, bir-biridan o'zgarmas piramidalardan tashkil topgan.",stop,False,True,False,1.139240506329114,False,27.766829768491668
uz-zh-0857,flores_devtest,857,uz,zh,"Yevropa nisbatan kichik, biroq ko'plab mustaqil davlatlarga ega bo'lgan qit'adir. Odatiy sharoitlarda bir nechta mamlakatlar bo'ylab sayohat qilish bir necha marta vizaga ariza topshirish va pasport nazoratidan o'tish kerakligini anglatadi.",欧洲是片面积相对较小但有着许多独立国家的大陆。在通常情况下，穿越多个国家旅行意味着必须多次经历签证申请和护照检查。,qwen3_4b_q8,欧洲相对较小，但是一个拥有许多独立国家的国家。在正常情况下，跨多个国家旅行需要多次申请签证并经过护照检查。,0.540809000027366,34,False,False,欧洲相对较小，但是一个拥有许多独立国家的国家。在正常情况下，跨多个国家旅行需要多次申请签证并经过护照检查。,stop,False,True,False,0.9298245614035088,False,27.86542020398988
ru-uz-0632,flores_devtest,632,ru,uz,В Ватикане используют итальянский язык в законодательстве и официальных сообщениях.,Vatikan shahri qonunchilik va rasmiy muloqot uchun italyan tilini qo'llaydi.,qwen3_4b_q8,Vatikan da qonun va ofitsial arzo qilishda italian tilini ishlatadi.,0.47486199997365475,30,False,False,Vatikan da qonun va ofitsial arzo qilishda italian tilini ishlatadi.,stop,False,True,False,0.8947368421052632,False,27.974492653641075
uz-ru-0512,flores_devtest,512,uz,ru,"Bolalar e'tiborsizlikdan tortib, zo'ravonlik va hatto tovlamachilikka qadar turli sabablarga ko'ra homiylik parvarishiga topshiriladi.",Дети передаются под опеку по множеству разнообразных причин: от беспризорности до жестокого обращения и даже вымогательств.,qwen3_4b_q8,"Дети передаются в детские домы по различным причинам, включая небрежность, неправильное воспитание и даже неприязнь.",0.6950642999727279,46,False,False,"Дети передаются в детские домы по различным причинам, включая небрежность, неправильное воспитание и даже неприязнь.",stop,False,True,False,0.943089430894309,False,28.03574229616442
ru-uz-0195,flores_devtest,195,ru,uz,"Фотограф был доставлен в медицинский центр имени Рональда Рейгана при  Калифорнийском университете в Лос-Анджелесе, где он впоследствии скончался.",Fotosuratchi Ronald Reygan nomidagi UCLA Tibbiyot Markaziga yetkazilgan va keyinchalik u yerda vafot etgan.,qwen3_4b_q8,"Fotograf Kaliforniyadagi Los-Anjeles universiteti Ronald Reagan nomi bilan nomlanadigan tibbiy markaziga tashvish qilindi, shuunda u keyin-oqil qo'shildi.",0.910269399988465,61,False,False,"Fotograf Kaliforniyadagi Los-Anjeles universiteti Ronald Reagan nomi bilan nomlanadigan tibbiy markaziga tashvish qilindi, shuunda u keyin-oqil qo'shildi.",stop,False,True,False,1.439252336448598,False,28.135379763841932
uz-en-0950,flores_devtest,950,uz,en,Yana shimolda butun dunyoga mashhur bo'lgan Mariam onamizning ko'rinish joyi bo'lgan Fotima onamiz ibodatxonasiga (Muqaddas jiy) ham tashrif buyuring.,"Also to the north visit the great Sanctuary of Our Lady of Fatima (Shrine), a place of worldwide famous Marian apparitions.",qwen3_4b_q8,"Visit the shrine of our Lady Fatima, who is the image of our Lady Mary, which is famous throughout the world (Holy Virgin), and make your visit there.",0.6035468999762088,39,False,False,"Visit the shrine of our Lady Fatima, who is the image of our Lady Mary, which is famous throughout the world (Holy Virgin), and make your visit there.",stop,False,True,False,1.2195121951219512,False,28.302127746914348
ru-uz-0700,flores_devtest,700,ru,uz,"Арабы также принесли в этот регион ислам, особенно он укоренился на Коморах и Майотте.",Arablar bu yerlarga islomni ham olib kelishdi va bu Komor orollari hamda Mayottada katta ahamiyat kasb etdi.,qwen3_4b_q8,"Arablar shu hududga islamni ham kiritdi, chunki u katta Komor va Mayotte katta qo'shilib qo'yildi.",0.6763187000760809,44,False,False,"Arablar shu hududga islamni ham kiritdi, chunki u katta Komor va Mayotte katta qo'shilib qo'yildi.",stop,False,True,False,0.9074074074074074,False,28.339907325150627
zh-uz-0063,flores_devtest,63,zh,uz,历史学家批判了联邦调查局的过往政策，这种政策会把资源集中到容易破获的案件上，尤以偷车案件居多，目的只在于提高该机构的成功破案率。,"Tarixchilar agentlikning muvaffaqiyat darajasini kuchaytirish uchun osongina hal qilish mumkin bo'lgan, ayniqsa avtomobil o'g'rilanishi bo'yicha ishlarga resurslarning qaratilganligi uchun FQB agentligining o'tmishdagi siyosatlarini tanqid qildilar.",qwen3_4b_q8,"Tarihshunoslar FBIning o'zini tashkil qilish qoidalarini kritika qilgan, bu qoidalar tashkilotni qiyinchilikka uchratgan maqsadga ega bo'lgan, yuqori darajadagi qo'shimcha ma'lumotlarni olib keladigan, asosan kichik avtomobillar bilan bog'liq qo'shimcha ma'lumotlarni olib keladigan maqsadga ega bo'lgan.",1.9253401999594644,135,False,False,"Tarihshunoslar FBIning o'zini tashkil qilish qoidalarini kritika qilgan, bu qoidalar tashkilotni qiyinchilikka uchratgan maqsadga ega bo'lgan, yuqori darajadagi qo'shimcha ma'lumotlarni olib keladigan, asosan kichik avtomobillar bilan bog'liq qo'shimcha ma'lumotlarni olib keladigan maqsadga ega bo'lgan.",stop,False,True,False,1.2208835341365463,False,28.390920216953795
uz-zh-0700,flores_devtest,700,uz,zh,Arablar bu yerlarga islomni ham olib kelishdi va bu Komor orollari hamda Mayottada katta ahamiyat kasb etdi.,阿拉伯人也把伊斯兰教带到了这片土地，这一教义在科摩罗和马约特国家盛行。,qwen3_4b_q8,阿拉伯人也带来了伊斯兰教，这在科摩罗和马约特岛都具有重要意义。,0.4193895000498742,26,False,False,阿拉伯人也带来了伊斯兰教，这在科摩罗和马约特岛都具有重要意义。,stop,False,True,False,0.8857142857142857,False,28.43802508299896
ru-uz-0423,flores_devtest,423,ru,uz,"Тайвань берёт своё начало много лет назад, в XV веке, когда европейские мореплаватели, проплывающие мимо, записали название острова как Ilha Formosa, или ""прекрасный остров"".","Tayvanning boshlanishi 15-asrga borib taqaladi, bunda o'tib ketayotgan yevropalik dengizchilar orol nomini Ilha Formosa yoki go'zal orol deb yozib qoldirishadi.",qwen3_4b_q8,"Taiwan beri yashashini XIX asrda, Europpa dengizchilari, o'zlarini o'tgan joyda, qo'shimcha nomi kabi Ilha Formosa, yoki ""qizil qo'shimcha"" deb yozdilar.",1.0737472000764683,72,False,False,"Taiwan beri yashashini XIX asrda, Europpa dengizchilari, o'zlarini o'tgan joyda, qo'shimcha nomi kabi Ilha Formosa, yoki ""qizil qo'shimcha"" deb yozdilar.",stop,False,True,False,0.95625,False,28.456634433464295
ru-uz-0442,flores_devtest,442,ru,uz,Вскоре после начала военных действий Британия устроила морскую блокаду Германии.,"Harbiy harakatlar xurujidan ko'p o'tmay, Britaniya Germaniyani dengizda blokada qilishni boshladi.",qwen3_4b_q8,Bir nechta sariq qo'shimcha tashabbuslarda Britaniya Germaniyaning dengiz qo'shimchasini tashkil etdi.,0.6878471000818536,46,False,False,Bir nechta sariq qo'shimcha tashabbuslarda Britaniya Germaniyaning dengiz qo'shimchasini tashkil etdi.,stop,False,True,False,1.0408163265306123,False,28.49218125710567
ru-uz-0449,flores_devtest,449,ru,uz,"Он приехал в США с четырьмя центами в кармане, книгой стихов и рекомендательным письмом от Чарльза Бэтчелора, который был его начальником на предыдущей работе, к Томасу Эдисону.","U AQSHga o'z nomidagi 4 sent, she'riy kitob va Charlz Batchelordan (oldingi ish joyidagi ish boshqaruvchisi) Tomas Edisonga tavsiyanoma bilan kelgandi.",qwen3_4b_q8,"Uning karterida qatorli yuzli pul, shu bilan birga shuqatlar kitobi va Charles Batchelor dan olingan rekomendatsiya xabarini Thomas Edisonga yetib borgi.",0.8470431000459939,56,False,False,"Uning karterida qatorli yuzli pul, shu bilan birga shuqatlar kitobi va Charles Batchelor dan olingan rekomendatsiya xabarini Thomas Edisonga yetib borgi.",stop,False,True,False,1.0132450331125828,False,28.609839981001638
en-uz-0676,flores_devtest,676,en,uz,The rise of new technologies allows us to see and investigate brain structures and processes never seen before.,Yangi texnologiyalarning rivojlanishi bizga oldin hech qachon kuzatilmagan miyaning tuzilishi hamda ishlash jarayonini ko'rish va tadqiq etish imkon yaratdi.,qwen3_4b_q8,"Yaqin tekhnologiyalarning kengroq tarqatilishi bizga qanday qilishimiz mumkin, bosh qo'shimcha strukturalar va prosesslar bilan ishlash.",0.8622858000453562,56,False,False,"Yaqin tekhnologiyalarning kengroq tarqatilishi bizga qanday qilishimiz mumkin, bosh qo'shimcha strukturalar va prosesslar bilan ishlash.",stop,False,True,False,0.8662420382165605,False,28.678460678336233
uz-en-0442,flores_devtest,442,uz,en,"Harbiy harakatlar xurujidan ko'p o'tmay, Britaniya Germaniyani dengizda blokada qilishni boshladi.","Soon after the outbreak of hostilities, Britain initiated a naval blockade of Germany.",qwen3_4b_q8,"Military movements did not exceed the exit, and Britain began to blockade Germany at sea.",0.3447697999654338,22,False,False,"Military movements did not exceed the exit, and Britain began to blockade Germany at sea.",stop,False,True,False,1.0348837209302326,False,28.733054423873256
uz-zh-0418,flores_devtest,418,uz,zh,"Italiya milliy futbol jamoasi Germaniya milliy futbol jamoasi qatori dunyodagi eng muvaffaqiyatli ikkinchi jamoa bo'lib, 2006-yilda FIFA Jahon chempionatida g'olib chiqqan.",意大利国家足球队和德国国家足球队都是世界上第二成功的球队，在 2006 年拿下了足球世界杯冠军。,qwen3_4b_q8,意大利国家足球队是世界第二成功的国家队，2006年在国际足联世界杯上夺冠。,0.4348617000505328,28,False,False,意大利国家足球队是世界第二成功的国家队，2006年在国际足联世界杯上夺冠。,stop,True,True,False,0.7708333333333334,False,29.01923903663768
en-uz-0502,flores_devtest,502,en,uz,"Members of a subculture often signal their membership through a distinctive and symbolic use of style, which includes fashions, mannerisms, and argot.","Submadaniyat a'zolari ko'pincha o'z a'zoliklarini modalar, xulq-atvor va jargonlarni o'z ichiga olgan uslubdan o'ziga xos va ramziy foydalanish orqali namoyon etadilar.",qwen3_4b_q8,"Subkulturaning a'zolarini o'z a'zolikini belgilash uchun xususiy va simvolik ravishda stili ishlatish, shu jumladan modellashtirish, tafsilotlar va argotlar ham o'z ichiga oladi.",1.3583251000382006,76,False,False,"Subkulturaning a'zolarini o'z a'zolikini belgilash uchun xususiy va simvolik ravishda stili ishlatish, shu jumladan modellashtirish, tafsilotlar va argotlar ham o'z ichiga oladi.",stop,False,True,False,1.0595238095238095,False,29.304137809896535
zh-uz-0823,flores_devtest,823,zh,uz,旅行者可能会遇到在家乡不常见的有害动物。,Sayyohlar o'z mintaqalarida noma'lum bo'lgan hayvon parazitlariga duch kelishlari mumkin.,qwen3_4b_q8,"Yolcu xavfli hayvonalardan tashkil topgan bo'lishi mumkin, shu jumladan o'z qo'llarida ko'rinmaydiganlar ham.",0.8010132999625057,52,False,False,"Yolcu xavfli hayvonalardan tashkil topgan bo'lishi mumkin, shu jumladan o'z qo'llarida ko'rinmaydiganlar ham.",stop,False,True,False,1.2247191011235956,False,29.31292781295995
uz-en-0085,flores_devtest,85,uz,en,Parlamentning quyi palatasi ma'muri Adam Kuerden o'tgan oyda Wikinews bilan suhbatida o'chirishlardan ranjiganini aytdi.,Commons Administrator Adam Cuerden expressed his frustration over the deletions when he spoke to Wikinews last month.,qwen3_4b_q8,The lower house of parliament's administrator Adam Kuerden said during an interview with Wikinews that he had been affected by the cancellations.,0.5345989000052214,34,False,False,The lower house of parliament's administrator Adam Kuerden said during an interview with Wikinews that he had been affected by the cancellations.,stop,False,True,False,1.2393162393162394,False,29.715890404748546
ru-uz-0717,flores_devtest,717,ru,uz,"В связи со своей относительной недоступностью, ""Тимбукту"" стал метафорой экзотической дальней земли.","Yetishish imkoniyati nisbatan kamligi bilan birga, ""Timbuktu"" uzoq, ekzotik o'lkalar uchun metafora sifatida ishlatila boshlandi.",qwen3_4b_q8,"Biror qiyosiy o'zgaruvchilardan tashqari, ""Timbuktu"" ekzotik uzoq qishlog' bo'lib qolgan metafora bo'ldi.",0.8693740000016987,58,False,False,"Biror qiyosiy o'zgaruvchilardan tashqari, ""Timbuktu"" ekzotik uzoq qishlog' bo'lib qolgan metafora bo'ldi.",stop,False,True,False,0.813953488372093,False,29.96955385486012
en-uz-0632,flores_devtest,632,en,uz,Vatican City uses Italian in its legislation and official communications.,Vatikan shahri qonunchilik va rasmiy muloqot uchun italyan tilini qo'llaydi.,qwen3_4b_q8,Vatican Shahrini Italian tilini qo'llab-quvvatlaydi.,0.43824819999281317,23,False,False,Vatican Shahrini Italian tilini qo'llab-quvvatlaydi.,stop,False,True,False,0.6842105263157895,False,29.969969616087877
ru-uz-0746,flores_devtest,746,ru,uz,"Область Чако служила домом для разных групп местных племен, например для Гуайкуру и Паягуа, они выживали при помощи охоты, собирательства и рыбалки.","Chako mintaqasida Guaykuru va Payagua kabi mahalliy qabilalarning boshqa guruhlari yashab, ular ovchilik, termachilik va baliq ovlash orqali hayotlarini saqlab qolishgan.",qwen3_4b_q8,"Chako tumanini katta qishloq sifatida qo'llab-quvvatlagan, masalan, Guayku va Payagu kishilari, ular o'zlarini o'tish, to'kunish va qo'shimcha ishlar orqali qo'llab-quvvatlagan.",1.1970803999574855,82,False,False,"Chako tumanini katta qishloq sifatida qo'llab-quvvatlagan, masalan, Guayku va Payagu kishilari, ular o'zlarini o'tish, to'kunish va qo'shimcha ishlar orqali qo'llab-quvvatlagan.",stop,False,True,False,1.0411764705882354,False,30.0105541827732
zh-uz-0827,flores_devtest,827,zh,uz,前往课征重税的国家/地区的旅客有时可以省下一大笔钱，在这些地方购买酒水和烟草等产品特别划算。,"Og'ir soliqlarga ega mamlakatlarga boruvchi sayohatchilar ba'zi hollarda, ayniqsa, spirtli ichimliklar va tamaki mahsulotlari kabilardan anchagina pul tejab qolishlari mumkin.",qwen3_4b_q8,"Yangiz bir marta olib boriladigan mamlakatlarda, shu mamlakatlarda alkohol va tabakalar sifatida sotiladigan mahsulotlarni sotish oson va qiyosiy qiyofatga ega bo'lishi mumkin.",1.2250958000076935,77,False,False,"Yangiz bir marta olib boriladigan mamlakatlarda, shu mamlakatlarda alkohol va tabakalar sifatida sotiladigan mahsulotlarni sotish oson va qiyosiy qiyofatga ega bo'lishi mumkin.",stop,False,True,False,1.0057142857142858,False,30.125352522065086
ru-uz-0068,flores_devtest,68,ru,uz,"Президент США Джордж Буш прибыл в Сингапур утром 16 ноября, начав свой недельный тур по Азии.","AQSH Prezidenti Jorj V. Bush, Osiyo bo'ylab bir haftalik sayohatini boshlab, 16-noyabr kuni tongda Singapurga yetib keldi.",qwen3_4b_q8,"Amerika Yuridori Prezidenti Jorg Bosh 16 novembar kuni shaharga kirdi, Asiya bo'ylab o'z hafta bo'ylab turlashini boshladi.",0.9215708000119776,61,False,False,"Amerika Yuridori Prezidenti Jorg Bosh 16 novembar kuni shaharga kirdi, Asiya bo'ylab o'z hafta bo'ylab turlashini boshladi.",stop,True,True,False,1.0081967213114753,False,30.259199551393095
uz-ru-0787,flores_devtest,787,uz,ru,"Sho'r suv timsohlari okeanda ko'p uchramaydi, ularning asosiy yashash joyi Rokxemptondan shimolda joylashgan daryolarning quyilish joylaridir.","Гребнистые крокодилы не ведут активную жизнь в океане, а их основная среда обитания — эстуарии рек к северу от Рокгемптона.",qwen3_4b_q8,"Шор святые тимсоны океане часто встречаются, их основные места обитания — это места вытекания рек, расположенных на северо-западе Рокхемптона.",0.8590632999548689,57,False,False,"Шор святые тимсоны океане часто встречаются, их основные места обитания — это места вытекания рек, расположенных на северо-западе Рокхемптона.",stop,False,True,False,1.1544715447154472,False,30.290157335175987
ru-uz-0831,flores_devtest,831,ru,uz,"Однако, как ни странно, мобильная телефонная связь здесь намного лучше, чем на многих других участках маршрута, например в Пенсильвании Уайлдс.","Qizig'i shuki, bu yerda mobil telefon xizmati, boshqa ko'p yo'nalishlarga qaraganda, masalan, Pensilvaniya Uayldzdan ko'ra ancha kuchliroq.",qwen3_4b_q8,"Biroq, hozirgi kunda, Wilds Pennsylvania da bo'lgan boshqa qismlarda katta qiyinchilikga ega bo'lgan holda, shu yerda mobil telefondan foydalanganish juda yaxshi.",1.0067813999485224,68,False,False,"Biroq, hozirgi kunda, Wilds Pennsylvania da bo'lgan boshqa qismlarda katta qiyinchilikga ega bo'lgan holda, shu yerda mobil telefondan foydalanganish juda yaxshi.",stop,False,True,False,1.1654676258992807,False,31.24506880090164
uz-ru-0502,flores_devtest,502,uz,ru,"Submadaniyat a'zolari ko'pincha o'z a'zoliklarini modalar, xulq-atvor va jargonlarni o'z ichiga olgan uslubdan o'ziga xos va ramziy foydalanish orqali namoyon etadilar.","Представители определенной субкультуры зачастую заявляют о своей принадлежности через своеобразное и символичное использование стиля, в том числе через моду, манеры и жаргон.",qwen3_4b_q8,"Члены подъездов часто демонстрируют свою уникальность и символическое использование через стиль, включающий в себя моды, хулк-атворы и жаргон.",0.747958599939011,50,False,False,"Члены подъездов часто демонстрируют свою уникальность и символическое использование через стиль, включающий в себя моды, хулк-атворы и жаргон.",stop,False,True,False,0.8160919540229885,False,31.26414236532586
zh-uz-0179,flores_devtest,179,zh,uz,全黑队在两周前已经赢得了奖杯，而这场比赛是他们打的最后一场。,"Bu ikki hafta avval sovrin yutgan ""All Blacks"" jamoasi uchun oxirgi o'yin edi.",qwen3_4b_q8,"To'liq siyahida ikki hafta oldin trofliyani qo'llab-quvvatlagan, shu ma'ruza ularning oxirgi o'yini edi.",0.7788554000435397,51,False,False,"To'liq siyahida ikki hafta oldin trofliyani qo'llab-quvvatlagan, shu ma'ruza ularning oxirgi o'yini edi.",stop,False,True,False,1.3333333333333333,False,31.266499957116363
ru-uz-0902,flores_devtest,902,ru,uz,"Сцены показывают на пирамидах, и разные пирамиды освещаются.",Sahnalar piramidalar ustida namoyish etildi va turli xil piramidalar yoritildi.,qwen3_4b_q8,Sahnlar piramidalardan tashkil topgan va bir nechta piramidalardan tashkil topgan.,0.5312412000494078,35,False,False,Sahnlar piramidalardan tashkil topgan va bir nechta piramidalardan tashkil topgan.,stop,False,True,False,1.0379746835443038,False,31.701732000604853
uz-ru-0165,flores_devtest,165,uz,ru,1988-yildan beri ovoz beruvchilar va kuzatuvchilar boshlanishida konvertlar mavjud emasligi va mos tarzda sanalgan va vakolat berilgan ovoz beruvchilardan tashqari hech qanday konvertlar qo'shilmasligiga guvohlik bera olishlari uchun saylov qutilarining shaffof bo'lishi talab qilinadi.,"Начиная с 1988 года урны для избирательных бюллетеней должны быть прозрачными, чтобы избиратели и наблюдатели могли убедиться в том, что в начале голосования внутри нет конвертов и что к ним не добавлены какие-либо другие конверты, кроме конвертов тех людей, которых допустили к участию в голосовании и голоса которых подсчитали надлежащим образом.",qwen3_4b_q8,"Для того чтобы можно было заверить, что после 1988 года в начале голосования не было конвертов, и не поступало никаких конвертов, кроме тех, которые были выданы в соответствии с порядком и с доверенностью, требуется, чтобы ящики для голосования были прозрачными.",1.2275596000254154,82,False,False,"Для того чтобы можно было заверить, что после 1988 года в начале голосования не было конвертов, и не поступало никаких конвертов, кроме тех, которые были выданы в соответствии с порядком и с доверенностью, требуется, чтобы ящики для голосования были прозрачными.",stop,True,True,False,0.7528735632183908,False,32.035283960175356
zh-uz-0632,flores_devtest,632,zh,uz,梵蒂冈城在法律法规和官方通信中使用意大利语。,Vatikan shahri qonunchilik va rasmiy muloqot uchun italyan tilini qo'llaydi.,qwen3_4b_q8,Vatikan shahri Italian tilida qonun va ofiatsiyalik xabarlarda foydalangan.,0.5136386000085622,33,False,False,Vatikan shahri Italian tilida qonun va ofiatsiyalik xabarlarda foydalangan.,stop,False,True,False,0.9868421052631579,False,32.08328471969721
ru-uz-0761,flores_devtest,761,ru,uz,"Зима может быть обманчиво холодной: температура редко опускается ниже нуля, но сочетание ветра и влажности воздуха создает ощущение более холодной погоды в сравнении с тем, что показывает термометр.","Qish chalg'itadigan sovuq bo'lishi mumkin: haroratlar kamdan-ham hollarda muzlash nuqtasidan pastga tushadi, biroq shamol va namlik birlashgan holda termometr ko'rsatganiga qaraganda sovuqroqdek tuyulishi mumkin.",qwen3_4b_q8,"Kuz o'zgarmas sovuq bo'lishi mumkin: temperaturasi qat'iy nihoyat olamizda nolga tushmaydi, lekin ventiliyatsiya va havo umidini qo'shish, termometrni ko'rsatgan temperaturaga nisbatan ko'proq sovuq his qilishga sabab bo'laradi.",1.4576086999149993,100,False,False,"Kuz o'zgarmas sovuq bo'lishi mumkin: temperaturasi qat'iy nihoyat olamizda nolga tushmaydi, lekin ventiliyatsiya va havo umidini qo'shish, termometrni ko'rsatgan temperaturaga nisbatan ko'proq sovuq his qilishga sabab bo'laradi.",stop,False,True,False,1.0754716981132075,False,32.155921260145035
uz-ru-0814,flores_devtest,814,uz,ru,"Agar siz kechiktirish e'lon qilinishidan avval 2020-yil uchun reyslar va mehmonxonani buyurtna qilgan bo'lsangiz, siz qiyin vaziyatda qolishingiz mumkin.","Если вы забронировали авиабилеты и проживание на 2020 год до того, как было объявлено о переносе даты, у вас может возникнуть непростая ситуация.",qwen3_4b_q8,"Если вы заказали билеты и отель заранее, до объявления задержки на 2020 год, вы можете оказаться в сложной ситуации.",0.6787489000707865,44,False,False,"Если вы заказали билеты и отель заранее, до объявления задержки на 2020 год, вы можете оказаться в сложной ситуации.",stop,True,True,False,0.8,False,32.58911421893776
ru-uz-0491,flores_devtest,491,ru,uz,В этот момент и произошел переход титула Столицы Моды от Константинополя к Парижу.,Moda poytaxti unvonining Konstantinopoldan Parijga o'tishi aynan shu vaqtda yuz berdi.,qwen3_4b_q8,Bu momentda Moda Shahri tituli Konstantinopoldan Parisga o'tdi.,0.43598060007207096,27,False,False,Bu momentda Moda Shahri tituli Konstantinopoldan Parisga o'tdi.,stop,False,True,False,0.7325581395348837,False,32.69516594988397
en-uz-0885,flores_devtest,885,en,uz,Willingness of foreign governments to honour these documents is just as widely variable.,Chet el hukumatlarining mazkur hujjatlarni hurmat qilishga tayyorligi xuddi shu darajada o'zgaruvchandir.,qwen3_4b_q8,"Xavfliylik, stranalar tashabbusi bo'yicha shu dokumentalarni himoya qilishga tayyorgoh bo'lishi ham katta darajada o'zgaradi.",0.8700514999218285,57,False,False,"Xavfliylik, stranalar tashabbusi bo'yicha shu dokumentalarni himoya qilishga tayyorgoh bo'lishi ham katta darajada o'zgaradi.",stop,False,True,False,1.1904761904761905,False,32.87370779372071
uz-ru-0717,flores_devtest,717,uz,ru,"Yetishish imkoniyati nisbatan kamligi bilan birga, ""Timbuktu"" uzoq, ekzotik o'lkalar uchun metafora sifatida ishlatila boshlandi.","В связи со своей относительной недоступностью, ""Тимбукту"" стал метафорой экзотической дальней земли.",qwen3_4b_q8,"Возможность достижения в значительной степени уменьшилась, и ""Тимбукту"" начали использовать как метафору для долгих, экзотических стран.",0.7188361999578774,48,False,False,"Возможность достижения в значительной степени уменьшилась, и ""Тимбукту"" начали использовать как метафору для долгих, экзотических стран.",stop,False,True,False,1.36,False,33.00620015181565
uz-en-0083,flores_devtest,83,uz,en,"Katrina bo'roni vaqtida 20 fut balandlikdagi toshqinga guvoh bo'lgan to'qqizinchi bo'linma, suv yaqindagi to'g'ondan oshib o'tgani sababli, hozirda belgacha keladigan suv ostida qolgan.","The Ninth Ward, which saw flooding as high as 20 feet during Hurricane Katrina, is currently in waist-high water as the nearby levee was overtopped.",qwen3_4b_q8,"The seventh division, which testified that Katrina storm was 20 feet high, is now submerged under water because it overflowed from the nearby dam.",0.543235499993898,35,False,False,"The seventh division, which testified that Katrina storm was 20 feet high, is now submerged under water because it overflowed from the nearby dam.",stop,True,True,False,0.9864864864864865,False,33.05520109957684
uz-en-0994,flores_devtest,994,uz,en,Ichki suv yo'llari ta'til uchun yaxshi mavzu bo'lishi mumkin.,Inland waterways can be a good theme to base a holiday around.,qwen3_4b_q8,It may be a good topic for internal waterways closure.,0.25963880005292594,17,False,False,It may be a good topic for internal waterways closure.,stop,False,True,False,0.8709677419354839,False,33.093488149046124
uz-zh-0091,flores_devtest,91,uz,zh,"Olimlar qora materiya boshqa qora materiyaga xuddi odatiy materiya ta'sir qilgani kabi ta'sir ko'rsatadi, degan xulosaga kelishdi.",科学家们可以得出结论，暗物质对其他暗物质的影响方式与普通物质相同。,qwen3_4b_q8,古人得出结论，黑暗物质对其他黑暗物质的影响，与普通物质的影响类似。,0.35890590003691614,23,False,False,古人得出结论，黑暗物质对其他黑暗物质的影响，与普通物质的影响类似。,stop,False,True,False,1.0,False,33.18201509545066
uz-ru-0449,flores_devtest,449,uz,ru,"U AQSHga o'z nomidagi 4 sent, she'riy kitob va Charlz Batchelordan (oldingi ish joyidagi ish boshqaruvchisi) Tomas Edisonga tavsiyanoma bilan kelgandi.","Он приехал в США с четырьмя центами в кармане, книгой стихов и рекомендательным письмом от Чарльза Бэтчелора, который был его начальником на предыдущей работе, к Томасу Эдисону.",qwen3_4b_q8,"Сообщение, которое было направлено в США с именем 4 июля, в виде библиотеки и Чарльза Батчелора (предыдущий руководитель) Томасу Эдисону, было рекомендовано.",1.0202513999538496,69,False,False,"Сообщение, которое было направлено в США с именем 4 июля, в виде библиотеки и Чарльза Батчелора (предыдущий руководитель) Томасу Эдисону, было рекомендовано.",stop,True,True,False,0.8870056497175142,False,33.18287493966239
ru-uz-0418,flores_devtest,418,ru,uz,"Итальянская сборная по футболу, наряду с немецкой, является второй самой успешной командой в мире и в 2006 году выиграла Кубок мира ФИФА.","Italiya milliy futbol jamoasi Germaniya milliy futbol jamoasi qatori dunyodagi eng muvaffaqiyatli ikkinchi jamoa bo'lib, 2006-yilda FIFA Jahon chempionatida g'olib chiqqan.",qwen3_4b_q8,"Italy jamiyati futbol qo'shili, Almaniyaga ham o'zining ikkinchi eng muvaffaqiyatli komandasi bo'lgan, 2006 yilida FIFA dunyoviy kubogini qo'llab-quvvatlagan.",1.0992553998949006,73,False,False,"Italy jamiyati futbol qo'shili, Almaniyaga ham o'zining ikkinchi eng muvaffaqiyatli komandasi bo'lgan, 2006 yilida FIFA dunyoviy kubogini qo'llab-quvvatlagan.",stop,True,True,False,0.9186046511627907,False,33.27004810418408
zh-uz-0700,flores_devtest,700,zh,uz,阿拉伯人也把伊斯兰教带到了这片土地，这一教义在科摩罗和马约特国家盛行。,Arablar bu yerlarga islomni ham olib kelishdi va bu Komor orollari hamda Mayottada katta ahamiyat kasb etdi.,qwen3_4b_q8,"Arablar bu yerda islam dini ham keltirdi, bu dogma Komoro va Mayotte mamlakatlari davrida keng rassom qildi.",0.685003099963069,46,False,False,"Arablar bu yerda islam dini ham keltirdi, bu dogma Komoro va Mayotte mamlakatlari davrida keng rassom qildi.",stop,False,True,False,1.0,False,33.27073234898705
en-uz-0902,flores_devtest,902,en,uz,The scenes are displayed on the pyramids and the different pyramids are lit up.,Sahnalar piramidalar ustida namoyish etildi va turli xil piramidalar yoritildi.,qwen3_4b_q8,Muhitlar piramidalardagi qismda ko'rsatiladi va boshqa piramidalardan tashqi yillar o'zgaradi.,0.6556256000185385,44,False,False,Muhitlar piramidalardagi qismda ko'rsatiladi va boshqa piramidalardan tashqi yillar o'zgaradi.,stop,False,True,False,1.1898734177215189,False,33.31610935989027
ru-uz-0857,flores_devtest,857,ru,uz,"Европа — относительно маленький континент, но на нём много независимых государств. В обычных обстоятельствах путешествие через множество стран означало бы необходимость подачи прошений для получения визы и многократного прохождения паспортного контроля.","Yevropa nisbatan kichik, biroq ko'plab mustaqil davlatlarga ega bo'lgan qit'adir. Odatiy sharoitlarda bir nechta mamlakatlar bo'ylab sayohat qilish bir necha marta vizaga ariza topshirish va pasport nazoratidan o'tish kerakligini anglatadi.",qwen3_4b_q8,"Evropany — katta kontinent emas, lekin uda ko'pincha mustaqil mamlakatlardan tashkil topgan. Katta mamlakatlardan o'tish normal holatlarda vizalarni olib kelish va pasport kontrolini ko'plab marta o'tish kerak bo'lardi.",1.2081258000107482,82,False,False,"Evropany — katta kontinent emas, lekin uda ko'pincha mustaqil mamlakatlardan tashkil topgan. Katta mamlakatlardan o'tish normal holatlarda vizalarni olib kelish va pasport kontrolini ko'plab marta o'tish kerak bo'lardi.",stop,False,True,False,0.9125,False,33.33328777008694
zh-uz-0449,flores_devtest,449,zh,uz,他在抵达美国时，身上带着 4 美分、一本诗集，还有一封查尔斯•巴舍勒（Charles Batchelor）（他前份工作的经理）写给托马斯•爱迪生（Thomas Edison）的推荐信。,"U AQSHga o'z nomidagi 4 sent, she'riy kitob va Charlz Batchelordan (oldingi ish joyidagi ish boshqaruvchisi) Tomas Edisonga tavsiyanoma bilan kelgandi.",qwen3_4b_q8,"Ushbu kishining Amerika katta mamlakatiga kirishida, u 4 sent, o'zim yozgan shuqatli kitob va Charles Batchelor (u katta ishga kirishdan oldin ish bergan murojaatchi) tashabbusi Thomas Edison ga yozgan rekomendatsiya xabarini ham qo'shgan.",1.383438999997452,95,False,False,"Ushbu kishining Amerika katta mamlakatiga kirishida, u 4 sent, o'zim yozgan shuqatli kitob va Charles Batchelor (u katta ishga kirishdan oldin ish bergan murojaatchi) tashabbusi Thomas Edison ga yozgan rekomendatsiya xabarini ham qo'shgan.",stop,True,True,False,1.5827814569536425,False,33.37497631079125
zh-uz-0068,flores_devtest,68,zh,uz,美国总统乔治·沃克·布什于 11 月 16 日上午抵达新加坡，开始为期一周的亚洲之行。,"AQSH Prezidenti Jorj V. Bush, Osiyo bo'ylab bir haftalik sayohatini boshlab, 16-noyabr kuni tongda Singapurga yetib keldi.",qwen3_4b_q8,Amerika Yuridori Prezidenti George W. Bush 16 novembrda Singaporega keldi va Asiya bo'ylab bir hafta davomli xizmat qilishga kirishdi.,0.8535266000544652,56,False,False,Amerika Yuridori Prezidenti George W. Bush 16 novembrda Singaporega keldi va Asiya bo'ylab bir hafta davomli xizmat qilishga kirishdi.,stop,True,False,False,1.098360655737705,False,33.86545676150966
uz-zh-0491,flores_devtest,491,uz,zh,Moda poytaxti unvonining Konstantinopoldan Parijga o'tishi aynan shu vaqtda yuz berdi.,正是在这个时候，时尚之都的称号从君士坦丁堡转移到了巴黎。,qwen3_4b_q8,时尚之都称号从君士坦丁堡传到巴黎正是这个时候。,0.3415957000106573,21,False,False,时尚之都称号从君士坦丁堡传到巴黎正是这个时候。,stop,False,True,False,0.8214285714285714,False,34.19640733099857
uz-ru-0063,flores_devtest,63,uz,ru,"Tarixchilar agentlikning muvaffaqiyat darajasini kuchaytirish uchun osongina hal qilish mumkin bo'lgan, ayniqsa avtomobil o'g'rilanishi bo'yicha ishlarga resurslarning qaratilganligi uchun FQB agentligining o'tmishdagi siyosatlarini tanqid qildilar.","Историки критикуют прошлую политику ФБР за то, что выделяла большую часть ресурсов на дела, которые легко раскрываются, особенно на дела об угоне автомобилей, с целью повышения уровня успешности работы агентства.",qwen3_4b_q8,"Историки критиковали политику FQB, которая в прошлом позволила легко усилить степень успеха агентства, особенно в отношении выделения ресурсов на выполнение работ по устранению пробок на дорогах.",0.9765264999587089,64,False,False,"Историки критиковали политику FQB, которая в прошлом позволила легко усилить степень успеха агентства, особенно в отношении выделения ресурсов на выполнение работ по устранению пробок на дорогах.",stop,False,True,False,0.9198113207547169,False,34.332376916296525
uz-en-0685,flores_devtest,685,uz,en,Ekskursiyalarni virtual tarzda bo'lishish sayohat haqida fikr yuritish va kelasi darslar bilan tajriba almashish uchun ajoyib usuldir.,Sharing a field trip virtually is also a great way to reflect a on a trip and share experiences with future classes.,qwen3_4b_q8,It is a great method to think about a trip to virtual excursions and to exchange experiences with the next lessons.,0.4554457999765873,28,False,False,It is a great method to think about a trip to virtual excursions and to exchange experiences with the next lessons.,stop,False,True,False,0.9913793103448276,False,34.36225533765154
uz-zh-0902,flores_devtest,902,uz,zh,Sahnalar piramidalar ustida namoyish etildi va turli xil piramidalar yoritildi.,场景在金字塔上展示，不同的金字塔被点亮。,qwen3_4b_q8,广场在金字塔上展示，展示了各种各样的金字塔。,0.27761690004263073,17,False,False,广场在金字塔上展示，展示了各种各样的金字塔。,stop,False,True,False,1.1,False,34.57274099250369
uz-ru-0831,flores_devtest,831,uz,ru,"Qizig'i shuki, bu yerda mobil telefon xizmati, boshqa ko'p yo'nalishlarga qaraganda, masalan, Pensilvaniya Uayldzdan ko'ra ancha kuchliroq.","Однако, как ни странно, мобильная телефонная связь здесь намного лучше, чем на многих других участках маршрута, например в Пенсильвании Уайлдс.",qwen3_4b_q8,"Горячий телефон, здесь мобильные услуги, в отличие от других направлений, например, в Пенсильвании Уэйдз, намного сильнее.",0.7220101000275463,48,False,False,"Горячий телефон, здесь мобильные услуги, в отличие от других направлений, например, в Пенсильвании Уэйдз, намного сильнее.",stop,False,True,False,0.8531468531468531,False,34.66849790489569
uz-ru-0179,flores_devtest,179,uz,ru,"Bu ikki hafta avval sovrin yutgan ""All Blacks"" jamoasi uchun oxirgi o'yin edi.","Этот матч стал последним для ""Олл Блэкс"", уже завоевавших кубок две недели назад.",qwen3_4b_q8,"Для ""All Blacks"" команды, которая выиграла два последних тура, последний матч был две недели назад.",0.537957499967888,34,False,False,"Для ""All Blacks"" команды, которая выиграла два последних тура, последний матч был две недели назад.",stop,False,True,False,1.2222222222222223,False,34.882949416890256
uz-en-0449,flores_devtest,449,uz,en,"U AQSHga o'z nomidagi 4 sent, she'riy kitob va Charlz Batchelordan (oldingi ish joyidagi ish boshqaruvchisi) Tomas Edisonga tavsiyanoma bilan kelgandi.","He arrived in the US with 4 cents to his name, a book of poetry, and a letter of recommendation from Charles Batchelor (his manager in his previous job) to Thomas Edison.",qwen3_4b_q8,"It was sent to the United States by its owner, 4th Street, the religious book and Charles Batchelor (previous job's supervisor) to Thomas Edision.",0.6012839000904933,39,False,False,"It was sent to the United States by its owner, 4th Street, the religious book and Charles Batchelor (previous job's supervisor) to Thomas Edision.",stop,True,True,False,0.8588235294117647,False,35.01556012679132
uz-en-0831,flores_devtest,831,uz,en,"Qizig'i shuki, bu yerda mobil telefon xizmati, boshqa ko'p yo'nalishlarga qaraganda, masalan, Pensilvaniya Uayldzdan ko'ra ancha kuchliroq.","Curiously, though, mobile phone service is much stronger here than along many other stretches of the route, e.g. the Pennsylvania Wilds.",qwen3_4b_q8,"It's hot here, mobile phone service, compared to other directions, for example, is quite strong compared to Pennsylvania's Wyoming.",0.48339269997086376,31,False,False,"It's hot here, mobile phone service, compared to other directions, for example, is quite strong compared to Pennsylvania's Wyoming.",stop,False,True,False,0.9632352941176471,False,35.428240713127984
ru-uz-0768,flores_devtest,768,ru,uz,Апиа – столица Самоа. Город расположен на острове Уполу и имеет население чуть менее 40 000 жителей.,Apia Samoaning poytaxtidir. Shahar Upolu orolida va 40 000 nafardan kamroq aholiga ega.,qwen3_4b_q8,Apia – Samoa shahri. Shahar Upolu qishlog'ida joylashgan va aholi soni 40 000 kishidan ko'p emas.,0.7512982999905944,50,False,False,Apia – Samoa shahri. Shahar Upolu qishlog'ida joylashgan va aholi soni 40 000 kishidan ko'p emas.,stop,True,True,False,1.1149425287356323,False,35.48268623790338
ru-uz-0787,flores_devtest,787,ru,uz,"Гребнистые крокодилы не ведут активную жизнь в океане, а их основная среда обитания — эстуарии рек к северу от Рокгемптона.","Sho'r suv timsohlari okeanda ko'p uchramaydi, ularning asosiy yashash joyi Rokxemptondan shimolda joylashgan daryolarning quyilish joylaridir.",qwen3_4b_q8,"Grebniistye krokodeylar okean da aktiv bo'lmagan hayot o'zini o'z ichiga olmaydi, lekin ularning asosiy yashash joyi - Rokgempstonning janobiidan bo'lgan dengiz chiqqishlari.",1.1130011000204831,76,False,False,"Grebniistye krokodeylar okean da aktiv bo'lmagan hayot o'zini o'z ichiga olmaydi, lekin ularning asosiy yashash joyi - Rokgempstonning janobiidan bo'lgan dengiz chiqqishlari.",stop,False,True,False,1.2253521126760563,False,35.54990229312032
en-uz-0742,flores_devtest,742,en,uz,"The two towers rise to a height of 83 meters, it's 378 meters long and it has two lanes of 3.50 m wide.","Ikki minoraning balandligi 83 metrga yetadi, u uzunligi 378 metr hamda kengligi 3,5 m bo'lgan ikkita yo'lakchaga ega.",qwen3_4b_q8,"Ikki qo'shimcha 83 metr bo'lgan, 378 metr uzunligi bo'lgan va 3,50 metr kenglikdagi ikki kanalga ega.",0.8919921000488102,57,False,False,"Ikki qo'shimcha 83 metr bo'lgan, 378 metr uzunligi bo'lgan va 3,50 metr kenglikdagi ikki kanalga ega.",stop,True,True,False,0.8632478632478633,False,35.80234054158711
uz-en-0787,flores_devtest,787,uz,en,"Sho'r suv timsohlari okeanda ko'p uchramaydi, ularning asosiy yashash joyi Rokxemptondan shimolda joylashgan daryolarning quyilish joylaridir.","Saltwater Crocodiles do not actively live in the ocean, their primary habitat is in river estuaries north from Rockhampton.",qwen3_4b_q8,"Freshwater fish species are abundant in the ocean, their main habitat being the areas where rivers flow out from the north of Rokhempton.",0.5284649999812245,35,False,False,"Freshwater fish species are abundant in the ocean, their main habitat being the areas where rivers flow out from the north of Rokhempton.",stop,False,True,False,1.113821138211382,False,36.24872919611532
uz-ru-0857,flores_devtest,857,uz,ru,"Yevropa nisbatan kichik, biroq ko'plab mustaqil davlatlarga ega bo'lgan qit'adir. Odatiy sharoitlarda bir nechta mamlakatlar bo'ylab sayohat qilish bir necha marta vizaga ariza topshirish va pasport nazoratidan o'tish kerakligini anglatadi.","Европа — относительно маленький континент, но на нём много независимых государств. В обычных обстоятельствах путешествие через множество стран означало бы необходимость подачи прошений для получения визы и многократного прохождения паспортного контроля.",qwen3_4b_q8,"Европа относительно мала, но это континент с большим количеством независимых стран. В обычных условиях путешествие по нескольким странам требует несколько раз подавать заявления на визу и проходить проверку паспорта.",1.0555998000781983,70,False,False,"Европа относительно мала, но это континент с большим количеством независимых стран. В обычных условиях путешествие по нескольким странам требует несколько раз подавать заявления на визу и проходить проверку паспорта.",stop,False,True,False,0.8537549407114624,False,36.27471462920545
en-uz-0771,flores_devtest,771,en,uz,"All the ships were sunk, except for one British cruiser. Nearly 200 American and German lives were lost.",Bitta Britaniya kreyseridan boshqa barcha kemalar cho'ktirilgan edi. 200 ga yaqin amerikalik va nemis halok bo'lgan.,qwen3_4b_q8,Barcha qo'shimcha qurilmalar yagona Britaniya kiyimli qo'shimcha qurilmasi bo'lib qolgan. 200 ga yaqin Amerika va Germaniyalik hayotlar qo'shilgan.,2.0402564000105485,135,False,False,Barcha qo'shimcha qurilmalar yagona Britaniya kiyimli qo'shimcha qurilmasi bo'lib qolgan. 200 ga yaqin Amerika va Germaniyalik hayotlar qo'shilgan.,stop,True,True,False,1.2672413793103448,False,36.37458690519253
uz-zh-0277,flores_devtest,277,uz,zh,Madxya-Pradesh politsiyasi o'g'irlangan noutbuk hamda mobil telefonni qaytardi.,中央邦警方追回了被盗的笔记本电脑和手机。,qwen3_4b_q8,Madxya-Pradesh警察找回了被扣留的笔记本电脑和手机。,0.35404949996154755,23,False,False,Madxya-Pradesh警察找回了被扣留的笔记本电脑和手机。,stop,False,True,False,1.6,False,36.50394509083617
uz-ru-0442,flores_devtest,442,uz,ru,"Harbiy harakatlar xurujidan ko'p o'tmay, Britaniya Germaniyani dengizda blokada qilishni boshladi.",Вскоре после начала военных действий Британия устроила морскую блокаду Германии.,qwen3_4b_q8,"Прибрежные действия не велись в больших объемах, и Великобритания начала блокаду Германии в море.",0.6165276999818161,41,False,False,"Прибрежные действия не велись в больших объемах, и Великобритания начала блокаду Германии в море.",stop,False,True,False,1.2125,False,36.838355987573316
en-uz-0540,flores_devtest,540,en,uz,"The Tibetan Buddhism is based on the teachings of Buddha, but were extended by the mahayana path of love and by a lot of techniques from Indian Yoga.","Tibet buddizmi Budda ta'limotlariga asoslanadi, lekin muhabbatning mahayana yo'li bilan va hind yogasining ko'plab uslublari bilan kengaytirilgan.",qwen3_4b_q8,"Tibet bo'yicha budizm Buddha ta'sirida asoslangan, lekin mahayana yulduzli sevgi yo'li va Indian yoga dan ko'plab tekhnikalar bilan uzatilgan.",2.034973399946466,113,False,False,"Tibet bo'yicha budizm Buddha ta'sirida asoslangan, lekin mahayana yulduzli sevgi yo'li va Indian yoga dan ko'plab tekhnikalar bilan uzatilgan.",stop,False,True,False,0.9726027397260274,False,37.011620632235164
uz-en-0823,flores_devtest,823,uz,en,Sayyohlar o'z mintaqalarida noma'lum bo'lgan hayvon parazitlariga duch kelishlari mumkin.,Travellers may encounter animal pests that they are not familiar with in their home regions.,qwen3_4b_q8,Travelers may come into contact with unknown animal parasites in their regions.,0.31624569999985397,19,False,False,Travelers may come into contact with unknown animal parasites in their regions.,stop,False,True,False,0.8586956521739131,False,37.3122820024326
uz-zh-0768,flores_devtest,768,uz,zh,Apia Samoaning poytaxtidir. Shahar Upolu orolida va 40 000 nafardan kamroq aholiga ega.,阿皮亚是萨摩亚的首都。该城镇位于乌波卢（Upolu）岛上，人口数量不足 4 万。,qwen3_4b_q8,阿皮亚是萨摩亚的首都。该城市位于乌波卢岛，人口约4万人。,0.44341359997633845,28,False,False,阿皮亚是萨摩亚的首都。该城市位于乌波卢岛，人口约4万人。,stop,True,False,False,0.7,False,37.325597684298636
ru-uz-0179,flores_devtest,179,ru,uz,"Этот матч стал последним для ""Олл Блэкс"", уже завоевавших кубок две недели назад.","Bu ikki hafta avval sovrin yutgan ""All Blacks"" jamoasi uchun oxirgi o'yin edi.",qwen3_4b_q8,"Bu o'yin ""Oll Blakks"" uchun oxirgi bo'ldi, shu jumladan ikki hafta oldin kubokga ega bo'lgan.",0.7835643000435084,51,False,False,"Bu o'yin ""Oll Blakks"" uchun oxirgi bo'ldi, shu jumladan ikki hafta oldin kubokga ega bo'lgan.",stop,False,True,False,1.1923076923076923,False,37.479741435591905
en-uz-0195,flores_devtest,195,en,uz,"The photographer was transported to Ronald Reagan UCLA Medical Center, where he subsequently died.",Fotosuratchi Ronald Reygan nomidagi UCLA Tibbiyot Markaziga yetkazilgan va keyinchalik u yerda vafot etgan.,qwen3_4b_q8,"Fotograf Ronald Reagan UCLA Tibbiyati Markazi ga o'tkazilgan, shu yerda keyin-o'tkazilgan.",0.7164083999814466,39,False,False,"Fotograf Ronald Reagan UCLA Tibbiyati Markazi ga o'tkazilgan, shu yerda keyin-o'tkazilgan.",stop,False,True,False,0.8411214953271028,False,37.51912962707936
ru-uz-0540,flores_devtest,540,ru,uz,"Тибетский буддизм основан на учениях Будды, но был дополнен махаянским путем любви и множеством техник индийской йоги.","Tibet buddizmi Budda ta'limotlariga asoslanadi, lekin muhabbatning mahayana yo'li bilan va hind yogasining ko'plab uslublari bilan kengaytirilgan.",qwen3_4b_q8,"Tibet bud'dizmi Budda tajribasiga asoslangan, lekin mahayana qohomi va Indian yogi tekhnologiyalarining ko'pligini qo'shgan.",0.7889341999543831,53,False,False,"Tibet bud'dizmi Budda tajribasiga asoslangan, lekin mahayana qohomi va Indian yogi tekhnologiyalarining ko'pligini qo'shgan.",stop,False,True,False,0.8493150684931506,False,37.704565600006305
uz-ru-0397,flores_devtest,397,uz,ru,"Kan'on yerlarida keng o'rmonlar yo'q edi, shu sababdan yog'och nihoyatda qimmat edi.","На земле Ханаана не было больших лесов, поэтому древесина была чрезвычайно дорогой.",qwen3_4b_q8,"В лесах не было широких лесов, поэтому дерево в конечном итоге было дорого.",0.5047280000289902,33,False,False,"В лесах не было широких лесов, поэтому дерево в конечном итоге было дорого.",stop,False,True,False,0.9036144578313253,False,37.761652810220184
uz-ru-0902,flores_devtest,902,uz,ru,Sahnalar piramidalar ustida namoyish etildi va turli xil piramidalar yoritildi.,"Сцены показывают на пирамидах, и разные пирамиды освещаются.",qwen3_4b_q8,"Сценарии были представлены на теме пирамид, и показали различные пирамиды.",0.43484450003597885,28,False,False,"Сценарии были представлены на теме пирамид, и показали различные пирамиды.",stop,False,True,False,1.2333333333333334,False,37.7831545360327
uz-ru-0447,flores_devtest,447,uz,ru,Birinchi jahon urushi vaqtida urush dahshatlari va vahshiyliklarini ko'rgan xalqlar kelajakda shu kabi holatlarning oldini olishni istaganlar.,"Познав ужасы и зверства Первой мировой войны, государства хотели избежать подобной ситуации в будущем.",qwen3_4b_q8,"Во время первой мировой войны люди, видевшие ужасы и жестокость войны, впоследствии хотели предотвратить такие ситуации.",0.6780374000081792,45,False,False,"Во время первой мировой войны люди, видевшие ужасы и жестокость войны, впоследствии хотели предотвратить такие ситуации.",stop,False,True,False,1.1764705882352942,False,38.131979371945626
uz-zh-0068,flores_devtest,68,uz,zh,"AQSH Prezidenti Jorj V. Bush, Osiyo bo'ylab bir haftalik sayohatini boshlab, 16-noyabr kuni tongda Singapurga yetib keldi.",美国总统乔治·沃克·布什于 11 月 16 日上午抵达新加坡，开始为期一周的亚洲之行。,qwen3_4b_q8,美国总统乔治·W·布什于10月16日星期五抵达新加坡，开始了一次为期一周的东南亚之旅。,0.5135083999484777,34,False,False,美国总统乔治·W·布什于10月16日星期五抵达新加坡，开始了一次为期一周的东南亚之旅。,stop,True,False,False,1.0,False,38.58199095480775
uz-ru-0540,flores_devtest,540,uz,ru,"Tibet buddizmi Budda ta'limotlariga asoslanadi, lekin muhabbatning mahayana yo'li bilan va hind yogasining ko'plab uslublari bilan kengaytirilgan.","Тибетский буддизм основан на учениях Будды, но был дополнен махаянским путем любви и множеством техник индийской йоги.",qwen3_4b_q8,"Буддизм Тибета основывается на учениях Будды, но расширяется благодарностью махайани и различными школами индийского йоги.",0.7308530999580398,48,False,False,"Буддизм Тибета основывается на учениях Будды, но расширяется благодарностью махайани и различными школами индийского йоги.",stop,False,True,False,1.0338983050847457,False,38.61388296022869
uz-en-0742,flores_devtest,742,uz,en,"Ikki minoraning balandligi 83 metrga yetadi, u uzunligi 378 metr hamda kengligi 3,5 m bo'lgan ikkita yo'lakchaga ega.","The two towers rise to a height of 83 meters, it's 378 meters long and it has two lanes of 3.50 m wide.",qwen3_4b_q8,"The height of two minors is 83 meters, with a length of 378 meters and a width of 3.5 m.",0.5393468000693247,35,False,False,"The height of two minors is 83 meters, with a length of 378 meters and a width of 3.5 m.",stop,True,True,False,0.8543689320388349,False,38.672576035533474
uz-en-0502,flores_devtest,502,uz,en,"Submadaniyat a'zolari ko'pincha o'z a'zoliklarini modalar, xulq-atvor va jargonlarni o'z ichiga olgan uslubdan o'ziga xos va ramziy foydalanish orqali namoyon etadilar.","Members of a subculture often signal their membership through a distinctive and symbolic use of style, which includes fashions, mannerisms, and argot.",qwen3_4b_q8,"Subdistrict members often express their individuality through the use of styles that include their own members, modals, colloquialisms, and jargon, and they demonstrate this through the use of symbolic language.",0.704226000001654,47,False,False,"Subdistrict members often express their individuality through the use of styles that include their own members, modals, colloquialisms, and jargon, and they demonstrate this through the use of symbolic language.",stop,False,True,False,1.4066666666666667,False,39.00853587053775
en-uz-0631,flores_devtest,631,en,uz,Vatican City's population is around 800. It is the smallest independent country in the world and the country with the lowest population.,Vatikan shahri aholisi 800 kishi atrofida. U dunyodagi eng kichik mustaqil davlat va eng kam aholiga ega mamlakatdir.,qwen3_4b_q8,Vatican shahri 800 kishini tashkil etadi. Bu dunyoning eng kichik xavfli mamlakati va eng kichik aholi sahobati bo'lgan mamlakat.,2.03171469992958,115,False,False,Vatican shahri 800 kishini tashkil etadi. Bu dunyoning eng kichik xavfli mamlakati va eng kichik aholi sahobati bo'lgan mamlakat.,stop,True,True,False,1.1025641025641026,False,39.17353972952287
uz-en-0512,flores_devtest,512,uz,en,"Bolalar e'tiborsizlikdan tortib, zo'ravonlik va hatto tovlamachilikka qadar turli sabablarga ko'ra homiylik parvarishiga topshiriladi.","Children are placed in Foster Care for a wide variety of reasons that range from neglect, to abuse, and even to extortion.",qwen3_4b_q8,"Children are sent to orphanages for various reasons, including neglect, abuse, and even abandonment.",0.39230740000493824,24,False,False,"Children are sent to orphanages for various reasons, including neglect, abuse, and even abandonment.",stop,False,True,False,0.819672131147541,False,39.341482353806875
uz-en-0397,flores_devtest,397,uz,en,"Kan'on yerlarida keng o'rmonlar yo'q edi, shu sababdan yog'och nihoyatda qimmat edi.","There were no large forests in the land of Canaan, so wood was extremely expensive.",qwen3_4b_q8,"In canonical places, there were no large forests, so leather was ultimately valuable.",0.3142316999146715,21,False,False,"In canonical places, there were no large forests, so leather was ultimately valuable.",stop,False,True,False,1.0240963855421688,False,39.47583156930005
uz-ru-0742,flores_devtest,742,uz,ru,"Ikki minoraning balandligi 83 metrga yetadi, u uzunligi 378 metr hamda kengligi 3,5 m bo'lgan ikkita yo'lakchaga ega.","Эти две башни достигают 83 метра в высоту, а сам мост 378 метров в длину и имеет две полосы движения шириной 3,5 метра.",qwen3_4b_q8,"Высота двух миноров достигает 83 метра, у них есть два пути длиной 378 метров и шириной 3,5 метра.",0.6860116999596357,45,False,False,"Высота двух миноров достигает 83 метра, у них есть два пути длиной 378 метров и шириной 3,5 метра.",stop,True,True,False,0.8235294117647058,False,39.982627750305404
uz-en-0091,flores_devtest,91,uz,en,"Olimlar qora materiya boshqa qora materiyaga xuddi odatiy materiya ta'sir qilgani kabi ta'sir ko'rsatadi, degan xulosaga kelishdi.",The scientists were able to conclude that the dark matter affect other dark matter in the same way regular matter does.,qwen3_4b_q8,Ancient people concluded that dark matter exerts an effect similar to ordinary matter on other dark matter.,0.401754799997434,25,False,False,Ancient people concluded that dark matter exerts an effect similar to ordinary matter on other dark matter.,stop,False,True,False,0.8991596638655462,False,40.23053060886457
zh-uz-0631,flores_devtest,631,zh,uz,梵蒂冈城的人口大约有 800 人。它是世界上最小的独立国家，也是人口最少的国家。,Vatikan shahri aholisi 800 kishi atrofida. U dunyodagi eng kichik mustaqil davlat va eng kam aholiga ega mamlakatdir.,qwen3_4b_q8,Vatikan shahri 800 kishidan tashkil topgan. Bu dunyoning eng kichik xavfli mamlakati va eng azo kishilardan tashkil topgan mamlakat.,0.8775389000074938,59,False,False,Vatikan shahri 800 kishidan tashkil topgan. Bu dunyoning eng kichik xavfli mamlakati va eng azo kishilardan tashkil topgan mamlakat.,stop,True,True,False,1.1282051282051282,False,40.26800574298723
uz-en-0195,flores_devtest,195,uz,en,Fotosuratchi Ronald Reygan nomidagi UCLA Tibbiyot Markaziga yetkazilgan va keyinchalik u yerda vafot etgan.,"The photographer was transported to Ronald Reagan UCLA Medical Center, where he subsequently died.",qwen3_4b_q8,Sent to the UCLA Medical Center named Ronald Reagan and later died there.,0.31396200007293373,19,False,False,Sent to the UCLA Medical Center named Ronald Reagan and later died there.,stop,False,True,False,0.7448979591836735,False,40.29466979687717
uz-ru-0823,flores_devtest,823,uz,ru,Sayyohlar o'z mintaqalarida noma'lum bo'lgan hayvon parazitlariga duch kelishlari mumkin.,"Путешественники могут встретиться с животными-вредителями, которых они не видели в своих родных краях.",qwen3_4b_q8,Путешественники могут столкнуться с неизвестными животными паразитами в своих регионах.,0.4937472000019625,32,False,False,Путешественники могут столкнуться с неизвестными животными паразитами в своих регионах.,stop,False,True,False,0.8529411764705882,False,40.303768675329614
ru-uz-0277,flores_devtest,277,ru,uz,Полиция штата Мадхья-Прадеш вернула украденные ноутбук и мобильный телефон.,Madxya-Pradesh politsiyasi o'g'irlangan noutbuk hamda mobil telefonni qaytardi.,qwen3_4b_q8,Politsiya sh tarixi Madhya-Pradesh qaytarilgan notubuk va mobil telefon.,0.4634910000022501,30,False,False,Politsiya sh tarixi Madhya-Pradesh qaytarilgan notubuk va mobil telefon.,stop,False,True,False,0.9113924050632911,False,40.31451917236075
zh-uz-0857,flores_devtest,857,zh,uz,欧洲是片面积相对较小但有着许多独立国家的大陆。在通常情况下，穿越多个国家旅行意味着必须多次经历签证申请和护照检查。,"Yevropa nisbatan kichik, biroq ko'plab mustaqil davlatlarga ega bo'lgan qit'adir. Odatiy sharoitlarda bir nechta mamlakatlar bo'ylab sayohat qilish bir necha marta vizaga ariza topshirish va pasport nazoratidan o'tish kerakligini anglatadi.",qwen3_4b_q8,"Eurasia, yaxlitlarga nisbatan kichik yuzlarda bo'lgani bilan, ko'pincha o'z xavfli mamlakatlardan iborat. Umumiy holda, bir nechta mamlakatlarni o'tish, vizalarni o'zgartirish va pasport tekshirishni ko'plab marta amalga oshirishni tashkil qiladi.",1.998941499972716,113,False,False,"Eurasia, yaxlitlarga nisbatan kichik yuzlarda bo'lgani bilan, ko'pincha o'z xavfli mamlakatlardan iborat. Umumiy holda, bir nechta mamlakatlarni o'tish, vizalarni o'zgartirish va pasport tekshirishni ko'plab marta amalga oshirishni tashkil qiladi.",stop,False,True,False,1.0291666666666666,False,40.37897137021437
zh-uz-0418,flores_devtest,418,zh,uz,意大利国家足球队和德国国家足球队都是世界上第二成功的球队，在 2006 年拿下了足球世界杯冠军。,"Italiya milliy futbol jamoasi Germaniya milliy futbol jamoasi qatori dunyodagi eng muvaffaqiyatli ikkinchi jamoa bo'lib, 2006-yilda FIFA Jahon chempionatida g'olib chiqqan.",qwen3_4b_q8,"Italiya milliy futbol qo'ng'iroq qo'shiqlari va Germaniya milliy futbol qo'ng'iroq qo'shiqlari dunyoning ikkinchi ko'p marta yuz beruvchi komandalar, 2006-yil da futbol dunyoviy kubogini qo'llab-quvvatlagan.",1.3642705000238493,93,False,False,"Italiya milliy futbol qo'ng'iroq qo'shiqlari va Germaniya milliy futbol qo'ng'iroq qo'shiqlari dunyoning ikkinchi ko'p marta yuz beruvchi komandalar, 2006-yil da futbol dunyoviy kubogini qo'llab-quvvatlagan.",stop,True,True,False,1.2034883720930232,False,40.43062958550736
zh-uz-0831,flores_devtest,831,zh,uz,不过，令人奇怪的是，这里的手机服务比沿途的许多其他路线（例如宾夕法尼亚州荒原）要强得多。,"Qizig'i shuki, bu yerda mobil telefon xizmati, boshqa ko'p yo'nalishlarga qaraganda, masalan, Pensilvaniya Uayldzdan ko'ra ancha kuchliroq.",qwen3_4b_q8,"Biroq, o'zgaruvchi bo'lgan holda, bu yerda telefon xizmati yengilaydigan ko'pincha yo'llar (masalan, Pensilvaniya oqimalari)ga nisbatan katta bo'ldi.",1.2408753000199795,69,False,False,"Biroq, o'zgaruvchi bo'lgan holda, bu yerda telefon xizmati yengilaydigan ko'pincha yo'llar (masalan, Pensilvaniya oqimalari)ga nisbatan katta bo'ldi.",stop,False,True,False,1.0719424460431655,False,40.523601511536825
uz-en-0225,flores_devtest,225,uz,en,Rok guruhi AQSH va Kanadada 16-sentyabrga qadar gastrol safarida bo'lishi kerak edi.,The rock band was due to tour the United States and Canada until September 16.,qwen3_4b_q8,The group must be on a gastronomic tour until September 16th in the USA and Canada.,0.408379300031811,26,False,False,The group must be on a gastronomic tour until September 16th in the USA and Canada.,stop,True,True,False,1.064102564102564,False,40.94593016633266
uz-en-0423,flores_devtest,423,uz,en,"Tayvanning boshlanishi 15-asrga borib taqaladi, bunda o'tib ketayotgan yevropalik dengizchilar orol nomini Ilha Formosa yoki go'zal orol deb yozib qoldirishadi.","Taiwan beginning start way back in 15th century where European sailors passing by record the island’s name as Ilha Formosa, or beautiful island.",qwen3_4b_q8,"The beginning of the Tayvan is delayed until the 15th century, during which the European ships passing through will refer to the strait as Ilha Formosa or the beautiful strait.",0.6895160999847576,45,False,False,"The beginning of the Tayvan is delayed until the 15th century, during which the European ships passing through will refer to the strait as Ilha Formosa or the beautiful strait.",stop,True,True,False,1.2222222222222223,False,41.373868316715615
zh-uz-0636,flores_devtest,636,zh,uz,哲学家亚里士多德提出一种理论，即任何事物都是由土、水、空气和火四种元素中的一种或多种组成的。,"Faylasuf Aristotel barcha narsa to'rt unsurning bir yoki bir nechtasi aralashmasidan tashkil topgan degan nazariyani ilgari surgan. Ularni tuproq, suv, havo va olov ekanligini aytib o'tgan.",qwen3_4b_q8,"Filozof Aristotel uchun barcha narsalar to'rt elementdan biri yoki bir nechta elementlardan tashkil topganligini teoriyasini tashkil qildi: quruq, suv, havo va yugurish.",1.0198148000054061,69,False,False,"Filozof Aristotel uchun barcha narsalar to'rt elementdan biri yoki bir nechta elementlardan tashkil topganligini teoriyasini tashkil qildi: quruq, suv, havo va yugurish.",stop,False,True,False,0.8941798941798942,False,41.71462120389691
en-uz-0277,flores_devtest,277,en,uz,The Madhya Pradesh Police recovered the stolen laptop and mobile phone.,Madxya-Pradesh politsiyasi o'g'irlangan noutbuk hamda mobil telefonni qaytardi.,qwen3_4b_q8,Madhya Pradesh polisi kutilgan laptop va mobil telefonni qaytarib olgan.,0.4895138000138104,26,False,False,Madhya Pradesh polisi kutilgan laptop va mobil telefonni qaytarib olgan.,stop,False,True,False,0.9113924050632911,False,42.020264303245455
en-uz-0636,flores_devtest,636,en,uz,"Aristotle, a philosopher, theorised that everything is made up of a mixture of one or more of four elements. They were earth, water, air, and fire.","Faylasuf Aristotel barcha narsa to'rt unsurning bir yoki bir nechtasi aralashmasidan tashkil topgan degan nazariyani ilgari surgan. Ularni tuproq, suv, havo va olov ekanligini aytib o'tgan.",qwen3_4b_q8,"Aristotel, filozof, barcha narsa uchtinchi elementlardan bir yoki bir nechta tashkil topganligini o'ylagan. Ular: qo'shing, suv, havo va yug'ish.",1.05056790006347,65,False,False,"Aristotel, filozof, barcha narsa uchtinchi elementlardan bir yoki bir nechta tashkil topganligini o'ylagan. Ular: qo'shing, suv, havo va yug'ish.",stop,False,True,False,0.7671957671957672,False,42.32075179069266
en-uz-0787,flores_devtest,787,en,uz,"Saltwater Crocodiles do not actively live in the ocean, their primary habitat is in river estuaries north from Rockhampton.","Sho'r suv timsohlari okeanda ko'p uchramaydi, ularning asosiy yashash joyi Rokxemptondan shimolda joylashgan daryolarning quyilish joylaridir.",qwen3_4b_q8,"Toshturish qo'shiqchilari okean da aktiv ravishda hayot qilmaydi, ularning asosiy yashash joyi Rockhampton dan katta rivier estuariyalarida yashash joyi.",0.9723401999799535,64,False,False,"Toshturish qo'shiqchilari okean da aktiv ravishda hayot qilmaydi, ularning asosiy yashash joyi Rockhampton dan katta rivier estuariyalarida yashash joyi.",stop,False,True,False,1.0774647887323943,False,42.69309637458723
en-uz-0768,flores_devtest,768,en,uz,"Apia is the capital of Samoa. The town is on the island of Upolu and has a population of just under 40,000.",Apia Samoaning poytaxtidir. Shahar Upolu orolida va 40 000 nafardan kamroq aholiga ega.,qwen3_4b_q8,"Apia Samoaning poytaxti. Shahar Upolu kichik kishilari bo'lib, 40,000 kishidan katta.",0.7177469000453129,45,False,False,"Apia Samoaning poytaxti. Shahar Upolu kichik kishilari bo'lib, 40,000 kishidan katta.",stop,True,True,False,0.9770114942528736,False,43.425891488383535
uz-ru-0552,flores_devtest,552,uz,ru,"Shu bilan birga Nemis dengiz floti, asosan, dengizosti qayiqlaridan foydalanib, ushbu transport harakatini to'xtatishga urinayotgandi.","В это же время немецкий военно-морской флот, используя в основном свои подводные лодки, пытался остановить это движение.",qwen3_4b_q8,"Кроме того, немецкий флот, в основном используя корабли, пытался остановить этот транспорт.",0.569195199990645,37,False,False,"Кроме того, немецкий флот, в основном используя корабли, пытался остановить этот транспорт.",stop,False,True,False,0.7583333333333333,False,43.73901279322499
uz-en-0447,flores_devtest,447,uz,en,Birinchi jahon urushi vaqtida urush dahshatlari va vahshiyliklarini ko'rgan xalqlar kelajakda shu kabi holatlarning oldini olishni istaganlar.,"After seeing the horrors and atrocities of war during World War I, nations desired to avoid such a situation again in the future.",qwen3_4b_q8,People who witnessed the horrors and brutality of the First World War desired to prevent such situations in the future.,0.403470000019297,26,False,False,People who witnessed the horrors and brutality of the First World War desired to prevent such situations in the future.,stop,False,True,False,0.9224806201550387,False,44.4881665188685
ru-uz-0636,flores_devtest,636,ru,uz,"Философ Аристотель считал, что всё состоит из смеси одного или нескольких из четырёх элементов. Это были земля, вода, воздух и огонь.","Faylasuf Aristotel barcha narsa to'rt unsurning bir yoki bir nechtasi aralashmasidan tashkil topgan degan nazariyani ilgari surgan. Ularni tuproq, suv, havo va olov ekanligini aytib o'tgan.",qwen3_4b_q8,"Filozof Aristotel yaxshi qilgan, kerakli barcha narsa to'rt elementdan bir yoki bir nechta kombinatsiyasidan tashkil topgan. Bu to'rt element zemlya, suv, havo va o'zg'och.",1.0729369999608025,73,False,False,"Filozof Aristotel yaxshi qilgan, kerakli barcha narsa to'rt elementdan bir yoki bir nechta kombinatsiyasidan tashkil topgan. Bu to'rt element zemlya, suv, havo va o'zg'och.",stop,False,True,False,0.91005291005291,False,45.12677993246801
zh-uz-0676,flores_devtest,676,zh,uz,新技术的兴起让我们能够看到和研究大脑的结构和工作过程，这些是以前从未见过的。,Yangi texnologiyalarning rivojlanishi bizga oldin hech qachon kuzatilmagan miyaning tuzilishi hamda ishlash jarayonini ko'rish va tadqiq etish imkon yaratdi.,qwen3_4b_q8,"Yangi texnologiyalarning shakllanishi bizga uchrashgan va ishlagan qonunlarni ko'rish va tadqiq qilish imkonini berdi, bu biror qanday qilishga imkon beradi.",0.9914272999158129,66,False,False,"Yangi texnologiyalarning shakllanishi bizga uchrashgan va ishlagan qonunlarni ko'rish va tadqiq qilish imkonini berdi, bu biror qanday qilishga imkon beradi.",stop,False,True,False,1.0,False,45.37748697871334
uz-ru-0913,flores_devtest,913,uz,ru,Akademik ta'tilni rejalashtirayotganlar orasida tobora ommalashib borayotgan tanlov – sayohat hamda o'rganishdir.,"Вариант, становящийся всё более популярным для тех, кто планирует взять академический год, это путешествовать и учиться.",qwen3_4b_q8,"Выбор, который становится все более популярным среди тех, кто планирует академический отпуск, — это поездка и обучение.",0.5701928000198677,38,False,False,"Выбор, который становится все более популярным среди тех, кто планирует академический отпуск, — это поездка и обучение.",stop,False,True,False,0.9916666666666667,False,45.46561983872283
uz-ru-0761,flores_devtest,761,uz,ru,"Qish chalg'itadigan sovuq bo'lishi mumkin: haroratlar kamdan-ham hollarda muzlash nuqtasidan pastga tushadi, biroq shamol va namlik birlashgan holda termometr ko'rsatganiga qaraganda sovuqroqdek tuyulishi mumkin.","Зима может быть обманчиво холодной: температура редко опускается ниже нуля, но сочетание ветра и влажности воздуха создает ощущение более холодной погоды в сравнении с тем, что показывает термометр.",qwen3_4b_q8,"Зимой может быть холодно: температура в некоторых случаях может быть ниже точки замерзания, но при этом ветер и влажность могут создавать ощущение более холодно, чем показывает термометр.",0.945351600064896,62,False,False,"Зимой может быть холодно: температура в некоторых случаях может быть ниже точки замерзания, но при этом ветер и влажность могут создавать ощущение более холодно, чем показывает термометр.",stop,False,True,False,0.9444444444444444,False,45.72344536212786
uz-en-0540,flores_devtest,540,uz,en,"Tibet buddizmi Budda ta'limotlariga asoslanadi, lekin muhabbatning mahayana yo'li bilan va hind yogasining ko'plab uslublari bilan kengaytirilgan.","The Tibetan Buddhism is based on the teachings of Buddha, but were extended by the mahayana path of love and by a lot of techniques from Indian Yoga.",qwen3_4b_q8,"Buddhism of Tibet is based on the teachings of the Buddha, but has been expanded through the Mahayana path and various practices of Hindu yoga.",0.5606575000565499,37,False,False,"Buddhism of Tibet is based on the teachings of the Buddha, but has been expanded through the Mahayana path and various practices of Hindu yoga.",stop,False,True,False,0.959731543624161,False,45.85348836862711
uz-ru-0125,flores_devtest,125,uz,ru,"Ko'ngilsiz hodisa yuz bergan joy yaqinidagi garajda ishlayotgan kishi: ""U yerda yo'lni kesib o'tmoqchi bo'layotgan bolalar bor edi va ularning barchasi qichqirib yig'layotgandi"" deb aytdi.","Человек, работающий в гараже недалеко от того места, где произошла авария, сказал: ""Там стояли дети, которые ждали, чтобы перейти дорогу. Все они кричали и плакали.",qwen3_4b_q8,"Человек, работающий в гараже рядом с местом, где произошёл инцидент: ""В том месте были дети, которые хотели пройти по дороге, и все они кричали"".",0.8758814000757411,58,False,False,"Человек, работающий в гараже рядом с местом, где произошёл инцидент: ""В том месте были дети, которые хотели пройти по дороге, и все они кричали"".",stop,False,True,False,0.8841463414634146,False,45.98256385255063
uz-ru-0418,flores_devtest,418,uz,ru,"Italiya milliy futbol jamoasi Germaniya milliy futbol jamoasi qatori dunyodagi eng muvaffaqiyatli ikkinchi jamoa bo'lib, 2006-yilda FIFA Jahon chempionatida g'olib chiqqan.","Итальянская сборная по футболу, наряду с немецкой, является второй самой успешной командой в мире и в 2006 году выиграла Кубок мира ФИФА.",qwen3_4b_q8,"Международная футбольная команда Италии является второй самой успешной командой в мире, победившей на Чемпионате мира FIFA 2006 года.",0.7455237000249326,50,False,False,"Международная футбольная команда Италии является второй самой успешной командой в мире, победившей на Чемпионате мира FIFA 2006 года.",stop,True,True,False,0.9708029197080292,False,45.999625613721854
uz-en-0746,flores_devtest,746,uz,en,"Chako mintaqasida Guaykuru va Payagua kabi mahalliy qabilalarning boshqa guruhlari yashab, ular ovchilik, termachilik va baliq ovlash orqali hayotlarini saqlab qolishgan.","The Chaco region was home to other groups of indigenous tribes such as the Guaycurú and Payaguá, who survived by hunting, gathering and fishing.",qwen3_4b_q8,"In the Chako area, other groups of the Guaycuru and Payagua local tribes have lived, preserving their lives through hunting, gathering, and fishing.",0.5835938999662176,38,False,False,"In the Chako area, other groups of the Guaycuru and Payagua local tribes have lived, preserving their lives through hunting, gathering, and fishing.",stop,False,True,False,1.0277777777777777,False,47.25064552209612
zh-uz-0768,flores_devtest,768,zh,uz,阿皮亚是萨摩亚的首都。该城镇位于乌波卢（Upolu）岛上，人口数量不足 4 万。,Apia Samoaning poytaxtidir. Shahar Upolu orolida va 40 000 nafardan kamroq aholiga ega.,qwen3_4b_q8,Apia Samoanining poytaxti. Shahar Upolu atollasida joylashgan va aholi soni 40000 dan kam.,0.6682350999908522,43,False,False,Apia Samoanining poytaxti. Shahar Upolu atollasida joylashgan va aholi soni 40000 dan kam.,stop,True,False,False,1.0344827586206897,False,47.34133766994985
uz-zh-0632,flores_devtest,632,uz,zh,Vatikan shahri qonunchilik va rasmiy muloqot uchun italyan tilini qo'llaydi.,梵蒂冈城在法律法规和官方通信中使用意大利语。,qwen3_4b_q8,梵蒂冈城在法律和官方交流中使用意大利语。,0.29537940002046525,19,False,False,梵蒂冈城在法律和官方交流中使用意大利语。,stop,False,True,False,0.9090909090909091,False,47.95116548429036
uz-en-0356,flores_devtest,356,uz,en,Sun'iy yo'ldosh yoki teleskopni kosmosga joylashtirish uchun 100 futdan ortiq balandlikdagi ulkan raketa talab qilinadi.,It takes a giant rocket over a 100 feet high to put a satellite or telescope in space.,qwen3_4b_q8,A rocket larger than 100 feet is required to launch a artificial satellite or telescope into space.,0.3878157999133691,26,False,False,A rocket larger than 100 feet is required to launch a artificial satellite or telescope into space.,stop,True,True,False,1.1511627906976745,False,47.9907933247175
uz-en-0491,flores_devtest,491,uz,en,Moda poytaxti unvonining Konstantinopoldan Parijga o'tishi aynan shu vaqtda yuz berdi.,It was at this time that the transfer of the title of Fashion Capital from Constantinople to Paris was made.,qwen3_4b_q8,The title of the capital moved from Constantinople to Paris at that time.,0.3393407000694424,20,False,False,The title of the capital moved from Constantinople to Paris at that time.,stop,False,True,False,0.6759259259259259,False,48.49100279692325
uz-ru-0636,flores_devtest,636,uz,ru,"Faylasuf Aristotel barcha narsa to'rt unsurning bir yoki bir nechtasi aralashmasidan tashkil topgan degan nazariyani ilgari surgan. Ularni tuproq, suv, havo va olov ekanligini aytib o'tgan.","Философ Аристотель считал, что всё состоит из смеси одного или нескольких из четырёх элементов. Это были земля, вода, воздух и огонь.",qwen3_4b_q8,"Философ Аристотель раньше высказал теорию, согласно которой все вещи состоят из одного или нескольких из четырех элементов: земли, воды, воздуха и огня.",0.7749915999593213,52,False,False,"Философ Аристотель раньше высказал теорию, согласно которой все вещи состоят из одного или нескольких из четырех элементов: земли, воды, воздуха и огня.",stop,False,True,False,1.1428571428571428,False,49.20442494428987
uz-en-0913,flores_devtest,913,uz,en,Akademik ta'tilni rejalashtirayotganlar orasida tobora ommalashib borayotgan tanlov – sayohat hamda o'rganishdir.,An increasingly more popular option for those planning a gap-year is to travel and learn.,qwen3_4b_q8,A choice that is increasingly popular among those planning academic leave – travel and learning.,0.3387784999795258,21,False,False,A choice that is increasingly popular among those planning academic leave – travel and learning.,stop,False,True,False,1.0786516853932584,False,49.28061268624205
uz-ru-0356,flores_devtest,356,uz,ru,Sun'iy yo'ldosh yoki teleskopni kosmosga joylashtirish uchun 100 futdan ortiq balandlikdagi ulkan raketa talab qilinadi.,Для запуска в космос спутника или телескопа необходима гигантская ракета высотой более 100 футов.,qwen3_4b_q8,"Для размещения искусственного спутника или телескопа в космосе требуется космическая ракета, высота которой превышает 100 футов.",0.7797094999114051,52,False,False,"Для размещения искусственного спутника или телескопа в космосе требуется космическая ракета, высота которой превышает 100 футов.",stop,True,True,False,1.3195876288659794,False,49.49174686656091
uz-en-0761,flores_devtest,761,uz,en,"Qish chalg'itadigan sovuq bo'lishi mumkin: haroratlar kamdan-ham hollarda muzlash nuqtasidan pastga tushadi, biroq shamol va namlik birlashgan holda termometr ko'rsatganiga qaraganda sovuqroqdek tuyulishi mumkin.","The winter can be deceptively chilly: temperatures rarely go below freezing, but the wind and humidity combine to make it feel colder than what the thermometer says.",qwen3_4b_q8,"It may feel cold in the winter: the temperatures may drop below the freezing point, but it may feel even colder when the wind and humidity combine with the reading on the thermometer.",0.631587199983187,41,False,False,"It may feel cold in the winter: the temperatures may drop below the freezing point, but it may feel even colder when the wind and humidity combine with the reading on the thermometer.",stop,False,True,False,1.1090909090909091,False,49.952894381090104
uz-ru-0771,flores_devtest,771,uz,ru,Bitta Britaniya kreyseridan boshqa barcha kemalar cho'ktirilgan edi. 200 ga yaqin amerikalik va nemis halok bo'lgan.,"Все корабли затонули, за исключением одного британского крейсера. Погибли около 200 американских и немецких моряков.",qwen3_4b_q8,"Все корабли, кроме одного крейсера Великобритании, были затоплены. Более 200 американских и немецких кораблей были потоплены.",0.8035616999259219,53,False,False,"Все корабли, кроме одного крейсера Великобритании, были затоплены. Более 200 американских и немецких кораблей были потоплены.",stop,True,True,False,1.0775862068965518,False,50.20763126458332
uz-en-0364,flores_devtest,364,uz,en,"Urg'ochilar, odatda, katta oilaning opa-singillari yoki qizi bo'lib, bir-biriga chambarchas bog'liqdir.","The females are usually closely related to each other, being a large family of sisters and daughters.",qwen3_4b_q8,"The stepmothers, usually, are the mother or daughter of the larger family, and are closely related to each other.",0.4584022000199184,30,False,False,"The stepmothers, usually, are the mother or daughter of the larger family, and are closely related to each other.",stop,False,True,False,1.118811881188119,False,50.83778340920433
uz-en-0676,flores_devtest,676,uz,en,Yangi texnologiyalarning rivojlanishi bizga oldin hech qachon kuzatilmagan miyaning tuzilishi hamda ishlash jarayonini ko'rish va tadqiq etish imkon yaratdi.,The rise of new technologies allows us to see and investigate brain structures and processes never seen before.,qwen3_4b_q8,The development of new technologies has enabled us to observe and investigate the structure and working process of a phenomenon that has never been observed before.,0.4888633000664413,32,False,False,The development of new technologies has enabled us to observe and investigate the structure and working process of a phenomenon that has never been observed before.,stop,False,True,False,1.4774774774774775,False,51.02719642317379
ru-uz-0994,flores_devtest,994,ru,uz,Внутренние водные пути могут стать хорошей темой для проведения какого-либо праздника.,Ichki suv yo'llari ta'til uchun yaxshi mavzu bo'lishi mumkin.,qwen3_4b_q8,Ichki suv yo'llari kacagi bo'lgan biror bayramni o'z ichiga olgan bo'lishi mumkin.,0.5705579000059515,38,False,False,Ichki suv yo'llari kacagi bo'lgan biror bayramni o'z ichiga olgan bo'lishi mumkin.,stop,False,True,False,1.3442622950819672,False,51.53764296559415
uz-en-0179,flores_devtest,179,uz,en,"Bu ikki hafta avval sovrin yutgan ""All Blacks"" jamoasi uchun oxirgi o'yin edi.","It was the final match for the All Blacks, who had already won the trophy two weeks ago.",qwen3_4b_q8,"This was the final game for the ""All Blacks"" team, who had won the previous two weeks.",0.41641450009774417,26,False,False,"This was the final game for the ""All Blacks"" team, who had won the previous two weeks.",stop,False,True,False,0.9772727272727273,False,51.67710247036074
uz-ru-0768,flores_devtest,768,uz,ru,Apia Samoaning poytaxtidir. Shahar Upolu orolida va 40 000 nafardan kamroq aholiga ega.,Апиа – столица Самоа. Город расположен на острове Уполу и имеет население чуть менее 40 000 жителей.,qwen3_4b_q8,"Апия — столица Самоа. Город расположен в Upolu, и его население составляет менее 40 000 человек.",0.582386999973096,38,False,False,"Апия — столица Самоа. Город расположен в Upolu, и его население составляет менее 40 000 человек.",stop,True,True,False,0.96,False,52.6126195448532
uz-ru-0091,flores_devtest,91,uz,ru,"Olimlar qora materiya boshqa qora materiyaga xuddi odatiy materiya ta'sir qilgani kabi ta'sir ko'rsatadi, degan xulosaga kelishdi.","Ученые смогли сделать вывод, что темная материя воздействует на другую темную материю так же, как и в случае с обычной материей.",qwen3_4b_q8,"Древние люди пришли к выводу, что темная материя влияет на другую темную материю так же, как обычная материя влияет на обычную материю.",0.7006561000598595,47,False,False,"Древние люди пришли к выводу, что темная материя влияет на другую темную материю так же, как обычная материя влияет на обычную материю.",stop,False,True,False,1.0546875,False,52.83141633778491
uz-ru-0632,flores_devtest,632,uz,ru,Vatikan shahri qonunchilik va rasmiy muloqot uchun italyan tilini qo'llaydi.,В Ватикане используют итальянский язык в законодательстве и официальных сообщениях.,qwen3_4b_q8,Гаванский город использует итальянский язык для законодательства и официальных контактов.,0.4659995000110939,30,False,False,Гаванский город использует итальянский язык для законодательства и официальных контактов.,stop,False,True,False,1.072289156626506,False,52.839610941830585
uz-ru-0827,flores_devtest,827,uz,ru,"Og'ir soliqlarga ega mamlakatlarga boruvchi sayohatchilar ba'zi hollarda, ayniqsa, spirtli ichimliklar va tamaki mahsulotlari kabilardan anchagina pul tejab qolishlari mumkin.","Путешественники, направляющиеся в страны с высоким налогообложением, могут иногда сэкономить значительную сумму, особенно на таких товарах, как спиртные напитки и табак.",qwen3_4b_q8,"Путешественники, отправляющиеся в страны с тяжёлыми налогами, иногда, особенно, могут быть вынуждены тратить значительные суммы на спиртные напитки и товары для развлечений.",0.9245244000339881,64,False,False,"Путешественники, отправляющиеся в страны с тяжёлыми налогами, иногда, особенно, могут быть вынуждены тратить значительные суммы на спиртные напитки и товары для развлечений.",stop,False,True,False,1.0236686390532543,False,52.86075171516944
uz-en-0978,flores_devtest,978,uz,en,Fors tili nisbatan oson va aksariyat hollarda o'zgarmas grammatikaga ega.,Persian has a relatively easy and mostly regular grammar.,qwen3_4b_q8,Fors is relatively easy and has a fixed grammar.,0.28626610001083463,16,False,False,Fors is relatively easy and has a fixed grammar.,stop,False,True,False,0.8421052631578947,False,52.87511806857278
uz-en-0857,flores_devtest,857,uz,en,"Yevropa nisbatan kichik, biroq ko'plab mustaqil davlatlarga ega bo'lgan qit'adir. Odatiy sharoitlarda bir nechta mamlakatlar bo'ylab sayohat qilish bir necha marta vizaga ariza topshirish va pasport nazoratidan o'tish kerakligini anglatadi.","Europe is a continent that is relatively small but with many independent countries. Under normal circumstances, travelling through multiple countries would mean having to go through visa applications and passport control multiple times.",qwen3_4b_q8,"Europe is relatively small, but a continent with many independent countries. Traveling through several countries usually requires applying for multiple visas and passing through passport control.",0.5312134000705555,35,False,False,"Europe is relatively small, but a continent with many independent countries. Traveling through several countries usually requires applying for multiple visas and passing through passport control.",stop,False,True,False,0.826271186440678,False,53.46790630065373
uz-ru-0068,flores_devtest,68,uz,ru,"AQSH Prezidenti Jorj V. Bush, Osiyo bo'ylab bir haftalik sayohatini boshlab, 16-noyabr kuni tongda Singapurga yetib keldi.","Президент США Джордж Буш прибыл в Сингапур утром 16 ноября, начав свой недельный тур по Азии.",qwen3_4b_q8,"Президент США Джордж В. Буш, начав шестьдневное визит в Азию, прибыл в Сингапур 16 ноября.",0.6908008001046255,45,False,False,"Президент США Джордж В. Буш, начав шестьдневное визит в Азию, прибыл в Сингапур 16 ноября.",stop,True,True,False,0.967741935483871,False,53.63427341603655
uz-en-0827,flores_devtest,827,uz,en,"Og'ir soliqlarga ega mamlakatlarga boruvchi sayohatchilar ba'zi hollarda, ayniqsa, spirtli ichimliklar va tamaki mahsulotlari kabilardan anchagina pul tejab qolishlari mumkin.","Travellers bound for countries with heavy taxation can sometimes save a considerable amount of money, especially on products such as alcoholic beverages and tobacco.",qwen3_4b_q8,Travelers going to countries with heavy taxes may find themselves spending a considerable amount of money on alcoholic beverages and processed food products.,0.4571669999277219,30,False,False,Travelers going to countries with heavy taxes may find themselves spending a considerable amount of money on alcoholic beverages and processed food products.,stop,False,True,False,0.9515151515151515,False,54.57335220329501
uz-ru-0631,flores_devtest,631,uz,ru,Vatikan shahri aholisi 800 kishi atrofida. U dunyodagi eng kichik mustaqil davlat va eng kam aholiga ega mamlakatdir.,"Население Ватикана составляет около 800 человек. Это самая маленькая независимая страна в мире, а также страна, имеющая наименьшее население.",qwen3_4b_q8,Население Ватикана составляет около 800 человек. Это самый маленький независимый государственный организм и страна с самым маленьким населением.,0.6903388000791892,46,False,False,Население Ватикана составляет около 800 человек. Это самый маленький независимый государственный организм и страна с самым маленьким населением.,stop,True,True,False,1.0212765957446808,False,54.616857954158405
uz-ru-0676,flores_devtest,676,uz,ru,Yangi texnologiyalarning rivojlanishi bizga oldin hech qachon kuzatilmagan miyaning tuzilishi hamda ishlash jarayonini ko'rish va tadqiq etish imkon yaratdi.,Появление новых технологий позволяет нам увидеть и исследовать невиданные ранее структуры и процессы мозга.,qwen3_4b_q8,Развитие новых технологий позволило нам увидеть и исследовать структуру и процесс работы нового типа.,0.5001418999163434,31,False,False,Развитие новых технологий позволило нам увидеть и исследовать структуру и процесс работы нового типа.,stop,False,True,False,0.9439252336448598,False,55.07426142720174
uz-en-0636,flores_devtest,636,uz,en,"Faylasuf Aristotel barcha narsa to'rt unsurning bir yoki bir nechtasi aralashmasidan tashkil topgan degan nazariyani ilgari surgan. Ularni tuproq, suv, havo va olov ekanligini aytib o'tgan.","Aristotle, a philosopher, theorised that everything is made up of a mixture of one or more of four elements. They were earth, water, air, and fire.",qwen3_4b_q8,"Philosopher Aristotle advanced the theory that all things are composed of one or more of the four elements: earth, water, air, and fire.",0.5256009000586346,34,False,False,"Philosopher Aristotle advanced the theory that all things are composed of one or more of the four elements: earth, water, air, and fire.",stop,False,True,False,0.9251700680272109,False,55.47730794174501
uz-en-0717,flores_devtest,717,uz,en,"Yetishish imkoniyati nisbatan kamligi bilan birga, ""Timbuktu"" uzoq, ekzotik o'lkalar uchun metafora sifatida ishlatila boshlandi.","Combined with its relative inaccessibility, ""Timbuktu"" has come to be used as a metaphor for exotic, distant lands.",qwen3_4b_q8,"Along with the relatively limited availability, ""Timbuktu"" began to be used as a metaphor for distant, exotic countries.",0.46767319994978607,31,False,False,"Along with the relatively limited availability, ""Timbuktu"" began to be used as a metaphor for distant, exotic countries.",stop,False,True,False,1.0434782608695652,False,55.55267358305377
uz-en-0277,flores_devtest,277,uz,en,Madxya-Pradesh politsiyasi o'g'irlangan noutbuk hamda mobil telefonni qaytardi.,The Madhya Pradesh Police recovered the stolen laptop and mobile phone.,qwen3_4b_q8,Madhyapa-Pradesh police returned the seized laptop and mobile phone.,0.3028654999798164,20,False,False,Madhyapa-Pradesh police returned the seized laptop and mobile phone.,stop,False,True,False,0.9577464788732394,False,56.35056753916962
uz-en-0885,flores_devtest,885,uz,en,Chet el hukumatlarining mazkur hujjatlarni hurmat qilishga tayyorligi xuddi shu darajada o'zgaruvchandir.,Willingness of foreign governments to honour these documents is just as widely variable.,qwen3_4b_q8,The readiness of foreign governments to respect the mentioned documents is equally variable.,0.30746779998298734,19,False,False,The readiness of foreign governments to respect the mentioned documents is equally variable.,stop,False,True,False,1.0454545454545454,False,57.15513311487999
en-uz-0994,flores_devtest,994,en,uz,Inland waterways can be a good theme to base a holiday around.,Ichki suv yo'llari ta'til uchun yaxshi mavzu bo'lishi mumkin.,qwen3_4b_q8,Ichki suv yo'llari yengi yengilayotgan oshxona uchun xavfli bo'lishi mumkin.,0.6027062999783084,39,False,False,Ichki suv yo'llari yengi yengilayotgan oshxona uchun xavfli bo'lishi mumkin.,stop,False,True,False,1.2459016393442623,False,57.33868519552412
uz-en-0700,flores_devtest,700,uz,en,Arablar bu yerlarga islomni ham olib kelishdi va bu Komor orollari hamda Mayottada katta ahamiyat kasb etdi.,"The Arabs also brought Islam to the lands, and it took in a big way in the Comoros and Mayotte.",qwen3_4b_q8,"The Arabs brought Islam to these places as well, and this had great importance in the Comoros and Mayotte.",0.4594164000591263,29,False,False,"The Arabs brought Islam to these places as well, and this had great importance in the Comoros and Mayotte.",stop,False,True,False,1.1157894736842104,False,57.82743078983289
uz-ru-0277,flores_devtest,277,uz,ru,Madxya-Pradesh politsiyasi o'g'irlangan noutbuk hamda mobil telefonni qaytardi.,Полиция штата Мадхья-Прадеш вернула украденные ноутбук и мобильный телефон.,qwen3_4b_q8,Маджия-Прадеш полиция вернула укленный ноутбук и мобильный телефон.,0.47316220006905496,31,False,False,Маджия-Прадеш полиция вернула укленный ноутбук и мобильный телефон.,stop,False,True,False,0.8933333333333333,False,61.4051749334248
uz-en-0631,flores_devtest,631,uz,en,Vatikan shahri aholisi 800 kishi atrofida. U dunyodagi eng kichik mustaqil davlat va eng kam aholiga ega mamlakatdir.,Vatican City's population is around 800. It is the smallest independent country in the world and the country with the lowest population.,qwen3_4b_q8,The population of the city of Vatican is about 800 people. It is the smallest independent state and the country with the fewest people in the world.,0.5950491999974474,38,False,False,The population of the city of Vatican is about 800 people. It is the smallest independent state and the country with the fewest people in the world.,stop,True,True,False,1.088235294117647,False,61.52118378480218
uz-en-0632,flores_devtest,632,uz,en,Vatikan shahri qonunchilik va rasmiy muloqot uchun italyan tilini qo'llaydi.,Vatican City uses Italian in its legislation and official communications.,qwen3_4b_q8,The city of Vatican uses the Italian language for legislation and official communication.,0.3130297999596223,19,False,False,The city of Vatican uses the Italian language for legislation and official communication.,stop,False,True,False,1.2191780821917808,False,61.94467960686405
uz-en-0125,flores_devtest,125,uz,en,"Ko'ngilsiz hodisa yuz bergan joy yaqinidagi garajda ishlayotgan kishi: ""U yerda yo'lni kesib o'tmoqchi bo'layotgan bolalar bor edi va ularning barchasi qichqirib yig'layotgandi"" deb aytdi.","A person working in a garage near where the accident occurred said: ""There were children waiting to cross the road and they were all screaming and crying.""",qwen3_4b_q8,"A person working in the garage near the place where the incident occurred: ""There were children who wanted to cross the road and all of them were shouting.""",0.5441674999892712,36,False,False,"A person working in the garage near the place where the incident occurred: ""There were children who wanted to cross the road and all of them were shouting.""",stop,False,True,False,1.0064516129032257,False,62.06037064993918
uz-en-0771,flores_devtest,771,uz,en,Bitta Britaniya kreyseridan boshqa barcha kemalar cho'ktirilgan edi. 200 ga yaqin amerikalik va nemis halok bo'lgan.,"All the ships were sunk, except for one British cruiser. Nearly 200 American and German lives were lost.",qwen3_4b_q8,All ships except one British cruiser were sunk. Nearly 200 American and German sailors died.,0.39761310000903904,25,False,False,All ships except one British cruiser were sunk. Nearly 200 American and German sailors died.,stop,True,True,False,0.8846153846153846,False,62.52360013837368
uz-en-0814,flores_devtest,814,uz,en,"Agar siz kechiktirish e'lon qilinishidan avval 2020-yil uchun reyslar va mehmonxonani buyurtna qilgan bo'lsangiz, siz qiyin vaziyatda qolishingiz mumkin.","If you booked your flights and accommodation for 2020 before the postponement was announced, you may have a tricky situation.",qwen3_4b_q8,"If you have booked flights and accommodation for 2020 before the announcement of the delay, you may end up in a difficult situation.",0.530066299950704,34,False,False,"If you have booked flights and accommodation for 2020 before the announcement of the delay, you may end up in a difficult situation.",stop,True,True,False,1.056,False,62.96018546028637
uz-en-0418,flores_devtest,418,uz,en,"Italiya milliy futbol jamoasi Germaniya milliy futbol jamoasi qatori dunyodagi eng muvaffaqiyatli ikkinchi jamoa bo'lib, 2006-yilda FIFA Jahon chempionatida g'olib chiqqan.","Italy's national football, along with German national football team is the second most successful team in the world and were the FIFA World Cup champions in 2006.",qwen3_4b_q8,"The Italian national football team is the second most successful team in the world, having won the FIFA World Cup in 2006.",0.497164300060831,33,False,False,"The Italian national football team is the second most successful team in the world, having won the FIFA World Cup in 2006.",stop,True,True,False,0.7530864197530864,False,63.81231661146312
uz-ru-0225,flores_devtest,225,uz,ru,Rok guruhi AQSH va Kanadada 16-sentyabrga qadar gastrol safarida bo'lishi kerak edi.,Рок-группа должна была гастролировать по США и Канаде до 16 сентября.,qwen3_4b_q8,Группа Рок в США и Канаде должна была пробыть в гастроле до 16 сентября.,0.5265301000326872,34,False,False,Группа Рок в США и Канаде должна была пробыть в гастроле до 16 сентября.,stop,True,True,False,1.0434782608695652,False,64.02334598835411
uz-en-0768,flores_devtest,768,uz,en,Apia Samoaning poytaxtidir. Shahar Upolu orolida va 40 000 nafardan kamroq aholiga ega.,"Apia is the capital of Samoa. The town is on the island of Upolu and has a population of just under 40,000.",qwen3_4b_q8,"Apia is the capital of Samoa. The city is located in Upolu and has a population of less than 40,000.",0.5495079000247642,35,False,False,"Apia is the capital of Samoa. The city is located in Upolu and has a population of less than 40,000.",stop,True,False,False,0.9345794392523364,False,65.42284823453379
uz-en-0068,flores_devtest,68,uz,en,"AQSH Prezidenti Jorj V. Bush, Osiyo bo'ylab bir haftalik sayohatini boshlab, 16-noyabr kuni tongda Singapurga yetib keldi.","U.S. President George W. Bush arrived in Singapore the morning of November 16, beginning a week-long tour of Asia.",qwen3_4b_q8,"U.S. President George W. Bush arrived in Singapore on Saturday, November 16, after beginning a week-long trip across Asia.",0.5119186999509111,33,False,False,"U.S. President George W. Bush arrived in Singapore on Saturday, November 16, after beginning a week-long trip across Asia.",stop,True,True,False,1.0701754385964912,False,73.46119576618997
uz-zh-0631,flores_devtest,631,uz,zh,Vatikan shahri aholisi 800 kishi atrofida. U dunyodagi eng kichik mustaqil davlat va eng kam aholiga ega mamlakatdir.,梵蒂冈城的人口大约有 800 人。它是世界上最小的独立国家，也是人口最少的国家。,qwen3_4b_q8,梵蒂冈城的人口大约800人。它是世界上最小的独立国家，也是人口最少的国家。,0.45461939997039735,30,False,False,梵蒂冈城的人口大约800人。它是世界上最小的独立国家，也是人口最少的国家。,stop,True,False,False,0.925,False,77.48108283967959
