pair_id,en,uz,source,source_version,source_line,license,commercial_status,source_url,labse_score,llm_label,llm_confidence,llm_reason,ranking_score
a90e99113e9e3ffabe0e,"Retrieved March 1, 2013. ↑ ""Sun Sets on Los Angeles Sol: Report"".",Qaraldi: 1-mart 2013-yil. ↑ „Sun Sets on Los Angeles Sol: Report“.,wikimedia,v20260327,120959,Upstream Wikimedia terms vary; commonly CC BY-SA/GFDL,attribution_sharealike_legal_review_required,https://object.pouta.csc.fi/OPUS-wikimedia/v20260327/moses/en-uz.txt.zip,0.9674106,correct,1.0,,0.9820758300000001
eeafe0ac3ecf3a5227c8,"In 2018, Pegasus tried to acquire an A380 but later cancelled the order.[1]","2018 yilda Pegasus A380 sotib olishga urinib ko'rdi, ammo keyinroq buyurtmani bekor qildi. [1]",wikimedia,v20260327,1155078,Upstream Wikimedia terms vary; commonly CC BY-SA/GFDL,attribution_sharealike_legal_review_required,https://object.pouta.csc.fi/OPUS-wikimedia/v20260327/moses/en-uz.txt.zip,0.9618693,correct,1.0,,0.979028115
a7681df1a3dc61151e65,"Seiko Epson was one of the major companies in the Seiko Group, but does not belong to the Seiko Holdings Group.","Seiko Epson Seiko Groupning yirik kompaniyalaridan biri edi, lekin Seiko Holdings Groupga tegishli emas.",wikimedia,v20260327,118800,Upstream Wikimedia terms vary; commonly CC BY-SA/GFDL,attribution_sharealike_legal_review_required,https://object.pouta.csc.fi/OPUS-wikimedia/v20260327/moses/en-uz.txt.zip,0.9615885,correct,1.0,,0.978873675
ac080287078ec82ab7b2,1 in 1957 and 1958.,1957 va 1958-yillarda 1.,wikimedia,v20260327,273424,Upstream Wikimedia terms vary; commonly CC BY-SA/GFDL,attribution_sharealike_legal_review_required,https://object.pouta.csc.fi/OPUS-wikimedia/v20260327/moses/en-uz.txt.zip,0.9704585,correct,1.0,,0.983752175
eb36d7910ab699303a15,"Retrieved October 31, 2008. ↑ ""The History Boys: How the quads paved the way for future generations"".",Qaraldi: 31-oktabr 2008-yil. ↑ „The History Boys: How the quads paved the way for future generations“.,wikimedia,v20260327,237827,Upstream Wikimedia terms vary; commonly CC BY-SA/GFDL,attribution_sharealike_legal_review_required,https://object.pouta.csc.fi/OPUS-wikimedia/v20260327/moses/en-uz.txt.zip,0.973434,correct,1.0,,0.9853887000000001
8b47ea425fffb1c974e2,"↑ ""Oltu Kaymakamlığı"". oltu.gov.tr (in Turkish).",↑ „Oltu Kaymakamlığı“ (Turkish). oltu.gov.tr.,wikimedia,v20260327,858240,Upstream Wikimedia terms vary; commonly CC BY-SA/GFDL,attribution_sharealike_legal_review_required,https://object.pouta.csc.fi/OPUS-wikimedia/v20260327/moses/en-uz.txt.zip,0.9860774,correct,1.0,,0.9923425700000001
aefca437025966ef461c,Küçükler is a village in the Dursunbey district of Balıkesir province in Turkey.[1],Küçükler — Turkiyaning Balıkesir viloyati Dursunbey tumaniga qarashli qishloq . [1],wikimedia,v20260327,822779,Upstream Wikimedia terms vary; commonly CC BY-SA/GFDL,attribution_sharealike_legal_review_required,https://object.pouta.csc.fi/OPUS-wikimedia/v20260327/moses/en-uz.txt.zip,0.9745648,correct,1.0,,0.9860106400000002
4ad27cb863fd89ddd845,Manuel Belgrano holding the flag.,Bayroqni ushlab turgan Manuel Belgrano .,wikimedia,v20260327,86961,Upstream Wikimedia terms vary; commonly CC BY-SA/GFDL,attribution_sharealike_legal_review_required,https://object.pouta.csc.fi/OPUS-wikimedia/v20260327/moses/en-uz.txt.zip,0.96232986,correct,1.0,,0.979281423
9f84faf2bfc7bc8770e1,Škoda 1101 Tudor Roadster (1949),Skoda 1101 Tudor Roadster (1949 yil),wikimedia,v20260327,2903,Upstream Wikimedia terms vary; commonly CC BY-SA/GFDL,attribution_sharealike_legal_review_required,https://object.pouta.csc.fi/OPUS-wikimedia/v20260327/moses/en-uz.txt.zip,0.96258515,correct,1.0,,0.9794218325000001
1d4f40e467f373c9af7c,"Carolyn Swords (born July 19, 1989) is an American former basketball player.",Carolyn Swords (1989-yil 19-iyulda tug'ilgan) - amerikalik sobiq basketbolchi.,wikimedia,v20260327,190849,Upstream Wikimedia terms vary; commonly CC BY-SA/GFDL,attribution_sharealike_legal_review_required,https://object.pouta.csc.fi/OPUS-wikimedia/v20260327/moses/en-uz.txt.zip,0.9666797,correct,1.0,,0.981673835
762391cd73677c997506,The Morgan 3 Wheeler is a three-wheeled roadster produced by British manufacturer Morgan Motor Company from 2012 to 2021.,Morgan 3 Wheeler — britaniyalik ishlab chiqaruvchi Morgan Motor Company tomonidan 2012-yildan 2021-yilgacha ishlab chiqarilgan uch g'ildirakli yo'ltanlamas.,wikimedia,v20260327,1136520,Upstream Wikimedia terms vary; commonly CC BY-SA/GFDL,attribution_sharealike_legal_review_required,https://object.pouta.csc.fi/OPUS-wikimedia/v20260327/moses/en-uz.txt.zip,0.96233946,correct,1.0,,0.9792867030000001
e5683fcb1240c1e01ad9,I don't understand you.,Sizni tushunmayman.,Tatoeba,v2026-07-08,162,CC BY 2.0 FR,attribution_required,https://object.pouta.csc.fi/OPUS-Tatoeba/v2026-07-08/moses/en-uz.txt.zip,0.98067534,correct,1.0,,0.989371437
bb3919d1d937c086551f,"James Frank Allee (December 2, 1857 – October 12, 1938) was an American merchant and politician from Dover, in Kent County, Delaware.",James Frank Allee (1857-yil 2-dekabr - 1938 yil 12 oktyabr) Delaver shtatining Kent okrugidagi Dover shahridan amerikalik savdogar va siyosatchi edi.,wikimedia,v20260327,440954,Upstream Wikimedia terms vary; commonly CC BY-SA/GFDL,attribution_sharealike_legal_review_required,https://object.pouta.csc.fi/OPUS-wikimedia/v20260327/moses/en-uz.txt.zip,0.97167665,correct,1.0,,0.9844221575000001
f20d91e7a99870a8c379,"Anna Livingston Reade Street Morton (May 18, 1846 – August 14, 1918) was the second wife of United States Vice President Levi P. Morton and Second Lady of the United States from 1889 to 1893.",Anna Livingston Reade Street Morton (1846-yil 18-may - 1918-yil 14-avgust) Amerika Qoʻshma Shtatlari vitse-prezidenti Levi P. Mortonning ikkinchi xotini va 1889 - 1893-yillarda AQShning ikkinchi xonimi edi.,wikimedia,v20260327,401549,Upstream Wikimedia terms vary; commonly CC BY-SA/GFDL,attribution_sharealike_legal_review_required,https://object.pouta.csc.fi/OPUS-wikimedia/v20260327/moses/en-uz.txt.zip,0.9727727,correct,1.0,,0.9850249850000001
03055d97749ca6fc9aae,"This policy was known as Geistige Landesverteidigung, or ""spiritual national defence"".","Bu siyosat ""Geistige Landesverteidigung"" yoki ""ruhiy milliy mudofaa"" deb nomlandi.",wikimedia,v20260327,1275837,Upstream Wikimedia terms vary; commonly CC BY-SA/GFDL,attribution_sharealike_legal_review_required,https://object.pouta.csc.fi/OPUS-wikimedia/v20260327/moses/en-uz.txt.zip,0.96015275,correct,1.0,,0.9780840125000001
ef6131bb679a504aa0c1,"In 1595, Hidetada married Oeyo of the Oda clan and they had two sons, Tokugawa Iemitsu and Tokugawa Tadanaga.[1] They also had several daughters, one of whom, Senhime, married twice.","1595-yilda Hidetada Oda urug'idan Oeyoga turmushga chiqdi va ularning Tokugava Iemitsu va Tokugava Tadanaga ismli ikki o'g'li boʻlgan[1]. Ularning bir nechta qizlari ham bor edi, ulardan biri ikki marta turmushga chiqqan Senhime edi.",wikimedia,v20260327,690915,Upstream Wikimedia terms vary; commonly CC BY-SA/GFDL,attribution_sharealike_legal_review_required,https://object.pouta.csc.fi/OPUS-wikimedia/v20260327/moses/en-uz.txt.zip,0.9579848,correct,1.0,,0.9768916400000001
66d16789fa87140a6a4c,Ananya Panday (born 30 October 1998) is an Indian actress who works in Hindi films.,Ananya Panday (1998-yil 30-oktabrda tugʻilgan) hind filmlarida rol ijro etadigan hind aktrisasi.,wikimedia,v20260327,136849,Upstream Wikimedia terms vary; commonly CC BY-SA/GFDL,attribution_sharealike_legal_review_required,https://object.pouta.csc.fi/OPUS-wikimedia/v20260327/moses/en-uz.txt.zip,0.9702877,correct,1.0,,0.983658235
201f6ca14f54fc759ef9,"Rønning made her debut on the Norway women's national football team in October 1999, a 4–0 win over Portugal.",Rønning Norvegiya ayollar terma jamoasidagi debyutini 1999-yil oktyabr oyida Portugaliya ustidan 4:0 hisobida g'alaba qozongan.,wikimedia,v20260327,98153,Upstream Wikimedia terms vary; commonly CC BY-SA/GFDL,attribution_sharealike_legal_review_required,https://object.pouta.csc.fi/OPUS-wikimedia/v20260327/moses/en-uz.txt.zip,0.95878637,correct,1.0,,0.9773325035
f4aa9275b93cb08e6abb,Sjöstedt studied at Stockholm University and graduated with a Bachelor's degree in economics.,Sjöstedt Stokholm universitetida o'qigan va iqtisodiyotda bakalavr darajasi bilan bitirgan.,wikimedia,v20260327,1311437,Upstream Wikimedia terms vary; commonly CC BY-SA/GFDL,attribution_sharealike_legal_review_required,https://object.pouta.csc.fi/OPUS-wikimedia/v20260327/moses/en-uz.txt.zip,0.9656708,correct,1.0,,0.98111894
1490f0bd7eb1b0a6077e,"She also starred in Trading Mom (1994) alongside Sissy Spacek, as well as in Gold Diggers: The Secret of Bear Mountain (1995) with Christina Ricci.","U, shuningdek, Sissy Spacek bilan bir qatorda ""Trading Mom"" (1994) filmida, shuningdek, Christina Ricci bilan ""Gold Diggers: The Secret of Bear Mountain"" (1995) filmida rol o'ynagan.",wikimedia,v20260327,135309,Upstream Wikimedia terms vary; commonly CC BY-SA/GFDL,attribution_sharealike_legal_review_required,https://object.pouta.csc.fi/OPUS-wikimedia/v20260327/moses/en-uz.txt.zip,0.97021145,correct,1.0,,0.9836162975
d2d937fc15ee85a14c34,"The BBC Radio 3 Awards for World Music was an award given to world music artists between 2002 and 2008, sponsored by BBC Radio 3.",BBC Radio 3 Awards for World Music mukofoti BBC Radio 3 homiyligida 2002 va 2008 yillar oralig‘ida jahon musiqa san’atkorlariga beriladigan mukofot edi.,wikimedia,v20260327,915580,Upstream Wikimedia terms vary; commonly CC BY-SA/GFDL,attribution_sharealike_legal_review_required,https://object.pouta.csc.fi/OPUS-wikimedia/v20260327/moses/en-uz.txt.zip,0.97153485,correct,1.0,,0.9843441675
33fb0479a0a0819672cf,The W221 S-Class was also the recipient of several other motoring awards (see following).,"W221 S-Class, shuningdek, bir qancha boshqa avtomobil mukofotlari sohibi boʻlgan (quyidagiga qarang).",wikimedia,v20260327,118472,Upstream Wikimedia terms vary; commonly CC BY-SA/GFDL,attribution_sharealike_legal_review_required,https://object.pouta.csc.fi/OPUS-wikimedia/v20260327/moses/en-uz.txt.zip,0.9600636,correct,1.0,,0.9780349800000001
5e0a7c54fb16181a57c5,People and languages,Odamlari va tillari,wikimedia,v20260327,803589,Upstream Wikimedia terms vary; commonly CC BY-SA/GFDL,attribution_sharealike_legal_review_required,https://object.pouta.csc.fi/OPUS-wikimedia/v20260327/moses/en-uz.txt.zip,0.9700215,correct,1.0,,0.9835118250000001
59a3fa519ecd4f0f2f9d,"He has contributed to other media: newspaper El Observador, weekly magazine revista Tres, Channel 10 TV station.","U boshqa ommaviy axborot vositalariga hissa qo'shdi: El Observador gazetasi, haftalik revista Tres jurnali, Channel 10 telekanali.",wikimedia,v20260327,585558,Upstream Wikimedia terms vary; commonly CC BY-SA/GFDL,attribution_sharealike_legal_review_required,https://object.pouta.csc.fi/OPUS-wikimedia/v20260327/moses/en-uz.txt.zip,0.9739968,correct,1.0,,0.9856982400000001
fb60b722547ce7290625,In 2002–2003 Galileo spacecraft had two passes through the gossamer rings.,2002-2003 yillarda Galileo kosmik kemasi gossamer halqalaridan ikkita o'tishga ega edi.,wikimedia,v20260327,24059,Upstream Wikimedia terms vary; commonly CC BY-SA/GFDL,attribution_sharealike_legal_review_required,https://object.pouta.csc.fi/OPUS-wikimedia/v20260327/moses/en-uz.txt.zip,0.9535862,correct,1.0,,0.9744724100000002
3595b34abe30bee4f1e0,"↑ ""Friedhelm Funkel"" (in German). fussballdaten.de.",↑ „Friedhelm Funkel“ (de). fussballdaten.de.,wikimedia,v20260327,740664,Upstream Wikimedia terms vary; commonly CC BY-SA/GFDL,attribution_sharealike_legal_review_required,https://object.pouta.csc.fi/OPUS-wikimedia/v20260327/moses/en-uz.txt.zip,0.9757305,correct,1.0,,0.9866517750000001
6c9b2c47207dece58609,"In 2010 it was among the four biggest world news agencies (with Reuters, AP and AFP).","2010-yilda u dunyodagi eng yirik to'rtta axborot agentligidan biri edi ( Reuters, AP va AFP bilan).",wikimedia,v20260327,741882,Upstream Wikimedia terms vary; commonly CC BY-SA/GFDL,attribution_sharealike_legal_review_required,https://object.pouta.csc.fi/OPUS-wikimedia/v20260327/moses/en-uz.txt.zip,0.95605826,correct,1.0,,0.975832043
ba0675df7793a3bf2fe2,Œuvres d'Alexandre Dumas: Les deux Diane (in French).,Œuvres d'Alexandre Dumas: Les deux Diane (fr).,wikimedia,v20260327,1365097,Upstream Wikimedia terms vary; commonly CC BY-SA/GFDL,attribution_sharealike_legal_review_required,https://object.pouta.csc.fi/OPUS-wikimedia/v20260327/moses/en-uz.txt.zip,0.97862196,correct,1.0,,0.9882420780000001
036277b037d61ae5a71e,"Topçu was transferred by the league-champion of the 2013–14 season Konak Belediyespor on July 25, 2014.",Topçu 2013-14 yilgi mavsum chempioni Konak Belediyespor tomonidan 2014-yilning 25-iyulida transfer qilingan edi.,wikimedia,v20260327,435494,Upstream Wikimedia terms vary; commonly CC BY-SA/GFDL,attribution_sharealike_legal_review_required,https://object.pouta.csc.fi/OPUS-wikimedia/v20260327/moses/en-uz.txt.zip,0.9539006,correct,1.0,,0.97464533
ed0d30cb5d161899b1fa,"Brentford F.C. Retrieved 2 October 2020. ↑ ""West Ham United vs Brentford on 29 Aug 20 – Match Centre – Brentford FC"".",Brentford F.C.. Qaraldi: 2-oktabr 2020-yil. ↑ „West Ham United vs Brentford on 29 Aug 20 – Match Centre – Brentford FC“.,wikimedia,v20260327,570770,Upstream Wikimedia terms vary; commonly CC BY-SA/GFDL,attribution_sharealike_legal_review_required,https://object.pouta.csc.fi/OPUS-wikimedia/v20260327/moses/en-uz.txt.zip,0.97605777,correct,1.0,,0.9868317735000001
463a62c628d93c2958e3,Syracuse statistics,Syracuse statistikasi,wikimedia,v20260327,192313,Upstream Wikimedia terms vary; commonly CC BY-SA/GFDL,attribution_sharealike_legal_review_required,https://object.pouta.csc.fi/OPUS-wikimedia/v20260327/moses/en-uz.txt.zip,0.96449447,correct,1.0,,0.9804719585000001
c0a3d30a2cb316faa654,"Retrieved March 27, 2020. ↑ Wojnarowski, Adrian (March 24, 2020). ""Kenyon Martin Jr., son of longtime NBA player, declares for draft"". ESPN.","Qaraldi: 27-mart 2020-yil. ↑ Wojnarowski, Adrian. „Kenyon Martin Jr., son of longtime NBA player, declares for draft“, ESPN (24-mart 2020-yil).",wikimedia,v20260327,441577,Upstream Wikimedia terms vary; commonly CC BY-SA/GFDL,attribution_sharealike_legal_review_required,https://object.pouta.csc.fi/OPUS-wikimedia/v20260327/moses/en-uz.txt.zip,0.97726756,correct,1.0,,0.987497158
4b9beaf942775ba92d7c,"Amorphophallus titanum, the titan arum, is a flowering plant in the family Araceae.","Amorphophallus titanum, titan arum, Araceae oilasiga mansub gulli o'simlik.",wikimedia,v20260327,703385,Upstream Wikimedia terms vary; commonly CC BY-SA/GFDL,attribution_sharealike_legal_review_required,https://object.pouta.csc.fi/OPUS-wikimedia/v20260327/moses/en-uz.txt.zip,0.9533309,correct,1.0,,0.974331995
3d40879c41c1a63bc69c,"In her 1985 interview with Helen Cagney, Carter points out to the fact that the tales she rewrites in her book stem from the events that could happen in real life.","1985-yilda Carterni Helen Cagney bilan intervyusida, kitobida qayta yozgan hikoyalari haqiqiy hayotda sodir bo'lishi mumkin bo'lgan voqealardan kelib chiqqanligini ta'kidlaydi.",wikimedia,v20260327,1285356,Upstream Wikimedia terms vary; commonly CC BY-SA/GFDL,attribution_sharealike_legal_review_required,https://object.pouta.csc.fi/OPUS-wikimedia/v20260327/moses/en-uz.txt.zip,0.95318216,correct,1.0,,0.9742501880000001
19f7444ed526ccc644c8,The average annual temperature in Al Hashimiyah is 23.1 °C (73.6 °F).,"Al-Hoshimiyada o'rtacha yillik harorat 23.1 °C (73,6 °F) .",wikimedia,v20260327,1236405,Upstream Wikimedia terms vary; commonly CC BY-SA/GFDL,attribution_sharealike_legal_review_required,https://object.pouta.csc.fi/OPUS-wikimedia/v20260327/moses/en-uz.txt.zip,0.9655256,correct,1.0,,0.98103908
cc61e50496ec9acdfee6,"Christopher Beck Bennett (born October 1, 1984) is an American actor, comedian, and writer, who was a cast member on Saturday Night Live for eight seasons (2013–2021).","Christopher Beck Bennet (1984-yil 1-oktabrda tug'ilgan) - amerikalik aktyor, komediyachi va yozuvchi bo'lib, u sakkiz fasl (2013–2021) davomida Saturday Night Live dasturida ishtirok etgan.",wikimedia,v20260327,207335,Upstream Wikimedia terms vary; commonly CC BY-SA/GFDL,attribution_sharealike_legal_review_required,https://object.pouta.csc.fi/OPUS-wikimedia/v20260327/moses/en-uz.txt.zip,0.962119,correct,1.0,,0.97916545
a885d7c42fcf9fc9bec5,Güzle is a village in the Refahiye District of Erzincan Province in Turkey.[1][2] The village is populated by Kurds of the Koçgiri tribe and had a population of 10 in 2022.[3][4],Güzle — Turkiyaning Erzincan viloyati Refahiye tumaniga qarasli qishloq[1] [2]. Qishloqda Kochgiri qabilasining kurdlari istiqomat qiladi va 2022-yilda 10 kishidan iborat edi[3] [4].,wikimedia,v20260327,1048356,Upstream Wikimedia terms vary; commonly CC BY-SA/GFDL,attribution_sharealike_legal_review_required,https://object.pouta.csc.fi/OPUS-wikimedia/v20260327/moses/en-uz.txt.zip,0.9578649,correct,1.0,,0.976825695
5cf1ec4020c155543c0a,Present status,Hozirgi holati,wikimedia,v20260327,1364960,Upstream Wikimedia terms vary; commonly CC BY-SA/GFDL,attribution_sharealike_legal_review_required,https://object.pouta.csc.fi/OPUS-wikimedia/v20260327/moses/en-uz.txt.zip,0.95520437,correct,1.0,,0.9753624035000001
9c18a33f42a8e3e25386,"Retrieved April 28, 2018. ↑ ""Celtics vs. Cavaliers - Box Score"".",Qaraldi: 28-aprel 2018-yil. ↑ „Celtics vs. Cavaliers - Box Score“.,wikimedia,v20260327,259530,Upstream Wikimedia terms vary; commonly CC BY-SA/GFDL,attribution_sharealike_legal_review_required,https://object.pouta.csc.fi/OPUS-wikimedia/v20260327/moses/en-uz.txt.zip,0.9528523,correct,1.0,,0.974068765
e3b0b6a1a99f96645316,From 2002 to 2004 he worked as the technical secretary for the Kiev municipal Federation of Football.,2002-yildan 2004-yilgacha Kiyev shahar futbol federatsiyasining texnik kotibi bo'lib ishlagan.,wikimedia,v20260327,1124654,Upstream Wikimedia terms vary; commonly CC BY-SA/GFDL,attribution_sharealike_legal_review_required,https://object.pouta.csc.fi/OPUS-wikimedia/v20260327/moses/en-uz.txt.zip,0.9639167,correct,1.0,,0.980154185
f6458d78c70b10a79990,"He died in 1925, when she was 14 years old, and Sybille went to live in Italy with her mother and stepfather, an Italian architectural student.[2] During those years she studied in England, lodging in Hampstead.[3]","U 1925 yilda, 14 yoshida vafot etdi va Sybille onasi va italiyalik arxitektura talabasi o'gay otasi bilan Italiyaga yashash uchun ketdi. [2] O'sha yillarda u Angliyada Xempstedda o'qidi. [3]",wikimedia,v20260327,1361814,Upstream Wikimedia terms vary; commonly CC BY-SA/GFDL,attribution_sharealike_legal_review_required,https://object.pouta.csc.fi/OPUS-wikimedia/v20260327/moses/en-uz.txt.zip,0.9577919,correct,1.0,,0.976785545
e434c1d6e6caf698a481,"In September 2011, One Direction's debut single, ""What Makes You Beautiful"", was released.","2011-yil sentyabr oyida One Directionning debyut singli ""What Makes You Beautiful"" chiqarildi.",wikimedia,v20260327,1297466,Upstream Wikimedia terms vary; commonly CC BY-SA/GFDL,attribution_sharealike_legal_review_required,https://object.pouta.csc.fi/OPUS-wikimedia/v20260327/moses/en-uz.txt.zip,0.9558586,correct,1.0,,0.9757222300000001
80dc1ed3afac78bd4b2f,"""Adalékok Demeter bíboros esztergomi érsek életrajzához [Additions to the Life of Cardinal Demeter, Archbishop of Esztergom]"".","""Adalékok Demeter bíboros esztergomi érsek életrajzához [Additions to the Life of Cardinal Demeter, Archbishop of Esztergom]"" (hu).",wikimedia,v20260327,1027843,Upstream Wikimedia terms vary; commonly CC BY-SA/GFDL,attribution_sharealike_legal_review_required,https://object.pouta.csc.fi/OPUS-wikimedia/v20260327/moses/en-uz.txt.zip,0.99132735,correct,1.0,,0.9952300425
03329ada6b7de4ef373f,"He played for Kalmar FF (1987–1989), Östers IF (1990–1994) and IFK Göteborg (1995–2000) during his career.","U faoliyati davomida Kalmar FF (1987–1989), Östers IF (1990–1994) va IFK Göteborg (1995–2000) klublarida o‘ynagan.",wikimedia,v20260327,162337,Upstream Wikimedia terms vary; commonly CC BY-SA/GFDL,attribution_sharealike_legal_review_required,https://object.pouta.csc.fi/OPUS-wikimedia/v20260327/moses/en-uz.txt.zip,0.9879676,correct,1.0,,0.99338218
f3df71a24cc197d57cb9,"Retrieved 29 November 2019. ↑ ""FC Barcelona Femení on Twitter: THE CAPTAINS / LES CAPITANES / LAS CAPITANAS"".",Qaraldi: 29-noyabr 2019-yil. ↑ „FC Barcelona Femení on Twitter: THE CAPTAINS / LES CAPITANES / LAS CAPITANAS“.,wikimedia,v20260327,199145,Upstream Wikimedia terms vary; commonly CC BY-SA/GFDL,attribution_sharealike_legal_review_required,https://object.pouta.csc.fi/OPUS-wikimedia/v20260327/moses/en-uz.txt.zip,0.97236884,correct,1.0,,0.984802862
abec17946216a42ada87,"Candreva has played for Italy since the U-18 level, making his debut in October 2004.",Kandreva Italiya terma jamoasida U-18 darajasidan beri o'ynab kelmoqda. 2004 yilning oktyabrida debyut qilgan.,wikimedia,v20260327,164535,Upstream Wikimedia terms vary; commonly CC BY-SA/GFDL,attribution_sharealike_legal_review_required,https://object.pouta.csc.fi/OPUS-wikimedia/v20260327/moses/en-uz.txt.zip,0.9567272,correct,1.0,,0.97619996
c6045d6b53f14f5259c4,"Trevor Jamaal Keels (born August 26, 2003) is an American professional basketball player for the New York Knicks of the National Basketball Association (NBA), on a two-way contract with the Westchester Knicks of the NBA G League.","Trevor Jamaal Kils (2003-yil, 26-avgustda tug'ilgan) - Milliy Basketbol Assotsiatsiyasining (NBA) New-York Knicks jamoasining amerikalik professional basketbolchisi, NBA G ligasining Westchester Knicks bilan ikki tomonlama shartnomasi bor.",wikimedia,v20260327,427365,Upstream Wikimedia terms vary; commonly CC BY-SA/GFDL,attribution_sharealike_legal_review_required,https://object.pouta.csc.fi/OPUS-wikimedia/v20260327/moses/en-uz.txt.zip,0.9571929,correct,1.0,,0.9764560950000001
343292d638c65a890dc9,"On 19 December 2010, they posted the first track, ""Belladonna"", from Independence, on their Facebook page, along with three more tracks (""Waste"", ""Enter"" and ""You Don't Own Me"") on their Soundcloud page.","2010-yil 19-dekabrda guruh o‘zining Facebook sahifasida ""Independence"" albomidan ""Belladonna"" nomli birinchi qo‘shiqni, shuningdek, Soundcloud sahifasida yana uchta qo‘shiqni (""Waste"", ""Enter"" va ""You Don't Own Me"") joylashtirib, tinglovchilar e’tiboriga havola qilgan.",wikimedia,v20260327,1367372,Upstream Wikimedia terms vary; commonly CC BY-SA/GFDL,attribution_sharealike_legal_review_required,https://object.pouta.csc.fi/OPUS-wikimedia/v20260327/moses/en-uz.txt.zip,0.9541125,correct,1.0,,0.974761875
21041e9836b0a0505a48,"Ozero-Kureyevo is located on the right bank of the Biya River, 46 km northwest of Turochak (the district's administrative centre) by road.","Ozero-Kureyevo Biya daryosining oʻng qirgʻogʻida, Toʻrachakdan (tuman maʼmuriy markazi) 46 km shimoli-gʻarbda avtomobil yoʻlida joylashgan.",wikimedia,v20260327,831344,Upstream Wikimedia terms vary; commonly CC BY-SA/GFDL,attribution_sharealike_legal_review_required,https://object.pouta.csc.fi/OPUS-wikimedia/v20260327/moses/en-uz.txt.zip,0.9595446,correct,1.0,,0.9777495300000001
ecd9d2fec20eb8d3bb43,Maria Grollmuß was especially interested in political journalism.,Maria Grollmuß ayniqsa siyosiy jurnalistikaga qiziqqan.,wikimedia,v20260327,1270357,Upstream Wikimedia terms vary; commonly CC BY-SA/GFDL,attribution_sharealike_legal_review_required,https://object.pouta.csc.fi/OPUS-wikimedia/v20260327/moses/en-uz.txt.zip,0.9615518,correct,1.0,,0.9788534900000001
37ffcc50210ca452d1dc,Year Title Role Notes 2015 Those People London 2015 Burning Bodhi Lauren 2016 Miss Sloane Clara Thomson 2016 Our Time Jen,Yil Nom Rol 2015 Those People London 2015 Burning Bodhi Lauren 2016 Miss Sloane Clara Thomson 2016 Our Time Jen,wikimedia,v20260327,228279,Upstream Wikimedia terms vary; commonly CC BY-SA/GFDL,attribution_sharealike_legal_review_required,https://object.pouta.csc.fi/OPUS-wikimedia/v20260327/moses/en-uz.txt.zip,0.95419484,correct,1.0,,0.9748071620000001
02d092a23d146a2ddb7a,"He married first, in 1864, Georgina Edmonds, daughter of Cyrus Read Edmonds.",U birinchi bo'lib 1864-yilda Cyrus Read Edmondsning qizi Jorjina Edmondsga uylandi.,wikimedia,v20260327,523525,Upstream Wikimedia terms vary; commonly CC BY-SA/GFDL,attribution_sharealike_legal_review_required,https://object.pouta.csc.fi/OPUS-wikimedia/v20260327/moses/en-uz.txt.zip,0.9541486,correct,1.0,,0.9747817300000001
f24c3afba74fdaa96dea,"Franklin Nathaniel Jonas (born September 28, 2000) is an American singer, songwriter, and former child actor.","Franklin Nathaniel Jonas (2000-yil 28-sentyabrda tug'ilgan) - Amerikalik qo'shiqchi, qo'shiq muallifi va sobiq bolalar aktyori .",wikimedia,v20260327,1156853,Upstream Wikimedia terms vary; commonly CC BY-SA/GFDL,attribution_sharealike_legal_review_required,https://object.pouta.csc.fi/OPUS-wikimedia/v20260327/moses/en-uz.txt.zip,0.96238285,correct,1.0,,0.9793105675
ab2fe2a4e1d544c1288a,Ivan Garelov (Bulgarian: Иван Гарелов) (born 6 February 1943) is a popular Bulgarian journalist and television presenter.,Ivan Garelov (1943-yil 6-fevralda tugʻilgan) — mashhur bolgar jurnalisti va teleboshlovchisi .,wikimedia,v20260327,702599,Upstream Wikimedia terms vary; commonly CC BY-SA/GFDL,attribution_sharealike_legal_review_required,https://object.pouta.csc.fi/OPUS-wikimedia/v20260327/moses/en-uz.txt.zip,0.9607974,correct,1.0,,0.97843857
5314746d0b3a103b3e90,Luis de la Fuente Castillo (born 21 June 1961) is a Spanish football coach and former professional footballer who played as a left-back.,"Luis de la Fuente Castillo (1961-yil 21-iyunda tug'ilgan) - ispaniyalik futbol murabbiyi va sobiq professional futbolchi, chap qanot himoyachisi.",wikimedia,v20260327,939636,Upstream Wikimedia terms vary; commonly CC BY-SA/GFDL,attribution_sharealike_legal_review_required,https://object.pouta.csc.fi/OPUS-wikimedia/v20260327/moses/en-uz.txt.zip,0.969723,correct,1.0,,0.98334765
e3e636246b8984cbd027,"Retrieved 15 May 2019. ↑ ""The fans take centre stage"".",Qaraldi: 15-may 2019-yil. ↑ „The fans take centre stage“.,wikimedia,v20260327,504384,Upstream Wikimedia terms vary; commonly CC BY-SA/GFDL,attribution_sharealike_legal_review_required,https://object.pouta.csc.fi/OPUS-wikimedia/v20260327/moses/en-uz.txt.zip,0.9599201,correct,1.0,,0.9779560550000002
84ac1cbf33becfc2984d,"Retrieved 27 June 2020. ↑ ""Indonesia, the lone ASEAN bid for FIFA U-20 World Cup 2021"".","Qaraldi: 27-iyun 2020-yil. ↑ „Indonesia, the lone ASEAN bid for FIFA U-20 World Cup 2021“.",wikimedia,v20260327,1082896,Upstream Wikimedia terms vary; commonly CC BY-SA/GFDL,attribution_sharealike_legal_review_required,https://object.pouta.csc.fi/OPUS-wikimedia/v20260327/moses/en-uz.txt.zip,0.97011787,correct,1.0,,0.9835648285
d0bd3e974b30ba02d580,"The highest point is at 707 m (2,320 ft) above sea level.","Eng baland nuqtasi dengiz sathidan 707 m (2,320 ft) baland.",wikimedia,v20260327,1267302,Upstream Wikimedia terms vary; commonly CC BY-SA/GFDL,attribution_sharealike_legal_review_required,https://object.pouta.csc.fi/OPUS-wikimedia/v20260327/moses/en-uz.txt.zip,0.9831944,correct,1.0,,0.9907569200000002
8228080426369e175bef,"Retrieved November 14, 2016. ↑ ""James, Cavs hold off Wiggins, Wolves, 116-108"".","Qaraldi: 14-noyabr 2016-yil. ↑ „James, Cavs hold off Wiggins, Wolves, 116-108“.",wikimedia,v20260327,406803,Upstream Wikimedia terms vary; commonly CC BY-SA/GFDL,attribution_sharealike_legal_review_required,https://object.pouta.csc.fi/OPUS-wikimedia/v20260327/moses/en-uz.txt.zip,0.9660437,correct,1.0,,0.9813240350000001
28d6bc156d73ac6762e6,"Since 2016, Uran Botobekov worked as an Expert on Radical Islam, Independent Analyst Author and Scientific Researcher, Contributor Writer of Modern Diplomacy.","2016-yildan Uran Botobekov radikal islom boʻyicha ekspert, mustaqil tahlilchi muallif va ilmiy tadqiqotchi, zamonaviy diplomatiyaga hissa qoʻshuvchi yozuvchi lavozimlarida ishlagan.",wikimedia,v20260327,509006,Upstream Wikimedia terms vary; commonly CC BY-SA/GFDL,attribution_sharealike_legal_review_required,https://object.pouta.csc.fi/OPUS-wikimedia/v20260327/moses/en-uz.txt.zip,0.961936,correct,1.0,,0.9790648
2ef5a95c320246609351,"It is located 4 km away from postal head office in Goraya, 14.2 km from Nurmahal, 40.4 km from district headquarter Jalandhar and 122 km from state capital Chandigarh.","U Goraya shahridagi pochta markazidan 4 km uzoqlikda, Nurmahaldan 14.2 km, Jalandhar tuman shtab-kvartirasidan 40.4 km va shtat poytaxti Chandigarhdan 122 km uzoqlikda o'rnashgan.",wikimedia,v20260327,977494,Upstream Wikimedia terms vary; commonly CC BY-SA/GFDL,attribution_sharealike_legal_review_required,https://object.pouta.csc.fi/OPUS-wikimedia/v20260327/moses/en-uz.txt.zip,0.9627036,correct,1.0,,0.9794869800000001
1e7d6846c8dcd7b2e0ea,"The municipality had a population of 9,730 inhabitants according to the municipal register of inhabitants (INE) as of 1 January 2010, divided into 4,929 men and 4,801 women.","Munitsipalitetda 2010 yil 1 yanvar holatiga ko'ra, shahar aholisi reestriga (INE) ko'ra, 4,929 erkak va 4,801 ayolga bo'lingan aholi soni 9,730 kishini tashkil etganligi aniqlangan.",wikimedia,v20260327,841376,Upstream Wikimedia terms vary; commonly CC BY-SA/GFDL,attribution_sharealike_legal_review_required,https://object.pouta.csc.fi/OPUS-wikimedia/v20260327/moses/en-uz.txt.zip,0.954921,correct,1.0,,0.97520655
f5b2696173ccefe708c6,"Retrieved 25 April 2020. ↑ ""Diego Rossi To Move To Turkish Club Fenerbahçe"".",Qaraldi: 25-aprel 2020-yil. ↑ „Diego Rossi To Move To Turkish Club Fenerbahçe“.,wikimedia,v20260327,530041,Upstream Wikimedia terms vary; commonly CC BY-SA/GFDL,attribution_sharealike_legal_review_required,https://object.pouta.csc.fi/OPUS-wikimedia/v20260327/moses/en-uz.txt.zip,0.9553504,correct,1.0,,0.97544272
a033d9bfb00a3b72ce1d,"Garelov has also worked at Nova TV and BTV.[1] Between October 2013 and June 2014, he was the co-anchor of TV7's show ""The Original"" (Bulgarian: ""Оригиналът"") (together with Elena Yoncheva).[2]","Garelov Nova TV va BTV telekanallarida ham o'z faoliyatini olib borgan[1]. 2013-yil oktabridan 2014-yil iyunigacha u TV7 telekanali ""Original"" ko'rsatuvining boshlovchisi bo'lgan (Elena Yoncheva bilan birgalikda)[2].",wikimedia,v20260327,702603,Upstream Wikimedia terms vary; commonly CC BY-SA/GFDL,attribution_sharealike_legal_review_required,https://object.pouta.csc.fi/OPUS-wikimedia/v20260327/moses/en-uz.txt.zip,0.9568689,correct,1.0,,0.9762778950000002
598d17d0c57d70b3b6dd,"A Tempest in a Teapot"" August 1880 III 4 ""Finances.","A Tempest in a Teapot"" Avgust 1880 III 4 ""Finances.",wikimedia,v20260327,1257891,Upstream Wikimedia terms vary; commonly CC BY-SA/GFDL,attribution_sharealike_legal_review_required,https://object.pouta.csc.fi/OPUS-wikimedia/v20260327/moses/en-uz.txt.zip,0.9919216,correct,1.0,,0.9955568800000001
732196adaf9f9f4b3253,Çukuröz is a village in the Eldivan District of Çankırı Province in Turkey.[1] Its population is 110 (2021).[2],Çukuröz — Turkiyaning Çankırı viloyati Eldivan tumaniga qarashli qishloq[1]. 2021-yil aholi soni 110 nafar[2].,wikimedia,v20260327,1239961,Upstream Wikimedia terms vary; commonly CC BY-SA/GFDL,attribution_sharealike_legal_review_required,https://object.pouta.csc.fi/OPUS-wikimedia/v20260327/moses/en-uz.txt.zip,0.96166,correct,1.0,,0.9789129999999999
6c78ec9df3c0d3e12d10,Delta County Memorial Hospital serves the city and the surrounding area.,Delta okrugi memorial kasalxonasi shahar va uning atrofidagi hududlarga xizmat ko'rsatadi.,wikimedia,v20260327,611340,Upstream Wikimedia terms vary; commonly CC BY-SA/GFDL,attribution_sharealike_legal_review_required,https://object.pouta.csc.fi/OPUS-wikimedia/v20260327/moses/en-uz.txt.zip,0.9588169,correct,1.0,,0.977349295
2715657c879f013bde8e,"Retrieved 9 July 2017. ↑ SønderjyskE tester målmand og angriber, bold.dk, 28 January 2019 ↑ Mirkovic får kontrakt i SønderjyskE, soenderjyske.dk, 6 February 2019","Qaraldi: 9-iyul 2017-yil. ↑ SønderjyskE tester målmand og angriber, bold.dk, 28 January 2019 ↑ Mirkovic får kontrakt i SønderjyskE, soenderjyske.dk, 6 February 2019",wikimedia,v20260327,1219175,Upstream Wikimedia terms vary; commonly CC BY-SA/GFDL,attribution_sharealike_legal_review_required,https://object.pouta.csc.fi/OPUS-wikimedia/v20260327/moses/en-uz.txt.zip,0.9634023,correct,1.0,,0.9798712650000001
383a5d3862f7ac9eed4e,Rabea began his professional career with Tishreen SC in 2007.,Rabea professional faoliyatini 2007-yilda Tishrin SCda boshlagan.,wikimedia,v20260327,278178,Upstream Wikimedia terms vary; commonly CC BY-SA/GFDL,attribution_sharealike_legal_review_required,https://object.pouta.csc.fi/OPUS-wikimedia/v20260327/moses/en-uz.txt.zip,0.9574989,correct,1.0,,0.976624395
33e6762920390ba367e4,I'm coming for you!,Sen uchun kelaman!,Tatoeba,v2026-07-08,277,CC BY 2.0 FR,attribution_required,https://object.pouta.csc.fi/OPUS-Tatoeba/v2026-07-08/moses/en-uz.txt.zip,0.95373905,correct,1.0,,0.9745564775
f8fbc3d6e460b723d812,Bundesliga 30 2 0 0 — — 30 2 2022–23 Bundesliga 4 1 1 0 — — 5 1 Total 34 3 1 0 0 0 0 0 35 3 Career total 327 14 18 1 10 0 1 0 356 15,Bundesliga 30 2 0 0 — — 30 2 2022–23 Bundesliga 4 1 1 0 — — 5 1 Jami 34 3 1 0 0 0 0 0 35 3 Jami faoliyati 327 14 18 1 10 0 1 0 356 15,wikimedia,v20260327,549662,Upstream Wikimedia terms vary; commonly CC BY-SA/GFDL,attribution_sharealike_legal_review_required,https://object.pouta.csc.fi/OPUS-wikimedia/v20260327/moses/en-uz.txt.zip,0.9647589,correct,1.0,,0.9806173950000001
0fb8d7d2ac99fcf47898,Sukagawa Aizu-Wakamatsu Nihonmatsu Tamura Motomiya Otama Ten-ei Hirata Miharu Ono Inawashiro,Sukagava Aizu-Vakamatsu Nihonmatsu Tamura Motomiya Otama Ten-ei Hirata Miharu Ono Inavashiro,wikimedia,v20260327,757649,Upstream Wikimedia terms vary; commonly CC BY-SA/GFDL,attribution_sharealike_legal_review_required,https://object.pouta.csc.fi/OPUS-wikimedia/v20260327/moses/en-uz.txt.zip,0.9873377,correct,1.0,,0.9930357350000001
aacc8d7ba278caa9f303,"In 1731, Oleszyce became property of the Czartoryski family.",1731-yilda Oleszyce Czartoryski oilasining mulkiga aylandi.,wikimedia,v20260327,1181570,Upstream Wikimedia terms vary; commonly CC BY-SA/GFDL,attribution_sharealike_legal_review_required,https://object.pouta.csc.fi/OPUS-wikimedia/v20260327/moses/en-uz.txt.zip,0.9806788,correct,1.0,,0.98937334
031245f2c739e58c4f3a,"2019-02-07 (retrieved 2020-04-24) ↑ ""Polscy strażacy pomagają Czechom"" (in Polish). 22 August 2002.",2019-02-07 (retrieved 2020-04-24) ↑ „Polscy strażacy pomagają Czechom“ (pl) (22-avgust 2002-yil).,wikimedia,v20260327,581239,Upstream Wikimedia terms vary; commonly CC BY-SA/GFDL,attribution_sharealike_legal_review_required,https://object.pouta.csc.fi/OPUS-wikimedia/v20260327/moses/en-uz.txt.zip,0.979224,correct,1.0,,0.9885732
82218bd2f44b5c8b3a35,"Retrieved 11 May 2016. ↑ ""British F3 rebranded as GB3 Championship"".",Qaraldi: 11-may 2016-yil. ↑ „British F3 rebranded as GB3 Championship“.,wikimedia,v20260327,865698,Upstream Wikimedia terms vary; commonly CC BY-SA/GFDL,attribution_sharealike_legal_review_required,https://object.pouta.csc.fi/OPUS-wikimedia/v20260327/moses/en-uz.txt.zip,0.97088516,correct,1.0,,0.9839868380000001
93426a6890b16c7d0652,Abdul Awwal Jaunpuri died on 18 June 1921 in Calcutta.[1] He had arrived in Calcutta for medical aid from Faridpur.,Abdul Avval Jaunpuriy 1921-yil 18-iyunda Kalkuttada vafot etadi[1]. U Kalkuttaga Faridpurdan tibbiy yordam olish uchun kelgan edi.,wikimedia,v20260327,973953,Upstream Wikimedia terms vary; commonly CC BY-SA/GFDL,attribution_sharealike_legal_review_required,https://object.pouta.csc.fi/OPUS-wikimedia/v20260327/moses/en-uz.txt.zip,0.9637458,correct,1.0,,0.9800601900000001
b5916f5c65d9116ee008,"Ina (伊那市, Ina-shi) is a city located in Nagano Prefecture, Japan.","Ina (伊那市, Ina-shi) Yaponiyaning Nagano prefekturasida joylashgan shahardir.",wikimedia,v20260327,740605,Upstream Wikimedia terms vary; commonly CC BY-SA/GFDL,attribution_sharealike_legal_review_required,https://object.pouta.csc.fi/OPUS-wikimedia/v20260327/moses/en-uz.txt.zip,0.97341466,correct,1.0,,0.985378063
30e0a3d579ff374bc991,"John Uhler Lemmon III (February 8, 1925 – June 27, 2001) was an American actor.","John Uhler Lemmon III (talaffuzi: ""Jon Uhler Lemmon III"", 1925-yil 8-fevral - 2001-yil 27-iyun) amerikalik aktyor edi.",wikimedia,v20260327,896201,Upstream Wikimedia terms vary; commonly CC BY-SA/GFDL,attribution_sharealike_legal_review_required,https://object.pouta.csc.fi/OPUS-wikimedia/v20260327/moses/en-uz.txt.zip,0.96100956,correct,1.0,,0.9785552580000001
ff4cacc7508476952ff0,"Retrieved 8 April 2023. ↑ ""Indonesia to host U-20 World Cup in 2021"".",Qaraldi: 8-aprel 2023-yil. ↑ „Indonesia to host U-20 World Cup in 2021“.,wikimedia,v20260327,1065418,Upstream Wikimedia terms vary; commonly CC BY-SA/GFDL,attribution_sharealike_legal_review_required,https://object.pouta.csc.fi/OPUS-wikimedia/v20260327/moses/en-uz.txt.zip,0.9620859,correct,1.0,,0.979147245
094eb236976b7a53c889,Abeïbara Boghassa Tinzawatene,Abeïbara Boghassa Tinzavaten,wikimedia,v20260327,1328591,Upstream Wikimedia terms vary; commonly CC BY-SA/GFDL,attribution_sharealike_legal_review_required,https://object.pouta.csc.fi/OPUS-wikimedia/v20260327/moses/en-uz.txt.zip,0.9572605,correct,1.0,,0.9764932749999999
66163a8d0121338cdefb,"In 2015, Pilipinas MX3 Kings and Mono Vampire joined the league and both teams left in 2016.",2015-yilda Pilipinas MX3 Kings va Mono Vampire jamoalari ligaga qo'shildi va ikkala jamoa 2016-yilda ligani tark etdi.,wikimedia,v20260327,529634,Upstream Wikimedia terms vary; commonly CC BY-SA/GFDL,attribution_sharealike_legal_review_required,https://object.pouta.csc.fi/OPUS-wikimedia/v20260327/moses/en-uz.txt.zip,0.9589312,correct,1.0,,0.9774121600000001
9a95f23d536af3a27976,"Pulkovo Airport was officially opened on June 24, 1932, as a state-owned domestic airport.",Pulkovo aeroporti rasman 1932-yil 24-iyunda davlatga tegishli ichki aeroport sifatida faoliyatini boshladi.,wikimedia,v20260327,1100761,Upstream Wikimedia terms vary; commonly CC BY-SA/GFDL,attribution_sharealike_legal_review_required,https://object.pouta.csc.fi/OPUS-wikimedia/v20260327/moses/en-uz.txt.zip,0.9594467,correct,1.0,,0.977695685
4b6d4228f8f2a8dd93b5,"The couple have two children, Kalidas Jayaram and Malavika.",Er-xotinning Kalidas Jayaram va Malavika ismli ikki farzandi bor.,wikimedia,v20260327,378356,Upstream Wikimedia terms vary; commonly CC BY-SA/GFDL,attribution_sharealike_legal_review_required,https://object.pouta.csc.fi/OPUS-wikimedia/v20260327/moses/en-uz.txt.zip,0.9555626,correct,1.0,,0.9755594300000001
b0559ab4462bd9190bba,She was called-up for the WAFF Women's Championship in 2011.[1],U 2011-yilda WAFF ayollar chempionatiga chaqirilgan.[1],wikimedia,v20260327,149069,Upstream Wikimedia terms vary; commonly CC BY-SA/GFDL,attribution_sharealike_legal_review_required,https://object.pouta.csc.fi/OPUS-wikimedia/v20260327/moses/en-uz.txt.zip,0.9665688,correct,1.0,,0.9816128400000002
f6f218c2e8bb4165205e,Zia ul Mustafa Aazmi Qadri Razvi Amjadi (مفتی ضیاء المصطفیٰ اعظمی رضوی قادری امجد) (हिन्दी मुफ्ती अल्लामा ज़ियाउल मुस्तफा कादरी ) is an Islamic scholar.,Zia ul Mustafo Aazmi Qadri Razvi Amjadi (مفتی ضیاء المصطفیٰ اعظمی رضوی قادری امجد) (hindcha: मुफ्ती अल्लामा ज़ियाउल मुस्तफा कादरी) islomiy olim.,wikimedia,v20260327,985577,Upstream Wikimedia terms vary; commonly CC BY-SA/GFDL,attribution_sharealike_legal_review_required,https://object.pouta.csc.fi/OPUS-wikimedia/v20260327/moses/en-uz.txt.zip,0.96014655,correct,1.0,,0.9780806025000002
13a489aa948d02d09752,"Andrei Viktorovich Kubatin was born on 9 March 1984, in Tashkent to a Muslim family.",Andrey Viktorovich Kubatin 1984-yil 9-martda Toshkent shahrida musulmon oilasida dunyoga kelgan.,wikimedia,v20260327,584261,Upstream Wikimedia terms vary; commonly CC BY-SA/GFDL,attribution_sharealike_legal_review_required,https://object.pouta.csc.fi/OPUS-wikimedia/v20260327/moses/en-uz.txt.zip,0.9679362,correct,1.0,,0.98236491
75e6e84203f6513f06c0,His record was 14–6–0 (11 KOs).,Uning rekordi 14–6–0 (11 KO) edi.,wikimedia,v20260327,936854,Upstream Wikimedia terms vary; commonly CC BY-SA/GFDL,attribution_sharealike_legal_review_required,https://object.pouta.csc.fi/OPUS-wikimedia/v20260327/moses/en-uz.txt.zip,0.97304606,correct,1.0,,0.9851753330000002
72c6a944e7dc21faadfc,"Renato Dirnei Florêncio Santos (born 15 May 1979), known simply as Renato, is a Brazilian former professional footballer.",Renato Dirnei Florêncio Santos (1979-yil 15-mayda tugʻilgan) — shunchaki Renato nomi bilan tanilgan braziliyalik sobiq professional futbolchi.,wikimedia,v20260327,736253,Upstream Wikimedia terms vary; commonly CC BY-SA/GFDL,attribution_sharealike_legal_review_required,https://object.pouta.csc.fi/OPUS-wikimedia/v20260327/moses/en-uz.txt.zip,0.97390634,correct,1.0,,0.985648487
1725d43d76b5504559f4,"Both countries are full members of the OECD, OSCE, European Union, Three Seas Initiative, Council of Europe, United Nations and World Trade Organization.","Har ikki davlat OECD, YXHT, Yevropa Ittifoqi, Uch dengiz tashabbusi, Yevropa Kengashi, Birlashgan Millatlar Tashkiloti va Jahon Savdo Tashkilotining to'liq a'zolaridir .",wikimedia,v20260327,586315,Upstream Wikimedia terms vary; commonly CC BY-SA/GFDL,attribution_sharealike_legal_review_required,https://object.pouta.csc.fi/OPUS-wikimedia/v20260327/moses/en-uz.txt.zip,0.95345545,correct,1.0,,0.9744004975
0e3ba65d3de90ebe1871,"Retrieved January 10, 2013. ↑ ""2012 Seattle Sounders Women Stats"".",Qaraldi: 10-yanvar 2013-yil. ↑ „2012 Seattle Sounders Women Stats“.,wikimedia,v20260327,153544,Upstream Wikimedia terms vary; commonly CC BY-SA/GFDL,attribution_sharealike_legal_review_required,https://object.pouta.csc.fi/OPUS-wikimedia/v20260327/moses/en-uz.txt.zip,0.95690656,correct,1.0,,0.976298608
e2bbd47dac84d10b6c5a,"Örenköy is a village in the District of Emirdağ, Afyonkarahisar Province, Turkey.[1]",Örenköy - Turkiyaning Afyonkarahisar viloyati Emirdağ tumanida joylashgan qishloq[1].,wikimedia,v20260327,837350,Upstream Wikimedia terms vary; commonly CC BY-SA/GFDL,attribution_sharealike_legal_review_required,https://object.pouta.csc.fi/OPUS-wikimedia/v20260327/moses/en-uz.txt.zip,0.95565313,correct,1.0,,0.9756092215000001
9adf6e990bc4ff6109eb,Rosa multiflora (syn.,Rosa multiflora ( sin.,wikimedia,v20260327,617355,Upstream Wikimedia terms vary; commonly CC BY-SA/GFDL,attribution_sharealike_legal_review_required,https://object.pouta.csc.fi/OPUS-wikimedia/v20260327/moses/en-uz.txt.zip,0.97626823,correct,1.0,,0.9869475265000001
551ed0bf67a7c94c20c5,"Retrieved 24 May 2012. ↑ McCarthy, Todd. ""In Darkness: Telluride Film Review"". The Hollywood Reporter.","Qaraldi: 24-may 2012-yil. ↑ McCarthy, Todd. „In Darkness: Telluride Film Review“, The Hollywood Reporter.",wikimedia,v20260327,238345,Upstream Wikimedia terms vary; commonly CC BY-SA/GFDL,attribution_sharealike_legal_review_required,https://object.pouta.csc.fi/OPUS-wikimedia/v20260327/moses/en-uz.txt.zip,0.98370016,correct,1.0,,0.9910350880000001
2125755414f7a0c5cf98,"16 March 2012 Dasarath Rangasala Stadium, Kathmandu Philippines 1–1 2–1 5.","2012-yil 16-mart Dasarath Rangasala stadioni, Katmandu Filippin 1–1 2–1 5.",wikimedia,v20260327,1087444,Upstream Wikimedia terms vary; commonly CC BY-SA/GFDL,attribution_sharealike_legal_review_required,https://object.pouta.csc.fi/OPUS-wikimedia/v20260327/moses/en-uz.txt.zip,0.96855605,correct,1.0,,0.9827058275
b268220979b2b3f00a98,LG series,LG seriyasi,wikimedia,v20260327,486444,Upstream Wikimedia terms vary; commonly CC BY-SA/GFDL,attribution_sharealike_legal_review_required,https://object.pouta.csc.fi/OPUS-wikimedia/v20260327/moses/en-uz.txt.zip,0.97583395,correct,1.0,,0.9867086725
47d0820ae61e4e4e4d70,Bazelyuk won the award for the Russian League's Best Young Player 2013.,Bazelyuk Rossiya ligasining 2013-yildagi eng yaxshi yosh futbolchisi sovrinini qo'lga kiritgan.,wikimedia,v20260327,1360309,Upstream Wikimedia terms vary; commonly CC BY-SA/GFDL,attribution_sharealike_legal_review_required,https://object.pouta.csc.fi/OPUS-wikimedia/v20260327/moses/en-uz.txt.zip,0.95369023,correct,1.0,,0.9745296265000001
d6bbdeb66aef8f6c2f76,The passport is valid for five years and costs RM50.,Pasport besh yil muddatga amal qiladi va RM50 turadi.,wikimedia,v20260327,247050,Upstream Wikimedia terms vary; commonly CC BY-SA/GFDL,attribution_sharealike_legal_review_required,https://object.pouta.csc.fi/OPUS-wikimedia/v20260327/moses/en-uz.txt.zip,0.9604465,correct,1.0,,0.9782455750000001
131e80be06d1b395f794,"Archived from the original on 1 February 2015. ↑ ""Alen Halilović: Uvijek sam navijao za Sarajevo, reći ću i Messiju"" (in Bosnian).","1-fevral 2015-yilda asl nusxadan arxivlandi. ↑ „Alen Halilović: Uvijek sam navijao za Sarajevo, reći ću i Messiju“ (bs).",wikimedia,v20260327,723897,Upstream Wikimedia terms vary; commonly CC BY-SA/GFDL,attribution_sharealike_legal_review_required,https://object.pouta.csc.fi/OPUS-wikimedia/v20260327/moses/en-uz.txt.zip,0.9584403,correct,1.0,,0.9771421650000001
0e76faf700a222455265,"Retrieved October 21, 2017. ↑ ""EDMC to close 15 Art Institute locations; Pittsburgh campus not affected"".",Qaraldi: 21-oktabr 2017-yil. ↑ „EDMC to close 15 Art Institute locations; Pittsburgh campus not affected“.,wikimedia,v20260327,602987,Upstream Wikimedia terms vary; commonly CC BY-SA/GFDL,attribution_sharealike_legal_review_required,https://object.pouta.csc.fi/OPUS-wikimedia/v20260327/moses/en-uz.txt.zip,0.9776454,correct,1.0,,0.98770497
2f261b4a0502c5b10215,"TechFeatured Magazine. ↑ ""Obituary: Bernard Lacoste, James Freedman"". The New York Times. 23 March 2006. ↑ ""Robert George Olympic Results"".","TechFeatured Magazine. ↑ „Obituary: Bernard Lacoste, James Freedman“, The New York Times (23-mart 2006-yil). ↑ „Robert George Olympic Results“.",wikimedia,v20260327,234343,Upstream Wikimedia terms vary; commonly CC BY-SA/GFDL,attribution_sharealike_legal_review_required,https://object.pouta.csc.fi/OPUS-wikimedia/v20260327/moses/en-uz.txt.zip,0.9874624,correct,1.0,,0.99310432
b5cec7b71b0c578c89ee,"Mitchell died of cancer, aged 63, in 1979.",Mitchell 1979-yilda 63 yoshida saraton kasalligidan vafot etdi.,wikimedia,v20260327,1010967,Upstream Wikimedia terms vary; commonly CC BY-SA/GFDL,attribution_sharealike_legal_review_required,https://object.pouta.csc.fi/OPUS-wikimedia/v20260327/moses/en-uz.txt.zip,0.9670875,correct,1.0,,0.9818981250000001
ddff35dc00aaa5e1731d,"Retrieved 19 September 2019. ↑ ""2012 FORMULA 1 SINGTEL SINGAPORE GRAND PRIX Sold Out"". singaporegp.sg. 22 September 2012.",Qaraldi: 19-sentyabr 2019-yil. ↑ „2012 FORMULA 1 SINGTEL SINGAPORE GRAND PRIX Sold Out“. singaporegp.sg (22-sentyabr 2012-yil).,wikimedia,v20260327,1165071,Upstream Wikimedia terms vary; commonly CC BY-SA/GFDL,attribution_sharealike_legal_review_required,https://object.pouta.csc.fi/OPUS-wikimedia/v20260327/moses/en-uz.txt.zip,0.96604824,correct,1.0,,0.981326532
43e12d7b8efd8b2abc26,Liga 13 1 — — 13 1 Total 56 15 0 0 — 56 15 Career total 372 115 10 0 — 382 115,Liga 13 1 — — 13 1 Jami 56 15 0 0 — 56 15 Jami faoliyati 372 115 10 0 — 382 115,wikimedia,v20260327,660830,Upstream Wikimedia terms vary; commonly CC BY-SA/GFDL,attribution_sharealike_legal_review_required,https://object.pouta.csc.fi/OPUS-wikimedia/v20260327/moses/en-uz.txt.zip,0.96377075,correct,1.0,,0.9800739125
0cf8c26733530664afa5,Mie Prefecture,Mie prefekturasi,wikimedia,v20260327,902720,Upstream Wikimedia terms vary; commonly CC BY-SA/GFDL,attribution_sharealike_legal_review_required,https://object.pouta.csc.fi/OPUS-wikimedia/v20260327/moses/en-uz.txt.zip,0.9547658,correct,1.0,,0.9751211900000001
bb6c963e8041db288186,"London, Hodder & Stoughton, 1965.","London, Xodder va Stoughton, 1965 yil.",wikimedia,v20260327,84607,Upstream Wikimedia terms vary; commonly CC BY-SA/GFDL,attribution_sharealike_legal_review_required,https://object.pouta.csc.fi/OPUS-wikimedia/v20260327/moses/en-uz.txt.zip,0.97629005,correct,1.0,,0.9869595275
f335182ef3bd96cba9b3,The villages of Černín and Dobeš are administrative parts of Lukavec u Hořic.,Černín va Dobeš qishloqlari Lukavec u Hořicning ma'muriy qismi hisoblanadi.,wikimedia,v20260327,1308549,Upstream Wikimedia terms vary; commonly CC BY-SA/GFDL,attribution_sharealike_legal_review_required,https://object.pouta.csc.fi/OPUS-wikimedia/v20260327/moses/en-uz.txt.zip,0.98022413,correct,1.0,,0.9891232715
531e66699ed838ea8726,"1 2 ""Women's World Championship begins on Tuesday"". chessbase.com. 8 September 2013.",1 2 „Women's World Championship begins on Tuesday“. chessbase.com (8-sentabr 2013-yil).,wikimedia,v20260327,502744,Upstream Wikimedia terms vary; commonly CC BY-SA/GFDL,attribution_sharealike_legal_review_required,https://object.pouta.csc.fi/OPUS-wikimedia/v20260327/moses/en-uz.txt.zip,0.97148347,correct,1.0,,0.9843159085000002
8fde4c03a0126dc0b006,"Get Italian Football News. 19 March 2021. ↑ ""OFFICIAL: THIAGO MOTTA NEW SPEZIA COACH"". Twitter.",Get Italian Football News (19-mart 2021-yil). ↑ „OFFICIAL: THIAGO MOTTA NEW SPEZIA COACH“.,wikimedia,v20260327,987027,Upstream Wikimedia terms vary; commonly CC BY-SA/GFDL,attribution_sharealike_legal_review_required,https://object.pouta.csc.fi/OPUS-wikimedia/v20260327/moses/en-uz.txt.zip,0.9683339,correct,1.0,,0.9825836450000001
8b1291104764af15522b,"Some international organizations like the League of Nations or the International Labour Union still considered Czechoslovakia their member, but some – like the Universal Postal Union – admitted Slovakia.","Millatlar Ligasi yoki Xalqaro Mehnat Ittifoqi kabi ba'zi xalqaro tashkilotlar hali ham Chexoslovakiyani o'zlarining a'zolari deb bilishgan, ammo ba'zilari - Umumjahon pochta ittifoqi - Slovakiyani qabul qilgan.",wikimedia,v20260327,1003567,Upstream Wikimedia terms vary; commonly CC BY-SA/GFDL,attribution_sharealike_legal_review_required,https://object.pouta.csc.fi/OPUS-wikimedia/v20260327/moses/en-uz.txt.zip,0.9544654,correct,1.0,,0.9749559700000001
d8b191fa7f06db980dc4,"Retrieved May 7, 2017. ↑ ""Leo Awards, 2017 Winners by Name"". leoawards.com.","Qaraldi: 7-may 2017-yil. ↑ „Leo Awards, 2017 Winners by Name“. leoawards.com.",wikimedia,v20260327,312394,Upstream Wikimedia terms vary; commonly CC BY-SA/GFDL,attribution_sharealike_legal_review_required,https://object.pouta.csc.fi/OPUS-wikimedia/v20260327/moses/en-uz.txt.zip,0.96832,correct,1.0,,0.9825760000000001
adbf669e9d35ae3b5bad,"Uğur Tütüneker (born 2 August 1963 in Bursa, Turkey) is a Turkish former footballer and manager who most recently served as the manager of Adana Demirspor.","Uğur Tütüneker (1963-yil 2-avgustda Bursa, Turkiyada tug'ilgan) — turkiyalik sobiq futbolchi va murabbiy, Adana Demirspor bosh murabbiyi sifatida ishlagan.",wikimedia,v20260327,336378,Upstream Wikimedia terms vary; commonly CC BY-SA/GFDL,attribution_sharealike_legal_review_required,https://object.pouta.csc.fi/OPUS-wikimedia/v20260327/moses/en-uz.txt.zip,0.9679594,correct,1.0,,0.98237767
8e1bb0494c11b4462d8e,"Retrieved December 23, 2015. ↑ ""Daniel Bomberg's 16th-century printing of the Talmud sells for $9.3 mill"".",Qaraldi: 23-dekabr 2015-yil. ↑ „Daniel Bomberg's 16th-century printing of the Talmud sells for $9.3 mill“.,wikimedia,v20260327,865622,Upstream Wikimedia terms vary; commonly CC BY-SA/GFDL,attribution_sharealike_legal_review_required,https://object.pouta.csc.fi/OPUS-wikimedia/v20260327/moses/en-uz.txt.zip,0.97019595,correct,1.0,,0.9836077725000001
9d0de8ca52d613df42e9,"In July 2011, he moved to another Greek Superleague club, Kerkyra.",2011-yil iyul oyida u Gretsiya Superligasining boshqa klubi Kerkiraga o'tdi.,wikimedia,v20260327,669796,Upstream Wikimedia terms vary; commonly CC BY-SA/GFDL,attribution_sharealike_legal_review_required,https://object.pouta.csc.fi/OPUS-wikimedia/v20260327/moses/en-uz.txt.zip,0.955493,correct,1.0,,0.9755211500000001
fc7c70571a62160e7ad1,Collier & Catherine Calvert in The Heart of Maryland (1921),Collier & Catherine Calvert The Heart of Maryland filmida (1921),wikimedia,v20260327,811041,Upstream Wikimedia terms vary; commonly CC BY-SA/GFDL,attribution_sharealike_legal_review_required,https://object.pouta.csc.fi/OPUS-wikimedia/v20260327/moses/en-uz.txt.zip,0.9731877,correct,1.0,,0.9852532350000001
f1f6e95d0d0a0de9a760,"Tartokas is a village in Jonava district municipality, in Kaunas County, in central Lithuania.",Tartokas — Litvaning markaziy qismidagi Kaunas okrugidagi Jonava tumani munitsipalitetidagi qishloq.,wikimedia,v20260327,808158,Upstream Wikimedia terms vary; commonly CC BY-SA/GFDL,attribution_sharealike_legal_review_required,https://object.pouta.csc.fi/OPUS-wikimedia/v20260327/moses/en-uz.txt.zip,0.96291983,correct,1.0,,0.9796059065
539f1be09cfdf3d32db7,Meitetsu – Inuyama Line,Meitetsu - Inuyama liniyasi,wikimedia,v20260327,902408,Upstream Wikimedia terms vary; commonly CC BY-SA/GFDL,attribution_sharealike_legal_review_required,https://object.pouta.csc.fi/OPUS-wikimedia/v20260327/moses/en-uz.txt.zip,0.957784,correct,1.0,,0.9767812
c7978a75e58f36f5b9cf,Kızılmezraa is a village in the İmranlı District of Sivas Province in Turkey.[1] It is populated by Kurds and had a population of 49 in 2023.[2][3],"Kızılmezraa — Turkiyaning Sivas viloyati İmranli tumaniga qarashli qishloq[1]. Aholisi kurdlar boʻlib, 2023-yilda 49 kishidan iborat edi[2][3].",wikimedia,v20260327,1344949,Upstream Wikimedia terms vary; commonly CC BY-SA/GFDL,attribution_sharealike_legal_review_required,https://object.pouta.csc.fi/OPUS-wikimedia/v20260327/moses/en-uz.txt.zip,0.96380126,correct,1.0,,0.980090693
46a1af6fcc753f604f7f,AFC Champions League (Official) Facebook Page. 15 November 2013.,AFC Champions League (Official) Facebook Page (15-noyabr 2013-yil).,wikimedia,v20260327,1121880,Upstream Wikimedia terms vary; commonly CC BY-SA/GFDL,attribution_sharealike_legal_review_required,https://object.pouta.csc.fi/OPUS-wikimedia/v20260327/moses/en-uz.txt.zip,0.96394074,correct,1.0,,0.9801674069999999
8c608114cb8f48e2fbe4,"Heather Butler (born November 7, 1993) is an American professional basketball player and coach.",Heather Butler (1993-yil 7-noyabrda tug'ilgan) - amerikalik professional basketbolchi va murabbiy.,wikimedia,v20260327,131204,Upstream Wikimedia terms vary; commonly CC BY-SA/GFDL,attribution_sharealike_legal_review_required,https://object.pouta.csc.fi/OPUS-wikimedia/v20260327/moses/en-uz.txt.zip,0.9804937,correct,1.0,,0.9892715350000001
72a95776033d07c36ff2,"Leppälampi (Finnish pronunciation: [ˈlepːæˌlɑmpi]; literally translated the ""alder pond"") is a village in Nurmijärvi municipality in Uusimaa, Finland.","Leppälampi (fincha talaffuzi: [ˈlepːæˌlɑmpi]; so'zma-so'z tarjima qilingan ""alder hovuzi"") - Finlandiyaning Uusimaa shahridagi Nurmijärvi munitsipalitetida joylashgan qishloq.",wikimedia,v20260327,817172,Upstream Wikimedia terms vary; commonly CC BY-SA/GFDL,attribution_sharealike_legal_review_required,https://object.pouta.csc.fi/OPUS-wikimedia/v20260327/moses/en-uz.txt.zip,0.96282095,correct,1.0,,0.9795515225
7c6f39e68c831b11b1b8,"In 2005, he left England and signed a contract in Azerbaijan with FK Baku.",2005-yilda Angliyani tark etdi va Ozarbayjonda FK Baku bilan shartnoma imzoladi.,wikimedia,v20260327,925973,Upstream Wikimedia terms vary; commonly CC BY-SA/GFDL,attribution_sharealike_legal_review_required,https://object.pouta.csc.fi/OPUS-wikimedia/v20260327/moses/en-uz.txt.zip,0.96818763,correct,1.0,,0.9825031965
14e2f7871420f63b6ef9,"Margalit Ruth Gyllenhaal[lower-alpha 1][1][2][3] (/ˈdʒɪlənhɔːl/;[4] born November 16, 1977), known as Maggie Gyllenhaal,[5] is an American actress and filmmaker.","Margalit Rut Gyllenhaal[lower-alpha 1][1][2][3] (/ˈ dʒ ɪ l ə n h ɔː l /[4], 1977-yil 16-noyabrda tug'ilgan), Meggi Gyllenhaal nomi bilan tanilgan[5] amerikalik aktrisa va kinorejissyor.",wikimedia,v20260327,644975,Upstream Wikimedia terms vary; commonly CC BY-SA/GFDL,attribution_sharealike_legal_review_required,https://object.pouta.csc.fi/OPUS-wikimedia/v20260327/moses/en-uz.txt.zip,0.97045183,correct,1.0,,0.9837485065
35d22b8cd142b9dd97a8,"Paul: Yes, thanks.","Pol : Ha, rahmat.",wikimedia,v20260327,1009859,Upstream Wikimedia terms vary; commonly CC BY-SA/GFDL,attribution_sharealike_legal_review_required,https://object.pouta.csc.fi/OPUS-wikimedia/v20260327/moses/en-uz.txt.zip,0.9534117,correct,1.0,,0.9743764349999999
ee35bc659fa5edc361a6,Spreng[2] Synonyms Houttinia Neck.,Spreng[2] Sinonimlar Houttinia Neck.,wikimedia,v20260327,470780,Upstream Wikimedia terms vary; commonly CC BY-SA/GFDL,attribution_sharealike_legal_review_required,https://object.pouta.csc.fi/OPUS-wikimedia/v20260327/moses/en-uz.txt.zip,0.98206043,correct,1.0,,0.9901332365
7297bc7987032a6c67c0,Uwe Rahn (born 21 May 1962) is a German former professional footballer who played as an attacking midfielder.,"Uwe Rahn (1962-yil 21-mayda tugʻilgan) — nemis sobiq professional futbolchisi, hujumkor yarim himoyachi sifatida to'p surgan.",wikimedia,v20260327,907543,Upstream Wikimedia terms vary; commonly CC BY-SA/GFDL,attribution_sharealike_legal_review_required,https://object.pouta.csc.fi/OPUS-wikimedia/v20260327/moses/en-uz.txt.zip,0.9631023,correct,1.0,,0.9797062650000001
9b44e2a90a87c5a1e4cb,Kırankışla is a village in the Sungurlu District of Çorum Province in Turkey.[1] Its population is 103 (2022).[2],Qirankishla — Turkiyaning Choʻrum viloyati Sungurlu tumaniga qarashli qishloq[1]. Aholisi 103 nafar (2022)[2].,wikimedia,v20260327,1036184,Upstream Wikimedia terms vary; commonly CC BY-SA/GFDL,attribution_sharealike_legal_review_required,https://object.pouta.csc.fi/OPUS-wikimedia/v20260327/moses/en-uz.txt.zip,0.9536476,correct,1.0,,0.9745061800000001
6fff2cfcf23c6f4a2c60,"She has won an Ananda Vikatan Cinema Award, a SIIMA Award, and a London Asian Film Festival award.","U Ananda Vikatan Cinema Award, SIIMA mukofoti va London Asian Film Festival mukofotini qo'lga kiritdi.",wikimedia,v20260327,136768,Upstream Wikimedia terms vary; commonly CC BY-SA/GFDL,attribution_sharealike_legal_review_required,https://object.pouta.csc.fi/OPUS-wikimedia/v20260327/moses/en-uz.txt.zip,0.9633872,correct,1.0,,0.97986296
26e4e806750c56596160,"In 2016, Cordeiro joined Kitchee as an assistant coach.",2016-yilda Cordeiro Kitcheega yordamchi murabbiy sifatida qo'shilgan.,wikimedia,v20260327,706956,Upstream Wikimedia terms vary; commonly CC BY-SA/GFDL,attribution_sharealike_legal_review_required,https://object.pouta.csc.fi/OPUS-wikimedia/v20260327/moses/en-uz.txt.zip,0.95354235,correct,1.0,,0.9744482925
8b5da61c52233ca76eb0,"Mehmed III Giray (1584–1629, reigned 1623–1628) was a khan of the Crimean Khanate.","Mehmed III Giray (1584—1629, hukmronlik qilgan 1623—1628) — Qrim xonligi xoni .",wikimedia,v20260327,70393,Upstream Wikimedia terms vary; commonly CC BY-SA/GFDL,attribution_sharealike_legal_review_required,https://object.pouta.csc.fi/OPUS-wikimedia/v20260327/moses/en-uz.txt.zip,0.96094173,correct,1.0,,0.9785179515
326b1270933788312198,Eren Derdiyok (born 12 June 1988) is a Swiss professional footballer who plays as a striker.,"Eren Derdiyok (1988-yil 12-iyunda tug'ilgan) — Shveytsariyalik professional futbolchi, hujumchi sifatida oʻynaydi.",wikimedia,v20260327,1003960,Upstream Wikimedia terms vary; commonly CC BY-SA/GFDL,attribution_sharealike_legal_review_required,https://object.pouta.csc.fi/OPUS-wikimedia/v20260327/moses/en-uz.txt.zip,0.9596065,correct,1.0,,0.9777835750000001
2b7963a074a13e81b3e4,"Örencik is a neighbourhood in the municipality and district of Bozdoğan, Aydın Province, Turkey.[1] Its population is 407 (2022).[2]",Örencik – Turkiyaning Aydin viloyati Bozdoğan tumaniga qarashli mahalla[1]. Aholisi 407 nafar (2022)[2].,wikimedia,v20260327,1250927,Upstream Wikimedia terms vary; commonly CC BY-SA/GFDL,attribution_sharealike_legal_review_required,https://object.pouta.csc.fi/OPUS-wikimedia/v20260327/moses/en-uz.txt.zip,0.95535094,correct,1.0,,0.9754430170000001
2553f3b61529db8341f0,"Retrieved 3 October 2008. ↑ Almantas 'Almis' Lauzadis. ""Lithuanian National Team All Players"".",Qaraldi: 3-oktabr 2008-yil. ↑ Almantas 'Almis' Lauzadis. „Lithuanian National Team All Players“.,wikimedia,v20260327,1075171,Upstream Wikimedia terms vary; commonly CC BY-SA/GFDL,attribution_sharealike_legal_review_required,https://object.pouta.csc.fi/OPUS-wikimedia/v20260327/moses/en-uz.txt.zip,0.95980316,correct,1.0,,0.9778917380000001
54bf49de3bfbe3d9f318,"Anadolu Isuzu (officially Anadolu Isuzu Automotive Industry & Trading A.Ş.) is a joint venture company based in Istanbul, Turkey.",Anadolu Isuzu (rasmiy ravishda Anadolu Isuzu avtomobil sanoati va savdo aktsiyadorlik kompaniyasi)- Turkiyaning Istanbul shahrida joylashgan qo'shma korxona.,wikimedia,v20260327,5444,Upstream Wikimedia terms vary; commonly CC BY-SA/GFDL,attribution_sharealike_legal_review_required,https://object.pouta.csc.fi/OPUS-wikimedia/v20260327/moses/en-uz.txt.zip,0.9644316,correct,1.0,,0.9804373800000001
929aa9139f4e398d8a3a,"He began his amateur MMA career while in college, turned professional in 2011 and joined the World Series of Fighting (WSOF) in 2013, where he became Lightweight Champion.",U o'zining havaskor MMA karerasini kollejda o'qib yurganida boshlagan. 2011 yilda professionalga aylandi va 2013 yilda Butunjahon janglar seriyasiga (WSOF) qo'shildi va u yerda yengil vazn toifasida chempion bo'ldi.,wikimedia,v20260327,183063,Upstream Wikimedia terms vary; commonly CC BY-SA/GFDL,attribution_sharealike_legal_review_required,https://object.pouta.csc.fi/OPUS-wikimedia/v20260327/moses/en-uz.txt.zip,0.9681405,correct,1.0,,0.9824772749999999
235c810778a14d273e6e,The average annual temperature in Isesaki is 14.5 °C. The average annual rainfall is 1256 mm with September as the wettest month.,"Isesakida o'rtacha yillik harorat 14,5 °C ni tashkil etadi. Yillik oʻrtacha yogʻin miqdori 1256 mm bo'lib, sentyabr esa eng seryog'in oy hisoblanadi.",wikimedia,v20260327,685869,Upstream Wikimedia terms vary; commonly CC BY-SA/GFDL,attribution_sharealike_legal_review_required,https://object.pouta.csc.fi/OPUS-wikimedia/v20260327/moses/en-uz.txt.zip,0.95644104,correct,1.0,,0.9760425720000001
5f7358d68eff8b154af0,Bondarenko gave birth to her second child in 2019.,Bondarenko ikkinchi farzandini 2019-yilda dunyoga keltirdi.,wikimedia,v20260327,519614,Upstream Wikimedia terms vary; commonly CC BY-SA/GFDL,attribution_sharealike_legal_review_required,https://object.pouta.csc.fi/OPUS-wikimedia/v20260327/moses/en-uz.txt.zip,0.9560678,correct,1.0,,0.9758372900000001
a9e2b1f50d95471aeb35,"Completed in 1857, the structure took the place of a two storey timber palace built during the reign of Mahmud I (1696–1754) by his Grand Vizier Divittar Mehmed Pasha, then successively used by Selim III (1761–1808) and Mahmud II (1785–1839).",1857-yilda qurib bitkazilgan. Ushbu inshoot Mahmud I davrida (1696–1754) uning vazirlari Divittor Mehmed posho tomonidan qurilgan va keyingi hukmdorlar Salim III (1761–1808) va Mahmud II (1785–1839) tomonidan ketma-ket foydalanilgan ikki qavatli yogʻoch saroy oʻrnini egalladi.,wikimedia,v20260327,67654,Upstream Wikimedia terms vary; commonly CC BY-SA/GFDL,attribution_sharealike_legal_review_required,https://object.pouta.csc.fi/OPUS-wikimedia/v20260327/moses/en-uz.txt.zip,0.9547514,correct,1.0,,0.97511327
b9bd4961b4d9df75a104,Until 1984 Orativ was a village.,1984-yilgacha Orativ qishloq edi.,wikimedia,v20260327,832544,Upstream Wikimedia terms vary; commonly CC BY-SA/GFDL,attribution_sharealike_legal_review_required,https://object.pouta.csc.fi/OPUS-wikimedia/v20260327/moses/en-uz.txt.zip,0.9579414,correct,1.0,,0.9768677700000001
7bf048f8457ae2aacd18,Bundesliga 5 0 0 0 — 5 0 Malmö FF 2020 Allsvenskan 3 0 0 0 0 0 3 0 2021 Allsvenskan 14 0 3 0 6 0 23 0 Total 17 0 3 0 6 0 26 0 Career total 104 5 18 2 10 0 132 7,Bundesliga 5 0 0 0 — 5 0 Malmö FF 2020 Allsvenskan 3 0 0 0 0 0 3 0 2021 Allsvenskan 14 0 3 0 6 0 23 0 Jami 17 0 3 0 6 0 26 0 Jami faoliyati 104 5 18 2 10 0 132 7,wikimedia,v20260327,685771,Upstream Wikimedia terms vary; commonly CC BY-SA/GFDL,attribution_sharealike_legal_review_required,https://object.pouta.csc.fi/OPUS-wikimedia/v20260327/moses/en-uz.txt.zip,0.9712302,correct,1.0,,0.98417661
57cf313dfd9431f58546,"1971 Sydney Outdoor, Australia Hard John Alexander Mal Anderson Alex Metreveli 6–7, 2–6, 6–3, 7–6, 7–6 Win 3.","1971 Sydney Outdoor, Australia Qattiq John Alexander Mal Anderson Alex Metreveli 6–7, 2–6, 6–3, 7–6, 7–6 G`alaba 3.",wikimedia,v20260327,197622,Upstream Wikimedia terms vary; commonly CC BY-SA/GFDL,attribution_sharealike_legal_review_required,https://object.pouta.csc.fi/OPUS-wikimedia/v20260327/moses/en-uz.txt.zip,0.9827695,correct,1.0,,0.990523225
c7f312fcdd9a898ffff1,"(December 12, 1912 – October 24, 1988) was an American professional boxer and a world boxing champion who fought under the name Henry Armstrong.",(1912-yil 12-dekabr - 1988-yil 24 oktyabr) amerikalik professional bokschi va HenryArmstrong nomi ostida jang qilgan boks bo'yicha jahon chempioni edi.,wikimedia,v20260327,312947,Upstream Wikimedia terms vary; commonly CC BY-SA/GFDL,attribution_sharealike_legal_review_required,https://object.pouta.csc.fi/OPUS-wikimedia/v20260327/moses/en-uz.txt.zip,0.9574494,correct,1.0,,0.97659717
4877de2f71e5438083e2,"Zeytinçukuru is a neighbourhood in the municipality and district of Mut, Mersin Province, Turkey.[1] Its population is 104 (2022).[2] It is situated to the west of Mut on the road to Ermenek.","Zeytinçukuru Turkiyaning Mersin viloyati Mut tumanida joylashgan mahalladir[1]. Aholisi 104 nafar (2022)[2]. Mutning g'arbiy tomonida, Ermenek yo'lida joylashgan.",wikimedia,v20260327,1304974,Upstream Wikimedia terms vary; commonly CC BY-SA/GFDL,attribution_sharealike_legal_review_required,https://object.pouta.csc.fi/OPUS-wikimedia/v20260327/moses/en-uz.txt.zip,0.95699775,correct,1.0,,0.9763487625
337f0fddfdeb67b1cdde,"In 2012, Arfwedson starred in a television commercial for travel website Secret Escapes.",2012-yilda Arfwedson Secret Escapes sayohat vebsayti uchun televizion reklama roligida rol o'ynadi.,wikimedia,v20260327,202876,Upstream Wikimedia terms vary; commonly CC BY-SA/GFDL,attribution_sharealike_legal_review_required,https://object.pouta.csc.fi/OPUS-wikimedia/v20260327/moses/en-uz.txt.zip,0.953151,correct,1.0,,0.97423305
ffa892acd533a5e95bc4,"Webber first appeared for the United States women's national soccer team on August 14, 1992 at the age of 21 in a game against Norway.",Webber birinchi marta 1992-yil 14-avgustda 21 yoshida Norvegiyaga qarshi o'yinda AQSh ayollar terma jamoasi safida maydonga tushgan.,wikimedia,v20260327,342124,Upstream Wikimedia terms vary; commonly CC BY-SA/GFDL,attribution_sharealike_legal_review_required,https://object.pouta.csc.fi/OPUS-wikimedia/v20260327/moses/en-uz.txt.zip,0.95675284,correct,1.0,,0.9762140620000002
2a22495cb8e532148842,"Retrieved 24 March 2015. ↑ ""Bangladesh tea prices edge up on strong demand"".",Qaraldi: 24-mart 2015-yil. ↑ „Bangladesh tea prices edge up on strong demand“.,wikimedia,v20260327,1155330,Upstream Wikimedia terms vary; commonly CC BY-SA/GFDL,attribution_sharealike_legal_review_required,https://object.pouta.csc.fi/OPUS-wikimedia/v20260327/moses/en-uz.txt.zip,0.9545708,correct,1.0,,0.9750139400000002
b25502f8ad01bec73ffc,"Enos Edward ""Yakima"" Canutt (November 29, 1895 – May 24, 1986) was an American champion rodeo rider, actor, stuntman, and action director.","Enos Edward ""Yakima"" Canutt (1895-yil 29-noyabr - 1986-yil 24-may) - Amerika chempioni rodeo chavandozi, aktyor, kaskadyor va rejissyor.",wikimedia,v20260327,789502,Upstream Wikimedia terms vary; commonly CC BY-SA/GFDL,attribution_sharealike_legal_review_required,https://object.pouta.csc.fi/OPUS-wikimedia/v20260327/moses/en-uz.txt.zip,0.9592114,correct,1.0,,0.9775662700000001
fcec11edd1b997af4eff,"Heme oxygenase 1 (HMOX1, commonly HO-1) is a member of the heat shock protein (HSP) family identified as HSP32.","Geme oksigenaza 1 (HMOX1, odatda HO-1) HSP32 sifatida aniqlangan issiqlik zarbasi oqsili (HSP) oilasining aʼzosidir.",wikimedia,v20260327,216846,Upstream Wikimedia terms vary; commonly CC BY-SA/GFDL,attribution_sharealike_legal_review_required,https://object.pouta.csc.fi/OPUS-wikimedia/v20260327/moses/en-uz.txt.zip,0.9603132,correct,1.0,,0.97817226
13ce5ce627d95ecc85ec,Sarıbeyli is a village in the Çanakkale District of Çanakkale Province in Turkey.[1] Its population is 53 (2021).[2],Sarıbeyli — Turkiyaning Çanakkale viloyati Chanoqqalʼa tumaniga qarashli qishloq[1]. Aholisi 53 nafar (2021)[2].,wikimedia,v20260327,1062240,Upstream Wikimedia terms vary; commonly CC BY-SA/GFDL,attribution_sharealike_legal_review_required,https://object.pouta.csc.fi/OPUS-wikimedia/v20260327/moses/en-uz.txt.zip,0.9578764,correct,1.0,,0.97683202
117a5fdca3920e1c9327,His professional record is 39-7 (20 by KO).,Uning professional rekordi 39-7 (20 ta KO).,wikimedia,v20260327,314456,Upstream Wikimedia terms vary; commonly CC BY-SA/GFDL,attribution_sharealike_legal_review_required,https://object.pouta.csc.fi/OPUS-wikimedia/v20260327/moses/en-uz.txt.zip,0.9606512,correct,1.0,,0.97835816
72278bcfcb4daaecdf6d,Results of the 2011 Finnish parliamentary election in Pukkila:,Pukkila shahrida 2011 yil Finlyandiya parlamenti saylovlari natijalari:,wikimedia,v20260327,1034969,Upstream Wikimedia terms vary; commonly CC BY-SA/GFDL,attribution_sharealike_legal_review_required,https://object.pouta.csc.fi/OPUS-wikimedia/v20260327/moses/en-uz.txt.zip,0.9619083,correct,1.0,,0.9790495650000002
5f108fe4710b62bb6401,"Retrieved 10 July 2015. ↑ ""Interview with Alina Kashlinskaya"".","Qaraldi: 10-iyul 2015-yil. ↑ ""Interview with Alina Kashlinskaya"".",wikimedia,v20260327,325625,Upstream Wikimedia terms vary; commonly CC BY-SA/GFDL,attribution_sharealike_legal_review_required,https://object.pouta.csc.fi/OPUS-wikimedia/v20260327/moses/en-uz.txt.zip,0.96789646,correct,1.0,,0.9823430530000001
f72ebb68abb0af574d5b,"Nicks released her second solo album, The Wild Heart, on June 10, 1983.","Nicks o'zining ikkinchi yakkaxon albomi "" The Wild Heart"" ni 1983-yil 10 iyunda chiqardi.",wikimedia,v20260327,498758,Upstream Wikimedia terms vary; commonly CC BY-SA/GFDL,attribution_sharealike_legal_review_required,https://object.pouta.csc.fi/OPUS-wikimedia/v20260327/moses/en-uz.txt.zip,0.9567099,correct,1.0,,0.9761904450000001
2410db7b06e914daea53,"Mohammed Fadi Beko (Arabic: محمد فادي بيكو; born 6 May 1991), commonly known as Fadi Beko, is a Syrian footballer who plays for Samail SC in Oman First Division League.[1]","Muhammad Fadi Beko (1991-yil 6-mayda tug‘ilgan), odatda Fadi Beko nomi bilan tanilgan, suriyalik futbolchi, Ummon Birinchi ligasida Samail SC jamoasida o‘ynaydi. [1]",wikimedia,v20260327,277893,Upstream Wikimedia terms vary; commonly CC BY-SA/GFDL,attribution_sharealike_legal_review_required,https://object.pouta.csc.fi/OPUS-wikimedia/v20260327/moses/en-uz.txt.zip,0.95393384,correct,1.0,,0.9746636120000001
ec8667c5b8e63c09fdb6,Year Team Event GP G A Pts PIM 1977 Canada WC 10 1 3 4 33 Senior totals 10 1 3 4 33,Yil Jamoa Tadbir GP G A Pts PIM 1977 Canada WC 10 1 3 4 33 Kattalar yig'indisi 10 1 3 4 33,wikimedia,v20260327,770124,Upstream Wikimedia terms vary; commonly CC BY-SA/GFDL,attribution_sharealike_legal_review_required,https://object.pouta.csc.fi/OPUS-wikimedia/v20260327/moses/en-uz.txt.zip,0.95305896,correct,1.0,,0.974182428
8240789c7fcfa3127119,He was also a semifinalist at the Indonesia Masters Super 100 event in Bangka Belitung.,"Shuningdek, u Bangka Belitung shahrida bo‘lib o‘tgan Indonesia Masters Super 100 musobaqasining yarim finalchisi ham bo‘lgan.",wikimedia,v20260327,394603,Upstream Wikimedia terms vary; commonly CC BY-SA/GFDL,attribution_sharealike_legal_review_required,https://object.pouta.csc.fi/OPUS-wikimedia/v20260327/moses/en-uz.txt.zip,0.9650363,correct,1.0,,0.9807699650000001
13e5bf58b06c696782fd,"Translation of a paper entitled ""Die schizoiden Psychopathien im Kindesalter"" by Dr. G. E. Ssucharewa; scientific assistant, which appeared in 1926 in the Monatsschrift für Psychiatrie und Neurologie 60:235-261"".","Translation of a paper entitled ""Die schizoiden Psychopathien im Kindesalter"" by Dr. G. E. Ssucharewa; scientific assistant, which appeared in 1926 in the Monatsschrift für Psychiatrie und Neurologie 60:235-261"" (en).",wikimedia,v20260327,518384,Upstream Wikimedia terms vary; commonly CC BY-SA/GFDL,attribution_sharealike_legal_review_required,https://object.pouta.csc.fi/OPUS-wikimedia/v20260327/moses/en-uz.txt.zip,0.9951046,correct,1.0,,0.99730753
0a67a31fbd866160d7d7,Bobbarlanka is a village in Krishna district of the Indian state of Andhra Pradesh.,Bobbarlanka - Hindistonning Andxra Pradesh shtatida joylashgan Krishna tumanidagi qishloq hisoblanadi.,wikimedia,v20260327,1049992,Upstream Wikimedia terms vary; commonly CC BY-SA/GFDL,attribution_sharealike_legal_review_required,https://object.pouta.csc.fi/OPUS-wikimedia/v20260327/moses/en-uz.txt.zip,0.9606203,correct,1.0,,0.978341165
caa2d594c3dd0263bf4c,"In 2008, he moved to Cruzeiro, but returned to his former side Villa Nova on loan in the following year.","2008-yilda u Cruzeiro klubiga ko'chib o'tdi, ammo keyingi yili ijara asosida sobiq jamoasi Villa Nova klubiga qaytdi.",wikimedia,v20260327,225527,Upstream Wikimedia terms vary; commonly CC BY-SA/GFDL,attribution_sharealike_legal_review_required,https://object.pouta.csc.fi/OPUS-wikimedia/v20260327/moses/en-uz.txt.zip,0.96079415,correct,1.0,,0.9784367825
efa6ac0a9cda5fdecd1f,Łukasz Kaczmarek (born 29 June 1994) is a Polish professional volleyball player.,Lukasz Kaczmarek (1994-yil 29-iyunda tug'ilgan) - polshalik professional voleybolchi.,wikimedia,v20260327,813129,Upstream Wikimedia terms vary; commonly CC BY-SA/GFDL,attribution_sharealike_legal_review_required,https://object.pouta.csc.fi/OPUS-wikimedia/v20260327/moses/en-uz.txt.zip,0.9575408,correct,1.0,,0.97664744
7b5cd56b259b2d87a981,Other places,Boshqa joylar,wikimedia,v20260327,1270642,Upstream Wikimedia terms vary; commonly CC BY-SA/GFDL,attribution_sharealike_legal_review_required,https://object.pouta.csc.fi/OPUS-wikimedia/v20260327/moses/en-uz.txt.zip,0.9842226,correct,1.0,,0.9913224300000001
ab562ba61f36adfa4d45,"23 May 2012 Atatürk Olympic Stadium, Istanbul Sierra Leone 1–0 1–0 Friendly 17.","23-may, 2012 Atatürk Olympic Stadium, Istanbul Syerra Leone 1–0 1–0 O'rtoqlik o'yini 17.",wikimedia,v20260327,309897,Upstream Wikimedia terms vary; commonly CC BY-SA/GFDL,attribution_sharealike_legal_review_required,https://object.pouta.csc.fi/OPUS-wikimedia/v20260327/moses/en-uz.txt.zip,0.9638877,correct,1.0,,0.9801382350000001
3818832bf651b25853dd,"12 February 2002 Makario Stadium, Nicosia Cyprus 1–1 1–1 Friendly 7.","2002-yil 12-fevral Makario stadioni, Nikosiya Cyprus 1–1 1–1 O'rtoqlik uchrashuvi 7.",wikimedia,v20260327,571977,Upstream Wikimedia terms vary; commonly CC BY-SA/GFDL,attribution_sharealike_legal_review_required,https://object.pouta.csc.fi/OPUS-wikimedia/v20260327/moses/en-uz.txt.zip,0.95962477,correct,1.0,,0.9777936235
065469425194f7adac29,"Retrieved 15 December 2017. ↑ ""Ceremonies: State visits"".",Qaraldi: 15-dekabr 2017-yil. ↑ „Ceremonies: State visits“.,wikimedia,v20260327,606583,Upstream Wikimedia terms vary; commonly CC BY-SA/GFDL,attribution_sharealike_legal_review_required,https://object.pouta.csc.fi/OPUS-wikimedia/v20260327/moses/en-uz.txt.zip,0.9723635,correct,1.0,,0.9847999250000001
6be34ae9c24a5bb042cd,"Sarah Elizabeth Rafanelli (born June 7, 1972) is an American retired soccer forward and former member of the United States women's national soccer team.",Sarah Elizabeth Rafanelli (1972-yil 7-iyunda tug'ilgan) - amerikalik nafaqadagi futbolchi va AQSh ayollar milliy futbol jamoasining sobiq a'zosi.,wikimedia,v20260327,370594,Upstream Wikimedia terms vary; commonly CC BY-SA/GFDL,attribution_sharealike_legal_review_required,https://object.pouta.csc.fi/OPUS-wikimedia/v20260327/moses/en-uz.txt.zip,0.9698725,correct,1.0,,0.9834298750000001
a35553c7b95242f63aa7,"– Sanhe, Hebei, China","– Sanhe, Hebei, Xitoy",wikimedia,v20260327,711905,Upstream Wikimedia terms vary; commonly CC BY-SA/GFDL,attribution_sharealike_legal_review_required,https://object.pouta.csc.fi/OPUS-wikimedia/v20260327/moses/en-uz.txt.zip,0.9839866,correct,1.0,,0.99119263
d36fe8413f4dc63c95fc,"Since 1973, it has been open to the public as Malta's National Museum of Natural History.",1973- yildan beri u Maltaning tabiiy tarix milliy muzeyi sifatida jamoatchilikka ochiq.,wikimedia,v20260327,710237,Upstream Wikimedia terms vary; commonly CC BY-SA/GFDL,attribution_sharealike_legal_review_required,https://object.pouta.csc.fi/OPUS-wikimedia/v20260327/moses/en-uz.txt.zip,0.957837,correct,1.0,,0.97681035
7bbcc649493999d18284,"In 2002, Mkrtchian won the silver medal in the European Individual Women's Championship in Varna, Bulgaria, scoring 8½/11 points.",2002-yilda Mkrtchian Bolgariyaning Varna shahrida bo'lib o'tgan ayollar o'rtasidagi individual Yevropa chempionatida 8½/11 ball to'plagan holda kumush medalni qo'lga kiritgan.,wikimedia,v20260327,518052,Upstream Wikimedia terms vary; commonly CC BY-SA/GFDL,attribution_sharealike_legal_review_required,https://object.pouta.csc.fi/OPUS-wikimedia/v20260327/moses/en-uz.txt.zip,0.9704918,correct,1.0,,0.9837704900000002
864e79bf32e77af063b7,"Additional features included the XBRITE LCD, integrated Wireless Wide Area Network (WWAN) technology and Bluetooth technology.","Qo'shimcha funktsiyalar qatoriga XBRITE LCD, integratsiyalangan Wireless Wide Area Network (WWAN) texnologiyasi va Bluetooth texnologiyasi kiradi.",wikimedia,v20260327,687975,Upstream Wikimedia terms vary; commonly CC BY-SA/GFDL,attribution_sharealike_legal_review_required,https://object.pouta.csc.fi/OPUS-wikimedia/v20260327/moses/en-uz.txt.zip,0.96671194,correct,1.0,,0.9816915670000002
24244e7f221aa36c9bac,"Andrew Tyler Hansbrough (born November 3, 1985) is an American professional basketball player for Cangrejeros de Santurce of the Baloncesto Superior Nacional.[1] He has played in the National Basketball Association (NBA) for seven seasons, as well as internationally.","Andrew Tyler Hansbrough (1985-yil 3-noyabrda tug'ilgan) ""Baloncesto Superior Nacional"" jamoasining Cangrejeros de Santursi uchun amerikalik professional basketbolchi[1]. U Milliy Basketbol Assotsiatsiyasida (NBA) yetti mavsum davomida, xalqaro miqyosda o'ynagan.",wikimedia,v20260327,1002156,Upstream Wikimedia terms vary; commonly CC BY-SA/GFDL,attribution_sharealike_legal_review_required,https://object.pouta.csc.fi/OPUS-wikimedia/v20260327/moses/en-uz.txt.zip,0.96019495,correct,1.0,,0.9781072225
a374fa150b29651d8725,Suat Kaya (born 26 August 1967) is a Turkish football manager and former player who was most recently the manager of Sakaryaspor.,"Suat Kaya (1967-yil 26-avgustda tug'ilgan) - turkiyalik futbol murabbiyi va sobiq futbolchi, ""Sakaryaspor"" klubini boshqargan.",wikimedia,v20260327,320197,Upstream Wikimedia terms vary; commonly CC BY-SA/GFDL,attribution_sharealike_legal_review_required,https://object.pouta.csc.fi/OPUS-wikimedia/v20260327/moses/en-uz.txt.zip,0.9642,correct,1.0,,0.98031
7b165bd598c4cbd37150,East Japan Railway Company - Oga Line,Sharqiy Yaponiya temir yo'l kompaniyasi - Oga liniyasi,wikimedia,v20260327,643588,Upstream Wikimedia terms vary; commonly CC BY-SA/GFDL,attribution_sharealike_legal_review_required,https://object.pouta.csc.fi/OPUS-wikimedia/v20260327/moses/en-uz.txt.zip,0.9585537,correct,1.0,,0.977204535
5ac0d677fa5a0cd8428e,"Its source is in the Taunus mountains, near the town Neu-Anspach.","Uning manbai Taunus tog'larida, Neu-Anspach shahri yaqinida joylashgan.",wikimedia,v20260327,1027987,Upstream Wikimedia terms vary; commonly CC BY-SA/GFDL,attribution_sharealike_legal_review_required,https://object.pouta.csc.fi/OPUS-wikimedia/v20260327/moses/en-uz.txt.zip,0.9652878,correct,1.0,,0.9809082900000001
3a1ab8e3d538ee3629fd,"Retrieved 20 February 2022. ↑ ""Games played by Nathan Collins in 2019/2020"".",Qaraldi: 20-fevral 2022-yil. ↑ „Games played by Nathan Collins in 2019/2020“.,wikimedia,v20260327,730457,Upstream Wikimedia terms vary; commonly CC BY-SA/GFDL,attribution_sharealike_legal_review_required,https://object.pouta.csc.fi/OPUS-wikimedia/v20260327/moses/en-uz.txt.zip,0.9613906,correct,1.0,,0.97876483
db22240d639f50063b28,1936 (Series FA and FD),1936-yil (FA va FD seriyalari),wikimedia,v20260327,677265,Upstream Wikimedia terms vary; commonly CC BY-SA/GFDL,attribution_sharealike_legal_review_required,https://object.pouta.csc.fi/OPUS-wikimedia/v20260327/moses/en-uz.txt.zip,0.96011084,correct,1.0,,0.978060962
5178a3b6c5cd37b5a339,"Jan Jonas Jakob ""Janne"" Eriksson (born 24 August 1967) is a Swedish former professional footballer who played as a defender.","Jan Jonas Jakob ""Janne"" Eriksson (24-avgust 1967-yilda tug'ilgan) - Shved sobiq professional futbolchisi, himoyachi sifatida o'ynagan.",wikimedia,v20260327,145807,Upstream Wikimedia terms vary; commonly CC BY-SA/GFDL,attribution_sharealike_legal_review_required,https://object.pouta.csc.fi/OPUS-wikimedia/v20260327/moses/en-uz.txt.zip,0.9762323,correct,1.0,,0.9869277650000001
9e2f1757f7461e8138f2,"After he defeated Shivaji II of Kolhapur in 1714, Sambhaji II son of Rajasbai became the Chhatrapati of Kolhapur.","1714-yilda u Kolxapurlik Shivaji II ni mag'lub etganidan so'ng, Rajasbayning o'g'li Sambhaji II Kolxapurning Chhatrapatisiga aylandi.",wikimedia,v20260327,479046,Upstream Wikimedia terms vary; commonly CC BY-SA/GFDL,attribution_sharealike_legal_review_required,https://object.pouta.csc.fi/OPUS-wikimedia/v20260327/moses/en-uz.txt.zip,0.9590209,correct,1.0,,0.977461495
784bbe28569ca446377c,"In 1985, Allstate began to move agents out of Sears stores and locate agents in neighborhood offices.",1985 yilda Allstate agentlarni Sears do‘konlaridan ko‘chirishni va agentlarni mahalla idoralarida joylashtirishni boshladi.,wikimedia,v20260327,198579,Upstream Wikimedia terms vary; commonly CC BY-SA/GFDL,attribution_sharealike_legal_review_required,https://object.pouta.csc.fi/OPUS-wikimedia/v20260327/moses/en-uz.txt.zip,0.9560372,correct,1.0,,0.97582046
eed0389942f2833deafc,"Sri Shiva Mailar Mallanna Temple is a Hindu temple dedicated to the god Khandoba (also known as Mailar Mallanna and a form of the god Shiva, in Mailar or Khanapur village).","Shri Shiva Mailar Mallanna ibodatxonasi - Xandoba xudosiga bag'ishlangan hind ibodatxonasi (shuningdek, Mailar Mallanna nomi bilan ham tanilgan va Mailar yoki Khanapur qishlog'idagi Shiva xudosining bir shakli ekan).",wikimedia,v20260327,691925,Upstream Wikimedia terms vary; commonly CC BY-SA/GFDL,attribution_sharealike_legal_review_required,https://object.pouta.csc.fi/OPUS-wikimedia/v20260327/moses/en-uz.txt.zip,0.9582288,correct,1.0,,0.97702584
b239ddaa2cca91962454,"The municipality also contained the villages Battlehausen, Kaltenbrunnen, Maltbach and Wildern.","Munitsipalitet, shuningdek, Battlehausen, Kaltenbrunnen, Maltbach va Wildern qishloqlarini o'z ichiga olgan.",wikimedia,v20260327,1069263,Upstream Wikimedia terms vary; commonly CC BY-SA/GFDL,attribution_sharealike_legal_review_required,https://object.pouta.csc.fi/OPUS-wikimedia/v20260327/moses/en-uz.txt.zip,0.97955203,correct,1.0,,0.9887536165000002
95be0bce712d2b84e19e,"In his next fight, he defeated Patrick Ford (15–0) .",Keyingi jangida u Patrik Fordni mag'lub etdi (15-0).,wikimedia,v20260327,953909,Upstream Wikimedia terms vary; commonly CC BY-SA/GFDL,attribution_sharealike_legal_review_required,https://object.pouta.csc.fi/OPUS-wikimedia/v20260327/moses/en-uz.txt.zip,0.9656844,correct,1.0,,0.98112642
b54c22db849d98046276,"He returned to Britain during World War II, and worked as a defence contractor at Vickers-Armstrongs.",U Ikkinchi Jahon Urushi paytida Britaniyaga qaytib keldi va Vickers-Armstrongsda mudofaa pudratchisi bo'lib ishladi.,wikimedia,v20260327,32085,Upstream Wikimedia terms vary; commonly CC BY-SA/GFDL,attribution_sharealike_legal_review_required,https://object.pouta.csc.fi/OPUS-wikimedia/v20260327/moses/en-uz.txt.zip,0.95416224,correct,1.0,,0.974789232
3e5b0aa8254c4c9f396a,"Retrieved 14 November 2017. ↑ ""Google's Nest Spreading Its Wings, But How Far?"".","Qaraldi: 14-noyabr 2017-yil. ↑ „Google's Nest Spreading Its Wings, But How Far?“.",wikimedia,v20260327,886360,Upstream Wikimedia terms vary; commonly CC BY-SA/GFDL,attribution_sharealike_legal_review_required,https://object.pouta.csc.fi/OPUS-wikimedia/v20260327/moses/en-uz.txt.zip,0.96065176,correct,1.0,,0.9783584679999999
5461c0105bb12ee9c439,Works by Solomon C. Fuller,Solomon C. Fullerning asarlari,wikimedia,v20260327,523163,Upstream Wikimedia terms vary; commonly CC BY-SA/GFDL,attribution_sharealike_legal_review_required,https://object.pouta.csc.fi/OPUS-wikimedia/v20260327/moses/en-uz.txt.zip,0.96460956,correct,1.0,,0.980535258
059ccd9aa2625730c0bb,"Andrey Rublev 7 US Open, United States Hard 3R 4–6, 6–3, 7–6(8–6), 4–6, 6–1 50 7.","Andrey Rublev 7 US Open, Amerika Qo'shma Shtatlari Qattiq 3R 4–6, 6–3, 7–6 (8–6), 4–6, 6–1 50 7.",wikimedia,v20260327,222937,Upstream Wikimedia terms vary; commonly CC BY-SA/GFDL,attribution_sharealike_legal_review_required,https://object.pouta.csc.fi/OPUS-wikimedia/v20260327/moses/en-uz.txt.zip,0.98641664,correct,1.0,,0.9925291520000001
1b49188892c8f954939d,She was also the EVA capcom for the STS-117 mission in 2007.,"U, shuningdek, 2007-yilda STS-117 missiyasi uchun EVA capcomi bo'lgan.",wikimedia,v20260327,588194,Upstream Wikimedia terms vary; commonly CC BY-SA/GFDL,attribution_sharealike_legal_review_required,https://object.pouta.csc.fi/OPUS-wikimedia/v20260327/moses/en-uz.txt.zip,0.96098995,correct,1.0,,0.9785444725000001
1f66fb529685fd00e342,"Herbert Johanson (1884–1964), architect Gerli Padar (born 1979), singer Tanel Padar (born 1980), singer Rain Veideman (born 1991), basketball player Kadri Voorand, singer Peeter Tooming, photographer Jaan Tooming, writer","Herbert Johanson (1884-1964), arxitektor Gerli Padar (1979 yilda tug'ilgan), qo'shiqchi Tanel Padar (1980 yilda tug'ilgan), qo'shiqchi Rain Veideman (1991 yilda tug'ilgan), basketbolchi Kadri Voorand, qo'shiqchi Piter Tooming, fotograf Jan Tooming, yozuvchi",wikimedia,v20260327,1046422,Upstream Wikimedia terms vary; commonly CC BY-SA/GFDL,attribution_sharealike_legal_review_required,https://object.pouta.csc.fi/OPUS-wikimedia/v20260327/moses/en-uz.txt.zip,0.95790195,correct,1.0,,0.9768460725000001
b4c0338232a0146996b7,"Retrieved 8 May 2020. ↑ ''Black & White'' album Record Collector (Kris Needs) review. Recordcollectormag.com. ↑ modspeedproduction.blogspot.com Black & White album review, Modspeedproduction.blogspot.com","Qaraldi: 8-may 2020-yil. ↑ ''Black & White'' album Record Collector (Kris Needs) review. ↑ modspeedproduction.blogspot.com Black & White album review, Modspeedproduction.blogspot.com",wikimedia,v20260327,235010,Upstream Wikimedia terms vary; commonly CC BY-SA/GFDL,attribution_sharealike_legal_review_required,https://object.pouta.csc.fi/OPUS-wikimedia/v20260327/moses/en-uz.txt.zip,0.95749253,correct,1.0,,0.9766208915000001
d4a6a8b3ddfb2131fcf8,"Marčiulionis was again a bronze medalist with Lithuania, at the 1996 Summer Olympics.",Marčiulionis yana Litva bilan 1996-yilgi Yozgi Olimpiya o'yinlarida bronza medali sohibi bo'ldi.,wikimedia,v20260327,422582,Upstream Wikimedia terms vary; commonly CC BY-SA/GFDL,attribution_sharealike_legal_review_required,https://object.pouta.csc.fi/OPUS-wikimedia/v20260327/moses/en-uz.txt.zip,0.9575452,correct,1.0,,0.97664986
2610298037dbe9384b97,"Retrieved June 18, 2008. ↑ ""Mike Huckabee Weighs in on Gay Rights, Young Voters... and Opening for Led Zeppelin?"".","Qaraldi: 18-iyun 2008-yil. ↑ „Mike Huckabee Weighs in on Gay Rights, Young Voters... and Opening for Led Zeppelin?“.",wikimedia,v20260327,290708,Upstream Wikimedia terms vary; commonly CC BY-SA/GFDL,attribution_sharealike_legal_review_required,https://object.pouta.csc.fi/OPUS-wikimedia/v20260327/moses/en-uz.txt.zip,0.97544485,correct,1.0,,0.9864946675000001
a43ad0309bf53ef2a73a,"In July, at the 2016 European Championships in Athletics she won the gold medal with 4.81 m, taking the competition record from Yelena Isinbayeva.","Iyul oyida 2016 yilgi yengil atletika bo'yicha Yevropa chempionatida u Yelena Isinbayevadan musobaqa rekordini olib, 4,81 m natija bilan oltin medalni qo'lga kiritdi.",wikimedia,v20260327,396387,Upstream Wikimedia terms vary; commonly CC BY-SA/GFDL,attribution_sharealike_legal_review_required,https://object.pouta.csc.fi/OPUS-wikimedia/v20260327/moses/en-uz.txt.zip,0.964899,correct,1.0,,0.9806944500000001
4610295b7d365ee9ea57,Ernst Franz Hermann Happel (29 November 1925 – 14 November 1992) was an Austrian football player and manager.,Ernst Franz Hermann Happel ( 1925-yil 29-noyabr - 1992-yil 14-noyabr) avstriyalik futbolchi va murabbiy .,wikimedia,v20260327,969357,Upstream Wikimedia terms vary; commonly CC BY-SA/GFDL,attribution_sharealike_legal_review_required,https://object.pouta.csc.fi/OPUS-wikimedia/v20260327/moses/en-uz.txt.zip,0.97365904,correct,1.0,,0.9855124720000001
2a9ee7a4f4dfe6fad1e6,"In October 1997, he released his second album En Güzel Günler Senin Olsun (Have The Most Beautiful Days).","1997-yil oktyabr oyida u o'zining ikkinchi ""En Güzel Günler Senin Olsun"" ( Eng go'zal kunlar ) albomini chiqaradi.",wikimedia,v20260327,1166531,Upstream Wikimedia terms vary; commonly CC BY-SA/GFDL,attribution_sharealike_legal_review_required,https://object.pouta.csc.fi/OPUS-wikimedia/v20260327/moses/en-uz.txt.zip,0.9570838,correct,1.0,,0.9763960900000002
a052474f005e97a63931,As of 2000 it had a population of 83 people.[1],2000-yilga kelib uning aholisi 83 kishidan iborat edi[1].,wikimedia,v20260327,775576,Upstream Wikimedia terms vary; commonly CC BY-SA/GFDL,attribution_sharealike_legal_review_required,https://object.pouta.csc.fi/OPUS-wikimedia/v20260327/moses/en-uz.txt.zip,0.95660365,correct,1.0,,0.9761320075000002
f15253a7a39605bf9d48,"Bakapur is 8.4 km from its Mandal Main Town Saroya, 9.9 km from its district Main City Nawanshahr, and 70 km from its State Main City Chandigarh.","Bakapur - Mandal Saroya asosiy shahridan 8.4 km, uning tumani Bosh shahar Navonshahrdan 9.9 km, va Shtatning asosiy shahri Chandigarhdan 70 km uzoqlikda joylashgan.",wikimedia,v20260327,976242,Upstream Wikimedia terms vary; commonly CC BY-SA/GFDL,attribution_sharealike_legal_review_required,https://object.pouta.csc.fi/OPUS-wikimedia/v20260327/moses/en-uz.txt.zip,0.9539728,correct,1.0,,0.97468504
539f13aef8ff826f5098,"Previously, Hougang was administered by five now-defunct wards (Jalan Kayu, Paya Lebar, Punggol, Serangoon Gardens and Upper Serangoon), before it redistricted into GRCs, notably Cheng San GRC (also defunct since 2001).","Ilgari, Hougang GRClarga, xususan Cheng San GRCga (shuningdek, 2001-yildan beri faoliyat ko'rsatmagan) qayta taqsimlanishidan oldin, hozirda tugatilgan beshta palata (Jalan Kayu, Paya Lebar, Punggol, Serangoon bog'lari va Yuqori Serangoon) tomonidan boshqarilgan.",wikimedia,v20260327,755156,Upstream Wikimedia terms vary; commonly CC BY-SA/GFDL,attribution_sharealike_legal_review_required,https://object.pouta.csc.fi/OPUS-wikimedia/v20260327/moses/en-uz.txt.zip,0.96425205,correct,1.0,,0.9803386275000001
334f438d83ec3ffc74f7,"Aşağı Uzunoba (also, Ashagy Uzunoba and Uzun-oba-ashaga) is a village and municipality in the Babek District of Nakhchivan, Azerbaijan.","Aşağı Uzunoba (shuningdek, Ashagy Uzunoba va Uzun-oba-ashaga ) — Ozarbayjonning Naxchivon tumanida joylashgan Babek tumanidagi qishloq va munitsipalitet.",wikimedia,v20260327,795913,Upstream Wikimedia terms vary; commonly CC BY-SA/GFDL,attribution_sharealike_legal_review_required,https://object.pouta.csc.fi/OPUS-wikimedia/v20260327/moses/en-uz.txt.zip,0.970153,correct,1.0,,0.98358415
113473e3356f5b1c5358,"Retrieved 21 March 2018. ↑ ""FC Schalke 04 4:1 VfL Wolfsburg"".",Qaraldi: 21-mart 2018-yil. ↑ „FC Schalke 04 4:1 VfL Wolfsburg“.,wikimedia,v20260327,718887,Upstream Wikimedia terms vary; commonly CC BY-SA/GFDL,attribution_sharealike_legal_review_required,https://object.pouta.csc.fi/OPUS-wikimedia/v20260327/moses/en-uz.txt.zip,0.972481,correct,1.0,,0.9848645500000002
af94539d4e598fe00e00,"Retrieved 6 May 2015. ↑ ""Jayaram interview | memories with director Padmarajan"". amritatv.",Qaraldi: 6-may 2015-yil. ↑ „Jayaram interview | memories with director Padmarajan“. amritatv.,wikimedia,v20260327,710350,Upstream Wikimedia terms vary; commonly CC BY-SA/GFDL,attribution_sharealike_legal_review_required,https://object.pouta.csc.fi/OPUS-wikimedia/v20260327/moses/en-uz.txt.zip,0.96098125,correct,1.0,,0.9785396875000001
0105cae2b18409e7857d,The Arg (up to 15 August 2021) consisted of the following:,Arg (2021-yil 15-avgustgacha) quyidagilardan iborat edi:,wikimedia,v20260327,68099,Upstream Wikimedia terms vary; commonly CC BY-SA/GFDL,attribution_sharealike_legal_review_required,https://object.pouta.csc.fi/OPUS-wikimedia/v20260327/moses/en-uz.txt.zip,0.9569785,correct,1.0,,0.976338175
f0aea62fcd532fb25ef2,"22 May 1995 Coral Springs, USA Clay Greg Rusedski 6–4, 6–2 Runner-up 5.","1995 yil 22 may Coral Springs, AQSh Loy Greg Rusedski 6–4, 6–2 Ikkinchi o'rin egasi 5.",wikimedia,v20260327,220714,Upstream Wikimedia terms vary; commonly CC BY-SA/GFDL,attribution_sharealike_legal_review_required,https://object.pouta.csc.fi/OPUS-wikimedia/v20260327/moses/en-uz.txt.zip,0.95496273,correct,1.0,,0.9752295015000001
76ceb37fa51893ebace6,"She traps Spider-Man in the vault, reveals her deception, and escapes with Hammerhead's flash drive.","She traps Spider-Man in the vault, reveals her deception, and escapes with Hammerheadʻs flash drive.",wikimedia,v20260327,44283,Upstream Wikimedia terms vary; commonly CC BY-SA/GFDL,attribution_sharealike_legal_review_required,https://object.pouta.csc.fi/OPUS-wikimedia/v20260327/moses/en-uz.txt.zip,0.9988679,wrong,1.0,未翻译,
ce918dd3c643ffaf5cad,Shannon Daddy Day Camp Kim Hinton Protect and Serve Sharon Harvey TV Movie 2008 Show Stoppers Renee The Hustle Nikki Who's Deal?,Shannon Daddy Day Camp Kim Hinton Protect and Serve Sharon Harvey TV Film 2008 Show Stoppers Renee The Hustle Nikki Who's Deal?,wikimedia,v20260327,172151,Upstream Wikimedia terms vary; commonly CC BY-SA/GFDL,attribution_sharealike_legal_review_required,https://object.pouta.csc.fi/OPUS-wikimedia/v20260327/moses/en-uz.txt.zip,0.99872196,wrong,1.0,未翻译,
b230bc52d20aef7daf98,"1 2 (in Dutch) Jan & Andries Both biography in De groote schouburgh der Nederlantsche konstschilders en schilderessen (1718) by Arnold Houbraken, courtesy of the Digital library for Dutch literature 1 2 Jan Dirksz Both in the RKD","1 2 (niderlandcha) Jan & Andries Both biography in De groote schouburgh der Nederlantsche konstschilders en schilderessen (1718) by Arnold Houbraken, courtesy of the Digital library for Dutch literature 1 2 Jan Dirksz Both in the RKD",wikimedia,v20260327,567565,Upstream Wikimedia terms vary; commonly CC BY-SA/GFDL,attribution_sharealike_legal_review_required,https://object.pouta.csc.fi/OPUS-wikimedia/v20260327/moses/en-uz.txt.zip,0.99864894,wrong,1.0,未翻译,
e98633a259b19a1e985d,"She apologizes for her previous actions and returns the flash drive, which contains data on Hammerhead's weaknesses, so that Spider-Man can defeat him.","She apologizes for her previous actions and returns the flash drive, which contains data on Hammerheadʻs weaknesses, so that Spider-Man can defeat him.",wikimedia,v20260327,44285,Upstream Wikimedia terms vary; commonly CC BY-SA/GFDL,attribution_sharealike_legal_review_required,https://object.pouta.csc.fi/OPUS-wikimedia/v20260327/moses/en-uz.txt.zip,0.99844223,wrong,1.0,未翻译,
4bd4fc171767761b1144,"↑ Kawanishi Town official statistics (in Japanese) ↑ Kawanishi climate data ↑ Kawanishi population statistics ↑ ""Nature - YOKOSO!",↑ Kawanishi Town official statistics (yaponcha) ↑ Kawanishi climate data ↑ Kawanishi population statistics ↑ „Nature - YOKOSO!,wikimedia,v20260327,629311,Upstream Wikimedia terms vary; commonly CC BY-SA/GFDL,attribution_sharealike_legal_review_required,https://object.pouta.csc.fi/OPUS-wikimedia/v20260327/moses/en-uz.txt.zip,0.9979017,minor,1.0,部分翻译,
48cd3b6e4e219d1f083c,"She has appeared in multiple photo books, movies, and TV series in Japan and her DVD sets are popular in Japan, the United States, and Europe.","She has appeared in multiple photo books, movies, and TV series in Japan and uning DVD sets are popular in Japan, the United States, and Europe.",wikimedia,v20260327,963877,Upstream Wikimedia terms vary; commonly CC BY-SA/GFDL,attribution_sharealike_legal_review_required,https://object.pouta.csc.fi/OPUS-wikimedia/v20260327/moses/en-uz.txt.zip,0.9976613,wrong,1.0,未翻译,
7997c79172839402c1e6,"↑ Kiyosu City official statistics (in Japanese) ↑ Kiyosu climate data ↑ Kiyosu population statistics ↑ ""市町村合併情報 愛知県 ＜国土地理協会＞"".",↑ Kiyosu City official statistics (yaponcha) ↑ Kiyosu climate data ↑ Kiyosu population statistics ↑ „市町村合併情報 愛知県 ＜国土地理協会＞“.,wikimedia,v20260327,908607,Upstream Wikimedia terms vary; commonly CC BY-SA/GFDL,attribution_sharealike_legal_review_required,https://object.pouta.csc.fi/OPUS-wikimedia/v20260327/moses/en-uz.txt.zip,0.9976257,minor,1.0,部分翻译,
f9cb0a4d8428df529bba,Firozpur Zira Guru Har Sahai,Firozpur Zira Guru Har Sahay,wikimedia,v20260327,712514,Upstream Wikimedia terms vary; commonly CC BY-SA/GFDL,attribution_sharealike_legal_review_required,https://object.pouta.csc.fi/OPUS-wikimedia/v20260327/moses/en-uz.txt.zip,0.99737155,minor,1.0,拼写错误,
daf5c2810b7d3ba5a2ad,Diehl Defence GmbH & Co.,Diehl Defense GmbH & Co.,wikimedia,v20260327,618718,Upstream Wikimedia terms vary; commonly CC BY-SA/GFDL,attribution_sharealike_legal_review_required,https://object.pouta.csc.fi/OPUS-wikimedia/v20260327/moses/en-uz.txt.zip,0.99733317,minor,1.0,拼写错误,
4dee98e43b7958c5e84a,"Karan Kapoor Kapoor in August 2016 Born (1962-01-18) 18 January 1962 (age 60) Mumbai, Maharashtra, India Occupation Actor, photographer, model, businessman Years active 1962-present Spouse Lorna Kapoor Children 2 Parent(s) Shashi Kapoor Jennifer Kendal Relatives See Kapoor family","Karan Kapoor Kapoor in August 2016 Born (1962-01-18) 1962-yil 18-yanvar (60 yosh) Mumbai, Maharashtra, India Occupation Actor, photographer, model, businessman Years active 1962-present Spouse Lorna Kapoor Children 2 Parent(s) Shashi Kapoor Jennifer Kendal Relatives See Kapoor family",wikimedia,v20260327,810317,Upstream Wikimedia terms vary; commonly CC BY-SA/GFDL,attribution_sharealike_legal_review_required,https://object.pouta.csc.fi/OPUS-wikimedia/v20260327/moses/en-uz.txt.zip,0.99724185,wrong,1.0,未翻译,
b652ed53c75052892c47,"Retrieved on May 19, 2016. ↑ ""Sky deal Dupree for 2 players,"" ESPN.com, May 30, 2010. ↑ McGraw, Patricia Babcock, ""Dupree says it was time to move on from Sky,"" Chicago Daily Herald, March 30, 2010. ↑ ""Mercury Trade Candice Dupree to Indiana in Three-Team Deal"".","Retrieved on May 19, 2016. ↑ ""Sky deal Dupree for 2 players,"" ESPN.com, May 30, 2010. ↑ McGraw, Patricia Babcock, ""Dupree says it was time to move on from Sky,"" Chicago Daily Herald, March 30, 2010. ↑ „Mercury Trade Candice Dupree to Indiana in Three-Team Deal“ (en).",wikimedia,v20260327,145089,Upstream Wikimedia terms vary; commonly CC BY-SA/GFDL,attribution_sharealike_legal_review_required,https://object.pouta.csc.fi/OPUS-wikimedia/v20260327/moses/en-uz.txt.zip,0.9971287,minor,1.0,部分翻译,
878b92504eae0c18e1bd,Tournament 2001 2002 2003 2004 2005 Kraft Nabisco Championship 77 CUT CUT LPGA Championship DQ T56 CUT U.S. Women's Open Women's British Open ^,Turnir 2001 2002 2003 2004 2005 Kraft Nabisco Championship 77 CUT CUT LPGA Championship DQ T56 CUT U.S. Women's Open Women's British Open ^,wikimedia,v20260327,309640,Upstream Wikimedia terms vary; commonly CC BY-SA/GFDL,attribution_sharealike_legal_review_required,https://object.pouta.csc.fi/OPUS-wikimedia/v20260327/moses/en-uz.txt.zip,0.9971094,wrong,1.0,未翻译,
149f8f2b6907252e5217,↑ Tagami town official statistics(in Japanese) ↑ Tagami climate data ↑ Tagami population statistics,↑ Tagami town official statistics(yaponcha) ↑ Tagami climate data ↑ Tagami population statistics,wikimedia,v20260327,656589,Upstream Wikimedia terms vary; commonly CC BY-SA/GFDL,attribution_sharealike_legal_review_required,https://object.pouta.csc.fi/OPUS-wikimedia/v20260327/moses/en-uz.txt.zip,0.99692863,minor,1.0,部分翻译,
75e1df1f0197a67618e7,"↑ Toyoake City official statistics (in Japanese) ↑ Toyoake climate data ↑ Toyoake population statistics ↑ ""International Exchange"".",↑ Toyoake City official statistics (yaponcha) ↑ Toyoake climate data ↑ Toyoake population statistics ↑ „International Exchange“.,wikimedia,v20260327,916206,Upstream Wikimedia terms vary; commonly CC BY-SA/GFDL,attribution_sharealike_legal_review_required,https://object.pouta.csc.fi/OPUS-wikimedia/v20260327/moses/en-uz.txt.zip,0.9969056,minor,1.0,部分翻译,
cb2fe3e56bc3539b5f97,"↑ Darreh Buri can be found at GEOnet Names Server, at this link, by opening the Advanced Search box, entering ""-3059615"" in the ""Unique Feature Id"" form, and clicking on ""Search Database"". ↑ ""Census of the Islamic Republic of Iran, 1385 (2006)"" (Excel).","↑ Darreh Buri can be found at GEOnet Nom Serveri, at this link, by opening the Advanced Search box, entering ""-3059615"" in the ""Unique Feature Id"" form, and clicking on ""Search Database"". ↑ „Census of the Islamic Republic of Iran, 1385 (2006)“ (Excel).",wikimedia,v20260327,840905,Upstream Wikimedia terms vary; commonly CC BY-SA/GFDL,attribution_sharealike_legal_review_required,https://object.pouta.csc.fi/OPUS-wikimedia/v20260327/moses/en-uz.txt.zip,0.99688286,minor,1.0,部分翻译,
602e07d6affaeba47ea2,"↑ present-day Douala ↑ now the Wouri River delta ↑ Washausen, Helmut (1968).","↑ now the Wouri River delta ↑ present-day Douala ↑ Washausen, Helmut (1968).",wikimedia,v20260327,340419,Upstream Wikimedia terms vary; commonly CC BY-SA/GFDL,attribution_sharealike_legal_review_required,https://object.pouta.csc.fi/OPUS-wikimedia/v20260327/moses/en-uz.txt.zip,0.9968743,wrong,1.0,顺序错误,
26eb37bf7f30e1cd5f02,"Puillandre N., Duda T.F., Meyer C., Olivera B.M. & Bouchet P. (2015).","Puillandre N., Duda T.F., Mayer C., Olivera B.M. & Bouchet P. (2015).",wikimedia,v20260327,1262588,Upstream Wikimedia terms vary; commonly CC BY-SA/GFDL,attribution_sharealike_legal_review_required,https://object.pouta.csc.fi/OPUS-wikimedia/v20260327/moses/en-uz.txt.zip,0.9968498,minor,1.0,拼写错误,
6369499a30d647016203,"↑ Karbas Saray-e Sofla can be found at GEOnet Names Server, at this link, by opening the Advanced Search box, entering ""-3792678"" in the ""Unique Feature Id"" form, and clicking on ""Search Database"". ↑ ""Census of the Islamic Republic of Iran, 1385 (2006)"" (Excel).","↑ Karbas Saray-e Sofla can be found at GEOnet Nom Serveri, at this link, by opening the Advanced Search box, entering ""-3792678"" in the ""Unique Feature Id"" form, and clicking on ""Search Database"". ↑ „Census of the Islamic Republic of Iran, 1385 (2006)“ (Excel).",wikimedia,v20260327,711039,Upstream Wikimedia terms vary; commonly CC BY-SA/GFDL,attribution_sharealike_legal_review_required,https://object.pouta.csc.fi/OPUS-wikimedia/v20260327/moses/en-uz.txt.zip,0.9968107,minor,1.0,部分翻译,
9ecc64f364472fbce744,"↑ Kōta Town official statistics (in Japanese) ↑ Kōta population statistics ↑ Kōta climate data ↑ ""International Exchange"".",↑ Kōta Town official statistics (yaponcha) ↑ Kōta population statistics ↑ Kōta climate data ↑ „International Exchange“.,wikimedia,v20260327,902588,Upstream Wikimedia terms vary; commonly CC BY-SA/GFDL,attribution_sharealike_legal_review_required,https://object.pouta.csc.fi/OPUS-wikimedia/v20260327/moses/en-uz.txt.zip,0.9967961,minor,1.0,部分翻译,
4440dc325a42e602a1ab,"""Der apokalyptische Abessinier und die Kreuzzüge: Wandel eines frühislamischen Motivs in der Literatur und Kartografie des Mittelalters, by Mordechay Lewy (Review)"".","""Der apokalyptische Abessinier und die Kreuzzüge: Wandel eines frühislamischen Motivs in der Literatur und Kartografie des Mittelalters, by Mordechay Lewy (Review)"" (en).",wikimedia,v20260327,1219721,Upstream Wikimedia terms vary; commonly CC BY-SA/GFDL,attribution_sharealike_legal_review_required,https://object.pouta.csc.fi/OPUS-wikimedia/v20260327/moses/en-uz.txt.zip,0.99676645,minor,1.0,部分翻译,
9a143df47b34b3a3d394,"4 Bekir Yarangüme, 5 Sinan Güler, 6 Engin Atsür, 7 Ömer Onan, 8 Ersan İlyasova, 9 Barış Hersek, 10 Kerem Tunçeri, 11 Oğuz Savaş, 12 Semih Erden, 13 Ender Arslan, 14 Ömer Aşık, 15 Hidayet Türkoğlu (Coach: Bogdan Tanjević)","4 Bekir Yarangüme, 5 Sinan Güler, 6 Engin Atsür, 7 Ömer Onan, 8 Ersan İlyasova, 9 Barış Hersek, 10 Kerem Tunçeri, 11 Oğuz Savaş, 12 Semih Erden, 13 Ender Arslan, 14 Ömer Aşık, 15 Hidayet Türkoğlu (Bosh murabbiy: Bogdan Tanjević)",wikimedia,v20260327,746858,Upstream Wikimedia terms vary; commonly CC BY-SA/GFDL,attribution_sharealike_legal_review_required,https://object.pouta.csc.fi/OPUS-wikimedia/v20260327/moses/en-uz.txt.zip,0.99662685,minor,1.0,部分翻译,
ccb71b3fee17bd4654fd,Këmishtaj Mertish Goricaj Sopës Fier-Seman Gradishtë Gungas Spolet Babunjë,Këmishtaj Mertish Goricaj Sopës Fier-Seman Gradishë Gungas Spolet Babunjë,wikimedia,v20260327,856131,Upstream Wikimedia terms vary; commonly CC BY-SA/GFDL,attribution_sharealike_legal_review_required,https://object.pouta.csc.fi/OPUS-wikimedia/v20260327/moses/en-uz.txt.zip,0.9965991,minor,1.0,拼写错误,
62c3906bc0225d6b11fb,"↑ Kurobe city official statistics (in Japanese) ↑ Kurobe climate data ↑ Kurobe population statistics ↑ ""愛本姫社"".",↑ Kurobe city official statistics (yaponcha) ↑ Kurobe climate data ↑ Kurobe population statistics ↑ „愛本姫社“.,wikimedia,v20260327,808382,Upstream Wikimedia terms vary; commonly CC BY-SA/GFDL,attribution_sharealike_legal_review_required,https://object.pouta.csc.fi/OPUS-wikimedia/v20260327/moses/en-uz.txt.zip,0.99657506,minor,1.0,部分翻译,
83da50b7f815bb8fffdc,↑ Nakayama Town official statistics (in Japanese) ↑ Nakayama climate data ↑ Nakayama population statistics,↑ Nakayama Town official statistics (yaponcha) ↑ Nakayama climate data ↑ Nakayama population statistics,wikimedia,v20260327,628532,Upstream Wikimedia terms vary; commonly CC BY-SA/GFDL,attribution_sharealike_legal_review_required,https://object.pouta.csc.fi/OPUS-wikimedia/v20260327/moses/en-uz.txt.zip,0.99654174,minor,1.0,部分翻译,
257e0111f6a71be1ecd2,"↑ Milkeh-ye Baqer can be found at GEOnet Names Server, at this link, by opening the Advanced Search box, entering ""-3075033"" in the ""Unique Feature Id"" form, and clicking on ""Search Database"". ↑ ""Census of the Islamic Republic of Iran, 1385 (2006)"" (Excel).","↑ Milkeh-ye Baqer can be found at GEOnet Nom Serveri, at this link, by opening the Advanced Search box, entering ""-3075033"" in the ""Unique Feature Id"" form, and clicking on ""Search Database"". ↑ „Census of the Islamic Republic of Iran, 1385 (2006)“ (Excel).",wikimedia,v20260327,812164,Upstream Wikimedia terms vary; commonly CC BY-SA/GFDL,attribution_sharealike_legal_review_required,https://object.pouta.csc.fi/OPUS-wikimedia/v20260327/moses/en-uz.txt.zip,0.9964905,minor,1.0,专名和单位不一致,
8bfdcc9e303754e6071e,"↑ ""MSV Duisburg und Adler lösen Vertrag"" (in German).",↑ „MSV Duisburg und Adler lösen Vertrag“ (German).,wikimedia,v20260327,549366,Upstream Wikimedia terms vary; commonly CC BY-SA/GFDL,attribution_sharealike_legal_review_required,https://object.pouta.csc.fi/OPUS-wikimedia/v20260327/moses/en-uz.txt.zip,0.99646354,minor,1.0,专名和单位不一致,
f62a08e41ad154040f19,"↑ Anjoman-e Sofla can be found at GEOnet Names Server, at this link, by opening the Advanced Search box, entering ""-3053309"" in the ""Unique Feature Id"" form, and clicking on ""Search Database"". ↑ ""Census of the Islamic Republic of Iran, 1385 (2006)"" (Excel).","↑ Anjoman-e Sofla can be found at GEOnet Nom Serveri, at this link, by opening the Advanced Search box, entering ""-3053309"" in the ""Unique Feature Id"" form, and clicking on ""Search Database"". ↑ „Census of the Islamic Republic of Iran, 1385 (2006)“ (Excel).",wikimedia,v20260327,719664,Upstream Wikimedia terms vary; commonly CC BY-SA/GFDL,attribution_sharealike_legal_review_required,https://object.pouta.csc.fi/OPUS-wikimedia/v20260327/moses/en-uz.txt.zip,0.99639785,minor,1.0,专名和单位不一致,
f58d0f57e640dc764511,"Mares, V., Maczka, T., Leuthold, G. Rühm, W.,.","Mares, V., Maczka, T., Leuthold, G. Rühm, V.,.",wikimedia,v20260327,1093148,Upstream Wikimedia terms vary; commonly CC BY-SA/GFDL,attribution_sharealike_legal_review_required,https://object.pouta.csc.fi/OPUS-wikimedia/v20260327/moses/en-uz.txt.zip,0.996385,wrong,1.0,最后一个名字的首字母不同,
b2c18d8c70f125417df9,"Japanese Philosophy: A Sourcebook (Honolulu: University of Hawai'i Press, 2011). (with Seung Chul Kim).","Japanese Philosophy: A Sourcebook (Honolulu: University of Hawai'i Press, 2011). (Seung Chul Kim bilan).",wikimedia,v20260327,1108104,Upstream Wikimedia terms vary; commonly CC BY-SA/GFDL,attribution_sharealike_legal_review_required,https://object.pouta.csc.fi/OPUS-wikimedia/v20260327/moses/en-uz.txt.zip,0.99638057,minor,1.0,专名和单位不一致,
6292cda0d1200596f404,"↑ Ahmadluy-e Olya can be found at GEOnet Names Server, at this link, by opening the Advanced Search box, entering ""-3816366"" in the ""Unique Feature Id"" form, and clicking on ""Search Database"". ↑ ""Census of the Islamic Republic of Iran, 1385 (2006)"" (Excel).","↑ Ahmadluy-e Olya can be found at GEOnet Nom Serveri, at this link, by opening the Advanced Search box, entering ""-3816366"" in the ""Unique Feature Id"" form, and clicking on ""Search Database"". ↑ „Census of the Islamic Republic of Iran, 1385 (2006)“ (Excel).",wikimedia,v20260327,790937,Upstream Wikimedia terms vary; commonly CC BY-SA/GFDL,attribution_sharealike_legal_review_required,https://object.pouta.csc.fi/OPUS-wikimedia/v20260327/moses/en-uz.txt.zip,0.99637985,minor,1.0,专名和单位不一致,
7e281ec5fb86152afc78,"1983 US Open, New York Hard John McEnroe Fritz Buehning Van Winitsky 6–3, 6–4, 6–2 Win 43.","1983 US Open, New York Hard John McEnroe Fritz Buehning Van Winitsky 6–3, 6–4, 6–2 G`alaba 43.",wikimedia,v20260327,201806,Upstream Wikimedia terms vary; commonly CC BY-SA/GFDL,attribution_sharealike_legal_review_required,https://object.pouta.csc.fi/OPUS-wikimedia/v20260327/moses/en-uz.txt.zip,0.9963773,minor,1.0,专名和单位不一致,
f46141167bbaac82dae0,"1961 Yasushi Nagao Mainichi Shimbun (Tokyo) (Distributed by UPI) ""Tokyo Stabbing"", showing 17-year-old Otoya Yamaguchi stabbing Inejiro Asanuma, the chairman of the Japanese Socialist Party.","1961-yil Yasushi Nagao Mainichi Shimbun (Tokyo) (Distributed by UPI) ""Tokyo Stabbing"", showing 17-year-old Otoya Yamaguchi stabbing Inejiro Asanuma, the chairman of the Japanese Socialist Party.",wikimedia,v20260327,318494,Upstream Wikimedia terms vary; commonly CC BY-SA/GFDL,attribution_sharealike_legal_review_required,https://object.pouta.csc.fi/OPUS-wikimedia/v20260327/moses/en-uz.txt.zip,0.99630725,minor,1.0,专名和单位不一致,
f9ef2ed11c5ede8b9bd8,"↑ Gerisheh-ye Sofla can be found at GEOnet Names Server, at this link, by opening the Advanced Search box, entering ""-3797672"" in the ""Unique Feature Id"" form, and clicking on ""Search Database"". ↑ ""Census of the Islamic Republic of Iran, 1385 (2006)"" (Excel).","↑ Gerisheh-ye Sofla can be found at GEOnet Nom Serveri, at this link, by opening the Advanced Search box, entering ""-3797672"" in the ""Unique Feature Id"" form, and clicking on ""Search Database"". ↑ „Census of the Islamic Republic of Iran, 1385 (2006)“ (Excel).",wikimedia,v20260327,838897,Upstream Wikimedia terms vary; commonly CC BY-SA/GFDL,attribution_sharealike_legal_review_required,https://object.pouta.csc.fi/OPUS-wikimedia/v20260327/moses/en-uz.txt.zip,0.99630624,minor,1.0,专名和单位不一致,
7c9337f321954eb3f439,↑ Minamiminowa village official statistics(in Japanese) ↑ Minamiminowa climate data ↑ Minamiminowa population statistics,↑ Minamiminowa village official statistics(yaponcha) ↑ Minamiminowa climate data ↑ Minamiminowa population statistics,wikimedia,v20260327,726914,Upstream Wikimedia terms vary; commonly CC BY-SA/GFDL,attribution_sharealike_legal_review_required,https://object.pouta.csc.fi/OPUS-wikimedia/v20260327/moses/en-uz.txt.zip,0.9962902,minor,1.0,专名和单位不一致,
f63d655e61dc85c3969d,"↑ Asadabad can be found at GEOnet Names Server, at this link, by opening the Advanced Search box, entering ""-3053771"" in the ""Unique Feature Id"" form, and clicking on ""Search Database"". ↑ ""Census of the Islamic Republic of Iran, 1385 (2006)"" (Excel).","↑ Asadabad can be found at GEOnet Nom Serveri, at this link, by opening the Advanced Search box, entering ""-3053771"" in the ""Unique Feature Id"" form, and clicking on ""Search Database"". ↑ „Census of the Islamic Republic of Iran, 1385 (2006)“ (Excel).",wikimedia,v20260327,1029907,Upstream Wikimedia terms vary; commonly CC BY-SA/GFDL,attribution_sharealike_legal_review_required,https://object.pouta.csc.fi/OPUS-wikimedia/v20260327/moses/en-uz.txt.zip,0.9962841,minor,1.0,专名和单位不一致,
daaa9899c697bbbc12ea,Niall Horan (2010–2016) Liam Payne (2010–2016) Harry Styles (2010–2016) Louis Tomlinson (2010–2016),Niall Horan (2010-2016) Liam Payne (2010-2016) Harry Styles (2010-2016) Luis Tomlinson (2010-2016),wikimedia,v20260327,1357322,Upstream Wikimedia terms vary; commonly CC BY-SA/GFDL,attribution_sharealike_legal_review_required,https://object.pouta.csc.fi/OPUS-wikimedia/v20260327/moses/en-uz.txt.zip,0.9962506,minor,1.0,专名拼写不一致,
0e6c87fd4b3890226568,"Retrieved 12 July 2023. ↑ ""Address-based population registration system (ADNKS) results dated 31 December 2022, Favorite Reports"" (XLS).","Retrieved 12 July 2023. ↑ „Address-based population registration system (ADNKS) results dated 31 December 2022, Favorite Reports“ (en) (XLS).",wikimedia,v20260327,1249983,Upstream Wikimedia terms vary; commonly CC BY-SA/GFDL,attribution_sharealike_legal_review_required,https://object.pouta.csc.fi/OPUS-wikimedia/v20260327/moses/en-uz.txt.zip,0.99624455,minor,1.0,专名和单位不一致,
2834871a4190f8a958c4,"↑ Malekabad can be found at GEOnet Names Server, at this link, by opening the Advanced Search box, entering ""-3073726"" in the ""Unique Feature Id"" form, and clicking on ""Search Database"". ↑ ""Census of the Islamic Republic of Iran, 1385 (2006)"" (Excel).","↑ Malekabad can be found at GEOnet Nom Serveri, at this link, by opening the Advanced Search box, entering ""-3073726"" in the ""Unique Feature Id"" form, and clicking on ""Search Database"". ↑ „Census of the Islamic Republic of Iran, 1385 (2006)“ (Excel).",wikimedia,v20260327,784277,Upstream Wikimedia terms vary; commonly CC BY-SA/GFDL,attribution_sharealike_legal_review_required,https://object.pouta.csc.fi/OPUS-wikimedia/v20260327/moses/en-uz.txt.zip,0.9962399,minor,1.0,专名和单位不一致,
096d59a31065e7665fb9,"Retrieved 1 March 2023. ↑ ""Address-based population registration system (ADNKS) results dated 31 December 2022, Favorite Reports"" (XLS).","Retrieved 1 March 2023. ↑ „Address-based population registration system (ADNKS) results dated 31 December 2022, Favorite Reports“ (en) (XLS).",wikimedia,v20260327,1036039,Upstream Wikimedia terms vary; commonly CC BY-SA/GFDL,attribution_sharealike_legal_review_required,https://object.pouta.csc.fi/OPUS-wikimedia/v20260327/moses/en-uz.txt.zip,0.9962382,minor,1.0,专名和单位不一致,
ae5e417ea8e838bfd9cf,"Retrieved 22 May 2023. ↑ ""Address-based population registration system (ADNKS) results dated 31 December 2022, Favorite Reports"" (XLS).","Retrieved 22 May 2023. ↑ „Address-based population registration system (ADNKS) results dated 31 December 2022, Favorite Reports“ (en) (XLS).",wikimedia,v20260327,1246087,Upstream Wikimedia terms vary; commonly CC BY-SA/GFDL,attribution_sharealike_legal_review_required,https://object.pouta.csc.fi/OPUS-wikimedia/v20260327/moses/en-uz.txt.zip,0.9962124,minor,1.0,专名和单位不一致,
c4fc409918df1f9b9175,"↑ Chenareh-ye Sofla can be found at GEOnet Names Server, at this link, by opening the Advanced Search box, entering ""-3784301"" in the ""Unique Feature Id"" form, and clicking on ""Search Database"". ↑ ""Census of the Islamic Republic of Iran, 1385 (2006)"" (Excel).","↑ Chenareh-ye Sofla can be found at GEOnet Nom Serveri, at this link, by opening the Advanced Search box, entering ""-3784301"" in the ""Unique Feature Id"" form, and clicking on ""Search Database"". ↑ „Census of the Islamic Republic of Iran, 1385 (2006)“ (Excel).",wikimedia,v20260327,837819,Upstream Wikimedia terms vary; commonly CC BY-SA/GFDL,attribution_sharealike_legal_review_required,https://object.pouta.csc.fi/OPUS-wikimedia/v20260327/moses/en-uz.txt.zip,0.9961569,minor,1.0,专名和单位不一致,
0a362ada73b9d4645152,The universal experience : five principles of the universal subject-object; The limited individual experience; Famous Saiva saints; The Saiva Acharyas; Kashmir Shaivism in Siddha Yoga; Moksa and the means of its attainment in Kashmir Shaivism; Literature of Śaivism; Vīra Śaivism; Śaivism.,The universal experience : five principles of the universal subject-object; The limited individual experience; Famous Saiva saints; The Saiva Acharyas; Kashmir Shaivism in Siddha Yoga; Moksa and the means of its attainment in Kashmir Shaivism; Literature of Śaivism; Vīra Śaivism; Śaivism Kapoor: .,wikimedia,v20260327,683309,Upstream Wikimedia terms vary; commonly CC BY-SA/GFDL,attribution_sharealike_legal_review_required,https://object.pouta.csc.fi/OPUS-wikimedia/v20260327/moses/en-uz.txt.zip,0.99615335,minor,1.0,专名和单位不一致,
6b437a667e5fb206aa45,"↑ ""Rostov v Rubin game report"" (in Russian).",↑ „Rostov v Rubin game report“ (Russian).,wikimedia,v20260327,1169701,Upstream Wikimedia terms vary; commonly CC BY-SA/GFDL,attribution_sharealike_legal_review_required,https://object.pouta.csc.fi/OPUS-wikimedia/v20260327/moses/en-uz.txt.zip,0.99611664,minor,1.0,专名和单位不一致,
311bbac550c1eecbb42b,"↑ Mahalleh-ye Zoshk-e Olya can be found at GEOnet Names Server, at this link, by opening the Advanced Search box, entering ""-3073415"" in the ""Unique Feature Id"" form, and clicking on ""Search Database"". ↑ ""Census of the Islamic Republic of Iran, 1385 (2006)"" (Excel).","↑ Mahalleh-ye Zoshk-e Olya can be found at GEOnet Nom Serveri, at this link, by opening the Advanced Search box, entering ""-3073415"" in the ""Unique Feature Id"" form, and clicking on ""Search Database"". ↑ „Census of the Islamic Republic of Iran, 1385 (2006)“ (Excel).",wikimedia,v20260327,1074638,Upstream Wikimedia terms vary; commonly CC BY-SA/GFDL,attribution_sharealike_legal_review_required,https://object.pouta.csc.fi/OPUS-wikimedia/v20260327/moses/en-uz.txt.zip,0.99609447,minor,1.0,专名和单位不一致,
fcf2b2e1c1c0b98291de,"↑ Qeshlaq-e Hajjiabad-e Olya can be found at GEOnet Names Server, at this link, by opening the Advanced Search box, entering ""-3766127"" in the ""Unique Feature Id"" form, and clicking on ""Search Database"". ↑ ""Census of the Islamic Republic of Iran, 1385 (2006)"" (Excel).","↑ Qeshlaq-e Hajjiabad-e Olya can be found at GEOnet Nom Serveri, at this link, by opening the Advanced Search box, entering ""-3766127"" in the ""Unique Feature Id"" form, and clicking on ""Search Database"". ↑ „Census of the Islamic Republic of Iran, 1385 (2006)“ (Excel).",wikimedia,v20260327,871953,Upstream Wikimedia terms vary; commonly CC BY-SA/GFDL,attribution_sharealike_legal_review_required,https://object.pouta.csc.fi/OPUS-wikimedia/v20260327/moses/en-uz.txt.zip,0.99608743,minor,1.0,专名和单位不一致,
7b438c96cc3bd9db8050,Mitsukaidō - Kita-Mitsukaidō - Nakatsuma - Mitsuma - Minami-Ishige - Ishige - Tamamura,Mitsukaido - Kita-Mitsukaido - Nakatsuma - Mitsuma - Minami-Ishige - Ishige - Tamamura,wikimedia,v20260327,649908,Upstream Wikimedia terms vary; commonly CC BY-SA/GFDL,attribution_sharealike_legal_review_required,https://object.pouta.csc.fi/OPUS-wikimedia/v20260327/moses/en-uz.txt.zip,0.996082,minor,1.0,专名和单位不一致,
658896f0c3ca24d0d488,"↑ Firuzabad can be found at GEOnet Names Server, at this link, by opening the Advanced Search box, entering ""-3743778"" in the ""Unique Feature Id"" form, and clicking on ""Search Database"". ↑ ""Census of the Islamic Republic of Iran, 1385 (2006)"" (Excel).","↑ Firuzabad can be found at GEOnet Nom Serveri, at this link, by opening the Advanced Search box, entering ""-3743778"" in the ""Unique Feature Id"" form, and clicking on ""Search Database"". ↑ „Census of the Islamic Republic of Iran, 1385 (2006)“ (Excel).",wikimedia,v20260327,906534,Upstream Wikimedia terms vary; commonly CC BY-SA/GFDL,attribution_sharealike_legal_review_required,https://object.pouta.csc.fi/OPUS-wikimedia/v20260327/moses/en-uz.txt.zip,0.99604887,minor,1.0,专名和单位不一致,
a9934973e75fb1fa49c2,"↑ Dadeh Saqi can be found at GEOnet Names Server, at this link, by opening the Advanced Search box, entering ""-3813155"" in the ""Unique Feature Id"" form, and clicking on ""Search Database"". ↑ ""Census of the Islamic Republic of Iran, 1385 (2006)"" (Excel).","↑ Dadeh Saqi can be found at GEOnet Nom Serveri, at this link, by opening the Advanced Search box, entering ""-3813155"" in the ""Unique Feature Id"" form, and clicking on ""Search Database"". ↑ „Census of the Islamic Republic of Iran, 1385 (2006)“ (Excel).",wikimedia,v20260327,882816,Upstream Wikimedia terms vary; commonly CC BY-SA/GFDL,attribution_sharealike_legal_review_required,https://object.pouta.csc.fi/OPUS-wikimedia/v20260327/moses/en-uz.txt.zip,0.9960399,minor,1.0,专名和单位不一致,
8b6c3a62969fae9bc5b7,"↑ Gerdevan can be found at GEOnet Names Server, at this link, by opening the Advanced Search box, entering ""-3807430"" in the ""Unique Feature Id"" form, and clicking on ""Search Database"". ↑ ""Census of the Islamic Republic of Iran, 1385 (2006)"" (Excel).","↑ Gerdevan can be found at GEOnet Nom Serveri, at this link, by opening the Advanced Search box, entering ""-3807430"" in the ""Unique Feature Id"" form, and clicking on ""Search Database"". ↑ „Census of the Islamic Republic of Iran, 1385 (2006)“ (Excel).",wikimedia,v20260327,724271,Upstream Wikimedia terms vary; commonly CC BY-SA/GFDL,attribution_sharealike_legal_review_required,https://object.pouta.csc.fi/OPUS-wikimedia/v20260327/moses/en-uz.txt.zip,0.99600536,minor,1.0,专名和单位不一致,
7b7ea0fb97f550815f97,Anderlecht (5) DC Sporting Charleroi Club YLA Eendracht Aalst Genk Gent OH Leuven Standard Liège (2) White Star Woluwé Zulte Waregem,Anderlecht (5) DC Sporting Charleroi YLA Club Eendracht Aalst Genk Gent Oh Leuven Standard Liege (2) White Star Woluwe Zulte Waregem,wikimedia,v20260327,510463,Upstream Wikimedia terms vary; commonly CC BY-SA/GFDL,attribution_sharealike_legal_review_required,https://object.pouta.csc.fi/OPUS-wikimedia/v20260327/moses/en-uz.txt.zip,0.99600476,minor,0.8,专名不一致,
667446826af8b276bdb1,12 Registon 30 10 3 17 41 48 -7 33 replaced FC Yoshlik 13 Ghallakor-Avtomobilchi 30 10 2 18 39 62 -23 32 .,12 Registon 30 10 3 17 41 48 -7 33 replaced FC Yoshlik 13 Gʻallakor-Avtomobilchi 30 10 2 18 39 62 -23 32 .,wikimedia,v20260327,971716,Upstream Wikimedia terms vary; commonly CC BY-SA/GFDL,attribution_sharealike_legal_review_required,https://object.pouta.csc.fi/OPUS-wikimedia/v20260327/moses/en-uz.txt.zip,0.99599355,minor,0.9,数字和专名不一致,
8e440c4a59e8f0b480c6,"↑ Chal Kola can be found at GEOnet Names Server, at this link, by opening the Advanced Search box, entering ""10867244"" in the ""Unique Feature Id"" form, and clicking on ""Search Database"". ↑ ""Census of the Islamic Republic of Iran, 1385 (2006)"" (Excel).","↑ Chal Kola can be found at GEOnet Nom Serveri, at this link, by opening the Advanced Search box, entering ""10867244"" in the ""Unique Feature Id"" form, and clicking on ""Search Database"". ↑ „Census of the Islamic Republic of Iran, 1385 (2006)“ (Excel).",wikimedia,v20260327,786266,Upstream Wikimedia terms vary; commonly CC BY-SA/GFDL,attribution_sharealike_legal_review_required,https://object.pouta.csc.fi/OPUS-wikimedia/v20260327/moses/en-uz.txt.zip,0.9958818,minor,0.8,专名不一致,
baac4af8bab23b6d4bff,"↑ Mashkabad-e Sofla can be found at GEOnet Names Server, at this link, by opening the Advanced Search box, entering ""10065991"" in the ""Unique Feature Id"" form, and clicking on ""Search Database"". ↑ ""Census of the Islamic Republic of Iran, 1385 (2006)"" (Excel).","↑ Mashkabad-e Sofla can be found at GEOnet Nom Serveri, at this link, by opening the Advanced Search box, entering ""10065991"" in the ""Unique Feature Id"" form, and clicking on ""Search Database"". ↑ „Census of the Islamic Republic of Iran, 1385 (2006)“ (Excel).",wikimedia,v20260327,906835,Upstream Wikimedia terms vary; commonly CC BY-SA/GFDL,attribution_sharealike_legal_review_required,https://object.pouta.csc.fi/OPUS-wikimedia/v20260327/moses/en-uz.txt.zip,0.9958689,minor,0.8,专名不一致,
fb3737969885cb6a1991,"↑ Dar Kenar can be found at GEOnet Names Server, at this link, by opening the Advanced Search box, entering ""10582974"" in the ""Unique Feature Id"" form, and clicking on ""Search Database"". ↑ ""Census of the Islamic Republic of Iran, 1385 (2006)"" (Excel).","↑ Dar Kenar can be found at GEOnet Nom Serveri, at this link, by opening the Advanced Search box, entering ""10582974"" in the ""Unique Feature Id"" form, and clicking on ""Search Database"". ↑ „Census of the Islamic Republic of Iran, 1385 (2006)“ (Excel).",wikimedia,v20260327,744283,Upstream Wikimedia terms vary; commonly CC BY-SA/GFDL,attribution_sharealike_legal_review_required,https://object.pouta.csc.fi/OPUS-wikimedia/v20260327/moses/en-uz.txt.zip,0.9958289,minor,0.8,专名不一致,
81a3b05f584bcd9216d7,"↑ Gorgavan can be found at GEOnet Names Server, at this link, by opening the Advanced Search box, entering ""-3793337"" in the ""Unique Feature Id"" form, and clicking on ""Search Database"". ↑ ""Census of the Islamic Republic of Iran, 1385 (2006)"" (Excel).","↑ Gorgavan can be found at GEOnet Nom Serveri, at this link, by opening the Advanced Search box, entering ""-3793337"" in the ""Unique Feature Id"" form, and clicking on ""Search Database"". ↑ „Census of the Islamic Republic of Iran, 1385 (2006)“ (Excel).",wikimedia,v20260327,849209,Upstream Wikimedia terms vary; commonly CC BY-SA/GFDL,attribution_sharealike_legal_review_required,https://object.pouta.csc.fi/OPUS-wikimedia/v20260327/moses/en-uz.txt.zip,0.99582654,minor,0.8,专名不一致,
b22e2240b8e137de3fb8,"↑ Sarrak-e Sofla can be found at GEOnet Names Server, at this link, by opening the Advanced Search box, entering ""10888738"" in the ""Unique Feature Id"" form, and clicking on ""Search Database"". ↑ ""Census of the Islamic Republic of Iran, 1385 (2006)"" (Excel).","↑ Sarrak-e Sofla can be found at GEOnet Nom Serveri, at this link, by opening the Advanced Search box, entering ""10888738"" in the ""Unique Feature Id"" form, and clicking on ""Search Database"". ↑ „Census of the Islamic Republic of Iran, 1385 (2006)“ (Excel).",wikimedia,v20260327,762542,Upstream Wikimedia terms vary; commonly CC BY-SA/GFDL,attribution_sharealike_legal_review_required,https://object.pouta.csc.fi/OPUS-wikimedia/v20260327/moses/en-uz.txt.zip,0.9958072,minor,0.8,专名不一致,
0aff15a24a12fe08c64b,"↑ Qaryaghdi can be found at GEOnet Names Server, at this link, by opening the Advanced Search box, entering ""-3849180"" in the ""Unique Feature Id"" form, and clicking on ""Search Database"". ↑ ""Census of the Islamic Republic of Iran, 1385 (2006)"" (Excel).","↑ Qaryaghdi can be found at GEOnet Nom Serveri, at this link, by opening the Advanced Search box, entering ""-3849180"" in the ""Unique Feature Id"" form, and clicking on ""Search Database"". ↑ „Census of the Islamic Republic of Iran, 1385 (2006)“ (Excel).",wikimedia,v20260327,861465,Upstream Wikimedia terms vary; commonly CC BY-SA/GFDL,attribution_sharealike_legal_review_required,https://object.pouta.csc.fi/OPUS-wikimedia/v20260327/moses/en-uz.txt.zip,0.9957994,minor,0.8,专名不一致,
e35c289278a0983cc10a,"↑ Darband-e Sofla can be found at GEOnet Names Server, at this link, by opening the Advanced Search box, entering ""-3796229"" in the ""Unique Feature Id"" form, and clicking on ""Search Database"". ↑ ""Census of the Islamic Republic of Iran, 1385 (2006)"" (Excel).","↑ Darband-e Sofla can be found at GEOnet Nom Serveri, at this link, by opening the Advanced Search box, entering ""-3796229"" in the ""Unique Feature Id"" form, and clicking on ""Search Database"". ↑ „Census of the Islamic Republic of Iran, 1385 (2006)“ (Excel).",wikimedia,v20260327,892263,Upstream Wikimedia terms vary; commonly CC BY-SA/GFDL,attribution_sharealike_legal_review_required,https://object.pouta.csc.fi/OPUS-wikimedia/v20260327/moses/en-uz.txt.zip,0.99576044,minor,0.8,专名不一致,
97f42dbea2868d77ab00,↑ Shitara Town official statistics (in Japanese) ↑ Shitara population statistics ↑ Shitara climate data,↑ Shitara Town official statistics (yaponcha) ↑ Shitara population statistics ↑ Shitara climate data,wikimedia,v20260327,900326,Upstream Wikimedia terms vary; commonly CC BY-SA/GFDL,attribution_sharealike_legal_review_required,https://object.pouta.csc.fi/OPUS-wikimedia/v20260327/moses/en-uz.txt.zip,0.99574673,minor,0.8,专名不一致,
4d5ad6dd9c765144f7d5,"ISBN 9780307386267. ↑ Bradford, Of Plymouth Plantation, 1620–1647, pp. 120–21. ↑ Bradford, History of Plymouth Plantation, pp. 135–42. ↑ The fast and thanksgiving days of New England by William DeLoss Love, Houghton, Mifflin and Co., Cambridge, 1895 ↑ ""6 Thanksgiving Myths and the Wampanoag Side of the Story"".","ISBN 9780307386267. ↑ Bradford, Of Plymouth Plantation, 1620–1647, pp. 120–21. ↑ Bradford, History of Plymouth Plantation, pp. 135–42. ↑ The fast and thanksgiving days of New England by William DeLoss Love, Houghton, Mifflin and Co., Cambridge, 1895 ↑ „6 Thanksgiving Myths and the Wampanoag Side of the Story“ (en).",wikimedia,v20260327,676729,Upstream Wikimedia terms vary; commonly CC BY-SA/GFDL,attribution_sharealike_legal_review_required,https://object.pouta.csc.fi/OPUS-wikimedia/v20260327/moses/en-uz.txt.zip,0.9957454,minor,0.8,专名不一致,
323e9380c3e34e8d3273,Football club Southampton Full name Southampton Football Club Nickname(s) The Saints Founded 21 November 1885; 137 years ago (1885-11-21) (as St. Mary's Y.M.A.),Southampton Full name Southampton Football Club Nickname(s) The Saints Founded 21 November 1885; 137 years ago (1885-11-21) (as St. Mary's Y.M.A.),wikimedia,v20260327,950826,Upstream Wikimedia terms vary; commonly CC BY-SA/GFDL,attribution_sharealike_legal_review_required,https://object.pouta.csc.fi/OPUS-wikimedia/v20260327/moses/en-uz.txt.zip,0.99574125,minor,0.8,缺少 'Football club',
9b2a106fa794f5e3386d,"↑ Abdol Robababad can be found at GEOnet Names Server, at this link, by opening the Advanced Search box, entering ""-3766098"" in the ""Unique Feature Id"" form, and clicking on ""Search Database"". ↑ ""Census of the Islamic Republic of Iran, 1385 (2006)"" (Excel).","↑ Abdol Robababad can be found at GEOnet Nom Serveri, at this link, by opening the Advanced Search box, entering ""-3766098"" in the ""Unique Feature Id"" form, and clicking on ""Search Database"". ↑ „Census of the Islamic Republic of Iran, 1385 (2006)“ (Excel).",wikimedia,v20260327,877191,Upstream Wikimedia terms vary; commonly CC BY-SA/GFDL,attribution_sharealike_legal_review_required,https://object.pouta.csc.fi/OPUS-wikimedia/v20260327/moses/en-uz.txt.zip,0.9957272,minor,0.8,专名不一致,
5cb4c1d4c1e4893c443d,"↑ Karimabad can be found at GEOnet Names Server, at this link, by opening the Advanced Search box, entering ""-3069787"" in the ""Unique Feature Id"" form, and clicking on ""Search Database"". ↑ ""Census of the Islamic Republic of Iran, 1385 (2006)"" (Excel).","↑ Karimabad can be found at GEOnet Nom Serveri, at this link, by opening the Advanced Search box, entering ""-3069787"" in the ""Unique Feature Id"" form, and clicking on ""Search Database"". ↑ „Census of the Islamic Republic of Iran, 1385 (2006)“ (Excel).",wikimedia,v20260327,851851,Upstream Wikimedia terms vary; commonly CC BY-SA/GFDL,attribution_sharealike_legal_review_required,https://object.pouta.csc.fi/OPUS-wikimedia/v20260327/moses/en-uz.txt.zip,0.99572575,minor,0.8,专名不一致,
0fc151f9822a12f62836,"↑ Dimah Mil Sofla can be found at GEOnet Names Server, at this link, by opening the Advanced Search box, entering ""-3755585"" in the ""Unique Feature Id"" form, and clicking on ""Search Database"". ↑ ""Census of the Islamic Republic of Iran, 1385 (2006)"" (Excel).","↑ Dimah Mil Sofla can be found at GEOnet Nom Serveri, at this link, by opening the Advanced Search box, entering ""-3755585"" in the ""Unique Feature Id"" form, and clicking on ""Search Database"". ↑ „Census of the Islamic Republic of Iran, 1385 (2006)“ (Excel).",wikimedia,v20260327,920894,Upstream Wikimedia terms vary; commonly CC BY-SA/GFDL,attribution_sharealike_legal_review_required,https://object.pouta.csc.fi/OPUS-wikimedia/v20260327/moses/en-uz.txt.zip,0.99566436,minor,0.8,专名不一致,
91ddd1f009a96d6bffc8,"↑ ""Ibaraki prefectural official statistics"" (in Japanese). Japan. ↑ Goka climate data ↑ Goka population statistics",↑ „Ibaraki prefectural official statistics“ (Japanese). ↑ Goka climate data ↑ Goka population statistics,wikimedia,v20260327,851531,Upstream Wikimedia terms vary; commonly CC BY-SA/GFDL,attribution_sharealike_legal_review_required,https://object.pouta.csc.fi/OPUS-wikimedia/v20260327/moses/en-uz.txt.zip,0.99565566,minor,0.8,专名不一致,
50fa1d8bcd4e7915948e,"↑ Gandomkal can be found at GEOnet Names Server, at this link, by opening the Advanced Search box, entering ""10867243"" in the ""Unique Feature Id"" form, and clicking on ""Search Database"". ↑ ""Census of the Islamic Republic of Iran, 1385 (2006)"" (Excel).","↑ Gandomkal can be found at GEOnet Nom Serveri, at this link, by opening the Advanced Search box, entering ""10867243"" in the ""Unique Feature Id"" form, and clicking on ""Search Database"". ↑ „Census of the Islamic Republic of Iran, 1385 (2006)“ (Excel).",wikimedia,v20260327,853390,Upstream Wikimedia terms vary; commonly CC BY-SA/GFDL,attribution_sharealike_legal_review_required,https://object.pouta.csc.fi/OPUS-wikimedia/v20260327/moses/en-uz.txt.zip,0.9956547,minor,0.8,专名不一致,
615f334c8a581ba33502,"↑ Firuzabad-e Pain can be found at GEOnet Names Server, at this link, by opening the Advanced Search box, entering ""-3845323"" in the ""Unique Feature Id"" form, and clicking on ""Search Database"". ↑ ""Census of the Islamic Republic of Iran, 1385 (2006)"" (Excel).","↑ Firuzabad-e Pain can be found at GEOnet Nom Serveri, at this link, by opening the Advanced Search box, entering ""-3845323"" in the ""Unique Feature Id"" form, and clicking on ""Search Database"". ↑ „Census of the Islamic Republic of Iran, 1385 (2006)“ (Excel).",wikimedia,v20260327,976789,Upstream Wikimedia terms vary; commonly CC BY-SA/GFDL,attribution_sharealike_legal_review_required,https://object.pouta.csc.fi/OPUS-wikimedia/v20260327/moses/en-uz.txt.zip,0.9955964,minor,0.8,专名不一致,
819dba5a81b77ea915a3,"↑ Nushan-e Olya can be found at GEOnet Names Server, at this link, by opening the Advanced Search box, entering ""-3807384"" in the ""Unique Feature Id"" form, and clicking on ""Search Database"". ↑ ""Census of the Islamic Republic of Iran, 1385 (2006)"" (Excel).","↑ Nushan-e Olya can be found at GEOnet Nom Serveri, at this link, by opening the Advanced Search box, entering ""-3807384"" in the ""Unique Feature Id"" form, and clicking on ""Search Database"". ↑ „Census of the Islamic Republic of Iran, 1385 (2006)“ (Excel).",wikimedia,v20260327,974703,Upstream Wikimedia terms vary; commonly CC BY-SA/GFDL,attribution_sharealike_legal_review_required,https://object.pouta.csc.fi/OPUS-wikimedia/v20260327/moses/en-uz.txt.zip,0.99558276,minor,0.8,专名不一致,
c76e95f09b90848fea13,"1 2 3 National Climatic Data Center (2003). ""Event Report for Eastern Maryland"".",1 2 3 National Climatic Data Center. „Event Report for Eastern Maryland“ (2003).,wikimedia,v20260327,469763,Upstream Wikimedia terms vary; commonly CC BY-SA/GFDL,attribution_sharealike_legal_review_required,https://object.pouta.csc.fi/OPUS-wikimedia/v20260327/moses/en-uz.txt.zip,0.9955683,minor,0.8,年份位置不一致,
ae5b405669bac49ffbac,"↑ Sakhsabad can be found at GEOnet Names Server, at this link, by opening the Advanced Search box, entering ""-3765837"" in the ""Unique Feature Id"" form, and clicking on ""Search Database"". ↑ ""Census of the Islamic Republic of Iran, 1395 (2016)"" (Excel).","↑ Sakhsabad can be found at GEOnet Nom Serveri, at this link, by opening the Advanced Search box, entering ""-3765837"" in the ""Unique Feature Id"" form, and clicking on ""Search Database"". ↑ „Census of the Islamic Republic of Iran, 1395 (2016)“ (Excel).",wikimedia,v20260327,876919,Upstream Wikimedia terms vary; commonly CC BY-SA/GFDL,attribution_sharealike_legal_review_required,https://object.pouta.csc.fi/OPUS-wikimedia/v20260327/moses/en-uz.txt.zip,0.9955483,minor,0.8,专名不一致,
7174f7c894dc5e68ab5b,"↑ Qazanchi can be found at GEOnet Names Server, at this link, by opening the Advanced Search box, entering ""-3080016"" in the ""Unique Feature Id"" form, and clicking on ""Search Database"". ↑ ""Census of the Islamic Republic of Iran, 1385 (2006)"" (Excel).","↑ Qazanchi can be found at GEOnet Nom Serveri, at this link, by opening the Advanced Search box, entering ""-3080016"" in the ""Unique Feature Id"" form, and clicking on ""Search Database"". ↑ „Census of the Islamic Republic of Iran, 1385 (2006)“ (Excel).",wikimedia,v20260327,796520,Upstream Wikimedia terms vary; commonly CC BY-SA/GFDL,attribution_sharealike_legal_review_required,https://object.pouta.csc.fi/OPUS-wikimedia/v20260327/moses/en-uz.txt.zip,0.9955455,minor,0.8,专名不一致,
01640516aba9d517400f,"↑ Mijan-e Sofla can be found at GEOnet Names Server, at this link, by opening the Advanced Search box, entering ""-3756594"" in the ""Unique Feature Id"" form, and clicking on ""Search Database"". ↑ ""Census of the Islamic Republic of Iran, 1385 (2006)"" (Excel).","↑ Mijan-e Sofla can be found at GEOnet Nom Serveri, at this link, by opening the Advanced Search box, entering ""-3756594"" in the ""Unique Feature Id"" form, and clicking on ""Search Database"". ↑ „Census of the Islamic Republic of Iran, 1385 (2006)“ (Excel).",wikimedia,v20260327,756161,Upstream Wikimedia terms vary; commonly CC BY-SA/GFDL,attribution_sharealike_legal_review_required,https://object.pouta.csc.fi/OPUS-wikimedia/v20260327/moses/en-uz.txt.zip,0.99553,minor,0.8,专名不一致,
f9b801edce04e1430f59,"↑ Hureh can be found at GEOnet Names Server, at this link, by opening the Advanced Search box, entering ""-3822744"" in the ""Unique Feature Id"" form, and clicking on ""Search Database"". ↑ ""Census of the Islamic Republic of Iran, 1385 (2006)"" (Excel).","↑ Hureh can be found at GEOnet Nom Serveri, at this link, by opening the Advanced Search box, entering ""-3822744"" in the ""Unique Feature Id"" form, and clicking on ""Search Database"". ↑ „Census of the Islamic Republic of Iran, 1385 (2006)“ (Excel).",wikimedia,v20260327,973740,Upstream Wikimedia terms vary; commonly CC BY-SA/GFDL,attribution_sharealike_legal_review_required,https://object.pouta.csc.fi/OPUS-wikimedia/v20260327/moses/en-uz.txt.zip,0.99552727,minor,0.8,专名不一致,
bb94f548a4b53195292b,"↑ Rekat-e Sofla can be found at GEOnet Names Server, at this link, by opening the Advanced Search box, entering ""-3081031"" in the ""Unique Feature Id"" form, and clicking on ""Search Database"". ↑ ""Census of the Islamic Republic of Iran, 1385 (2006)"" (Excel).","↑ Rekat-e Sofla can be found at GEOnet Nom Serveri, at this link, by opening the Advanced Search box, entering ""-3081031"" in the ""Unique Feature Id"" form, and clicking on ""Search Database"". ↑ „Census of the Islamic Republic of Iran, 1385 (2006)“ (Excel).",wikimedia,v20260327,839739,Upstream Wikimedia terms vary; commonly CC BY-SA/GFDL,attribution_sharealike_legal_review_required,https://object.pouta.csc.fi/OPUS-wikimedia/v20260327/moses/en-uz.txt.zip,0.9955271,minor,0.8,专名不一致,
61c9716f192326a252d4,"↑ Chutani can be found at GEOnet Names Server, at this link, by opening the Advanced Search box, entering ""-3058916"" in the ""Unique Feature Id"" form, and clicking on ""Search Database"". ↑ ""Census of the Islamic Republic of Iran, 1385 (2006)"" (Excel).","↑ Chutani can be found at GEOnet Nom Serveri, at this link, by opening the Advanced Search box, entering ""-3058916"" in the ""Unique Feature Id"" form, and clicking on ""Search Database"". ↑ „Census of the Islamic Republic of Iran, 1385 (2006)“ (Excel).",wikimedia,v20260327,740437,Upstream Wikimedia terms vary; commonly CC BY-SA/GFDL,attribution_sharealike_legal_review_required,https://object.pouta.csc.fi/OPUS-wikimedia/v20260327/moses/en-uz.txt.zip,0.995524,minor,0.8,专名不一致,
a946f93ba58885e8f975,"↑ Meydan can be found at GEOnet Names Server, at this link, by opening the Advanced Search box, entering ""-3794319"" in the ""Unique Feature Id"" form, and clicking on ""Search Database"". ↑ ""Census of the Islamic Republic of Iran, 1385 (2006)"" (Excel).","↑ Meydan can be found at GEOnet Nom Serveri, at this link, by opening the Advanced Search box, entering ""-3794319"" in the ""Unique Feature Id"" form, and clicking on ""Search Database"". ↑ „Census of the Islamic Republic of Iran, 1385 (2006)“ (Excel).",wikimedia,v20260327,290785,Upstream Wikimedia terms vary; commonly CC BY-SA/GFDL,attribution_sharealike_legal_review_required,https://object.pouta.csc.fi/OPUS-wikimedia/v20260327/moses/en-uz.txt.zip,0.9955144,minor,0.8,专名不一致,
4dc0ebf2b854e2b91e33,"↑ Iri-ye Olya can be found at GEOnet Names Server, at this link, by opening the Advanced Search box, entering ""-3067268"" in the ""Unique Feature Id"" form, and clicking on ""Search Database"". ↑ ""Census of the Islamic Republic of Iran, 1385 (2006)"" (Excel).","↑ Iri-ye Olya can be found at GEOnet Nom Serveri, at this link, by opening the Advanced Search box, entering ""-3067268"" in the ""Unique Feature Id"" form, and clicking on ""Search Database"". ↑ „Census of the Islamic Republic of Iran, 1385 (2006)“ (Excel).",wikimedia,v20260327,797368,Upstream Wikimedia terms vary; commonly CC BY-SA/GFDL,attribution_sharealike_legal_review_required,https://object.pouta.csc.fi/OPUS-wikimedia/v20260327/moses/en-uz.txt.zip,0.99549145,minor,0.8,专名不一致,
d02d49c3cf6151bc413a,"Allsvenskan: 1990, 1991, 1993, 1994, 1995 Svenska Cupen: 1991","Allsvenskan: 1990, 1991, 1993, 1994, 1995 Svenska Cupen: 1991-yil",wikimedia,v20260327,150501,Upstream Wikimedia terms vary; commonly CC BY-SA/GFDL,attribution_sharealike_legal_review_required,https://object.pouta.csc.fi/OPUS-wikimedia/v20260327/moses/en-uz.txt.zip,0.99548584,minor,0.8,数字格式不一致,
6a4ca612f6d4248a2472,"↑ Burbur-e Olya can be found at GEOnet Names Server, at this link, by opening the Advanced Search box, entering ""-3802339"" in the ""Unique Feature Id"" form, and clicking on ""Search Database"". ↑ ""Census of the Islamic Republic of Iran, 1385 (2006)"" (Excel).","↑ Burbur-e Olya can be found at GEOnet Nom Serveri, at this link, by opening the Advanced Search box, entering ""-3802339"" in the ""Unique Feature Id"" form, and clicking on ""Search Database"". ↑ „Census of the Islamic Republic of Iran, 1385 (2006)“ (Excel).",wikimedia,v20260327,861906,Upstream Wikimedia terms vary; commonly CC BY-SA/GFDL,attribution_sharealike_legal_review_required,https://object.pouta.csc.fi/OPUS-wikimedia/v20260327/moses/en-uz.txt.zip,0.9954761,minor,0.8,专名不一致,
98d8563d2e2fe3532a91,"↑ Sorkheh Deh-e Olya can be found at GEOnet Names Server, at this link, by opening the Advanced Search box, entering ""-3086243"" in the ""Unique Feature Id"" form, and clicking on ""Search Database"". ↑ ""Census of the Islamic Republic of Iran, 1385 (2006)"" (Excel).","↑ Sorkheh Deh-e Olya can be found at GEOnet Nom Serveri, at this link, by opening the Advanced Search box, entering ""-3086243"" in the ""Unique Feature Id"" form, and clicking on ""Search Database"". ↑ „Census of the Islamic Republic of Iran, 1385 (2006)“ (Excel).",wikimedia,v20260327,907824,Upstream Wikimedia terms vary; commonly CC BY-SA/GFDL,attribution_sharealike_legal_review_required,https://object.pouta.csc.fi/OPUS-wikimedia/v20260327/moses/en-uz.txt.zip,0.9954412,minor,0.8,专名不一致,
fdc190654c4884fea12b,"↑ Deh-e Aqa can be found at GEOnet Names Server, at this link, by opening the Advanced Search box, entering ""-3060236"" in the ""Unique Feature Id"" form, and clicking on ""Search Database"". ↑ ""Census of the Islamic Republic of Iran, 1385 (2006)"" (Excel).","↑ Deh-e Aqa can be found at GEOnet Nom Serveri, at this link, by opening the Advanced Search box, entering ""-3060236"" in the ""Unique Feature Id"" form, and clicking on ""Search Database"". ↑ „Census of the Islamic Republic of Iran, 1385 (2006)“ (Excel).",wikimedia,v20260327,976703,Upstream Wikimedia terms vary; commonly CC BY-SA/GFDL,attribution_sharealike_legal_review_required,https://object.pouta.csc.fi/OPUS-wikimedia/v20260327/moses/en-uz.txt.zip,0.99539846,minor,0.8,专名不一致,
5bfd67ae6b27aef83495,"↑ Tangeh-ye Olya can be found at GEOnet Names Server, at this link, by opening the Advanced Search box, entering ""-3786151"" in the ""Unique Feature Id"" form, and clicking on ""Search Database"". ↑ ""Census of the Islamic Republic of Iran, 1385 (2006)"" (Excel).","↑ Tangeh-ye Olya can be found at GEOnet Nom Serveri, at this link, by opening the Advanced Search box, entering ""-3786151"" in the ""Unique Feature Id"" form, and clicking on ""Search Database"". ↑ „Census of the Islamic Republic of Iran, 1385 (2006)“ (Excel).",wikimedia,v20260327,852757,Upstream Wikimedia terms vary; commonly CC BY-SA/GFDL,attribution_sharealike_legal_review_required,https://object.pouta.csc.fi/OPUS-wikimedia/v20260327/moses/en-uz.txt.zip,0.9953038,minor,0.8,专名不一致,
018531fe74946f55a7e3,"↑ ""Nanmoku Village official statistics"" (in Japanese). Japan. ↑ Nanmoku climate data ↑ Nanmoku population statistics ↑ ""学校教育 - 群馬県南牧村 公式サイト"". ↑ Gunma Prefecture official home page ↑ Nanmoku home page",↑ „Nanmoku Village official statistics“ (Japanese). ↑ Nanmoku climate data ↑ Nanmoku population statistics ↑ „学校教育 - 群馬県南牧村 公式サイト“. ↑ ​ Gunma Prefecture official home page ↑ ​ Nanmoku home page,wikimedia,v20260327,679382,Upstream Wikimedia terms vary; commonly CC BY-SA/GFDL,attribution_sharealike_legal_review_required,https://object.pouta.csc.fi/OPUS-wikimedia/v20260327/moses/en-uz.txt.zip,0.99529237,minor,0.8,专名不一致,
198509df218c5a95db8f,"↑ Halarud can be found at GEOnet Names Server, at this link, by opening the Advanced Search box, entering ""-3838653"" in the ""Unique Feature Id"" form, and clicking on ""Search Database"". ↑ ""Census of the Islamic Republic of Iran, 1385 (2006)"" (Excel).","↑ Halarud can be found at GEOnet Nom Serveri, at this link, by opening the Advanced Search box, entering ""-3838653"" in the ""Unique Feature Id"" form, and clicking on ""Search Database"". ↑ „Census of the Islamic Republic of Iran, 1385 (2006)“ (Excel).",wikimedia,v20260327,973747,Upstream Wikimedia terms vary; commonly CC BY-SA/GFDL,attribution_sharealike_legal_review_required,https://object.pouta.csc.fi/OPUS-wikimedia/v20260327/moses/en-uz.txt.zip,0.9952116,minor,0.8,专名不一致,
44178ba77f121d02c4c9,"↑ Do Choqa can be found at GEOnet Names Server, at this link, by opening the Advanced Search box, entering ""-3061367"" in the ""Unique Feature Id"" form, and clicking on ""Search Database"". ↑ ""Census of the Islamic Republic of Iran, 1385 (2006)"" (Excel).","↑ Do Choqa can be found at GEOnet Nom Serveri, at this link, by opening the Advanced Search box, entering ""-3061367"" in the ""Unique Feature Id"" form, and clicking on ""Search Database"". ↑ „Census of the Islamic Republic of Iran, 1385 (2006)“ (Excel).",wikimedia,v20260327,290496,Upstream Wikimedia terms vary; commonly CC BY-SA/GFDL,attribution_sharealike_legal_review_required,https://object.pouta.csc.fi/OPUS-wikimedia/v20260327/moses/en-uz.txt.zip,0.9951737,minor,0.8,专名不一致,
bf8545aa4a381c7ce958,"↑ Baran Duz can be found at GEOnet Names Server, at this link, by opening the Advanced Search box, entering ""-3813076"" in the ""Unique Feature Id"" form, and clicking on ""Search Database"". ↑ ""Census of the Islamic Republic of Iran, 1385 (2006)"" (Excel).","↑ Baran Duz can be found at GEOnet Nom Serveri, at this link, by opening the Advanced Search box, entering ""-3813076"" in the ""Unique Feature Id"" form, and clicking on ""Search Database"". ↑ „Census of the Islamic Republic of Iran, 1385 (2006)“ (Excel).",wikimedia,v20260327,800710,Upstream Wikimedia terms vary; commonly CC BY-SA/GFDL,attribution_sharealike_legal_review_required,https://object.pouta.csc.fi/OPUS-wikimedia/v20260327/moses/en-uz.txt.zip,0.9951601,minor,0.8,专名不一致,
49f516b48d4c3c9958db,"↑ Vinah can be found at GEOnet Names Server, at this link, by opening the Advanced Search box, entering ""-3793688"" in the ""Unique Feature Id"" form, and clicking on ""Search Database"". ↑ ""Census of the Islamic Republic of Iran, 1385 (2006)"" (Excel).","↑ Vinah can be found at GEOnet Nom Serveri, at this link, by opening the Advanced Search box, entering ""-3793688"" in the ""Unique Feature Id"" form, and clicking on ""Search Database"". ↑ „Census of the Islamic Republic of Iran, 1385 (2006)“ (Excel).",wikimedia,v20260327,976784,Upstream Wikimedia terms vary; commonly CC BY-SA/GFDL,attribution_sharealike_legal_review_required,https://object.pouta.csc.fi/OPUS-wikimedia/v20260327/moses/en-uz.txt.zip,0.9951401,minor,0.8,专名不一致,
66f3b938945a77ac26cd,"↑ Kalek-e Olya can be found at GEOnet Names Server, at this link, by opening the Advanced Search box, entering ""-3793381"" in the ""Unique Feature Id"" form, and clicking on ""Search Database"". ↑ ""Census of the Islamic Republic of Iran, 1385 (2006)"" (Excel).","↑ Kalek-e Olya can be found at GEOnet Nom Serveri, at this link, by opening the Advanced Search box, entering ""-3793381"" in the ""Unique Feature Id"" form, and clicking on ""Search Database"". ↑ „Census of the Islamic Republic of Iran, 1385 (2006)“ (Excel).",wikimedia,v20260327,813763,Upstream Wikimedia terms vary; commonly CC BY-SA/GFDL,attribution_sharealike_legal_review_required,https://object.pouta.csc.fi/OPUS-wikimedia/v20260327/moses/en-uz.txt.zip,0.9951139,minor,0.8,专名不一致,
24b6b2eeca026999c83f,"↑ Gariveh can be found at GEOnet Names Server, at this link, by opening the Advanced Search box, entering ""11001505"" in the ""Unique Feature Id"" form, and clicking on ""Search Database"". ↑ ""Census of the Islamic Republic of Iran, 1385 (2006)"" (Excel).","↑ Gariveh can be found at GEOnet Nom Serveri, at this link, by opening the Advanced Search box, entering ""11001505"" in the ""Unique Feature Id"" form, and clicking on ""Search Database"". ↑ „Census of the Islamic Republic of Iran, 1385 (2006)“ (Excel).",wikimedia,v20260327,744495,Upstream Wikimedia terms vary; commonly CC BY-SA/GFDL,attribution_sharealike_legal_review_required,https://object.pouta.csc.fi/OPUS-wikimedia/v20260327/moses/en-uz.txt.zip,0.99511194,minor,0.8,专名不一致,
3d9e5232114b18e5dbf1,"Agency for Cultural Affairs. ↑ ""一の沢洞窟"" (in Japanese).",Agency for Cultural Affairs. ↑ „一の沢洞窟“ (Japanese).,wikimedia,v20260327,629714,Upstream Wikimedia terms vary; commonly CC BY-SA/GFDL,attribution_sharealike_legal_review_required,https://object.pouta.csc.fi/OPUS-wikimedia/v20260327/moses/en-uz.txt.zip,0.99510014,minor,0.8,专名不一致,
088992f7e2688f58c4fc,"↑ ""Lange Nacht der Museen Helms-Museum"" (in German).",↑ „Lange Nacht der Museen Helms-Museum“ (German).,wikimedia,v20260327,272915,Upstream Wikimedia terms vary; commonly CC BY-SA/GFDL,attribution_sharealike_legal_review_required,https://object.pouta.csc.fi/OPUS-wikimedia/v20260327/moses/en-uz.txt.zip,0.99497485,minor,0.8,专名不一致,
727051eb83dd2575ef30,"1 2 Jonathan Baron (2006). ""History: Cattell at Penn"".",1 2 Jonathan Baron. „History: Cattell at Penn“ (2006).,wikimedia,v20260327,484174,Upstream Wikimedia terms vary; commonly CC BY-SA/GFDL,attribution_sharealike_legal_review_required,https://object.pouta.csc.fi/OPUS-wikimedia/v20260327/moses/en-uz.txt.zip,0.9949343,minor,0.9,数字不一致,
d2fd4a01e2b4fda55e86,"1962 Paul Vathis Associated Press ""Serious Steps"", showing John F. Kennedy and Dwight D. Eisenhower walking together at Camp David.","1962-yil Paul Vathis Associated Press ""Serious Steps"", showing John F. Kennedy and Dwight D. Eisenhower walking together at Camp David.",wikimedia,v20260327,318495,Upstream Wikimedia terms vary; commonly CC BY-SA/GFDL,attribution_sharealike_legal_review_required,https://object.pouta.csc.fi/OPUS-wikimedia/v20260327/moses/en-uz.txt.zip,0.9948688,wrong,0.9,日期格式不自然,
3e3282b87063b04fd84d,"Voyage de l'ambassade de la Compagnie des Indes Orientales hollandaises vers l'empereur de la Chine, dans les années 1794 et 1795.","Voyage de l'ambassade de la Compagnie des Indes Orientales hollandaises vers l'empereur de la China, dans les années 1794 va 1795.",wikimedia,v20260327,20353,Upstream Wikimedia terms vary; commonly CC BY-SA/GFDL,attribution_sharealike_legal_review_required,https://object.pouta.csc.fi/OPUS-wikimedia/v20260327/moses/en-uz.txt.zip,0.994836,wrong,0.9,年份格式不自然,
cfbebdda436c90537c6b,"Death of a Lawyer)"" 1955 Studio 57 Ann Randall 2 episodes 1955 The Public Defender Mrs. Harris Episode: ""Mama's Boy"" 1955–57 Climax!","Death of a Lawyer)"" 1955 Studio 57 Ann Randall 2 epizod 1955 The Public Defender Miss Harris Epizod: ""Mama's Boy"" 1955–57 Climax!",wikimedia,v20260327,868848,Upstream Wikimedia terms vary; commonly CC BY-SA/GFDL,attribution_sharealike_legal_review_required,https://object.pouta.csc.fi/OPUS-wikimedia/v20260327/moses/en-uz.txt.zip,0.99479926,minor,0.9,单位不一致,
47eae59a72841e37c304,"↑ Ashkutan can be found at GEOnet Names Server, at this link, by opening the Advanced Search box, entering ""10102847"" in the ""Unique Feature Id"" form, and clicking on ""Search Database"". ↑ ""Census of the Islamic Republic of Iran, 1385 (2006)"" (Excel).","↑ Ashkutan can be found at GEOnet Nom Serveri, at this link, by opening the Advanced Search box, entering ""10102847"" in the ""Unique Feature Id"" form, and clicking on ""Search Database"". ↑ „Census of the Islamic Republic of Iran, 1385 (2006)“ (Excel).",wikimedia,v20260327,1042328,Upstream Wikimedia terms vary; commonly CC BY-SA/GFDL,attribution_sharealike_legal_review_required,https://object.pouta.csc.fi/OPUS-wikimedia/v20260327/moses/en-uz.txt.zip,0.99462545,minor,0.9,专名不一致,
1d678729012cc3481e7d,"↑ Rudak can be found at GEOnet Names Server, at this link, by opening the Advanced Search box, entering ""-3081419"" in the ""Unique Feature Id"" form, and clicking on ""Search Database"". ↑ ""Census of the Islamic Republic of Iran, 1385 (2006)"" (Excel).","↑ Rudak can be found at GEOnet Nom Serveri, at this link, by opening the Advanced Search box, entering ""-3081419"" in the ""Unique Feature Id"" form, and clicking on ""Search Database"". ↑ „Census of the Islamic Republic of Iran, 1385 (2006)“ (Excel).",wikimedia,v20260327,872070,Upstream Wikimedia terms vary; commonly CC BY-SA/GFDL,attribution_sharealike_legal_review_required,https://object.pouta.csc.fi/OPUS-wikimedia/v20260327/moses/en-uz.txt.zip,0.9946165,minor,0.9,专名不一致,
dfec0c7a349edc66f7e0,"1 2 ""Statistiche Gare"" (in Italian). figc.it. ↑ FIFA.com. ""The FIFA/Coca-Cola World Ranking – Associations – Italy – Women's"".",1 2 „Statistiche Gare“ (Italian). figc.it. ↑ FIFA.com. „The FIFA/Coca-Cola World Ranking – Associations – Italy – Women's“ (en).,wikimedia,v20260327,584204,Upstream Wikimedia terms vary; commonly CC BY-SA/GFDL,attribution_sharealike_legal_review_required,https://object.pouta.csc.fi/OPUS-wikimedia/v20260327/moses/en-uz.txt.zip,0.99447215,minor,0.9,专名不一致,
0a405f026dff283c3869,"↑ ""Ardestan Map on Mapcarta"". ↑ Iranian National Committee for Standardization of Geographical Names website (in Persian) ↑ ""Census of the Islamic Republic of Iran, 1385 (2006)"" (Excel).","↑ „Ardestan Map on Mapcarta“. ↑ Iranian National Committee for Standardization of Geographical Names website (forscha) ↑ „Census of the Islamic Republic of Iran, 1385 (2006)“ (Excel).",wikimedia,v20260327,758579,Upstream Wikimedia terms vary; commonly CC BY-SA/GFDL,attribution_sharealike_legal_review_required,https://object.pouta.csc.fi/OPUS-wikimedia/v20260327/moses/en-uz.txt.zip,0.99438876,minor,0.9,专名不一致,
e56176a61182e272f93a,Los fondos de las representaciones diplomáticas y consulares de España en China conservados en el Archivo General de la Administración: su contexto (in Spanish).,Los fondos de las representaciones diplomáticas y consulares de España en China conservados en el Archivo General de la Administración: su contexto (ispancha).,wikimedia,v20260327,764748,Upstream Wikimedia terms vary; commonly CC BY-SA/GFDL,attribution_sharealike_legal_review_required,https://object.pouta.csc.fi/OPUS-wikimedia/v20260327/moses/en-uz.txt.zip,0.99430466,minor,0.9,专名不一致,
