pair_id,llm_label,llm_confidence,llm_reason
76ceb37fa51893ebace6,wrong,1.0,未翻译
ce918dd3c643ffaf5cad,wrong,1.0,未翻译
b230bc52d20aef7daf98,wrong,1.0,未翻译
e98633a259b19a1e985d,wrong,1.0,未翻译
4bd4fc171767761b1144,minor,1.0,部分翻译
48cd3b6e4e219d1f083c,wrong,1.0,未翻译
7997c79172839402c1e6,minor,1.0,部分翻译
f9cb0a4d8428df529bba,minor,1.0,拼写错误
daf5c2810b7d3ba5a2ad,minor,1.0,拼写错误
4dee98e43b7958c5e84a,wrong,1.0,未翻译
b652ed53c75052892c47,minor,1.0,部分翻译
c0b668867e343772281f,correct,1.0,
878b92504eae0c18e1bd,wrong,1.0,未翻译
149f8f2b6907252e5217,minor,1.0,部分翻译
75e1df1f0197a67618e7,minor,1.0,部分翻译
cb2fe3e56bc3539b5f97,minor,1.0,部分翻译
602e07d6affaeba47ea2,wrong,1.0,顺序错误
26eb37bf7f30e1cd5f02,minor,1.0,拼写错误
6369499a30d647016203,minor,1.0,部分翻译
9ecc64f364472fbce744,minor,1.0,部分翻译
4440dc325a42e602a1ab,minor,1.0,部分翻译
9a143df47b34b3a3d394,minor,1.0,部分翻译
ccb71b3fee17bd4654fd,minor,1.0,拼写错误
62c3906bc0225d6b11fb,minor,1.0,部分翻译
83da50b7f815bb8fffdc,minor,1.0,部分翻译
257e0111f6a71be1ecd2,minor,1.0,专名和单位不一致
8bfdcc9e303754e6071e,minor,1.0,专名和单位不一致
f62a08e41ad154040f19,minor,1.0,专名和单位不一致
f58d0f57e640dc764511,wrong,1.0,最后一个名字的首字母不同
b2c18d8c70f125417df9,minor,1.0,专名和单位不一致
6292cda0d1200596f404,minor,1.0,专名和单位不一致
7e281ec5fb86152afc78,minor,1.0,专名和单位不一致
f46141167bbaac82dae0,minor,1.0,专名和单位不一致
f9ef2ed11c5ede8b9bd8,minor,1.0,专名和单位不一致
7c9337f321954eb3f439,minor,1.0,专名和单位不一致
f63d655e61dc85c3969d,minor,1.0,专名和单位不一致
daaa9899c697bbbc12ea,minor,1.0,专名拼写不一致
0e6c87fd4b3890226568,minor,1.0,专名和单位不一致
2834871a4190f8a958c4,minor,1.0,专名和单位不一致
096d59a31065e7665fb9,minor,1.0,专名和单位不一致
ae5e417ea8e838bfd9cf,minor,1.0,专名和单位不一致
c4fc409918df1f9b9175,minor,1.0,专名和单位不一致
0a362ada73b9d4645152,minor,1.0,专名和单位不一致
6b437a667e5fb206aa45,minor,1.0,专名和单位不一致
311bbac550c1eecbb42b,minor,1.0,专名和单位不一致
fcf2b2e1c1c0b98291de,minor,1.0,专名和单位不一致
7b438c96cc3bd9db8050,minor,1.0,专名和单位不一致
658896f0c3ca24d0d488,minor,1.0,专名和单位不一致
a9934973e75fb1fa49c2,minor,1.0,专名和单位不一致
8b6c3a62969fae9bc5b7,minor,1.0,专名和单位不一致
7b7ea0fb97f550815f97,minor,0.8,专名不一致
667446826af8b276bdb1,minor,0.9,数字和专名不一致
e79a687a5b4f93b73a6e,correct,1.0,
8e440c4a59e8f0b480c6,minor,0.8,专名不一致
baac4af8bab23b6d4bff,minor,0.8,专名不一致
fb3737969885cb6a1991,minor,0.8,专名不一致
81a3b05f584bcd9216d7,minor,0.8,专名不一致
b22e2240b8e137de3fb8,minor,0.8,专名不一致
0aff15a24a12fe08c64b,minor,0.8,专名不一致
e35c289278a0983cc10a,minor,0.8,专名不一致
97f42dbea2868d77ab00,minor,0.8,专名不一致
4d5ad6dd9c765144f7d5,minor,0.8,专名不一致
323e9380c3e34e8d3273,minor,0.8,缺少 'Football club'
9b2a106fa794f5e3386d,minor,0.8,专名不一致
5cb4c1d4c1e4893c443d,minor,0.8,专名不一致
0fc151f9822a12f62836,minor,0.8,专名不一致
91ddd1f009a96d6bffc8,minor,0.8,专名不一致
50fa1d8bcd4e7915948e,minor,0.8,专名不一致
615f334c8a581ba33502,minor,0.8,专名不一致
819dba5a81b77ea915a3,minor,0.8,专名不一致
c76e95f09b90848fea13,minor,0.8,年份位置不一致
ae5b405669bac49ffbac,minor,0.8,专名不一致
9e3b6507a1c6f0969d13,correct,1.0,
7174f7c894dc5e68ab5b,minor,0.8,专名不一致
01640516aba9d517400f,minor,0.8,专名不一致
f9b801edce04e1430f59,minor,0.8,专名不一致
bb94f548a4b53195292b,minor,0.8,专名不一致
55f914d2ae364f1693b4,correct,1.0,
61c9716f192326a252d4,minor,0.8,专名不一致
a946f93ba58885e8f975,minor,0.8,专名不一致
4dc0ebf2b854e2b91e33,minor,0.8,专名不一致
d02d49c3cf6151bc413a,minor,0.8,数字格式不一致
6a4ca612f6d4248a2472,minor,0.8,专名不一致
98d8563d2e2fe3532a91,minor,0.8,专名不一致
fdc190654c4884fea12b,minor,0.8,专名不一致
5bfd67ae6b27aef83495,minor,0.8,专名不一致
4396c6ac8368af0b4ffe,correct,1.0,
bf5a3d2b5fc15da1864f,correct,1.0,
018531fe74946f55a7e3,minor,0.8,专名不一致
56bb06124a8e39855126,correct,1.0,
198509df218c5a95db8f,minor,0.8,专名不一致
fa31f57f550ceaaa4111,correct,1.0,
44178ba77f121d02c4c9,minor,0.8,专名不一致
bf8545aa4a381c7ce958,minor,0.8,专名不一致
49f516b48d4c3c9958db,minor,0.8,专名不一致
66f3b938945a77ac26cd,minor,0.8,专名不一致
24b6b2eeca026999c83f,minor,0.8,专名不一致
13e5bf58b06c696782fd,correct,1.0,
3d9e5232114b18e5dbf1,minor,0.8,专名不一致
088992f7e2688f58c4fc,minor,0.8,专名不一致
727051eb83dd2575ef30,minor,0.9,数字不一致
d2fd4a01e2b4fda55e86,wrong,0.9,日期格式不自然
3e3282b87063b04fd84d,wrong,0.9,年份格式不自然
cfbebdda436c90537c6b,minor,0.9,单位不一致
91d91352ae7d9d96da1e,correct,0.9,
47eae59a72841e37c304,minor,0.9,专名不一致
1d678729012cc3481e7d,minor,0.9,专名不一致
dd54e05403a40ee4893e,correct,0.9,
4e86205038ca0c83c1da,correct,0.9,
b4d96f6553c8b57ba6f1,correct,0.9,
72179dda14708466891c,correct,0.9,
dfec0c7a349edc66f7e0,minor,0.9,专名不一致
0a405f026dff283c3869,minor,0.9,专名不一致
d2f1188ac9b1e0639371,correct,0.9,
e8443d428fbf0ed5ded1,correct,0.9,
e56176a61182e272f93a,minor,0.9,专名不一致
29581fb0c433d81d2ec9,correct,0.9,
a716bd11368c8d69dbc3,correct,0.9,
7db92e530b7f5648cbb9,wrong,0.9,专名不一致
0611dc16f7a162aa436d,correct,0.9,
1c481b7f20b137de4ebf,minor,0.9,专名不一致
f83a7a29ec5fd252273e,correct,0.9,
70eb3ff9c9ec825bde8e,correct,0.9,
f231287e9fb01582ae96,minor,0.9,专名不一致
751150df26308dc313a5,correct,0.9,
e7fbc71785a2f0e025ae,correct,1.0,
7bf8746474d5491ecef5,correct,1.0,
56a37f879d1da1bef581,minor,0.9,未翻译的专有名词
d8112df7d17e6266f1f3,minor,0.9,年份表达不一致
ec264a58c0290ebee8a6,minor,0.9,未翻译的专有名词
95744e0e4988592166b6,correct,1.0,
c35e1cd8c1df75315680,correct,1.0,
1c4e42d57ef47d27ee25,minor,0.9,年份表达不一致
5d9f30e2521c01816119,minor,0.9,未翻译的专有名词
1015d28d43d5d3ddf688,correct,1.0,
93cc3482f6e8b61d4248,minor,0.9,日期格式不一致
f9795f709e52f8fed967,minor,0.9,未翻译的专有名词
115d4886e0d21a73c66a,minor,0.9,月份未翻译
9a8c9fc4bef4a4476e03,correct,1.0,
062fdc223e61868e3c12,correct,1.0,
703f14f09d63c315d8ec,wrong,0.9,年份格式错误
d0dac9a1f0e2c00acb9a,wrong,0.9,多余词汇
f5361b412f8eb1e42fb1,minor,0.9,地名拼写错误
279e66a2a55974e58f46,minor,0.9,未翻译的专有名词
2b6a4c72b610676013dc,minor,0.9,缺少介词
24a939f0cdeaa6098938,correct,1.0,
8fdb36bd991d34cbec3a,minor,0.9,地名拼写错误
51dbef72748887fd3f39,minor,0.9,专名和单位不一致
73099540ec3710a43c4d,minor,0.9,日期格式不一致
66916a07ffe56b524404,minor,0.9,日期格式不一致
a0fe070047f4910c40b0,minor,0.8,缺少翻译
2f097619a20075f94206,correct,1.0,
e143440ba4376cb1345d,correct,1.0,
995f413080e9be91095d,correct,1.0,
26e4b9f9bc91b35c8182,correct,1.0,
e5bdea0e2054f04b7c08,minor,0.9,缺少'Clay'
7679bfaf157748f0420f,correct,1.0,
62eb4aa2bca2594f6cce,correct,1.0,
472b7eb157f497e2df94,minor,0.9,缺少翻译
2db3e5006593a6fd2a69,minor,0.9,缺少翻译
598d17d0c57d70b3b6dd,correct,1.0,
6576884b82bc50946be9,correct,1.0,
90bfe4a00a8a4b2660a4,minor,0.9,缺少翻译
01268f1bc1bdd5a317bb,correct,1.0,
681f7aa6a544a972cfcf,correct,1.0,
cfa852aef083cab2f01e,correct,1.0,
e284f1439343c37b46f4,correct,1.0,
80dc1ed3afac78bd4b2f,correct,1.0,
3ffbf370a1e8f90895ac,correct,1.0,
e6b5318e8b10c6b03b06,correct,1.0,
1744a06fbb647dfb1180,correct,1.0,
d5ad785109ac0cf53ad3,correct,1.0,
b46e63b2c4027ae0933a,minor,0.9,缺少翻译
faefa159ea59fe0b8f95,correct,1.0,
2c20cb0213ad914c95dc,correct,1.0,
659610c29d0efd1feb11,minor,0.8,缺少'Hard'
4c2ff2628640820d9240,correct,1.0,
780360e9e84fb9b13f87,wrong,0.9,遗漏了Soccerway
95795658a80b004e4755,correct,1.0,
862e3efdf83e6c736d96,junk,1.0,非乌兹别克语
1db04d1c7fb009bac4fc,correct,1.0,
ddd6144a6ea28fee291c,correct,1.0,
9a9c7ac4365dea1f6ee7,junk,1.0,非乌兹别克语
9e83a1998a0311f18768,correct,1.0,
c1458792d7bb2b692283,correct,1.0,
0c990e175e11c5376a05,wrong,0.9,缺少'Die'
e60b3e867b17e1cfb697,correct,1.0,
8cc8ee5f648d2522468d,correct,1.0,
c84ef5b0b33498e3a2f4,correct,1.0,
2185f26bba387a54e790,minor,0.8,G`alaba拼写不一致
1a1543241fc96a74b24e,correct,1.0,
1c11073cbe245917ac1d,correct,1.0,
622f9583e0a97a210a5b,correct,1.0,
c293b0563d3e23d7275b,correct,1.0,
68a99e2e16a1fceecc99,correct,1.0,
c888d49cb026fa0b2eca,correct,1.0,
c933445d35ca932459e5,wrong,0.9,名字拼写不一致
8895378ca6a6076b2ff1,correct,1.0,
9ef81de62612ce0ff24c,wrong,0.9,'forscha'应为'farsi'
ab19b717efeb4d72246c,correct,1.0,
fd2e06f3875ede8edad5,minor,0.9,专名和单位不一致
fc73271b4fbb75e8c150,minor,0.9,专名和单位不一致
e6973a6c6f653dd4802e,minor,0.9,专名和单位不一致
8c612dc2298a784b28b6,minor,0.9,专名和单位不一致
e11fbac6fb47c0904612,minor,0.9,专名和单位不一致
484e6a3f98419b20ab3e,minor,0.9,专名和单位不一致
8d2ae71c40d46148d220,minor,0.9,专名和单位不一致
fffa8bc4d7ba3e63325f,minor,0.9,专名和单位不一致
2b5f8720868042b780b9,minor,0.9,专名和单位不一致
50bbeb4110f7e431f259,minor,0.9,专名和单位不一致
b29dfdbddced15b95b22,minor,0.9,专名和单位不一致
9f71a46b4d67728a3819,minor,0.9,专名和单位不一致
2ee7ed8cf9a3726401fa,minor,0.9,专名和单位不一致
766d4fe058d071e2d72a,minor,0.9,专名和单位不一致
2ee6585cc33edf33fc10,minor,0.9,专名和单位不一致
7cdf17b6d9931c9bcab0,minor,0.9,专名和单位不一致
392c087aa97d4ffb2cd3,minor,0.9,专名和单位不一致
9f102de8a4793a75577b,minor,0.9,专名和单位不一致
bc10bd4557183361f12e,minor,0.9,专名和单位不一致
43d0b0e502dc2c816ee9,minor,0.9,专名和单位不一致
ad3529edccc7ce382672,minor,0.9,专名和单位不一致
307375fc42e1de8c8735,minor,0.9,专名和单位不一致
bdb34ab98803f5e1799a,minor,0.9,专名和单位不一致
50b59391758c7899778a,minor,0.9,专名和单位不一致
f1a129bf5b38213f1f68,minor,0.9,专名和单位不一致
2d981ead1da4fc827672,correct,1.0,
e8ed06bd5ca87e86723d,correct,1.0,
9e7bdb285968cb2b2655,correct,1.0,
b238f9e62b03c08189d0,correct,1.0,
8d65f14d5c9ae9c2a0bd,minor,0.9,Aizu-Wakamatsu -> Aizu-Vakamatsu
4e664aa76504b87dc05b,correct,1.0,
b4defbac96fa9f661ee6,correct,1.0,
a6c26bbd34371552bc0d,correct,1.0,
02e420e176ca256da2d6,correct,1.0,
706ebbfd4aba6dec65c1,correct,1.0,
3ff18ed14c44002d1ef7,correct,1.0,
af635051408115b911b8,correct,1.0,
56a7bf88ece0bf090661,correct,1.0,
03329ada6b7de4ef373f,correct,1.0,
4108675cb039a07bedc3,minor,0.8,asos solingan -> asoslangan
c282df762d1dac4aebd2,correct,1.0,
01ac40751ad40bd20dc0,correct,1.0,
fbe545a7775552417fdf,correct,1.0,
44f3f6db0dea9597af2b,correct,1.0,
39e0de3ba63055417878,correct,1.0,
a2732b5e514c815e4071,correct,1.0,
3ede9012b31b06eae107,minor,0.9,缺少Grass
c7f91156b8c7ebb62491,correct,1.0,
8e44d1c212a7fce80ffa,minor,0.9,"Ugo-Iwaya -> Ugo-Ivaya, Iwaki-Minato -> Ivaki-Minato, Michikawa -> Michikava"
2969b681c02e53b874e8,correct,1.0,
c667d4357d5d3b2ed340,correct,1.0,
75b24a6fd67901727946,correct,1.0,
d9060661e9403e24e478,correct,1.0,
584fa836dd4300d5d1f0,correct,1.0,
1556ebc292ec466d8110,correct,1.0,
2f261b4a0502c5b10215,correct,1.0,
357edd70723c0f2223b2,wrong,1.0,包含英文
d587f49d2ba3046e3931,correct,1.0,
08bcff47d739e17378a1,correct,1.0,
ed71b5e04de022ebed71,correct,1.0,
aab8434b23d6743cffa5,correct,1.0,
0fb8d7d2ac99fcf47898,correct,1.0,
8fb411bbb9c330d673d0,correct,1.0,
5e5ad638bd9b2cabddff,wrong,1.0,缺少Zimbabwe的翻译
6fa739e4a39647188093,correct,1.0,
7dc6e49734df5cb71f12,correct,1.0,
7e56501271666f813919,correct,1.0,
658b37433013ab834dc8,correct,1.0,
abad08e1eb85647003a4,correct,1.0,
993650d01f7546d40281,wrong,1.0,俱乐部名称顺序错误
558b1be02d3e1895b5a0,correct,1.0,
c553aed19c5c39166096,correct,1.0,
3cedef095a5ae5ca9572,correct,1.0,
df4bf89de9c254e987e0,correct,1.0,
d7e432b43673df597dd1,correct,1.0,
5a8ad0219461f4faf90f,minor,1.0,数字不一致
8e8da08b5427bd228fa2,wrong,1.0,专名不一致
4bd1974b437710acd86b,correct,1.0,
5f1a16fe08c39cb1d220,wrong,1.0,语言不一致
18a79f005e83326e7772,correct,1.0,
285b74f662de6ef20d4c,correct,1.0,
ecf28c21c27804eb111f,minor,1.0,轻微遗漏
4b860b2f67ec31713edd,wrong,1.0,专名不一致
e08a845e4b15248498c0,minor,1.0,措辞差异
2f8b64694a2c0c133dcc,correct,1.0,
f65e6f8a984f681a0efc,wrong,1.0,语言不一致
68b8269e20f154a95192,wrong,1.0,语言不一致
059ccd9aa2625730c0bb,correct,1.0,
4c16cc0a842c3b3f4a72,correct,1.0,
f0b592093c1a5ef32027,wrong,1.0,语言不一致
4fbfeb6fa99fd0c8dda8,correct,1.0,
52fb936fb1f406f6e4df,correct,1.0,
35ef3a6578ec0a88cba2,correct,1.0,
375aa0e5d76d7409e6bc,minor,1.0,拼写错误
53ad9a746499f926c374,correct,1.0,
329b1d4474f6b86535fc,wrong,1.0,专名不一致
6b852c82be4ac9baa9d1,wrong,1.0,语言不一致
2b6952c98fdb9b39bff6,minor,1.0,轻微语法错误
a74979f49bd50db3d24c,wrong,1.0,专名不一致
8b47ea425fffb1c974e2,correct,1.0,
77b1250aeb566179a0bb,minor,0.8,缺少场地信息
62a1e1d46964de1544bb,wrong,0.9,缺少作者名
0fff6bd1bf0025710a79,correct,1.0,
77d30df3b2715deff510,wrong,0.9,语序错误
439653a805aa5781718e,minor,0.8,年份表达不一致
e9fd0a96def926dcfd3c,correct,1.0,
27a05ad68a3bbaabe36e,correct,1.0,
712f7b76ab65950b29d8,correct,1.0,
6fb17293cb8ef7a9f09c,correct,1.0,
e5b4e8acafb29d0516f9,minor,0.8,多余语言标记
d91ac623ff889f56a1ba,minor,0.8,多余语言标记
f0eac2884ed3048f0b9a,correct,1.0,
44435dab2c3910664ed5,correct,1.0,
abd318c4d6fd7b46cc92,wrong,0.9,站点名称翻译错误
34001a2cd54bafc42ceb,correct,1.0,
8eb8512a4df76b368c09,correct,1.0,
263dab2bd1116124c391,minor,0.8,多余语言标记
6e60d66d7ceae220fd3a,wrong,0.9,缺少来源
c189b4f831bc40507fbc,minor,0.8,缺少场地信息
b90a7f7fc2a0f2030ed3,correct,1.0,
1d712f0dcff1ef8c1adb,minor,0.8,缺少场地信息
5271bfe4c13bc67eec13,minor,0.8,日期格式不一致
edc897dbe96cdd79de6d,correct,1.0,
c33cc5b7309cd5da8314,wrong,0.9,专有名词翻译错误
ccaa3202e385cd2d4e4b,correct,1.0,
f586b8c810be73bc73b1,correct,1.0,
a8c1de579ceb4e586d3d,minor,0.9,部分英文未翻译
1465dd4cb7180f1fbd03,minor,0.9,括号内语言说明应为乌兹别克语
9bce4136d662da9fd11c,wrong,1.0,缺少翻译
2c6851fb80fe15297005,minor,0.9,专有名词未翻译
c3d46e2ddc3e8735b3ed,minor,0.9,括号内语言说明应为乌兹别克语
de71f7b7b1b034d7d464,correct,1.0,
12ea4e63c6cfafa96d31,correct,1.0,
f6bce6162892487f7c3c,correct,1.0,
45c0eddd42d1b9476ccc,minor,0.9,括号内语言说明应为乌兹别克语
70c5f712c6ebcd872d27,correct,1.0,
66d80a11630af4a0f333,wrong,1.0,缺少翻译
c4a0b4cbbee2a198da8f,correct,1.0,
8c02ee8c948f54883fdf,correct,1.0,
e78cf90fd118bd935a62,minor,0.9,括号内语言说明应为乌兹别克语
2a13eaa2aa42323cc44a,correct,1.0,
1db314e34fba56c85120,correct,1.0,
6b602fab87ca3ed365ec,correct,1.0,
3488cfdd4102d5334043,wrong,1.0,缺少翻译
cb64ad24b8a5a04ec9d7,minor,0.9,括号内语言说明应为乌兹别克语
9df24a00ba7240b88a53,correct,1.0,
e641d8be2007ff61b390,correct,1.0,
26bb394411966fc36499,correct,1.0,
b007e0fce3bc79e62c25,correct,1.0,
cc8269ab5c8d6c0d0f86,correct,1.0,
43b30487d7d15758850a,minor,0.9,专名未翻译
c96415401abc624b3613,wrong,0.9,单位不一致
6a4a75575998437abf14,minor,0.9,添加了 (en)
1a9b4badb81458076946,correct,1.0,
31705ed60bf448b2d976,minor,0.9,添加了 (en)
1ca3f873b6e5379076a8,correct,1.0,
2da666a7c7eded6271ff,correct,1.0,
0a960d333be9d6567574,correct,1.0,
3ba4f80c10b678bb6682,wrong,0.9,信息丢失
2ac5aff7b0ff1feac055,correct,1.0,
42048a05852ff16a0504,correct,1.0,
2a4cc64d509a5629ad99,minor,0.9,年份格式不同
74a5448c5b19ea2cf707,correct,1.0,
3f34a3daf7c37b0f2057,correct,1.0,
422d2923b717eb7253fa,correct,1.0,
b8528756208d34550901,minor,0.9,年份格式不同
91cba455d42db8735d61,correct,1.0,
7b5cd56b259b2d87a981,correct,1.0,
5aabf1194286d39a2ee1,correct,1.0,
b4a8d22b193062569512,correct,1.0,
d1005c836a8508f2b26a,minor,0.9,添加了 (fr)
e7e0352bf1a0fa1b5116,correct,1.0,
15326d4381674fdbff01,correct,1.0,
71b5d21be3f3963976b9,correct,1.0,
18b6f3cc1992b34b962a,minor,0.9,添加了 (Turkish)
551fb371b674a469865c,wrong,0.9,非乌兹别克语
3ce3b72450a60a63a1cb,minor,0.8,轻微语法错误
593e22927dabd39a5370,minor,0.8,轻微语法错误
a9994ef26483e06c1387,correct,1.0,
26cfa3a10b80655b6979,minor,0.8,日期格式不一致
a35553c7b95242f63aa7,correct,1.0,
e008d4436f3642dc8741,minor,0.8,日期格式不一致
28f8bac8b5df244629b5,correct,1.0,
a0d8858167ce1002a2c8,correct,1.0,
4b1c387ef0c50949cf79,correct,1.0,
36740d6f27d31dbdc67c,minor,0.8,轻微语法错误
c6f2c6680a3e4bd69fe7,wrong,0.9,非乌兹别克语
314e4d5e7375e0a7bfee,correct,1.0,
a760d305750604623f74,correct,1.0,
551ed0bf67a7c94c20c5,correct,1.0,
3a587d9223d2bb1197a1,correct,1.0,
3a3f7df557bc47c8c35a,correct,1.0,
fb20958cce71783d54fa,correct,1.0,
c3c9aab3ace57f4a82da,correct,1.0,
21ce584da948716c09df,wrong,0.9,非乌兹别克语
6e3c0711fd5ee86bda7d,wrong,0.9,非乌兹别克语
a3d1d48a7d474a6eeb73,minor,0.8,轻微语法错误
2bd4fc74d304fd7a52d9,correct,1.0,
61dbfe077b238f699120,wrong,0.9,非乌兹别克语
b0cc4bfc3fd87a2155f1,correct,1.0,
aab86c31ad0f9bf3aa53,minor,0.9,部分未翻译
13c311f1b1bb72abe375,correct,1.0,
a40b27c80af2af93ee7b,correct,1.0,
82c3d81ccc3fc2090b1a,minor,0.9,部分未翻译
94c213d0fee60e2cbf5e,minor,0.9,部分未翻译
614e1342ea7edb46aa41,correct,1.0,
beaf8f707130b3e83e22,minor,0.9,部分未翻译
b491a65de7cfcf492aab,wrong,1.0,大量未翻译
0e01b86749255a86684b,minor,0.9,缺少复数形式
69b57dac3bbbf1137719,correct,1.0,
d0bd3e974b30ba02d580,correct,1.0,
309829ea61de4b2ac76a,correct,1.0,
13e3619a4ef9d3e0d9a5,correct,1.0,
9403f579096d984c08cb,minor,0.9,部分未翻译
ec7aba42ebe57fde5edd,correct,1.0,
bf4c72eef0c89f7867f1,wrong,1.0,名字错误
c08427a9cd635abb7fa6,correct,1.0,
5c8aed4ea1f74e213a30,minor,0.9,部分未翻译
53a6a0e14494d694fa98,minor,0.9,部分未翻译
b314ab404fb3559b6ab2,correct,1.0,
e53839ca603e52a88a6e,correct,1.0,
60f40eeef7706ce6a4d6,correct,1.0,
6afe2e29c93e790df5c8,correct,1.0,
99e094cdb31d331e1baf,minor,0.9,部分未翻译
f8470bb3228ef62e6d0d,correct,1.0,
fb4712e27043ad886f10,minor,0.9,日期格式不一致
fe197e54166cc49d7f7c,correct,1.0,
74e09eb7f2301942a6d8,wrong,0.9,专名翻译错误
57cf313dfd9431f58546,correct,1.0,
054b1884472833b8affc,correct,1.0,
4d6f1ef4c2586fccff0f,minor,0.9,缺少场地类型
00c0446e3c8aee7a9159,correct,1.0,
186b09c0511cdd9f0614,correct,1.0,
3874104dc057fc9b5341,minor,0.9,地名拼写略有不同
793918e86d7ca5579490,correct,1.0,
0ccd7116f2a0034c02ce,minor,0.9,语言标注不一致
fb0e7448f8a88ae23afa,correct,1.0,
3ab0fea34ab6b698e7b3,minor,0.9,专名翻译不一致
e917ab08f37c6161d70c,minor,0.9,语言标注不一致
dd2cb6dd49878f7ae609,junk,0.9,乱码
fa91689b731a955a9deb,minor,0.9,地名拼写略有不同
cc4579013e1d4ffba436,minor,0.9,引号和语言标注不一致
beaf23b3994269aec917,minor,0.9,年份表达方式不一致
1a03077978cdfe5907b6,correct,1.0,
b2ccb7d6954cddbead7b,correct,1.0,
a35b1e0cc7d558527679,minor,0.9,年份表达方式不一致
e075a584547a3a38649a,correct,1.0,
3f9efd5231d256d0edea,junk,0.9,乱码
419157f1b3ed244ef4ed,correct,1.0,
394d3300ec295448d386,correct,1.0,
76c9aef2ac56443224da,minor,0.9,日期格式不一致
24e11a327cec95739826,correct,1.0,
c28860557ac8a3c2a255,correct,1.0,
af50ffef801f1122138f,minor,0.9,地名拼写不一致
e7b26398cccea9d6b420,correct,1.0,
efa99af6c4e5cc8b3006,correct,1.0,
7661089b06fdae853fa8,wrong,1.0,乌兹别克语中直接使用了英文
a5c7432f4e25fabfc6c5,correct,1.0,
53b4998eeb251a127c0b,correct,1.0,
6f2c3b3f0fea4128fab9,correct,1.0,
ac3c5a917fa52ee8410c,correct,1.0,
1732d316fefd9d7ab1a0,correct,1.0,
ee35bc659fa5edc361a6,correct,1.0,
4446d112cf7c02f8ef94,minor,0.9,表格中的'Jami'应为'Jamiy'
8103c01e940886fbec83,minor,0.9,日期格式不一致
2093467893c1013c4e42,correct,1.0,
68d6daee56f93725ee1b,wrong,1.0,句子保留了捷克语
066784c978e3abbabd63,wrong,1.0,链接列表没有完全翻译
41f38ba97d3bccb58d25,correct,1.0,
757a93497c7bf1a18ebf,minor,0.9,遗漏了场地类型'Carpet (i)'
bc09be1b488ed8642f1f,correct,1.0,
9246a765cd2dc5206469,correct,1.0,
a73736c98ce8b0c5c94c,minor,0.9,书名的翻译不准确
08bb2b041c9987b7e796,correct,1.0,
30fd84afe871448e1fb5,junk,1.0,包含大量未翻译的内容
714926f12da0ffc1f225,correct,1.0,
a0e4cd500b2130537de9,minor,0.9,姓氏拼写差异
2f4a0203915582295aac,correct,1.0,
149bf8cb7c3b348e6423,correct,1.0,
7f2b65f89e9734bcade4,correct,1.0,
a4de002664cfa69bc025,minor,0.9,国家名称未翻译
a40ba310cdb868fcf6ba,correct,1.0,
cbcb4cb97647c952829a,correct,1.0,
144961c17ad2dad9a714,correct,1.0,
356b8d533c21afd3ad35,correct,1.0,
ccc3af79c3c3d307298e,correct,1.0,
e61feb723d29e1765da4,correct,1.0,
0a60555f1b74a82c939a,wrong,0.8,乌兹别克语中存在英语词汇
a468c9e29f760d6cc6d7,minor,0.9,姓氏拼写差异
ad2959a16115497a7e89,correct,1.0,
feba59bf779a4795c9e7,correct,1.0,
25ea770f6c8db571c9d4,correct,1.0,
b14aaa70a05f6ad9eb73,correct,1.0,
20c05bf8942313fc6e90,correct,1.0,
52c093d7083f802962f2,correct,1.0,
4febd933f89f5d09dc7e,correct,1.0,
1e1637129a2b16ab3b13,correct,1.0,
0a9c02d9319457f5bd95,correct,1.0,
c8a87b17c1e47830d14f,correct,1.0,
c5ec9d5190fbae384e1d,correct,1.0,
d4b23c2aa4f7316be4df,correct,0.0,
ba34ccb2a9ab396e499c,correct,0.0,
08b10d0711ee81c4f319,correct,0.0,
602bb3d9fbe2fd2b4de0,correct,0.0,
b172c26260784933dd18,minor,0.0,遗漏了'Clay'
7588c9ea191eff44c4f3,correct,0.0,
b9662476fd84949fcde2,correct,0.0,
8e27e2f28d089e173587,correct,0.0,
12312924c64d129dd326,correct,0.0,
b2fcc43826a7b4120333,correct,0.0,
a3520cb7b886027de88e,correct,0.0,
24fee5630f924807185e,wrong,0.0,重复和结构混乱
e58b1cac874a55354823,correct,0.0,
58de214100e494a99cca,correct,0.0,
ca6fc7368db54d069870,correct,0.0,
c151c6970fffb21a4550,correct,0.0,
b86ffedbbfeca8171d34,correct,0.0,
48c3e93186927628ea03,correct,0.0,
a3f6e5bb924b5531fc52,correct,0.0,
04c0e7e56842ed73aabe,correct,0.0,
250f2fde7c60f95c8261,correct,0.0,
91d4ca32b5ffdd746c34,correct,0.0,
e0c2de38b1f75aa82200,correct,0.0,
4d414980b358a799e6b5,correct,0.0,
0f1232fd850825f74387,correct,0.0,
a0fcd9c16e1edef9089d,correct,1.0,
63b9c7f8e1101a4c0eb7,minor,0.8,日期格式不一致
b0cfd53c685b52fde272,wrong,1.0,专有名词不一致
aacc8d7ba278caa9f303,correct,1.0,
e5683fcb1240c1e01ad9,correct,1.0,
0d03a9d083269945da81,correct,1.0,
8e071792d119f855a968,wrong,1.0,语言标识未翻译
57bd62c456a5f13fa453,correct,1.0,
be6ce2c5d74bbf35a638,wrong,1.0,语言标识未翻译
ca237e3c96bc17d02c94,correct,1.0,
7dc63539a4a6da74c174,correct,1.0,
576a78b8324e7d2a8bc8,correct,1.0,
fae9fb6d780e84b26910,correct,1.0,
2a3fc23c1a325e02439e,correct,1.0,
57f9b1cbb7fad209b371,correct,1.0,
9b529a491fe50b663e48,correct,1.0,
d5912c79348eb6809f74,correct,1.0,
05c77359454d1575e5a7,correct,1.0,
8c608114cb8f48e2fbe4,correct,1.0,
3c6870b91e1d76b84fdf,correct,1.0,
aca78530e8c670d3c085,correct,1.0,
484e19ce20568a8ea291,wrong,1.0,语言标识未翻译
0714370623ebad5a0464,wrong,1.0,语言标识未翻译
b2d41ac6752c9c54d73e,correct,1.0,
0c16f6a32f2206d8c818,correct,1.0,
4d6257316ff1e0255a42,minor,0.9,添加了(en)
55e66562b49a55f64766,correct,1.0,
35f808567a0c18d18eac,minor,0.9,缺少 at
3e1f3136c027cd02cf1f,minor,0.9,Ikawa 和 Ikava 不一致
cf0304ed07d522bbed05,correct,1.0,
7b3e8ddeb689fdd344a5,minor,0.9,添加了(en)
1062a9685a9914fd026a,minor,0.9,缺少 Hard
717a0ab5fe113519e20d,minor,0.9,缺少 Next前的破折号
65bbba5243478c633add,minor,0.9,缺少 (in Serbian)
c165d50148e677ed5787,wrong,0.8,日期格式错误
71aee949dd5db7f86645,minor,0.9,添加了(en)
7fcdaa15bf261ef71380,minor,0.9,英语和乌兹别克语中的语言名称不完全一致
48d8820116ee75a28625,correct,1.0,
f335182ef3bd96cba9b3,correct,1.0,
fa533ec9e38a0758824a,junk,0.9,重复且无意义
7ee1d6ce4d1d21182bcf,minor,0.9,Zaamin 缺少 FK
7365b6378c7bb991a52e,minor,0.9,添加了-yillarda
0b507a419501fcbff81c,correct,1.0,
7c9e1b9f33145e450c4a,correct,1.0,
3319bf0ed8fcb8da3196,correct,1.0,
b9441bf38b6362ef14a6,minor,0.9,linyasi 应为 liniya
92c3525dd71e5a956546,correct,1.0,
7713e3479db180c06818,correct,1.0,
da2792dc1dbe2da96249,correct,1.0,
aa65f39e86b93ee9e877,correct,1.0,
0b0f5a620b2927bcb3b1,wrong,1.0,专名不一致
56375262e263ba8ee1bc,correct,1.0,
ba8847bf0aab3ca97c00,junk,1.0,包含 (en)
8aee0bfc217fb01a7ab5,minor,1.0,专名翻译不准确
02f21a06e8bc72300aca,correct,1.0,
d9ea576699246f19fabd,junk,1.0,包含 (en)
6e268b21ff58fcec5e48,correct,1.0,
6910e28d536e33bd0abe,correct,1.0,
1704f863ea915d59b9f6,correct,1.0,
f8c2dba00fcbea1a9091,correct,1.0,
c391a1247e32d2d5f2f5,correct,1.0,
8b303bd1b9509d4d6f97,correct,1.0,
0bd64970c16db726132e,correct,1.0,
48879a0d03cfeb5235aa,junk,1.0,格式错误
d463a51dfdf0b294be19,minor,1.0,遗漏了 'Clay'
ca31aa5de0e1b70f140d,correct,1.0,
6d76eea0da033cec961a,correct,1.0,
6805c8d82cfdf3744323,correct,1.0,
a4f24acf6d000f4ca3c9,correct,1.0,
ef1828b7359c09008757,correct,1.0,
1bce513bc1833eae7aa2,correct,1.0,
d2d0449273b1974c11d6,correct,1.0,
d706f1cde121c89e3588,correct,1.0,
f54ac54aa37b97846cdc,correct,1.0,
a7be424137ed50311cf6,wrong,1.0,专名不一致
1ffa3b7559aebdaaf227,minor,0.8,未翻译
59991484ca824bdd3f72,correct,1.0,
6b669f99e15e53865a54,minor,0.8,未翻译
05da795ec6afeeaa390c,correct,1.0,
dba30194bc01fcbf1993,correct,1.0,
e7f8b7551334cfe111d7,wrong,0.9,未翻译且格式混乱
86cc2e3e19f8cf1cde55,minor,0.8,名字省略
9c55cd15d397c5041531,correct,1.0,
47823e9d9cc28b312ad2,correct,1.0,
409a9985c6bd876ca90d,minor,0.8,Clay缺失
d27bc2fd0dabb5fbce90,wrong,0.9,单位不一致
b239ddaa2cca91962454,correct,1.0,
4d73d6bff1f4d783797a,correct,1.0,
fdda6482090a2bbc7029,correct,1.0,
d4dd79191001eb3c7320,minor,0.8,未翻译
7a5b3ceab9812c24ef2c,correct,1.0,
1905214b064f5988fc01,correct,1.0,
bfd13f475ca61d5e3220,correct,1.0,
cec4a8f9c572dcb97eeb,correct,1.0,
b9024f02036f687cae9b,minor,0.8,未翻译
f15261a4ae78f7cdc6da,correct,1.0,
8063da7ec1fec4e9bffc,correct,1.0,
a516d3d4a1a16ed239d7,correct,1.0,
79ba697efa778554e9a5,minor,0.8,未翻译
0cfab749f576513b42cc,minor,0.8,结尾多余
c03368fa4f560a53a454,correct,1.0,
afad441a4790e2b0c8f1,correct,1.0,
187c05af1a7e08fa7406,correct,1.0,
169378ac43b24849a948,correct,1.0,
680deb301b065f2388e3,correct,1.0,
1552fdec971b9221f0d0,correct,1.0,
e12b53bdb01515005460,correct,1.0,
feae0c7af4dc865a729c,minor,0.9,缺少'Grass'
031245f2c739e58c4f3a,correct,1.0,
318762b05257e1d73ec1,correct,1.0,
fb6d6ac82058a1f0ebf5,correct,1.0,
97091beca8dd2a5f1255,correct,1.0,
f7dd886727c3ddc0d13d,correct,1.0,
809800a9bf22d88ae4a8,correct,1.0,
505f9c34dd40a4738df8,correct,1.0,
88f857031b8eafb70524,correct,1.0,
0dd82d9fc44266b4cf46,correct,1.0,
e96209a5d02120b19f3a,correct,1.0,
4bf9c13d3a34176933de,correct,1.0,
a015954d9d3740830756,correct,1.0,
34a7df7af23613ccf921,correct,1.0,
1bb37b08ca5dc21c0a53,minor,0.9,Clay翻译为Loy不准确
0b9d2f1dfa7aaa871183,correct,1.0,
ff3c295bf3227f14daf6,correct,1.0,
cea5c81619af7dfabb91,correct,1.0,
910aa89f5c7f5b4472a1,minor,0.9,缺少部分翻译
0ab1a833a5ebc87357f2,correct,1.0,
d364858cc2e5d69cff0b,correct,1.0,
fa9315511663a43d4785,correct,1.0,
45be57d5f35e40548a1d,correct,1.0,
5a4cd0112192b7914108,wrong,0.9,单位不一致
589e8fa36602225443d6,correct,1.0,
2140056a4a1a6b2a50d6,correct,1.0,
8537a6ebeb32491fc071,correct,1.0,
957326790052e7c7c7dd,correct,1.0,
9c51d8e902868f4c4252,correct,1.0,
6a216d7d8b560c18004e,correct,1.0,
586da4895f9e0044ce30,correct,1.0,
ca3b3605d9b071fc1498,correct,1.0,
431ec43fcd69114fa522,correct,1.0,
3c92553c53b1e5af4c8b,correct,1.0,
b86d9784f2cab34919e0,correct,1.0,
73e111a10fc40428f231,correct,1.0,
f9eafad61eaf3890d3e7,correct,1.0,
6fb3d0176c53c6287a2c,correct,1.0,
723d653b1f776e4b7322,correct,1.0,
63a7989bbb2b0d00bad4,correct,1.0,
614d4010e15e866e2b2a,correct,1.0,
ba0675df7793a3bf2fe2,correct,1.0,
a5d08e477348631a8199,correct,1.0,
b0fd4f04fecb8bffad1d,correct,0.95,
a3a04d9e4cd1496cc48a,correct,0.95,
45072427972c1701ae64,correct,0.95,
0e3611935a7dffd2fcb8,correct,0.95,
411b39a09fbb00c0a368,minor,0.85,缺少'在...'
26d0dbcb0191a00b8354,correct,0.95,
a4de431f7fbfce9ebb3e,correct,0.95,
04eaa0b34248abf9be79,correct,0.95,
f25ba0fb11dc51d8eb07,correct,0.95,
6a3967e2c99c584a4003,correct,0.95,
05923732639c0ac6317c,correct,0.95,
f4873c7d8e7d8dc17fb6,correct,0.95,
f52e6835a603c67f070e,correct,0.95,
eded4243cab1cd8742a6,minor,0.85,Mersing应为Mersin
8753aa9edf04ed9871fa,correct,0.95,
4a49ceba480893fa314c,correct,0.95,
ccbf5f79286279e434f0,correct,0.95,
1efbf84854ed880f209d,correct,0.95,
db5e42d9073c178bdfab,correct,0.95,
dfaeaf1f2f93b11a49e9,wrong,0.9,Tony错误翻译为Toni
cdae65db5d14dcf124ea,correct,0.95,
fab754932ad0496219b0,minor,0.85,缺少破折号
69bb9645a870b489a74f,correct,0.95,
6e2fb9c98ff96fb88cc4,correct,0.95,
79e5c468eb1a8208a622,correct,0.95,
97a47b87f89caabba29c,minor,0.8,轻微语法错误
08de8328289f46515485,correct,1.0,
e77f2800794cab2fe4f0,correct,1.0,
b1f51031be32581f383c,minor,0.9,专有名词不一致
891069d9890a53ec03cd,correct,1.0,
6a78453422314a925779,correct,1.0,
ff651cd18e8a501d23e5,correct,1.0,
35519da3b68b16944c51,correct,1.0,
fac5b519d07c981db5c0,correct,1.0,
72b2c45ec2febe374b34,correct,1.0,
694f4f54c3d73ae0625f,minor,0.9,轻微语法错误
53bf5bd92ebd98eb3f56,correct,1.0,
c5fd35c47461f06a0d48,wrong,0.9,顺序错误
22ff0204f82204e7b79f,correct,1.0,
533e452d9d7544aef88e,correct,1.0,
50fca4aad67864c64afe,correct,1.0,
2e431813436b016f0fe7,correct,1.0,
4499497ec7fca9a37515,correct,1.0,
451a66b6b20ec70296c1,correct,1.0,
9f2c373c01776ba7a2bd,correct,1.0,
da4c67693cb19bbded25,correct,1.0,
48510798f6c9b0eb437b,minor,0.9,专名拼写不一致
b66cefc5b364ed1f0945,correct,1.0,
68af5c9fefa6666d3a1b,correct,1.0,
b119b51d8c0b6a5c4d61,correct,1.0,
d5471e76fd0ffe6d0232,correct,1.0,
1acf7483787a8d63a56f,correct,1.0,
fc693672c2a7e9f7ab46,correct,1.0,
66bcc0cf389f420a6782,correct,1.0,
7daeea7a0173524eb474,correct,1.0,
89acfcd3af857d83ab10,correct,1.0,
39980ba31a0af446ca98,correct,1.0,
bed86ab5901b63058e67,correct,1.0,
84146559edd56585da8a,correct,1.0,
a6fdaaee8be0fbdee17a,correct,1.0,
af0fbdd737d56129dd39,correct,1.0,
663b71bdd6a68847fa11,correct,1.0,
55cc708bef204320e0cc,correct,1.0,
fbc95932f506cfb97745,correct,1.0,
988d874274f65794e634,correct,1.0,
e163917d5955f6c15056,wrong,1.0,乌兹别克语翻译中包含英文 (en).
f641a34ce9b1159ce1dc,correct,1.0,
b513350f4684bcea471a,correct,1.0,
9636f55da21f5075ea7e,correct,1.0,
0e76faf700a222455265,correct,1.0,
25f1e0f8972d9c687bcc,correct,1.0,
0f86a338652706ec99e4,correct,1.0,
87b06ee16efbc496c7de,minor,1.0,Qattiq (Hard) 翻译不准确，应为 'Hard'.
d2d59fbf9d3a57159637,correct,1.0,
0e7d95255857e0f129b2,correct,1.0,
f68032f813a138e0b97b,correct,1.0,
5b155699eec10514dde6,correct,1.0,
4307e23575ea361dd90e,correct,1.0,
3f148774eaaaea239250,correct,1.0,
ee07a9c484c3708d61b3,minor,0.9,月份名未翻译
77d31e79f8c8bcea690a,correct,1.0,
125039cb5032c96a5031,correct,1.0,
47b7c36ccea59138957a,minor,0.9,月份名未翻译
a5a47590c08986516bd7,correct,1.0,
4601fcbdff0374fcc3c2,minor,0.9,人名拼写略有差异
8d5d547f0a37a04a3eab,correct,1.0,
91d9219d93fdc41f2f4b,correct,1.0,
68c4b01e87e0f14c9e10,minor,0.9,月份名未翻译
2fe2c7f8eb664e80fe9b,correct,1.0,
7aa583248accd4d4738b,correct,1.0,
9ab0da29a5a588240579,correct,1.0,
d0effa8a795f23277d65,correct,1.0,
3a7c90aa58b44977a2ba,wrong,1.0,句子不完整
d2d06bcf60bc874a20b6,correct,1.0,
75a5d7a8a3481575f1fa,correct,1.0,
c0a3d30a2cb316faa654,correct,1.0,
7de39783203076af4406,correct,1.0,
b1aa25dba060d8b7d2ee,correct,1.0,
3d05a0ec9caab809cd0d,correct,1.0,
7cb40a4bbff248d9f175,correct,1.0,
896a61c5056a398f81fd,correct,1.0,
24e1b6a39d25827abab9,correct,1.0,
472443109877d53311b1,junk,1.0,列表碎片
86bff876e995fbde1669,correct,1.0,
63305b44b348455bda24,junk,1.0,模板残片
a63381f99e2d332be56f,correct,1.0,
3368534a18fc44e25224,minor,0.9,术语不一致（Clay vs Qumli）
c61e6f4bf20f50907434,correct,1.0,
7cf43bb61a11a2a39c34,correct,1.0,
8031165448b9fbf5c8ae,correct,1.0,
91a03ce45b5c69a7667a,correct,1.0,
81f37cb7a1eadc933bda,junk,1.0,模板残片
603214ecd037fbdbb8fd,minor,0.9,遗漏场地类型（Hard）
4406aa6a865f8a7bdb87,correct,1.0,
9a76970f1372a73c3277,correct,1.0,
a57181798de70fdf24ce,correct,1.0,
04f6a2ec6b3c525e107c,correct,1.0,
2a38914bd8b92d542521,correct,1.0,
b8d090974dc2c47ac17a,junk,1.0,模板残片
14676a686ed3bc9139de,correct,1.0,
8e23477f9fc0e3bd2451,correct,1.0,
ed80a6c2a34967842400,correct,1.0,
bfa0136fca386564a80f,correct,1.0,
5224365c58776e69f85e,junk,1.0,模板残片
8b014666d2720d0eb2dd,junk,1.0,模板残片
07400947ab1686ee695a,wrong,1.0,缺少乌兹别克语翻译
6cde028400667faf9897,correct,1.0,
5cb66056c4dc5b9ee31b,correct,1.0,
29b561ef9efaea8f38c4,minor,1.0,缺少对Obyce的乌兹别克语翻译
75e3beae3d5d4903e65b,correct,1.0,
fefc3bc656ad9cb90d57,minor,1.0,缺少对as的翻译
77a02dad474997f7fdfe,correct,1.0,
a1f3aaf4e2c0f61b4346,correct,1.0,
1be7b86a2820100f606d,minor,1.0,Karlbo被错误地翻译为城市，实际上是一个村庄
9c67575c4f21a06ec0b7,correct,1.0,
b72e3f08f2e34ee93dde,correct,1.0,
05632af3f67941c9ecc6,correct,1.0,
7fa7a6629001f6807270,correct,1.0,
ed650ac4aea4d698d472,correct,1.0,
221cd081221a1a403f59,correct,1.0,
66c01984903b231787ac,correct,1.0,
8bb6bc03cfb81f7971c2,correct,1.0,
09295cc8e23ecc414301,correct,1.0,
4ff00934ed75e16f3731,correct,1.0,
e4edb9d34b3faeee4d0a,correct,1.0,
b1cc7e0ed7074cd2f5c2,correct,1.0,
58566ecdd46485a4127d,correct,1.0,
3826f81de826827bdf9b,wrong,1.0,缺少乌兹别克语翻译
5d96e52b6148cfc9ce2a,correct,1.0,
2ec72295e33a558777d6,correct,1.0,
672c5fb4d7b66d30b38c,minor,1.0,uz 中的 'ansab' 应为 'ansāb'
9496bf9f1f898bc90cf7,correct,1.0,
312cda750cc6143211fb,correct,1.0,
ff0fb5c182cff0431c5a,correct,1.0,
9513ec8c9e37d58ff9ab,correct,1.0,
d0abd511c54ef093229f,correct,1.0,
f8bd73d9508d73a53eed,correct,1.0,
3ba67d260ec6a53656f5,wrong,1.0,uz 中包含未翻译的印尼语
dc6b3468ba34ae35ad0e,correct,1.0,
2a2e45635a7d6aa6f9dd,correct,1.0,
6feb65cbe4bd289415f6,correct,1.0,
17d38a91dd6048cf6ea5,correct,1.0,
681e28777aa604fda829,correct,1.0,
6589ae7c70c6c5cf6fe0,correct,1.0,
09b454addb163bf972a6,correct,1.0,
82d6cfc57348e883c7c7,correct,1.0,
8de44f18793f33e6a0d3,wrong,1.0,uz 中包含未翻译的德语
356fecf698002938cb19,wrong,1.0,专有名词拼写不一致
c509cd29a3d0902590f0,correct,1.0,
2f11174b742de880b5df,correct,1.0,
e016d767ca91289d581f,correct,1.0,
c92b26ef41cf0d921bc1,correct,1.0,
b6c4ea7dc1db48e70c1e,correct,1.0,
0c2d98c800e31ca3490b,correct,1.0,
6c134de2fb3e32b4216e,wrong,1.0,uz 中包含未翻译的西班牙语和瑞典语
3a36d90930bcaa7e5020,minor,0.8,单位未转换
0fdb821b73b1622e5c51,correct,1.0,
4418dc7c657d860f3fc6,correct,1.0,
729551a63ad55fde061a,minor,0.9,缺少Grass
aa920b24536a7656fec4,correct,1.0,
d66653e35e721530d963,correct,1.0,
0190f03cda4f261f2478,correct,1.0,
6389abaf6a0e4937b619,correct,1.0,
69222b4411cb0717646b,correct,1.0,
6bb0745d86f9f4739d47,correct,1.0,
8794a40888316d3c8f45,correct,1.0,
ba4fdbe89aaa5707393e,correct,1.0,
bb6c963e8041db288186,correct,1.0,
c938934f798bf73e92a0,correct,1.0,
c5b338df9ea0954d39d5,minor,0.9,拼写错误：Nishikawa应为Nishikawa
c74794127307d40c5cc1,correct,1.0,
9adf6e990bc4ff6109eb,correct,1.0,
6d3f9cfa00bca654b8ab,correct,1.0,
f549de50aea79fd61c25,minor,0.9,拼写错误：Oharu应为Ōharu
1ce00c127d47a9b1c907,correct,1.0,
9cfa3e544bff32cab72a,correct,1.0,
5178a3b6c5cd37b5a339,correct,1.0,
9404e3117889ab2aa3ee,correct,1.0,
6dcdf3f2bd6a37dd73d8,correct,1.0,
878e0c9e5705070f34f3,correct,1.0,
dd8599a8f066f2a04e2f,wrong,1.0,直接复制了英文部分
09168f71073f10b1c8e5,correct,1.0,
29844e82f50871f15642,correct,1.0,
f8d971ecd2ce5765c71c,wrong,1.0,直接复制了英文部分
e288496395117ce40e88,wrong,1.0,直接复制了塞尔维亚语部分
538075917e3a1d3eb985,correct,1.0,
dc2a6186736b0b17d6cc,correct,1.0,
ff89496a2504de94aaee,wrong,1.0,直接复制了英文部分
7f60da20370e72452e98,correct,1.0,
556b4811c00e055db3b0,correct,1.0,
b897896b24390aba14d9,wrong,1.0,直接复制了英文部分
cb8b6b0c421a18e3cbdd,wrong,1.0,直接复制了德语部分
382c7bbb98892166bf91,correct,1.0,
7c9703660a3bf93393d7,correct,1.0,
9884c29ca1b36d88e173,correct,1.0,
539ff610cfb2ac09b236,wrong,1.0,直接复制了英文部分
72be072aace7fefdacf4,correct,1.0,
ed0d30cb5d161899b1fa,correct,1.0,
154cfd1a870eeafe3680,correct,1.0,
2bb9900a6c2937810c7c,correct,1.0,
ebcbccb206a9f0f060df,wrong,1.0,直接复制了英文部分
e85d55f08dafe872eddc,correct,1.0,
2390c5a882d93bf80c3a,correct,1.0,
a7fb6b890beeb85caf7c,correct,1.0,
180a18a7cfc39b180073,correct,1.0,
abb774f2ad76ff1a127d,correct,1.0,
b5a24feb8aad52afccaa,wrong,1.0,专名不一致
84b866c47084c7b46547,wrong,1.0,地名拼写错误
e0f014eb95d70c636885,minor,0.9,部分未翻译
e06211a7aa012a2dc5e1,minor,0.9,部分未翻译
fcf0e47f4c02fe9dc14c,minor,0.9,部分未翻译
3187ad9a76759dbd5235,minor,0.9,部分未翻译
f71c8eea034fa44d5924,minor,0.9,部分未翻译
04708535e82a7fd0a372,correct,1.0,
1faf6d74b3243e07e7a0,minor,0.9,部分未翻译
22a0ad5a70695e4efa4b,minor,0.9,部分未翻译
d869d4c20485ca1af5b6,minor,0.9,遗漏 'Hard'
a68acb130d021eaf7454,minor,0.9,部分未翻译
72fc44ce914af91ae03b,correct,1.0,
148bc526ea1723547186,correct,1.0,
b268220979b2b3f00a98,correct,1.0,
3645d30def11579e8df8,correct,1.0,
66a11f83c4cea19d8ae0,minor,0.9,部分未翻译
a5e9f3f2f8a3f89615c9,minor,0.9,部分未翻译
ca70c4a025e5bb19ae7a,minor,0.9,部分未翻译
b3d3b7218e4983e54a96,correct,1.0,
9bca81f82af824a7bdbe,minor,0.9,部分未翻译
8629798258fd54e6d4dc,minor,0.9,部分未翻译
b2bcf1f9a21dfe4d5e22,correct,1.0,
88f5a389b2d10e8aa477,wrong,1.0,语言不匹配
3595b34abe30bee4f1e0,correct,1.0,
88f47ee172e94747dbbe,correct,1.0,
aeedc8cc0e3884b3effd,correct,1.0,
7ff906289ecd5d800a55,correct,1.0,
bb9af19bade2b30ec103,correct,1.0,
d2de4ba16872b152c2c2,correct,1.0,
977a954079716e949bda,correct,1.0,
5a629ab2b48bfdbcda5d,correct,1.0,
fb737d2510b06815962e,wrong,1.0,未翻译
7b7bc94e6d7e6dc7d9b2,correct,1.0,
5491d1c939e9c7edb9e1,minor,1.0,缺少组织名称
7d2d3a9408f5071f06c0,correct,1.0,
4b86faa6e7aa49fa082c,correct,1.0,
9d21cb70be15d9f81746,correct,1.0,
d8dcd78c63f18120bbeb,correct,1.0,
ba0ad34d65c5fc134ab2,correct,1.0,
0a41f603d3b140f98ded,correct,1.0,
39afa85d942bb2e4035b,correct,1.0,
bba35aa207a7608fd3d4,correct,1.0,
a49b3d40b71def2fd6cc,correct,1.0,
be50b0a10d7ea639a809,correct,1.0,
8fe2e5313d23c479e705,minor,1.0,拼写错误：Inazava 应为 Inazawa
b8c985cfbaa961b569b1,correct,1.0,
059367f0343581ded2ef,correct,1.0,
1a4e877edadeced4f2c5,correct,1.0,
f7da6fa0c9eaab662c18,wrong,1.0,日期格式不一致
d1511b959384fedc68a3,correct,1.0,
5f3589602750f560c367,correct,1.0,
43c74605e85af00d2b0e,correct,1.0,
dd8dc00a8cdb35780c50,correct,1.0,
9b13dc94f4ddec0371e3,correct,1.0,
d60215b47177538c2def,correct,1.0,
0cde4a49cba97763b864,minor,1.0,专有名词翻译不一致
ea534d48db48dc658501,correct,1.0,
2610298037dbe9384b97,correct,1.0,
bebd9de1774dbc18d83a,correct,1.0,
97bd9c1e64903c0d7dd6,minor,1.0,专有名词翻译不一致
5c14a1177d59ca8962fb,wrong,1.0,专有名词翻译错误
3a0b6a0722ab4d8ab639,minor,1.0,日期格式不一致
3e58410a3e461c2d7fa0,correct,1.0,
016ff4380473fcef484b,correct,1.0,
fee6e5f99bbaec61bced,correct,1.0,
83bdb22af9891444a6ea,correct,1.0,
4759c0f75857920da0ec,correct,1.0,
3067c007c7afcd5e9846,correct,1.0,
e3e64853d9e23dd244aa,correct,1.0,
62c8cbf61ad05e2e9e03,minor,1.0,语言代码多余
e613fdc2914195361291,correct,1.0,
679e0372a34eab14dbd8,correct,1.0,
2f1601ad244de73e295c,correct,1.0,
3a768464c25e6080bc26,correct,1.0,
b107c09c05f7713e6470,minor,0.9,部分术语未翻译
ae4b2863e0f99eab5b6f,correct,1.0,
47788573690a4801967f,wrong,0.8,乌兹别克语中存在英语单词
06995d96ab3bcd0c7786,correct,1.0,
a28409465e9d1e64176e,wrong,0.9,包含阿拉伯语
673e0cd590035aef34e5,correct,1.0,
c03bf0cef8bd8dd96932,correct,1.0,
9b09fdf64959ddd356a9,wrong,0.9,包含塞尔维亚语
f6edc5956d9f708802c2,correct,1.0,
cbacade0c1178cb4cfe6,correct,1.0,
cf8d639beace984a0160,correct,1.0,
d3b8adbb9ca50351d7ba,correct,1.0,
f0013932c1685869b64e,correct,1.0,
55df7e432ee782c9d242,minor,0.9,缺少一些细节
19141a9d891f20c02b70,correct,1.0,
e0ac5137641cdc13417e,correct,1.0,
649878fbfecb81f51457,wrong,0.9,专名不一致
4f74d0a27e727b5ddaef,correct,1.0,
608cb6ade750d915d307,correct,1.0,
094b3c91953cad1fd750,wrong,0.9,包含英文
c4eefc1f97e50f971b60,correct,1.0,
221affd41af7349c1b3a,correct,1.0,
e9b599cc012e239bc793,correct,1.0,
0de325adaae0a46b1d38,correct,1.0,
67fbbd08cf4736390d88,minor,1.0,日期格式不一致
dff3b690c98099b16a25,correct,1.0,
c52297c2abb0f8937c6a,correct,1.0,
bf5f70030a8b681a6aa4,correct,1.0,
7afc153be05a23882e2b,correct,1.0,
be6e1ff2375ab601b011,correct,1.0,
1b464362e6bb489afd08,correct,1.0,
18ac70ecc4ef99770d77,minor,1.0,日期格式不一致
0e86ccc00edf7d822500,wrong,1.0,翻译不完整
3939c19845ae8d2b9fb4,minor,1.0,日期格式不一致
bb9718f9a07e3bc181b4,correct,1.0,
f29862ca56f95f2ed8b6,minor,1.0,日期格式不一致
07c617b75f32419c3538,minor,1.0,日期格式不一致
e1862494a1ef4b313c64,correct,1.0,
2b4c523c441a2c9572be,correct,1.0,
d3f5070dc44600117654,minor,1.0,日期格式不一致
ce59f8acaa13d3fe760b,junk,1.0,包含乱码
065edb6e79057ab29eaf,correct,1.0,
03905553a6d6a793ec1c,minor,1.0,日期格式不一致
28f80187619927a31327,correct,1.0,
34ab87115661539c33df,correct,1.0,
23a518f41e1c1c334d27,correct,1.0,
64cd5ebb3101c27138df,correct,1.0,
f71fcdeb8f1ac8ada3e7,minor,1.0,日期格式不一致
d2de5792e03f731b694a,correct,1.0,
5964dd2fd5255bcd40c1,minor,0.8,专名不一致
ef9eabfaa48096aeec7a,minor,0.8,专名不一致
e95643a93563032292ee,minor,0.8,专名不一致
b6dbd089e86cd83b85b0,correct,1.0,
8c79fa0b5b857694c311,correct,1.0,
4b55828504f1d1a83c20,wrong,0.9,部分英文未翻译
c289a6061291eeace80e,correct,1.0,
77eb1e4e84ce685f2ed0,correct,1.0,
ef3b22f0237f9bcc233f,correct,1.0,
565323605ed8d64a7d24,correct,1.0,
c95983f977cd9648ea74,wrong,0.9,部分日文未翻译
11ad8c2385a5f57aa82e,correct,1.0,
966482440ef232468f8d,correct,1.0,
9a1ed175af3e7eafa884,correct,1.0,
e5f2940bea0924b0b416,correct,1.0,
5c21549c3593165014cc,correct,1.0,
7f7f884e7a852344d9f5,correct,1.0,
9db8f0327d749c44c394,correct,1.0,
5c9817308c8c2aaeaad1,correct,1.0,
aefca437025966ef461c,correct,1.0,
4bd45918d91b1a181f44,correct,1.0,
c86a2fac7d386e802450,correct,1.0,
132c21d3d602cc26b9db,correct,1.0,
1ea03dc5d1d0ae0a2153,correct,1.0,
b2a0beb15e1f3070c26c,correct,1.0,
0eddfc0fc98905030316,correct,1.0,
4b464f874b811d2ea7b6,minor,0.9,shaharchadir 不准确
64b591b8b6fad3f54fb7,correct,1.0,
a5ff9543da11113d2a18,correct,1.0,
d8a39ecd723a01fdf874,correct,1.0,
814ed08b8f259b49521f,correct,1.0,
31c640ee7318272400df,correct,1.0,
9730815a222709f7403c,correct,1.0,
c37251e5c363d291572b,correct,1.0,
38a20f671ea2c28cc200,correct,1.0,
af3e12faa63438c49517,correct,1.0,
f3e1bd9de30e8eceb87e,correct,1.0,
d1c06473197f44706a66,correct,1.0,
5c4e525e1da2b0015cb8,correct,1.0,
e430b05182a4d541ba93,correct,1.0,
212cc74303390e9f5c56,correct,1.0,
0a459df6414a6394d728,correct,1.0,
b491a3831a049bec73ea,correct,1.0,
61d703ee5ab5132db7f6,correct,1.0,
720aff787b6816630944,correct,1.0,
f6420e47ef0845ba6175,correct,1.0,
147a67e5e8e847edd6e4,minor,0.9,shaharchadir 不准确
fa139ddcb223a9a6c3d4,correct,1.0,
4e3e2476e6153336fda2,correct,1.0,
2d4955a711719aa7e56a,correct,1.0,
9df1ff33e62f14216423,minor,0.8,包含英文
c0be55c67ebb8dbfaead,correct,1.0,
a1156a920d4523833349,minor,0.8,包含英文
5321b493a4f16a36d885,correct,1.0,
9c4bb10e6b94fd5e0fec,correct,1.0,
00e5332a4816259e3428,correct,1.0,
772b979d7c99dc85f02a,minor,0.8,包含英文
9a14ae5b7abd930e8261,correct,1.0,
305df871a8f2d895b83d,correct,1.0,
a7dae6b4af13ce8314f0,minor,0.8,包含英文
387367c94f145313279b,correct,1.0,
d7e03c90fa9764c19e10,correct,1.0,
54e82f8050fef46c893f,minor,0.8,包含英文
92c7e244c720ea3664ac,minor,0.8,包含英文
18be0e61efb669460929,minor,0.8,包含英文
2ded611166fc9c8c0876,correct,1.0,
e90e533cb08c222478f0,minor,0.8,包含英文
bf7316590c175268b06a,minor,0.8,包含英文
a3b6080aaee47bfb8ae8,correct,1.0,
7ed9898a2339c15b63db,minor,0.8,包含英文
f4bdc1bd90ce4a84dd5f,correct,1.0,
cb250504c0ff5f506828,wrong,0.9,非乌兹别克语
fefe125981b32c3b42ff,correct,1.0,
2371811e8c3c71a63965,correct,1.0,
fb9bbbcd256331b5ae7d,correct,1.0,
9dd764a5c7ff45c62680,correct,1.0,
6c2fc67130431af83803,wrong,1.0,单位不一致
e13e4347ad597123dcbf,minor,1.0,措辞轻微差异
dd02ecf2b3175e992ec9,wrong,1.0,翻译不完整
4b71e84796df62b4e590,correct,1.0,
aa2f4d77565bd75a25e3,correct,1.0,
86774aaf574622e34ffb,correct,1.0,
9d36abc44f37e0fe1a68,correct,1.0,
18ec971f5c84d510ba52,correct,1.0,
d1aeceef138aeceedff3,correct,1.0,
86be59972d29e1495e9e,correct,1.0,
629019baadb5e7254b32,correct,1.0,
10a457882a2f90f65b92,correct,1.0,
59a3fa519ecd4f0f2f9d,correct,1.0,
aa42ae497aac0d9d6914,correct,1.0,
f5887c7dd95a91705702,correct,1.0,
a2a89e9285443d588bba,correct,1.0,
447f5b55e201b1467c6d,correct,1.0,
5656fa28f7967c0d0f84,correct,1.0,
3e7471a04f174db62cac,correct,1.0,
0c9722370d3b3f6fddba,wrong,1.0,单位不一致
888240ffd3df7a8c5d3b,correct,1.0,
a63553a5d08d35d78c35,correct,1.0,
fc3cafe7e160e8a0ef57,wrong,1.0,单位不一致
c9b17d0376d3e098aa6b,correct,1.0,
9eaf1e3b3f0b6d58796e,correct,1.0,
2ba9a0b50d058e069c92,correct,1.0,
63c1f99034fed953c9cd,correct,1.0,
72c6a944e7dc21faadfc,correct,1.0,
acd285149a4a64ecc0a9,correct,1.0,
0e17bb507248f50edef9,correct,1.0,
6b175ab244701a38da93,correct,1.0,
d05780d3d28d207e2716,correct,1.0,
e323446ab18fa4f6a539,minor,0.9,日期格式不一致
c72bb75959e2324873fd,correct,1.0,
3176fbc52ed3ebfa2a7f,minor,0.9,缺少 'Hard'
836f5abeda2727d8aa55,correct,1.0,
721ceca6cbe07725ee84,correct,1.0,
5dd27d58b899fb9d76e2,correct,1.0,
22029e5a4f28cf200f6f,correct,1.0,
af85e5a7ffdbf6970cc0,correct,1.0,
2b39f2426b6388dd3b39,correct,1.0,
5460131d94598bb9c752,minor,0.9,缺少 'is also the'
a1f435071f26c293f5a6,correct,1.0,
4a69491ffcca6f0d9144,correct,1.0,
d3b55e2f9a2cf6e4b514,correct,1.0,
1d7461f04df94c58397b,correct,1.0,
7b55039ade3336323c60,correct,1.0,
f4c1d2e1a5968e50df58,correct,1.0,
807c4212408ffd1f156d,minor,0.9,日期和事件顺序不一致
3a5a6b0729bdfebe0458,correct,1.0,
7967aeabbd7c081efa26,correct,1.0,
5941865e508f67d4d026,correct,1.0,
740a24422148a7dc5dda,minor,0.9,轻微措辞问题：'shaharchadir' 不是现代乌兹别克语的常见用法
84f6803d3e171af18677,correct,1.0,
93c5c698b62c62a8cb97,wrong,0.8,重复和错误的结构
4b44c77649d74e1e2adf,correct,1.0,
b8f9327b9c7d21b6125e,correct,1.0,
c4dc74efa5b814f33e14,correct,1.0,
4f2e823a5159087ecedb,correct,1.0,
4610295b7d365ee9ea57,correct,1.0,
0566b289ed10a64fb3b0,correct,1.0,
44a41a6eb224cac1e4ba,correct,1.0,
51f0831ac665a163c53f,correct,1.0,
cca8b4e0e85a63b8c251,correct,1.0,
7c0367415f14bdfe8ff9,correct,1.0,
05a7db62f813b3504224,correct,1.0,
00f0fc994d3f6433cb1b,correct,1.0,
e051724570a966900348,correct,1.0,
2939cc207432c604cb89,correct,1.0,
14a35556bb1e404cff7b,correct,1.0,
36197aa4a4c731c4d9b5,minor,0.9,缺少 'Hard' 和 'U.S.'
c859cc6242d529fb6631,minor,0.9,月份拼写不一致 'Nov' 和 '2000'
394c1ab7678611b4c322,correct,1.0,
1f68f5fbd1b32c95b17d,correct,1.0,
7d26bd8024ec14091f1d,correct,1.0,
fb6b49c196ebb49dbd42,correct,1.0,
84231ceb5477e34de913,minor,0.9,缺少 'Clay'
d289db9c65eb74e259f1,correct,1.0,
c79fdbe5a7c6ec55f63a,correct,1.0,
fa3b380bead3db04f87f,correct,1.0,
22525a67d883abe31783,correct,1.0,
c8c3f889812e444922da,minor,0.8,语法稍有不自然
200526eff5c6e8e3dad1,correct,1.0,
be0226f7dda9898d03ab,correct,1.0,
987764f56408468aae4d,minor,0.8,专名翻译不一致
25f87e617d3bd0d69d6a,correct,1.0,
1faaae617d05d5fddb15,correct,1.0,
1d265e2964e61b9e12d5,correct,1.0,
eb36d7910ab699303a15,correct,1.0,
8f58966d165571c8d8c3,correct,1.0,
76958be4d2825fdc44a8,correct,1.0,
0f3163e08c4f621b70c3,correct,1.0,
944b21e99d5f5ea6ec8f,correct,1.0,
d9ed8e11b2edb595bda1,correct,1.0,
b5916f5c65d9116ee008,correct,1.0,
59875558836219cd45df,correct,1.0,
0483a0b08b34c93ba420,minor,0.8,方位词使用不准确
0eda60eda96436a30ed9,correct,1.0,
fdb9c8703c6ab1e0bab8,correct,1.0,
294fad9847b19a54e95f,minor,0.8,日期格式不一致
c3accc2638269179d7b2,correct,1.0,
a2afae725a5e7b19b27e,correct,1.0,
151fc86f8ffd50662c30,correct,1.0,
82a6c3a1ba437f66f32e,correct,1.0,
e12e91c7386bbeca16c4,minor,0.8,专有名词翻译不准确
d8ee7d2e12b508131989,junk,0.9,乌兹别克语缺失
6f0a26270ad447421ec1,correct,1.0,
26d0824daf1c3f0784c6,correct,1.0,
04764a2ff1d5a4e68e1d,correct,1.0,
25abce23185049ef9340,junk,0.9,乌兹别克语缺失
d617e76358f565756827,correct,1.0,
c3f8358e2801e583153b,correct,1.0,
62076d856b62c5fcdb13,correct,1.0,
7cc24a96eeb30cda9e27,correct,1.0,
0d9296fe770fd6099421,correct,1.0,
6e4ea22e232b7798367b,correct,1.0,
eb2789e6e8476a930f61,correct,1.0,
3c4ea21d9140d3f45080,correct,1.0,
c452f508ceaa27090e8f,correct,1.0,
4422e3d3611a186c90a2,correct,1.0,
e7ac3d3fee11018701d7,correct,1.0,
b22e2aa50ebba1dc5063,correct,1.0,
0761aa6789985b2354e2,correct,1.0,
77a074e9a9edc6332d1d,correct,1.0,
4896b1c34b7cda0202ec,correct,1.0,
47f357ca46a7054f3624,correct,1.0,
a64b5caa0f8aedd8c3c6,wrong,1.0,未翻译
414860b3f4f1ff3ceaf3,correct,1.0,
2af1b4512cd958ead034,correct,1.0,
c8b5197b2f07ef736ff8,correct,1.0,
e9cdea5e9ea5f25d26fa,wrong,1.0,未翻译
cd6ae353cf233ac57d4e,wrong,1.0,未翻译
9f2d4c8294933ccd0c83,wrong,1.0,未翻译
e5e4501895b6998eefc4,correct,1.0,
fc7c70571a62160e7ad1,correct,1.0,
af60cd9e45f2a9e5a606,correct,1.0,
3f2fbf181f6c48c8bd1a,minor,1.0,缺少冒号
319c5d15b8e35f0352d1,correct,1.0,
e90f663ec71c0f5fde69,correct,1.0,
6daa1175aafca58efb49,wrong,1.0,未翻译
10654410b80ae8a32702,correct,1.0,
697d7589d3373c05def0,correct,1.0,
92e9213640cf49bf3cea,correct,1.0,
3aa5ff4bc25a6f4e72b5,wrong,1.0,信息丢失
5e92a16ec10cf1e13f26,correct,1.0,
aa3528956b11171b1f76,correct,1.0,
9039c10d8a83de805e91,correct,1.0,
8f122260f6c17d3271a3,correct,1.0,
05042e2c2bfd498f2068,correct,1.0,
67dfb22b3d3707de286f,correct,1.0,
ff4cc582753a9f83b1e5,correct,1.0,
6ec5d544502f77f7d406,correct,1.0,
50ec2c92ee7064862050,correct,1.0,
0b5f9506a1491c4c22ab,correct,1.0,
b8ab9d2e2bd374b2e017,correct,1.0,
7e40994c875d08cfd5c7,wrong,1.0,翻译为英文，而非乌兹别克语
a602e98154b739972a15,correct,1.0,
8bece5eb382fd56f25e8,correct,1.0,
5245f9db43ead6447e58,correct,1.0,
72efaa6c20f806db56d2,minor,0.8,姓名缩写不一致
75e6e84203f6513f06c0,correct,1.0,
fc7e13100fb96a8d350c,correct,1.0,
db8c01e01dda8cab96b4,correct,1.0,
e1a8ffea836fd74937c2,correct,1.0,
5ebf24edc625f5e1db74,correct,1.0,
4d7ead5f0801932a086c,correct,1.0,
27fd0a6e7e1fee5d2623,correct,1.0,
1c4eeb5adaaea8d729c4,correct,1.0,
426ce934eb0b62c56941,junk,1.0,模板残片
87250871703a8352ab31,correct,1.0,
a59f91bdff1d659ce905,correct,1.0,
d71c0ae75a23dd57a1cd,wrong,1.0,日期和标题位置错误
2dfb4c72539f943f4182,wrong,1.0,语言标识错误
f22f56c76bca5402765e,correct,1.0,
1a8d8744377255966b5d,correct,1.0,
ba27504ad8c99f0dfece,wrong,1.0,专名不一致
2e7e5871b29807b234c1,correct,1.0,
671b590f0e065470b6d2,correct,1.0,
30f45146927bce14bd00,correct,1.0,
433cb7c07a0259cef369,correct,1.0,
718e563f3eae7fa6ff09,correct,1.0,
7b2a6d146914db8761ac,correct,1.0,
72b26cc48f746b200562,correct,1.0,
18a4a5b02d5e53ed1c8b,correct,1.0,
bd62597cc3dd0137ebd4,correct,1.0,
87ae6034a0d40997a5ae,correct,1.0,
68e84faa48b54a8525bd,correct,1.0,
6d56a17c968ef00dbdbd,correct,1.0,
a2951f44c7e46740a4dd,correct,1.0,
0d711ad8e1b92a713cd9,correct,1.0,
00267fb4c2d8841f5edb,correct,1.0,
20754659657f9be17ec6,correct,1.0,
e9faf3ed0a8825aa9f73,correct,1.0,
6fa8fffccce6df096cf3,correct,1.0,
58a8438450d693aae19d,minor,1.0,遗漏了'Clay'
3c8b62d52fb4cd1f216a,correct,1.0,
f20d91e7a99870a8c379,correct,1.0,
448420812c8acf771964,correct,1.0,
33267750bbab7f21aa85,correct,1.0,
d8b4cfa1a8f26193801a,correct,1.0,
5a2a60c9ad4b9b1a212c,minor,0.9,"Manipur is a state, not a city"
688c554a9cb5c3293c99,correct,1.0,
bbad97cfac0c38ccd2cd,correct,1.0,
00bd902ab9393971830b,correct,1.0,
4ba8d35afd85c7a7a36f,minor,0.8,Indoors is missing
e904cb4ecd7099205f22,minor,0.9,Names and terms are not fully transliterated
f0f0f1b4f5989d8c9e8b,correct,1.0,
fc8bed4ac33cb2daae7d,correct,1.0,
88a821272abac354ae91,correct,1.0,
fb6a0edb92342dde54fa,minor,0.9,Order of information is slightly different
8e1fa82e33377935a59f,correct,1.0,
cd33be076d7fec67239d,correct,1.0,
4d0a863463390b5b73fd,correct,1.0,
b34512d7a4457a8d1eae,correct,1.0,
def7d34155c49fac92a6,correct,1.0,
6d8e40324d88307e6f09,correct,1.0,
b6e006ff130f000b7b8f,correct,1.0,
09921ff637e398ff4c46,minor,0.8,Czech text not translated
131ef7ceab6bcf2cc383,correct,1.0,
c6213e69e803fd4d2842,correct,1.0,
fa5874a691bebe6641a6,correct,1.0,
bd012a6134b9c420b20b,correct,1.0,
e1de833e861fb9561a7e,correct,1.0,
e57fa2669577a7c8c470,correct,1.0,
08c334dfae990f159d15,correct,1.0,
c542f1a5d540385b2ca4,correct,1.0,
c48b29a3ccbe7d9cdcec,minor,0.8,缺少荷兰语说明
2776fd836b07d951473a,correct,1.0,
673625434e21671dd2e3,correct,1.0,
2dee36d8beaf535dd2df,correct,1.0,
2c96c8072224b6cf2f75,correct,1.0,
c76a1eb0c27c7e1caa70,correct,1.0,
4d4a19365eb123e58b79,correct,1.0,
899cfa67a2183838229b,wrong,0.9,单位不一致，且有拼写错误（如“koʻngilochar”）
a7f45da1a5ee8671d6e5,correct,1.0,
be25833f1584ff08ae27,wrong,0.9,单位不一致
9ff429d3c140f391f9b1,correct,1.0,
31823e49ad659ab488c8,correct,1.0,
24a0e0cfa35e7c930997,correct,1.0,
113473e3356f5b1c5358,correct,1.0,
329eeebaf6861ac7bdab,minor,0.8,专有名词的年份应使用阿拉伯数字
8d8d72b00a5dfd6bb147,correct,1.0,
427e2e4bcf299dbcdd1b,correct,1.0,
74d2a219713895cb6bbc,wrong,0.9,单位不一致
19010c4ca556217cb946,correct,1.0,
9f1ab2d43cd5870a9bfa,junk,1.0,包含英文原文
9f15c4c28e7a2a7d6746,correct,1.0,
1e196b69ee872fcda532,correct,1.0,
508132d1ab8dafb71197,correct,1.0,
b32744add93fabf00fc8,correct,1.0,
a615eaf6c9c07aed6443,correct,1.0,
f3df71a24cc197d57cb9,correct,1.0,
ac890bb381bb51037c7f,correct,1.0,
255fc438100869ba9a9e,correct,1.0,
065469425194f7adac29,correct,1.0,
37c3682aaad40eed78c4,correct,1.0,
314658d58b9d9557c540,correct,1.0,
1b5d89479c4be0b7afb5,correct,1.0,
0337d30f695ed5119d1b,correct,1.0,
089da40cddd049716c9a,minor,0.9,多余的日语注释
9d8e9115f2f3a1850f8d,correct,1.0,
34a08e6ece71b69083de,correct,1.0,
664e7278f0eb888c480b,correct,1.0,
04fc300efb30e8452259,correct,1.0,
3e73dd28ed7ed5bfe249,correct,1.0,
b8a9c0a23f0fd379077c,correct,1.0,
4006133fd3b800d9d1a8,correct,1.0,
82ddfa2f7346f30d1a34,correct,1.0,
c28dce27c8477acc3420,correct,1.0,
116ab33c1e982d3e7e8d,correct,1.0,
c27b2025a1766c87568b,correct,1.0,
9d070f32a89debbe6495,correct,1.0,
abdac5123cbc5165fc71,correct,1.0,
87106cdb4a8feb799381,correct,1.0,
50349d295c600f4ef1da,correct,1.0,
a6620c9c765587f15582,minor,0.9,缺少翻译
82c42deea51c349c8d1b,correct,1.0,
1ccbdfd1d4bfe17f8a36,minor,0.9,缺少翻译
0e9cf6e92be404b90af2,correct,1.0,
c7d9b988c3dd1fc7e563,correct,1.0,
c7954404b39f31a5d9e9,correct,1.0,
f47c8e0c9681e4615b5e,minor,0.9,缺少翻译
6567f77076b5ac235f1f,correct,1.0,
bed6d73df5b42fc75ec3,minor,0.9,缺少翻译
edc685f0c63b04fb6029,minor,0.9,缺少翻译
65af2837b8153ffa3d94,correct,1.0,
9ae70be40b16ccd50d0b,minor,0.9,缺少翻译
ca1900d3176f5a318d36,minor,0.9,缺少翻译
11a4d7731431aa1c7806,correct,1.0,
b7cd603f3cd8249645b0,correct,1.0,
85ad077d542f3c821bc1,correct,1.0,
1f1bb6baf3fb126e132c,minor,0.9,缺少 (d.)
26bce0a153cf3d1075dd,correct,1.0,
a6269d34d4a34c55508f,correct,1.0,
eb11e67f34aa1267fe5f,correct,1.0,
e4ba9a11e4192b31d2b6,correct,1.0,
696fd1e1ddd318dcfb83,correct,1.0,
22c06f1147b0bf217382,correct,1.0,
b56432d6d5fdc314663d,correct,1.0,
c6e0474309a82e4b07a1,minor,0.8,未翻译句子
ee37b8cf081d89435d06,correct,1.0,
c0925cc3e7357c44f4fa,correct,1.0,
465b7d5a93ce589b12c7,correct,1.0,
cd37a8487c16464a4231,minor,0.9,专业术语未翻译
82d3defd3e7f2fb88155,correct,1.0,
1aa641d8e202d2135722,correct,1.0,
d205b1f41135963a60bc,correct,1.0,
228f9b20f1ad74e66801,correct,1.0,
4b04cc3dc373d500ec4c,correct,1.0,
b4cc1e593fa2c951edb3,correct,1.0,
eee4e906ae563ab5f77d,correct,1.0,
54cc02c95b739a611f19,correct,1.0,
0f890f03f5522c990806,correct,1.0,
2651c220ce3c0ffb0ffd,correct,1.0,
74d6d453dda6b5d543c5,correct,1.0,
6b2da7f30d5d62e7eac8,correct,1.0,
38d1a416aaea5208c74b,correct,1.0,
bab6cb07773c81d8c8f2,correct,1.0,
9c3a36923f21ab0befb3,correct,1.0,
920300510fb55f39791b,correct,1.0,
17f8eb83509f808cdc90,correct,1.0,
c9038b73f50527a04867,wrong,0.9,位置错误
f1d5833256953cf7bf3e,correct,1.0,
7f766c386d23598bbfd6,correct,1.0,
9c00e9ff6d2aef0ae6df,minor,1.0,日期格式不自然
7bab5e8e0ac477e69f91,correct,1.0,
ce2c296a6edcbefa5c8e,minor,1.0,专名翻译未转换为乌兹别克语
e9d3bfe95e2d25293d48,junk,1.0,模板残片
64d99a51f485524dbec4,correct,1.0,
e5f0b974bd5aa4c342c6,correct,1.0,
0d448305cb302918dcff,minor,1.0,日期格式不自然
9fabdfc594e3a1513e19,minor,1.0,缺少 'Hard' 字样
863da3e5a6fc51cbcc06,correct,1.0,
327b5bdecb82766788db,correct,1.0,
28addfcd63b923dfd3d3,minor,1.0,术语翻译不够准确
bd5bfd33cc35f7c73d0e,minor,1.0,日期格式不自然
690d3f917e3482edbadc,minor,1.0,日期格式不自然
c77988d3bf460aa45a61,minor,1.0,日期格式不自然
6b0967d6cca91c253e3b,correct,1.0,
57360cf50f997021d318,correct,1.0,
410d78f18e3ea601cb9d,wrong,1.0,未翻译
feb526e338db6e986025,correct,1.0,
70a5c9ccfbf99debf44f,minor,1.0,日期格式不自然
0ffb285f891bdd09ee25,minor,1.0,日期格式不自然
95016cf5368fb5038613,minor,1.0,日期格式不自然
42e39ccdb3685d33f68e,minor,1.0,日期格式不自然
1047e919a8f40196e750,correct,1.0,
4046b3a577d956c6cca9,correct,1.0,
bde8ef591b5bd5ba0931,minor,1.0,专名翻译未转换为乌兹别克语
078d8e8fe6bf95ff2661,correct,1.0,
647bd294b8e238a4d815,junk,1.0,包含英文原文
19afd9ce0776f8cb18e5,correct,1.0,
b6e68e0ddd326d0ae795,junk,1.0,包含英文原文
52ce7099959b36b6f0bf,wrong,1.0,专名不一致
2c7fd95e81ee166f0d9e,correct,1.0,
131337317cdda11ea520,correct,1.0,
13b4465ac8cb240afc47,correct,1.0,
e0de61ef749eb794122c,correct,1.0,
bb3919d1d937c086551f,correct,1.0,
d12cb88d99fe437a5021,correct,1.0,
d3bf1a6075cdad6b92a7,minor,1.0,专名不一致
011278f38974d2f4ab73,correct,1.0,
9e55afd68a6cbdc8f243,correct,1.0,
06d54506691ab79bb542,correct,1.0,
8bd23eda377c490e03c0,junk,1.0,包含英文原文
bb72eac5f8f205cb6396,correct,1.0,
8cb2c75c539a27eebe86,correct,1.0,
c113c00fb42dfe312322,junk,1.0,包含英文原文
ec9416e70ed8259c8e6e,correct,1.0,
ae4a51a40719cff82dc2,correct,1.0,
e0aae91d1f08ca51e088,junk,1.0,包含英文原文
a6a30ceccf54367a2322,correct,1.0,
6836ef6ebdf85f667268,junk,1.0,包含英文原文
08cbd20240391556c96c,junk,1.0,包含英文原文
d18ba497c3a33e5dcbc8,correct,1.0,
d2d937fc15ee85a14c34,correct,1.0,
062dad229716cab51646,correct,1.0,
97f67fd489895aeaa6ff,correct,1.0,
570c5adb04610015375b,junk,1.0,列表碎片
2b60ea10fdbd58e68550,correct,1.0,
0f2b7217e6a8b3c0fc88,correct,1.0,
556bb3a438883ae1e188,minor,0.9,表格翻译不完整
531e66699ed838ea8726,correct,1.0,
73b277fd46b608eed9a0,junk,1.0,模板残片
a2610fc647fe724814f8,correct,1.0,
0099211213f63b739a56,correct,1.0,
4c6d4c9750c3b9723db9,correct,1.0,
6c37cbb2dabd0ef3775e,correct,1.0,
c8f6f3416785885a3890,correct,1.0,
f5c9c1391a2ac15c79ce,correct,1.0,
63195c9388bf1c28a939,wrong,1.0,信息不一致
0dfe7d86c02f932dfea9,correct,1.0,
6587f79226dc10c937d1,correct,1.0,
0fa197d39457efd633ad,correct,1.0,
0d453252c52e90c418be,correct,1.0,
4c4b59a015d0bfdbc528,correct,1.0,
6c2e38d739abe158b920,wrong,1.0,信息不一致
dffeb7662edf9d5195e1,correct,1.0,
85e5dbb61b53566e4c01,correct,1.0,
38cca5fbff48d06c5c0a,correct,1.0,
a9f82b143dd02bebfefe,correct,1.0,
4915639627f8f6485f2c,correct,1.0,
f6084ffd15ae4eccd48a,correct,1.0,
a115ab6624d6814235fb,correct,1.0,
eafd25fd94854761f513,junk,1.0,包含未翻译内容
a3488fc4299aa9687179,correct,1.0,
b3d44703f0f268d7b591,correct,1.0,
c11ef85ca156bd5ce2ad,junk,1.0,包含未翻译内容
e5df788096db17715cbb,minor,0.9,"缺少作者名Dumo, Denis"
06d16b9f3ce1e90b5794,correct,1.0,
e199b65610f734ef9117,correct,1.0,
bb9004aaef6eadda2a84,correct,1.0,
203d6f554fe577374537,correct,1.0,
7f0dd3959a80771a4ee5,correct,1.0,
dcde2da0761968bf997b,correct,1.0,
0977d85b53d7a51a77ba,correct,1.0,
c5d48f4929f2694b6d41,minor,0.9,缺少作者名Kailash Babar和Daily Excelsior
1e4ed904807d24a7756d,correct,1.0,
2211573db94b06c1d26b,correct,1.0,
7911fec03d57baf3317c,correct,1.0,
b87ccb5993527f29cdf9,correct,1.0,
6158b5b9ff03a66889eb,correct,1.0,
7bf048f8457ae2aacd18,correct,1.0,
12c5748bff94a9521d8e,correct,1.0,
25846eef606c407b4d0e,correct,1.0,
fc6c1b4e41029d1c00ec,correct,1.0,
407ffaa28d8db12e6096,correct,1.0,
adc297443c7bd5d07e3d,correct,1.0,
39a33c7aff023d0775c0,correct,1.0,
662d7bd991a25437cd10,minor,0.9,教堂应为“kirxa”
c218d1a6f4091661334e,correct,1.0,
33c2c68151d501efe3b0,correct,1.0,
23855d26ef3dc158a2ea,correct,1.0,
d4a2459b31c68eea99ef,correct,1.0,
6825c509d0e63272d526,correct,1.0,
43ba1e1f9a2a097d7630,correct,1.0,
7929d35e3d2d1d0c314e,correct,1.0,
747d3849340ff0ed00fa,correct,1.0,
638e810f10c6645f278b,correct,1.0,
c8bf79336c2206c65464,correct,1.0,
ff34ec074ca2720f19ac,correct,1.0,
4d1c83eb960d54d81b43,correct,1.0,
fcea4fa0c60cf490c5a9,correct,1.0,
63eb53e326e557bf540e,correct,1.0,
d5fa8881c16fcc3444f1,correct,1.0,
ff4958d3fde85d6f6aab,correct,1.0,
2899c5eec8e2c362f9f9,correct,1.0,
2a633d8ce1f58083e3fa,correct,1.0,
d34818bc287215b89694,correct,1.0,
156959c244254e3bad53,minor,0.8,数字和单位未翻译
ef0eb365aa5f8822137f,correct,1.0,
72a31297d6da891f3ce0,correct,1.0,
869f326ea3d993a01df3,correct,1.0,
8506a72cf554efc444fc,correct,1.0,
af2c60083201a2145319,wrong,0.9,部分英文未翻译
77078e7ebfd663a2ef46,correct,1.0,
28a16858a6e90e408e62,correct,1.0,
f57bc3cc493b3623bbc6,correct,1.0,
0ff7c4433a7ce45e14f7,correct,1.0,
b99c4c38ba7fda7e8c3f,wrong,0.9,部分英文未翻译
3052048ca18038d4123d,correct,1.0,
7000f55c267a0fa7cb4b,correct,1.0,
35aa8bf23e666fbc5444,correct,1.0,
82218bd2f44b5c8b3a35,correct,1.0,
c764744ddf6c61cddb53,correct,1.0,
07c5246a539b8e5cbe4c,correct,1.0,
79cd467f5356ae929d8f,correct,1.0,
d6ec92b490205af9f322,correct,1.0,
a05d3aa83ed8c1b40d7b,correct,1.0,
b7409c8dcb70c78045ae,correct,1.0,
88dbccb7d3d70d235aeb,correct,1.0,
096165791c34561e071b,correct,1.0,
52ff902d3c74617739a3,correct,1.0,
cda723302c31f64d8f5a,correct,1.0,
f97013d24a91a2ea1d5e,correct,1.0,
bfd928abd0e65800c8ab,minor,0.9,数字不一致
33064b31142502687871,correct,1.0,
16b2dca4513e45200774,correct,1.0,
7eda287598a104c400f3,wrong,0.8,专有名词翻译错误
fec39ea75dd1c35f0fb1,wrong,0.8,专有名词翻译错误
04442f7fe20af06482cb,correct,1.0,
228017073ffc9bb8c4ff,minor,0.9,数字格式不一致
1781e2f1d7212c41979b,correct,1.0,
bba86c90dd2ee3adb093,correct,1.0,
589914a7a28351b6229c,junk,1.0,模板残片
7767edf7dbe20448d91f,correct,1.0,
f15cdfb33936522a8c7d,correct,1.0,
2a540f74b76b091c4bbf,correct,1.0,
16b6303671d83c9c59c1,correct,1.0,
ffcbcc515dd23d9f8ccb,correct,1.0,
9accde943df11c84b308,minor,0.9,遗漏了场地类型
03765dbe6dc55aa26f4f,correct,1.0,
9edecc34c590d32c7405,correct,1.0,
67ac23ec7fe82ab8d614,correct,1.0,
2708783b632f1440db79,wrong,0.8,乌兹别克语部分有误，重复和缺失
80937dc2b888a6e562f8,correct,1.0,
515dc23caccd58fbd946,correct,1.0,
2962425208eabfa22479,correct,1.0,
fa518bbc5a963afd3028,correct,1.0,
023a0f72a52e02364932,minor,0.8,月份拼写错误
c6b1b635a271a71cc02c,correct,1.0,
e2227ddc241a0c4d75cf,minor,0.8,缺少出生日期的翻译
b98725b96fb2ac7364a8,correct,1.0,
ccecb60693b00b8dd2b2,correct,1.0,
857cd40b8fd57930d81f,correct,1.0,
fb6c28eac107173d9a64,correct,1.0,
8710853ed498464e109a,wrong,0.9,句子结构不正确
b7a615c64ccc0530b2d5,correct,1.0,
5fee8faeb1b66f92b036,correct,1.0,
6bccc7369c985952c354,correct,1.0,
ac5d44ec273bd3a93270,correct,1.0,
d5e0d36fdbb62804c570,minor,0.8,缺少中间名
efbebaa8c1f1fe00240a,correct,1.0,
1d0f4edbd061a0cfb1ab,correct,1.0,
ba554ead14a0fdb0689b,minor,0.8,专有名词未翻译
2d1864211ab3621df576,correct,1.0,
0df8c344963968139038,correct,1.0,
93285b345d3fee6cff7f,correct,1.0,
d3f3ba82c32a44c20e2c,correct,1.0,
a9b463fb7828af7c7c55,correct,1.0,
6c2fde005c3912bf91fb,correct,1.0,
fdf2bf4324136233a5a8,correct,1.0,
e5b3604f7cb2e82c9b4e,correct,1.0,
23f38d010a04dce2d55c,correct,1.0,
9b267ccd9ff8b28e58e7,minor,0.9,日期格式不一致
2388a3b356de07627994,correct,1.0,
a60587bca6860ef97d71,minor,0.9,日期格式不一致
385f976201f68eac95cd,correct,1.0,
7bbcc649493999d18284,correct,1.0,
9eb878c9149124cee768,correct,1.0,
9875a755d26fcfac54bc,correct,1.0,
ac080287078ec82ab7b2,correct,1.0,
06b3a2cb9c5405a6eb68,correct,1.0,
14e2f7871420f63b6ef9,correct,1.0,
e1b0dacb981541c4ac76,correct,1.0,
94b3d48e953642b4bcf1,correct,1.0,
fabaf4ea11ad18a915c1,correct,1.0,
4feef172109b3b5d55cd,correct,1.0,
39cd27e904dd76d7c23e,correct,1.0,
08365fae5c3d11737060,correct,1.0,
beaa15bf33bea3ee4ded,correct,1.0,
fde3b42b8ffa16f49a73,correct,1.0,
1d943957981111ffd159,minor,0.9,地名翻译不一致
e66768d59b3c4d0f4096,junk,1.0,包含非乌兹别克语内容
f3a2a6630ec0070fafdd,correct,1.0,
ce351eb17afbe7198303,correct,1.0,
719a841f972871917452,correct,1.0,
fc17ccc13b145016056c,correct,1.0,
888e3634bb41bc8b6e57,correct,1.0,
4dce1c3fa7a1023f94f5,minor,0.8,轻微语法错误
a82de5c72066f3c050fc,correct,1.0,
1566cb5165f37dee6077,correct,1.0,
66d16789fa87140a6a4c,correct,1.0,
50b34f5176b734ea326b,correct,1.0,
fff27940312b6a901488,correct,1.0,
ac04b9e80900998c9ac7,correct,1.0,
c9d5cf429272cbaea680,correct,1.0,
8534ecbb432bfd676371,correct,1.0,
ba32ee3f5b49bec25831,correct,1.0,
dfe6838367ca062592d5,correct,1.0,
ecaacd07f2b2be73a04f,correct,1.0,
3ecd8ace96b70cca7428,correct,1.0,
978978558cd3bcd32d93,correct,1.0,
1490f0bd7eb1b0a6077e,correct,1.0,
eb19252dbd6f8613865a,correct,1.0,
03c5cf59e34b2a5528a8,correct,1.0,
accdc212200f2dd5e3f9,correct,1.0,
3ff147f51fbf3eb642b6,correct,1.0,
b7f4e776d28ffba13c59,correct,1.0,
8e1bb0494c11b4462d8e,correct,1.0,
9d6921b863dcbcd4c11a,correct,1.0,
d9dbd106592c5a3cadb0,correct,1.0,
94f4e2bf289d5e8b45bf,correct,1.0,
6a7abcd6cb621b42b4da,correct,1.0,
f832eb02c6ca95b70772,minor,0.9,部分专有名词未翻译
b0731aa6eb5e2e23eef3,correct,1.0,
334f438d83ec3ffc74f7,correct,1.0,
20ec7278475197507b0d,correct,1.0,
8a98fea71cfb08f19177,correct,1.0,
396405bc0d465c59b85f,correct,1.0,
d890cea97ae7f4b09503,minor,0.9,重复表述
74f3634b57e60b6d0e7a,correct,1.0,
32dc4fd6f92fccfa7f15,wrong,0.9,法语未翻译
8686c841ec11da369b71,correct,1.0,
f65df7315fa76416992a,correct,1.0,
84ac1cbf33becfc2984d,correct,1.0,
014be03781b19c0d371c,correct,1.0,
cae52eca37f1e0f5ea16,correct,1.0,
6ceaf3240e3ddd56881b,correct,1.0,
e2d5bca5d8acb93af5a2,correct,1.0,
ceede6efcf68f453943f,correct,1.0,
1fa9d020d21d57504cbe,correct,1.0,
a22d78e7692b36ce520f,correct,1.0,
2286c122a98e1a7b0f21,correct,1.0,
da677823ec3353b24764,minor,0.9,部分专有名词未翻译
8acb70f4140d334548a6,correct,1.0,
a96635a8f1fe9575ab31,correct,1.0,
183932b237256ef305c9,wrong,0.9,土耳其语未翻译
e6c0d28625c979d566ab,correct,1.0,
138bab490b6a7cb36bbe,correct,1.0,
435012a0f827d286816d,minor,0.9,年份格式不一致
f9e68d7e6161ee3aabee,correct,1.0,
5e0a7c54fb16181a57c5,correct,1.0,
f63c35a58c29ac79377d,correct,1.0,
7f16cb52c1f24d76d8c6,correct,1.0,
b8dc281ecfd666bf82ce,correct,1.0,
6f5da4b8574474e00770,junk,1.0,未翻译
678202c44ca53a8c8a43,junk,1.0,模板残片
60d30ed29bba6a5c3420,correct,1.0,
b9d7c505ad625464f33d,correct,1.0,
9add9ac1b32e63378652,correct,1.0,
0ae55fd078b674b22322,correct,1.0,
71c5e83a6eab4172fe35,junk,1.0,未翻译
6c105229e7d659d67266,junk,1.0,未翻译
7201a1909b5055e9e9de,wrong,0.9,日期和比赛结果不一致
51123bab90c85867ddc4,wrong,0.9,单位不一致
60273c859da19665da69,correct,1.0,
219d72c24cdb70727044,correct,1.0,
76db8cd3540c50d68d77,correct,1.0,
268b4943025ba08581e4,minor,0.9,语言标识未翻译
819215258b52a522865f,junk,1.0,未翻译
03768487797ae7eb6dc7,minor,0.9,语言标识未翻译
6be34ae9c24a5bb042cd,correct,1.0,
444dae25110b26b20ac4,correct,1.0,
8ba413fc3f6f6ea03e2f,correct,1.0,
b13b0bc7dfe79dc4be6f,correct,1.0,
6574c056f004a7bee0f4,correct,1.0,
7294c30a220f3adf8c7e,correct,1.0,
8a003616c6baf60a094a,correct,1.0,
6798a2612a544dc9634c,correct,1.0,
c4db00635bd58e169224,correct,1.0,
7c6006a33552e7d0ce7d,correct,1.0,
a72a27da1b4569e82092,minor,0.9,中场球员翻译为yarim himoyachi（半后卫）不准确
09ec4ed2023baadb1202,correct,1.0,
ae9d12b668ecaf70bfe0,correct,1.0,
71cf4eebbc1ef5debc1f,correct,1.0,
d6cd3dc626753a8912b9,correct,1.0,
8ae0b6e6b1aa91c8789f,correct,1.0,
287e1b005774735b0686,wrong,0.8,日期和引用信息与原文不符
de71f37fe2cc7fdb9cda,correct,1.0,
5314746d0b3a103b3e90,correct,1.0,
6536140b6319e0c9add4,correct,1.0,
9dc05eeebc070ba35ffc,correct,1.0,
3c2e79c099d33167a382,correct,1.0,
a5a3336b559c0e404892,correct,1.0,
e12bb24ee9549361bafb,junk,0.9,重复的模板残片
b945d8f1051cc258b5ab,correct,1.0,
25f8088bd0fb4373ebb8,correct,1.0,
5cd493f6d1518759f917,correct,1.0,
024219beb5c1a3d38571,correct,1.0,
32f236ca73607e753899,minor,0.9,时间格式略有不同
c60af5f0df69b300dc49,minor,0.9,时间格式略有不同
b5a9a86713df63c5ede3,correct,1.0,
35ee6f9992c7a97fcef8,correct,1.0,
32f18082f2642d34bcd2,correct,1.0,
24f0527c701629144c1a,correct,1.0,
3e135f6830c7f12cbc70,correct,1.0,
5dc9550fb8179d1ffcaf,correct,1.0,
9887067cd9849e78d17c,correct,1.0,
2f9d2065a727f6acc6f0,correct,1.0,
f9e0c55587d8410410d1,correct,1.0,
957b8de710448a83c790,correct,1.0,
640df9f6777a6548e20e,correct,1.0,
df21d11ae451fb1ce852,correct,1.0,
7b6ac518846748a87ae6,correct,1.0,
88808cdbbc78dd484fa3,correct,1.0,
3f11271f63f97042f494,correct,1.0,
983ca6960696480a3085,correct,1.0,
2eebe87383db2682ebbe,correct,1.0,
24eea867dacf269fe2a3,correct,1.0,
7d9b4707b9043fe995db,correct,1.0,
70e6e6009f099c1af27b,correct,1.0,
39d49b12f1cc2864f822,correct,1.0,
41a4dda14dc2fb45c298,correct,1.0,
45e96d6e2dfc56e1f964,correct,0.0,
e6e2548439d609893028,correct,0.0,
1b48aecfd12f3e014805,correct,0.0,
c2e3db3ac7977254047c,correct,0.0,
c4f4f43736cd9c4ad679,correct,0.0,
d5a2db7856798a8f6168,junk,0.0,模板残片
510684a2f313309e753e,wrong,0.0,未翻译
8649a616fbe0618897fa,correct,0.0,
c13d2490d218f54b37d5,correct,0.0,
baa81689f5c5e23eee87,correct,0.0,
6c5ebd920b4eaa7ac152,correct,0.0,
992159d881574ac17cdf,correct,0.0,
923a1b8bba7fddcbb752,wrong,0.0,未翻译
86ad6e0951b777436776,correct,0.0,
1115009bc0cb94d21ab4,correct,0.0,
1cb1450dd8bfef7bd075,correct,0.0,
1c0ae6318e4c62cc6e15,correct,0.0,
b07953f417fd0f0024be,correct,0.0,
ee30c5fbd25dbb22f5e9,wrong,0.0,重复单词
8879aa396fa92d258a46,correct,0.0,
cd3b38aa8426455bacf0,correct,0.0,
d8c636f11b0f10dc83b6,correct,0.0,
a338f04aa199cdec13f2,correct,0.0,
b1f82f37928fe9e9c492,wrong,0.0,格式错误，信息混乱
6f5df777865c9cdcc4dd,correct,0.0,
c043f8058a149846c220,correct,1.0,
71dd42d4c9beb7616780,junk,1.0,模板残片
80ff4e6b82fedc0f3871,correct,1.0,
bfd2a35394a84f994101,correct,1.0,
b930eed5ed3a953ef08c,correct,1.0,
74742285a2cd7a509ca9,correct,1.0,
a82bf689b0550ee28b14,correct,1.0,
499a86613e0ad7ca3c70,wrong,1.0,信息不完整
8daa78208991aaf9bad6,correct,1.0,
118a646b50ac6832c154,correct,1.0,
836d2c2ce72eb21c915c,correct,1.0,
95421eedad4d03084341,correct,1.0,
dbb97f80a690b1719365,correct,1.0,
ca4b1ea31cc730d419da,correct,1.0,
cc7e0cfa95131aba301e,correct,1.0,
eb5e50ca7c4f836febbc,correct,1.0,
28ecf44cbfccbc3f2cb3,correct,1.0,
e2d9295f42de7a3127c1,correct,1.0,
deac16388b0a42161a10,correct,1.0,
e6e8994bf97e27a79afd,correct,1.0,
e887a80f622c09bbe32a,correct,1.0,
7b076efc0ab8cc6a7917,correct,1.0,
931bbe56c8213ff57005,correct,1.0,
8b988d84f99c7178bf9e,correct,1.0,
8da05f38c063ddb957e8,correct,1.0,
a48b0b94e2a622e83be3,correct,1.0,
04c5cf1ce67637256545,junk,1.0,非乌兹别克语
a352d18acc915e196f5c,correct,1.0,
09f759646354b11cb008,minor,0.9,单位不一致
361e6e96e77073dfd0ab,correct,1.0,
e6d7ba6c52e83808f57b,correct,1.0,
166858184340806cce98,correct,1.0,
6b0a958e17c2412a1ac1,correct,1.0,
dcdf18d260d668b07b66,correct,1.0,
0dbac25f964f94e3c570,correct,1.0,
e301d4a17d460ff14a97,correct,1.0,
a84cd6d38167031b73dc,wrong,1.0,翻译为乌兹别克语而不是英语
1842762e29577fa944f3,correct,1.0,
4b9f16ff159b06edd01b,correct,1.0,
03f8cbc0cd2802d57396,correct,1.0,
fa7a8588e58f0db37bbf,correct,1.0,
70294114874bf050fdc0,correct,1.0,
92ada6bef3bcb71737bf,correct,1.0,
af5d743e45cef5803c8e,correct,1.0,
0834a43d55e86c7c0a18,correct,1.0,
e9e8b52346780463c491,wrong,1.0,翻译为乌兹别克语而不是英语
808d09648514466ba690,correct,1.0,
640abbf46cfd9484855a,correct,1.0,
b05de8c428ec7e314d8c,correct,1.0,
2c6b89f9b70656f962c8,correct,1.0,
1f3fe1189c88b4ccb73e,correct,1.0,
35c1e09ba54552a09e47,correct,1.0,
1a3f561e8429c315663b,minor,0.8,地名拼写不一致（Torre del Greco vs Torre del Greko）
d49682fb3ddba6541bb4,correct,1.0,
38afc2757c9ef0a20038,correct,1.0,
56de2c3352abf29f8dcc,correct,1.0,
fbc805511723dde7ac40,correct,1.0,
c969a795037af9ba357b,correct,1.0,
b12da80daa231ec22e47,correct,1.0,
9cf2b85b2abc0cdba4bd,correct,1.0,
89746f2927d3da7c6316,correct,1.0,
4a4cdaacc93b5a42eca2,correct,1.0,
fdd6b5f0fec201827199,correct,1.0,
469a51ec0b7b2049cdc5,correct,1.0,
24a3651f541318be18ff,correct,1.0,
cbd35d4512fd505c27a0,correct,1.0,
f6a91e003c9f39e0b333,correct,1.0,
977e95574b01e75deb34,correct,1.0,
28f7cbeacaeb30e172aa,correct,1.0,
ea6821fbb5eaf5a1d6d0,correct,1.0,
4865d1e06eb5e780848e,correct,1.0,
d25ea3e019b2b794e416,minor,0.8,“Hard”未翻译，且日期格式不一致
2262bbaeee74d20b64c3,minor,0.8,缺少作者名字Jay
819ebbbfa14c3e92647f,correct,1.0,
d4a2a06b3cf9d43a7385,correct,1.0,
9a795010c3fd466417e3,correct,1.0,
d7bb40890375346add09,correct,1.0,
c1b75b24bae66efb4ce9,correct,1.0,
35c166ce492bd5ad4972,correct,1.0,
75773628d8155165456d,correct,1.0,
9c5d6d2734c0a45f08a3,wrong,1.0,使用了日语字符
0677d87f1ddfd3fd6ffd,correct,1.0,
e15fe9e0d72ecdd70a51,correct,1.0,
6bf1be7457a3c7dc4333,correct,1.0,
715cac7e14a23d7a2edb,minor,1.0,语法错误，句子结构不自然
1274fd4d7afa964c5689,correct,1.0,
2149c94691ebecba3835,correct,1.0,
31f6df274d3b33b5f878,correct,1.0,
e637fb1ab7246580fdea,correct,1.0,
87de8399bde6add7e578,correct,1.0,
b21314c928323029405e,correct,1.0,
31602072c36920986d0b,correct,1.0,
fd9d3bf3a4704efd989f,correct,1.0,
45948d27fdac18b4739a,correct,1.0,
2e3f97a7548de131dd82,correct,1.0,
44114320c96cc7435c95,correct,1.0,
0d9ab45f0b68aaf9f235,correct,1.0,
9a4153c9f566773ac024,correct,1.0,
ebeed49fb3e9ee4a0b62,correct,1.0,
103eda9a9d9a6bb5d2cf,correct,1.0,
bd50b278625fbf6a6dc6,correct,1.0,
516f237da165851d8bdc,minor,0.9,数字不一致
e70389893a103bb23797,correct,1.0,
dc0c577af92805dbb316,correct,1.0,
9e5ab605136987e7dbd0,correct,1.0,
1c399e06cdd056aa577b,correct,1.0,
e12cbb9bad41f94cdef7,correct,1.0,
acfc51a3cc3a970486c1,correct,1.0,
c75182c4ad829d103668,correct,1.0,
e67318df74728f779c88,minor,0.9,专名翻译不一致
7175214ec63a39cf9154,correct,1.0,
217cafbb2b07caec97e5,correct,1.0,
a5899ae5e26bf12e636f,correct,1.0,
a6283c0ed3ec01d980eb,minor,0.9,添加了 (en)
db414a08b0ab6541ab51,correct,1.0,
4c4fed31f30935f2bb8a,correct,1.0,
c1f5c8b62f6f63a05548,correct,1.0,
a00f2ed3b7dbf5912509,correct,1.0,
121a85faf884fda245ac,correct,1.0,
5af096c960651d70f32f,correct,1.0,
5bc5c08977f8530df992,correct,1.0,
dc3163eea7ea01dee5fc,correct,1.0,
edd2a778233c32861283,correct,1.0,
807a7a2303c1fe69ea60,correct,1.0,
c7c88b3facc1f0072baf,correct,1.0,
be7d5e6bfe42aca2f243,correct,1.0,
43d0cf2cf08a8be96d20,correct,1.0,
4eecf3755fd5cf698c6a,correct,1.0,
5c34503972d9fe8d6e26,correct,1.0,
fa7028f675d58a1c575a,correct,1.0,
07e79539cb340b0dcc99,correct,1.0,
f77aa76f2c69da925075,correct,1.0,
7f11c829c6df66328e4a,correct,1.0,
3891573f9a1adcb5a41b,correct,1.0,
7e7a94b0172820e3f2b4,wrong,1.0,使用了非乌兹别克语的字符 'ő'
2125755414f7a0c5cf98,correct,1.0,
37c2495b80f3374798c6,correct,1.0,
2fe4e3870e1f1fbe057c,correct,1.0,
796094adff4fc0da25a9,correct,1.0,
849dd25512f4f130665b,minor,0.9,缺少句点
3b238c6e983278df2c02,correct,1.0,
aaaccf7b02d3d8d3d27f,correct,1.0,
34fc3f752257a6e40f08,correct,1.0,
a029ee3c5654922f8f47,correct,1.0,
cbe930b8e044f67badf1,minor,0.9,缺少具体日期
836d6af264b1e5243bf5,correct,1.0,
0506907b7cfb0f0e5c0e,correct,1.0,
f780f6340f5997db56d1,correct,1.0,
496e1e2a2d53a179b1b2,correct,1.0,
bd453f8182119a6c18e7,correct,1.0,
f60d28fd03c5cd4adb5e,minor,0.9,重复了'Village'
bbb0a33ecfbd3a81e3de,correct,1.0,
376394fb1ac62d5f757e,correct,1.0,
91229451ffbb1f3e479b,correct,1.0,
ede806676e27782b8b8c,correct,1.0,
8725823b1b9b5472b245,minor,0.9,轻微语法错误，'ishbilarmon ayol'应为'ishlab chiqaruvchi ayol'
60ec84feae1c375de97e,correct,1.0,
ca5268fd8e778d177a64,correct,1.0,
c29d0351a75097430873,correct,1.0,
2e65b7fa04ebb7b4d64f,correct,1.0,
2832601ce0296e2eaa30,correct,1.0,
a80dc8e5a37800f64563,correct,1.0,
fc70b8230dd1b1d62208,correct,1.0,
e34f02d119dfd1910575,correct,1.0,
bbb70934a801d48dd2cf,correct,1.0,
eebcc2264e047b4e3866,correct,1.0,
4d10750cfeea00d24e2a,correct,1.0,
ce3109a7c2f719bbd642,correct,1.0,
d2a609823234512298e1,correct,1.0,
e45df85e2088e6f394fa,correct,1.0,
c96f6c38f8f97165f058,correct,1.0,
a084c91c34c84a310171,correct,1.0,
740f81bf967925cdea0d,correct,1.0,
88e29d1a48072d322454,correct,1.0,
2faeba69db2925421dff,correct,1.0,
506e1654577e28140bcc,correct,1.0,
d39f3f9379e1a40a82da,correct,1.0,
fa3ab9e4e917237759e3,correct,1.0,
3f715a2da0f813192713,correct,1.0,
8fde4c03a0126dc0b006,correct,1.0,
e2c2ba26871ce4f3ea0a,correct,1.0,
1bfa239d32e4457bfdb0,minor,0.9,"遗漏 'Siliquini, R.'"
c099666e940a5cf25da3,correct,1.0,
d8b191fa7f06db980dc4,correct,1.0,
f160580884e1425b0c0f,correct,1.0,
302092272210b52649d0,correct,1.0,
71c24c7264e9ef38b844,correct,1.0,
fac153646aa639acbe58,correct,1.0,
edf20c92e31116d95262,correct,1.0,
0b8c85b127b53d56e8f0,correct,1.0,
2ee6f0cb52e6957af98d,correct,1.0,
59d71b4854c264664abc,correct,1.0,
b659b757a37de3accf63,correct,1.0,
580e9ead96d2a0e36196,correct,1.0,
fe9af947513692d6ba61,correct,1.0,
bf8204e4053eedbe5a12,correct,1.0,
d03cf6986c1d5f87d488,correct,1.0,
17b4e3ff4adbed62fcb5,correct,1.0,
f5f59e7a08514379f9a2,correct,1.0,
5e8a8c51c627199be185,correct,1.0,
7d5621af380e1880c961,correct,1.0,
03b7ad55e275ef281d98,correct,1.0,
ed8b1b7a9a29927127df,minor,0.9,缺少 'Sultan Zainal Abidin Islamic College' 的翻译
948c4739bf3ef2b04c90,correct,1.0,
48568661aae8cade9e52,correct,1.0,
e38a10f1ddbf52dbbdd3,wrong,0.8,未翻译
dd13caa5891c624916d0,correct,1.0,
697158d463cd4656eae9,correct,1.0,
e8df47291da4d4fa9bdb,correct,1.0,
119090d592d3b4b23977,correct,1.0,
033a1ebe8e67a3a02fb6,correct,1.0,
c1a2833c8806e34ac436,correct,1.0,
0943b4dd2fb1a886084a,wrong,0.8,未翻译
23ad15b58729681cb8ca,junk,1.0,噪声、乱码
1799af634d02ec9af3a9,correct,1.0,
0e8f35e7ad6c2b327054,correct,1.0,
e3d382018ba6e57c8cfc,correct,1.0,
4184ba131feb741be7e6,correct,1.0,
14c6844408d4b1a17d73,correct,1.0,
7c6f39e68c831b11b1b8,correct,1.0,
f9059b98e41f7710a534,correct,1.0,
3743510ca0501854d81c,correct,1.0,
cc262e79876e2f7d49a5,correct,1.0,
684efe6f0e2409d580ef,correct,1.0,
929aa9139f4e398d8a3a,correct,1.0,
bc5b33efd8b98803b251,correct,1.0,
1c7f6b9a064f850607a3,correct,1.0,
549941a15c155082db35,correct,1.0,
a73536686fa3baded7a5,correct,1.0,
c1c8a873d622680be360,correct,1.0,
a43353287f8c6d2ec701,correct,1.0,
3b47b7ae7809eceb5951,correct,1.0,
fd134ae18de0fb2d1ae0,correct,1.0,
57eb80f5283e5a4c6461,correct,1.0,
2310eb997e3cb79b0f2f,correct,1.0,
04ac692848944e7c0fdf,correct,1.0,
b6569657357d554c3ed8,correct,1.0,
b7c507a4a42cb465cf1c,correct,1.0,
b69e762abe9310b181df,correct,1.0,
be0613ab7f18a3926cc4,correct,1.0,
a536331521021d02f55c,correct,1.0,
3685fa2e0ff7c8ad0df6,correct,1.0,
d37c75936e592d41239f,correct,1.0,
42f4e6e8d8f68dee0330,correct,1.0,
aaba9f591582096629ce,correct,1.0,
1dabeb8879278842cadc,correct,1.0,
4adb7129111adb37fbe3,correct,1.0,
7063717d0deca5d5dfbd,correct,1.0,
72e15de92081516ff087,correct,1.0,
d79b0d7e96e59016727d,correct,1.0,
88e9f3dc5ad70f1962a4,minor,0.8,日期格式不一致
ab4696324b4edee7ea22,correct,1.0,
a4627356a934fb3ef451,correct,1.0,
1345209c0dce765c5c7f,correct,1.0,
bd3e3918c92dca502333,correct,1.0,
de3fc39bdee17ca40995,correct,1.0,
adbf669e9d35ae3b5bad,correct,1.0,
b958759a2b891042d4ae,correct,1.0,
3aeaa6727be83230b61a,minor,0.8,日期格式不一致
66c498fcceaaf718be66,correct,1.0,
de1ee9615cbf9906bb71,wrong,0.9,缺少翻译内容
8e44cf21e3707672aead,minor,0.8,日期格式不一致
4083ece5595c31af440f,correct,1.0,
da881bd4b8a35af8e959,correct,1.0,
6dbbd5b1aaa82c170afb,correct,1.0,
39715f4457c46832c0b1,correct,1.0,
13a489aa948d02d09752,correct,1.0,
bf5bdee9b47999f8c2fe,correct,1.0,
a353f936b76688bf299b,correct,1.0,
f2ba64c41a3ef5f74100,correct,1.0,
5e5c37f490b0a26b2e10,minor,0.8,日期格式不一致
a633119b267a87600548,correct,1.0,
f8f217106dbcf7887fbf,minor,0.8,日期格式不一致
2621dccfed00050ca441,correct,1.0,
7c03129bb9a705bf43b0,wrong,0.9,村庄和城市混淆
5f108fe4710b62bb6401,correct,1.0,
1fa99593f0f28e70477d,correct,1.0,
7b027d1e910978563bbe,correct,1.0,
3584102ee82755f7b126,correct,1.0,
65f506a7d0c152faffa0,correct,1.0,
b29354aaab03c8884d74,correct,1.0,
85469e9550f379eab1a9,correct,1.0,
821e321fc3612e47997d,minor,0.9,日期格式不一致
3a80a5331ade5316d02f,correct,1.0,
d196c8db9e8d6fbc4288,junk,0.0,乌兹别克语部分包含乱码
4bb3252b3c77cfa4058b,correct,1.0,
ced9ee9f800ccae21ff4,correct,1.0,
1eda0ce122a4c025cfcc,correct,1.0,
c20098b4dd0b078de2a0,correct,1.0,
9c4ae5600ff8fd8ffc26,correct,1.0,
abadeb2f74ddc48c5e53,correct,1.0,
f288d6ddca33ec36fcf2,correct,1.0,
27b3e7dabc1072c7df72,correct,1.0,
008b46b3a8982e200094,correct,1.0,
5a4c0cd1e3d2dfdcc182,correct,1.0,
2228d5c7a82ae105b017,correct,1.0,
26fe76027892f9b8a857,correct,1.0,
d75091fdf5455613ea9b,correct,1.0,
3d4560aaf4028427e4ef,correct,1.0,
2c3d035d4599687364ae,correct,1.0,
6ec99a46c791cad296ff,correct,1.0,
452f87ff0c8f5e017c13,correct,1.0,
d1f8bd207e575c973be1,minor,0.9,轻微语法错误：'asos solgan' 应为 'asos qo'ydi'
9af086cb78b10edfa0cd,correct,1.0,
dc2da798f716a049a992,correct,1.0,
5be463854d836b793050,correct,1.0,
c27af4d580c0fe146dc0,correct,1.0,
941597a72d906fcfe515,junk,1.0,列表碎片
d582c362f1a5a0b231d3,correct,1.0,
9c3d9e03ff0956b7f166,correct,1.0,
812384aa0364409cb22e,correct,1.0,
ee1b25d7bbb7ba886e78,correct,1.0,
627cc49a1db0c480adfe,correct,1.0,
90b0a0e90d13f9578d9f,correct,1.0,
65b18a911df6793f1982,correct,1.0,
3408622bbad40a244d67,correct,1.0,
5e17fc3242c17a78825f,correct,1.0,
59a87c99b3df2b592478,correct,1.0,
0f31ad2aee0e07ceae69,correct,1.0,
4e531ee48058453e99c2,correct,1.0,
ce6ce95d2f0962492bdf,wrong,1.0,单位不一致: Clay -> Loy
22ae305993c79d8aa3c1,minor,0.9,轻微语法错误：'begim' 应为 'beg'
bdcd76bb4f748d963af2,correct,1.0,
d2eae1eca7b9af0e4dc9,correct,1.0,
d0ef09e2b77b2d692267,correct,1.0,
13c5ef199dc7d1420047,minor,0.8,措辞不完全自然
46b1b10d1decd1421284,wrong,1.0,专名翻译错误
dae8da78697e8387ed0e,correct,1.0,
fea2ff7be9ac23483e07,correct,1.0,
45bd0ef9f9ff7ea76040,correct,1.0,
cbf6049e1799c4d8a74c,correct,1.0,
74cf564b5eb58e12b295,correct,1.0,
b680f77ebdc13a75628e,correct,1.0,
b17569080146b3bcf469,junk,1.0,列表碎片
c006f52a964fdc3facd2,correct,1.0,
edd20515eb7fe08614cc,correct,1.0,
a2d9cfbb1f3b424b8d95,junk,1.0,模板残片
91bd9fd9033e8fbe3381,correct,1.0,
ea1979806965e4c1678e,correct,1.0,
6cee1dc8d913efb0f098,correct,1.0,
aa94dc9fac496dfccf84,wrong,1.0,专名翻译错误
33768a405a589ee2b6ee,correct,1.0,
500dd11a86c3cdcfdd05,correct,1.0,
e03a32d6f53995d6a8a8,correct,1.0,
08069628df6bd4e10069,correct,1.0,
2fca3b29919f8e8f4288,correct,1.0,
18e7d4d6fb65c97c7be1,correct,1.0,
ad492ef13da325fc40db,correct,1.0,
4dd2ee214d3c30296cee,correct,1.0,
5dba3afed82455a37090,correct,1.0,
4d956829f3125519c502,correct,1.0,
24d01f197edff5d9af53,correct,1.0,
eff5ecbbcccf43241d71,correct,1.0,
ef34ccd67f7699eb3073,correct,1.0,
a1863c9fee40278c0d78,correct,1.0,
4d54cfa0d904a1eeffea,correct,1.0,
90beb6db378418a309b4,correct,1.0,
750dc4b804eae5fb50c1,correct,1.0,
a5afdd8684a0a109d712,correct,1.0,
d40bdc26ae5b2c1da299,correct,1.0,
6b331a9ec52cc3780712,minor,0.9,日期格式不一致
c2946531120155626e19,correct,1.0,
cc1faa4d6fd7afa328ca,correct,1.0,
83d264a775bcfc0b890f,correct,1.0,
dd9782061b248c1aad65,correct,1.0,
cb0981d80c9f320ca4d9,correct,1.0,
222e64d66d7f7c5de56f,correct,1.0,
8be3eb5b4d28f03ae366,correct,1.0,
6a9e324dba56f032b1ff,correct,1.0,
a90e99113e9e3ffabe0e,correct,1.0,
6a8ee779962423382dc5,correct,1.0,
e3b2e5cfb105c90e8e79,wrong,1.0,乌兹别克语部分包含未翻译的英文
20212e23a3801ab86f4f,correct,1.0,
238b12603526546add8d,correct,1.0,
7648138d4a1bc9cc989f,correct,1.0,
670683947f87c0c64d80,correct,1.0,
ca019bffb67ab296ec09,minor,0.9,日期格式不一致
9e58d2a3d1a89ba1ece0,correct,1.0,
f8ccabc9accc52eb4209,wrong,0.9,专有名词拼写错误
abcb3e0c437505ed22b4,wrong,0.9,专有名词拼写错误
983575b2e4fc3fe8befd,minor,0.9,地毯翻译为'gilam'，但更常用的是'gilm'
638e2aefa81379015baf,correct,1.0,
cd0c5c4d9d3a3fa57b94,minor,0.9,引号内的英文未翻译
21136dcace5736dfcf11,correct,1.0,
1e44b1b76dc81e7f4b8c,correct,1.0,
452bdc2f4f89b0daf393,correct,1.0,
4bf3891cb5805b3948da,minor,0.9,姐妹翻译为'singlisi'，应为'ukhtasi'
648836084b658d6ec0bd,correct,1.0,
900c2528703b40b62cec,minor,0.9,Kurdish 翻译为 'Kurdish'，应为 'kurd'
3d873e8dd664ddad7125,correct,1.0,
df515d840883d8c3fd04,correct,1.0,
55114e702fe38047ebaa,correct,1.0,
792d335faf13030b28af,correct,1.0,
cfe562f10895f2a449ae,correct,1.0,
47104cd78a5a922c6f75,correct,1.0,
3d89cd83bdc015f44f8d,correct,1.0,
76f733fde1252a391810,correct,1.0,
1b795139d7193ca05f5c,correct,1.0,
21c4849261d9640b5544,correct,1.0,
fb4d2cbd7e2b5fc5021f,correct,1.0,
4910f6bd4f86bfb38034,correct,1.0,
433a8ad26af989b0fd2d,correct,1.0,
7bd2c97633bf7289f54a,junk,1.0,乱码
8c0d6d9f6941b3417363,correct,1.0,
0c258eeab76da1d273bf,minor,0.9,地名不一致
014285d69e2b7c2a8e52,junk,1.0,列表碎片
8a5e70bcd0cfca008c05,correct,1.0,
83bc303d25db6a4415a2,correct,1.0,
dfca1a8347966dcff0f8,correct,1.0,
53c9504b6694a08eee7b,correct,1.0,
2c007bc1f4e6321c8d9e,correct,1.0,
cffd036654956c754d04,correct,1.0,
3556299a6f7f3aba8b14,correct,1.0,
1810eee0c6ceb14d9bc0,correct,1.0,
adeb89f30ffc1d428447,correct,1.0,
0b4210d381039ce8027a,correct,1.0,
9a5fe6dec447ff476f93,correct,1.0,
25bfb793c33a9aedb00a,correct,1.0,
5b0b750b46c5f84400d4,correct,1.0,
4597f2e08b27afc930a5,correct,1.0,
16f1b11a60f9d3739a2b,correct,1.0,
b887781bee053aa10e39,minor,0.9,遗漏了'Hard'
a3dacfd3ef326456c3b0,correct,1.0,
b804dc6e299f4e629c25,correct,1.0,
714b51d5c8814f41236b,correct,1.0,
2f242fe225d542f8ebdb,minor,0.8,日期格式不自然
edcd0f129203426e482b,correct,1.0,
4ff167f10ac518d71b86,wrong,0.9,数字和单位不一致，且语义不通顺
4bd7d7dc9e9536044551,correct,1.0,
2bcdf1514fa864a6aa11,correct,1.0,
cf086ded405f4ef91416,correct,1.0,
62af2d322774a04dd1fc,correct,1.0,
0c47739818e6770c6ae8,minor,0.8,日期格式不自然
cceec8688bd7405ea782,correct,1.0,
19d12d5f03076699c058,correct,1.0,
c0199b15782a54a2e20c,wrong,0.9,职位描述错误
ca685de72f9671eedc5d,minor,0.8,日期格式不自然
8223341bc0752a7cb392,junk,1.0,未翻译
0c2dd19e8435e0577f01,minor,0.8,日期格式不自然
419bb2df758a0cf16e9e,wrong,0.9,名字翻译错误
467d40ab433f7e88caba,correct,1.0,
ddfff80ba92d5b225bb7,minor,0.8,日期格式不自然
e22794e4551a8f73abf5,minor,0.8,日期格式不自然
b5cec7b71b0c578c89ee,correct,1.0,
8862f3efef4b3c0e01bd,correct,1.0,
3a79996c1a676172b75e,correct,1.0,
0d3770c3aa549fdceac8,correct,1.0,
be3e7b7b583409090138,correct,1.0,
777d75645ac65c07a8b9,junk,1.0,未翻译
6ca8f760797a870d40f1,junk,1.0,未翻译
ffbf9d073dc821076731,correct,1.0,
8f54338b7317d8120b32,correct,1.0,
c662e7b8a8ab6e0e344d,junk,1.0,未翻译
3b2a860157f0c2f356b9,junk,1.0,未翻译
95bee608c0e0d8398484,correct,1.0,
d3127360b68e9f40daf1,correct,1.0,
0493798514f9e00ddbae,junk,1.0,未翻译
f12b2aae359ca0a8b1c0,junk,1.0,未翻译
e7d0cae33b76a39704b3,correct,1.0,
c1ca4574903233de9aa9,correct,1.0,
d5b07ef42e5055140e80,correct,1.0,
698264890c4a61ded7cc,minor,0.9,Grass未翻译
5fe8240bc6ee16c39e58,correct,1.0,
b2cbc0f648d836b0e037,correct,1.0,
4553d603bcadd8c3e24b,junk,1.0,未翻译
9f611b8565f51b42e117,junk,1.0,未翻译
1338b4a5de080fec3d39,correct,1.0,
b0adf1744a51a3e69759,correct,1.0,
4275c6eaebf76b8f465c,correct,1.0,
eea1f1b418e69e858444,correct,1.0,
eecf3072856a2d444ed6,junk,1.0,未翻译
140d925facf40249ce59,correct,1.0,
f4ba6769d4a17eb1c837,junk,1.0,未翻译
36f84b234c974073a21e,junk,1.0,未翻译
42db16fde127b2d5c1f7,correct,1.0,
57a015600f3d62490332,minor,0.8,专名不一致
8b7dbe84f5ccb70cad99,correct,1.0,
6d0a1b7da33d8996d664,correct,1.0,
624dc56e310a210b2f34,correct,1.0,
379f99f05761b1ed1fc2,minor,0.8,专名不一致
4ecd00dcc73e4153e8d2,correct,1.0,
0664794c5c798b16a004,minor,0.8,日期格式不一致
31a3752ad64e6ccdaa09,minor,0.8,专名不一致
305c2060d28ac14e9a12,minor,0.8,专名不一致
3cb4743ed69dc2017433,correct,1.0,
40fafd2b944ba8b31064,minor,0.8,专名不一致
16eb3dfd96be73896078,correct,1.0,
64be92100db9647abb83,minor,0.8,专名不一致
c565e6dca99f882b4e07,minor,0.8,专名不一致
ff2db2bfea52bd72126b,correct,1.0,
af3f9572dbda9aab2feb,correct,1.0,
fd25f8620b53e5e5a2ae,correct,1.0,
42ace600e433c9e1f94f,minor,0.8,专名不一致
526796e4f4f7da10b2ac,correct,1.0,
80fbb8ee2a8736a994e4,correct,1.0,
2dd323912246383bb1b2,minor,0.8,专名不一致
8cf9f80e6b77632d01bd,minor,0.8,专名不一致
9580ace890154ea954ec,wrong,0.9,信息遗漏
7153b36465c09e2eb16b,minor,0.8,专名不一致
5be566989fad2eb85418,correct,1.0,
d0fddbec8c61f0d46267,correct,1.0,
400f29535f2d15f1ba9c,correct,1.0,
5197de6f0f1b059739e4,correct,1.0,
13a81e2337ad4c6c183d,correct,1.0,
6a8c4645ba2cff9217d6,correct,1.0,
864e79bf32e77af063b7,correct,1.0,
834f412fdf1d4ca01c39,correct,1.0,
eebf737198021960d1f3,minor,0.9,缺少逗号
95761498522c36717f9f,minor,0.9,术语翻译不一致
4976b09972b52b16f484,correct,1.0,
053fffce482242d81fd5,correct,1.0,
f514492a9dad13420f1e,minor,0.9,术语翻译不一致
97060075d5dc540db6ea,correct,1.0,
f1119b4697642fa38b3d,correct,1.0,
15b62abdd22185819424,correct,1.0,
54e2c1fb2f3c3a31965f,correct,1.0,
320564abf63e0d11cd17,correct,1.0,
50b1b998a46669f3ca15,correct,1.0,
1d4f40e467f373c9af7c,correct,1.0,
28dcb21a38c1dd6e1fa7,correct,1.0,
6d8bf85b28d957fd8a86,correct,1.0,
579741e969ff34e0120a,correct,1.0,
0a492bbe4107a0a2ec19,correct,1.0,
8c92bcd33ddd09e2a81e,correct,1.0,
0502d3f3b3f82afe4b8d,correct,1.0,
030d5c29649770eb9d1b,minor,0.8,日期位置不一致
f555803badfe623ad70f,correct,1.0,
21bce37f1885767cea12,minor,0.8,语言代码未翻译
8e231fc89e42a4417ed9,correct,1.0,
c5dc932488c157c2c701,minor,0.8,单位不一致
8476fde45e8f15720f35,correct,1.0,
4972727e7466da57000b,wrong,0.9,乌兹别克语部分未翻译
332f22f1ea3e4337646a,correct,1.0,
f0d68c9fbb0fbaaaf44a,correct,1.0,
b67f6c01afbe43af5c0e,wrong,0.9,地名翻译错误
c261d8be8e3109126618,correct,1.0,
20e9ccb31dd90c2d8d47,correct,1.0,
53ccd988a15e1452cdf4,correct,1.0,
b0559ab4462bd9190bba,correct,1.0,
017fa0790efa62b9211f,correct,1.0,
f31364edb4a7bb7f138d,junk,1.0,模板残片
8cd00d94977282e4b6bf,correct,1.0,
04c564dab2f1cefca50c,correct,1.0,
37aa5ea0e88440404834,correct,1.0,
04141bded21e44816bfd,correct,1.0,
68edde87c179e7d15d2c,correct,1.0,
c9168b802d065647ddd5,correct,1.0,
582c3062cd7570749e50,correct,1.0,
cef9b9a808d7f22c7e56,correct,1.0,
f28a52b2360442f474ce,correct,1.0,
4b918d54bfcbe93a4277,correct,0.9,
81c9590da6e20f4901c6,minor,0.8,缺少'at'的翻译
bba025b8e6c94609a5e1,correct,0.9,
d23c84f5b2b322984369,minor,0.8,日期格式不一致
e1705dc2ada69fd97af0,wrong,0.7,表格内容翻译不完整
8ce7376a250ed0e795ea,correct,0.9,
7c7f99a4a3f406805906,minor,0.8,日期格式不一致
cd4c9622cdf6f93f3371,correct,0.9,
97b5a6121aa018782c2a,minor,0.8,专有名词翻译错误
467992dc984d3adae33a,correct,0.9,
fdb6739e9c26c9548520,correct,0.9,
8c75bbc24a7d3212765e,correct,0.9,
82c2c098a9f1323e4eef,correct,0.9,
fe5269fc1ad79f3af919,correct,0.9,
380461c44f89e594af20,minor,0.8,日期格式不一致
c233b478b12689dfa698,minor,0.8,日期格式不一致
9e3de7bb3cef19b55a6c,correct,0.9,
d9bf13c3a4e389391db2,correct,0.9,
de378d7373a9283766b3,correct,0.9,
debc659a2c998e6c10f1,correct,0.9,
3230e6225f47d50e37d9,correct,0.9,
4bd075051c77387b3b4b,correct,0.9,
1a56718719958307a68b,correct,0.9,
756a11f071373868e81b,correct,0.9,
6cffb428ce5f6dc6beaa,correct,0.9,
a4df34e02811396df853,correct,1.0,
af8bbfe235f2c95a6b10,correct,1.0,
f8f6f7cbfeea4e6405ea,correct,1.0,
f8b9d203a064e14bcb8f,correct,1.0,
9624ef6929becd60854b,correct,1.0,
20bca27a174dfb2a1e3d,correct,1.0,
482268a3469457e49f4d,minor,0.9,Gölyaka被误译为Goʻlyaka
ff9a602c2fa8a8c7f6e3,correct,1.0,
22e605e2fa8e1bde03af,correct,1.0,
cd6528b580357bfe2827,minor,0.8,添加了(en)标记
4273ea60c3ce091f027d,minor,0.9,添加了(de)标记
9bb5ffa602f3e7943d0a,correct,1.0,
b0ee317a811048cd6913,correct,1.0,
9db1fe85e217eb8a32f3,correct,1.0,
654e47b28cd5f66880ca,correct,1.0,
ba9545bd809d82ac2fd9,minor,0.8,Clay被误译为Loy
957903b8fd9d99cf0ff0,correct,1.0,
931480d2423faee8beb3,correct,1.0,
8cce7215008171c53ab0,correct,1.0,
dc0f9155c32edff730e1,correct,1.0,
f9aab75b2b22068f261a,correct,1.0,
ba076e0edf20335b0c26,correct,1.0,
ef42e2eb8e7313572bc8,wrong,1.0,乌兹别克语部分为波斯语
134b7ff6143bfb8237ba,minor,0.8,添加了(it)标记
916c766e26d612173eae,correct,1.0,
9a7c75afa642faee9b87,correct,1.0,
8bb5e779d7489a282b24,correct,1.0,
355cc792d1b2d70d5b3f,correct,1.0,
528e08356ecca3e560f3,correct,1.0,
1e652c06350fd65929da,correct,1.0,
cdd946a340f1dd9399da,minor,1.0,日期格式不一致
837ada8cb9a420d72985,correct,1.0,
82b956f4df6c3700b908,correct,1.0,
adaee2623aa4f581ef19,correct,1.0,
871eb3b0eef2aae108f0,correct,1.0,
0542954e41c5a1acf126,correct,1.0,
3fe0835a1b4c38809537,correct,1.0,
c713c9107a7502db5915,correct,1.0,
45290ac9a75f68c47d78,correct,1.0,
348e3daa3bd372b74d55,correct,1.0,
f7470ccf8cce22fbffb1,correct,1.0,
bda58080b5c75b21179b,correct,1.0,
3c32df440a516f350d3f,minor,1.0,缺少作者名字 Harry
da312d7b61a95db25922,correct,1.0,
1a546f7552f4ddce0282,correct,1.0,
048658b90e4ce566b756,wrong,1.0,乌兹别克语部分与英语不匹配
62a4f15f482270681b00,correct,1.0,
18bed87bb2e32c08fc54,correct,1.0,
766a9432923cf0571107,correct,1.0,
da6b198faece186ad062,correct,1.0,
479814a46781258581b6,wrong,0.9,专名不一致
81b4c62019fcde738bcd,correct,0.95,
88e558011321806ef29c,minor,0.8,轻微措辞问题
4c5485f29ba490863e92,correct,0.95,
6ab15be55ec3ece73526,correct,0.95,
67a2338b002d55cc8ea1,correct,0.95,
1ca579de3ebab6567f67,correct,0.95,
a8ad45fc1acd9f15a38c,correct,0.95,
b7766a800a31aea19f62,correct,0.95,
e0318422ba3594c0f7c8,junk,0.9,包含英文
ffa431f26690b6ed0160,junk,0.9,包含德文
f6319da7749bb42dc781,correct,0.95,
216b5bfbdf2bb83c420c,correct,0.95,
d489a322380b26cacb9e,correct,0.95,
ae2631e730763dd355dd,junk,0.9,包含英文
5f2e56c98a61ae20c472,minor,0.8,轻微措辞问题
ac11e6ba015a8077bbcb,junk,0.9,包含英文
ad2804a4270bbb80b158,correct,0.95,
7ad434b5ad14d28c992e,correct,0.95,
e71361f4792ec7745a8e,correct,0.95,
da4ad91fe6fde417de48,junk,0.9,包含英文
cd228777b02eb3fab6f4,correct,0.95,
ffdd55ff229eabbff022,correct,0.95,
86987e19ccb0e7df7d1d,correct,0.95,
ea212c55abeb350d45de,correct,0.95,
e2fd3fca6dfc50afa1ea,correct,1.0,
76bd671ded7862fc9b9b,minor,0.8,不完整，缺少'with'的翻译
8f6b4f8933dfc4d03fa1,wrong,0.9,乌兹别克语中重复了英语的内容
12744e958cc8e313bd04,correct,1.0,
ddff35dc00aaa5e1731d,correct,1.0,
02d402385cc7a6fcf8aa,minor,0.7,缺少页码信息
8228080426369e175bef,correct,1.0,
36fd6cdc8d70bba91d98,correct,1.0,
ce2fc865daac84249935,wrong,0.9,未完成句子
2509a3636bfc573d77dc,correct,1.0,
e952981eabb30d761340,correct,1.0,
fd74b7afc4707dff8cf3,correct,1.0,
41875247edc1e85e9ac6,correct,1.0,
731146947f83585ac504,correct,1.0,
c451a12a1e4a79c7ba59,correct,1.0,
07a078ad2d989d5f51e5,correct,1.0,
cf3b1f08fe4bbd0ed785,correct,1.0,
da1dcad22b0725c1bd49,correct,1.0,
879c10bc70049e3115f9,correct,1.0,
b04c21164c360509db41,correct,1.0,
aa3c7e8527183cb5c0e8,correct,1.0,
3d1fbe9ad73162475aef,correct,1.0,
530bdb1490d46a6c3e9a,minor,0.8,单位转换有误
d98a25e30463bb3bc1ab,correct,1.0,
e09fbb656cda6331c96d,correct,1.0,
66235d6af2bc909d682d,correct,1.0,
3155c7a5ee64737fa1eb,wrong,1.0,性别分类错误
25d80087a79744ca57f0,correct,1.0,
bee41c89589e3fc84bbb,correct,1.0,
8ebc98482b834865e200,correct,1.0,
e7c114b7056575fd90ff,correct,1.0,
0ce2b7f829728405d1a0,correct,1.0,
68ce53d240e092ce08de,correct,1.0,
3e38b8783816a97fbc03,correct,1.0,
8c16de0cdc8c6ec5402a,correct,1.0,
6926867caafc8ed45c6e,junk,1.0,列表碎片
d7e8401a7c854e76711a,minor,1.0,单位不一致
ceac8ce9274c6fcb78c0,correct,1.0,
1708a928b4fb67d9f831,correct,1.0,
22a0cec3b9a9c293b489,correct,1.0,
8c586504469a5866abb8,correct,1.0,
f0626537176e7cbd2e71,correct,1.0,
52d22bb7e2d3a2420fc6,junk,1.0,模板残片
5359d285ed1978da3641,correct,1.0,
494bb857c8b0a2272c8f,correct,1.0,
343b9bed0592a17f7be3,correct,1.0,
7e0b549d696915b6fe7d,correct,1.0,
ef78b3e8c45dc0c2d019,correct,1.0,
318c430e0b2b8b94d273,correct,1.0,
e60033518546234bc735,correct,1.0,
9594a89bfe8cc27cd6dc,correct,1.0,
dda7057cd517308bf9f5,correct,1.0,
84da6e1486e0a3ea45bc,correct,1.0,
189ea4119016614f1bfb,correct,1.0,
2f89eb8358e0f1159b37,correct,1.0,
90f346df07616e02de66,correct,1.0,
6f6100f9a32582519bc3,minor,0.9,轻微语法错误
7bedd12aef17d38008aa,correct,1.0,
a593f214c630efcd1592,correct,1.0,
04238a8e29b08d06052a,correct,1.0,
342ac374cb789f8d1fd6,correct,1.0,
e1e0d0367a9dc869d84d,correct,1.0,
b1e67ccfd4cfe13a080b,correct,1.0,
f458a9343bba0f29556c,correct,1.0,
ae382f977f52837acd1a,correct,1.0,
e34e0fc129a1c2ed02f7,correct,1.0,
c7d7b50023c724e17975,correct,1.0,
f6bfe0a0d8b8254db679,correct,1.0,
7808522faa243d277b9a,correct,1.0,
28afe9be1ebcbceaacf9,correct,1.0,
afe3fbce696740c50f4c,correct,1.0,
a3f6b8238375f68727bb,correct,1.0,
94d22143e4c454bc9ed6,correct,1.0,
a638087c60fdfd8ca449,correct,1.0,
86e66a08c0b37486c1af,wrong,0.9,乌兹别克语部分有误，未完全翻译
51b7253ca0c6a09bb8dd,correct,1.0,
1418da2afd7f6dc4daca,correct,1.0,
d8bf8c9a4b2ee44dda70,wrong,1.0,乌兹别克语部分包含韩文
92696e0b595701064bec,correct,1.0,
a0cfa1bfa1c490526544,minor,1.0,缺少 'As of' 的翻译
22b7cb6b85c402b1ef47,correct,1.0,
a7e50ec0822256d59db6,correct,1.0,
e467133f9462371c5339,correct,1.0,
a31e2a17e7f7cdc2e718,minor,1.0,名字拼写不一致 (Ishaq vs Ishoq)
e720073dbe69e6af2ca2,correct,1.0,
13a67bc94ac3b48ce892,minor,1.0,位置描述有误 (中场 vs 半后卫)
3230d8856037600bf62b,correct,1.0,
adb6ee807511f1b89da9,correct,1.0,
316b7ddcffc611c3415f,correct,1.0,
95be0bce712d2b84e19e,correct,1.0,
1c87f41f813e40d331d3,correct,1.0,
e26771d0f1090e6456ac,correct,1.0,
f4aa9275b93cb08e6abb,correct,1.0,
45fd5628d84727356d52,correct,1.0,
4cc1c41fc5965c5fdc0e,correct,1.0,
9f0eca6a89e94cfaad55,correct,1.0,
011635af9ef5ac434d68,wrong,1.0,包含英文原文
95f011633d81cab87e14,correct,1.0,
2f16fdabe6d4025ada41,minor,1.0,日期格式不一致 (1 May 2005 vs 2005 yil 1 may)
30f4b693d4da7e9322c9,junk,1.0,模板残片
45e4a7ecd2731fced92c,correct,1.0,
bd035a25b4dd231d8049,minor,0.9,轻微措辞差异
180b20185bed64423c28,wrong,0.8,日期格式不一致
fa69820e0334b2f6e7c3,minor,0.9,轻微语法错误
ebe6857e03f3fd1f4e89,correct,1.0,
f53307c90be734eede6c,correct,1.0,
a1e41932c0ce1a74dbbc,wrong,0.8,单位不一致
b410cbbb1dd2b063e0f7,correct,1.0,
6dd66ad7a6637b89c344,junk,0.9,列表碎片
89727006e8a24933d994,correct,1.0,
41c7ab9a44d1192d2209,correct,1.0,
19f7444ed526ccc644c8,correct,1.0,
34acf8a3df8d65cdc36f,correct,1.0,
4efdd0101c1835ef90c4,correct,1.0,
9fe0e621d8b385a0bddf,correct,1.0,
250b0da4f2c9325b151e,correct,1.0,
43bfce185e3f46fb0a94,correct,1.0,
e83704fdc126a7d7c157,correct,1.0,
d0a2daf8fcc44a0ce26f,correct,1.0,
dcf3b05da402f40228d2,correct,1.0,
0c287b48474611904310,correct,1.0,
d4c6bddb923d30f974bc,correct,1.0,
9ac4b7f367cb83fee008,minor,0.9,时态不一致
54876a98913a38eacc67,correct,1.0,
32c174d1e550aeae4b09,correct,1.0,
a4a9395f3c880c73a462,correct,1.0,
8ee5fca463911ef6b4ba,minor,0.9,轻微措辞差异
c3b891a08dd34e05d7ae,correct,1.0,
b225962825df0c628d04,correct,1.0,
4e0e075b005e9a9e25e0,minor,0.9,轻微措辞差异
1885b737d7559c7f02e5,correct,1.0,
70bc212ebda5b6c8f479,correct,1.0,
6b04d2b4da3a69acf5c3,correct,1.0,
9692d5ddddaa230ce86f,correct,1.0,
cb04eefc8a65ef87574b,correct,1.0,
64090c55df70ae005215,correct,1.0,
2beea5c61d472d260683,correct,1.0,
233b53a747f7a27f9d00,correct,1.0,
f8e1db023c7d63e9e634,correct,1.0,
c903332e10c4cf217033,correct,1.0,
ffeae5191c6b008061c5,correct,1.0,
d84b9310fc7c4e5ab441,correct,1.0,
04723c24ed65050c743f,correct,1.0,
46c6f0b7bf1fa545d409,correct,1.0,
b9705988e4610f926ddf,minor,0.9,轻微措辞差异
2e0c7d626d41273a094a,correct,1.0,
a0ae95711eb431ffea59,correct,1.0,
9b37cb465ac0d9c5ce5e,correct,1.0,
25ae8ef26f6518f1d48f,correct,1.0,
2eca9bac0d1898f221da,correct,1.0,
d52a22e5ca9ca516fa91,junk,1.0,直接复制了英文，没有翻译
93c6d8bdea72329e2bb4,correct,1.0,
02dc232b1a8fdb9e44a3,correct,1.0,
c827f3123d91e786c6cb,correct,1.0,
2acc6fb74e748d7f7d3f,correct,1.0,
24a732465b992c5dc44e,correct,1.0,
27fccbdb68c7730dbe05,correct,1.0,
aa4a677a982db4678cf2,correct,1.0,
60a5d5147045e4dedcb0,correct,1.0,
15d5815a6b3cd18d1b88,correct,1.0,
da24a524fee821bde484,correct,1.0,
ec7f5117db9ede59c2e1,correct,1.0,
e857cc4f337024406c07,correct,1.0,
a986a045fcdf0f309757,minor,0.9,名字发音部分有误
10eaf8b60e09afa4dc1f,correct,1.0,
8fed7c27657043df14e4,correct,1.0,
2911db96d2892fd7ecfd,correct,1.0,
0ac7a01cd6d91200ae1a,correct,1.0,
c003a9bb1d310795f93e,correct,1.0,
5ac0d677fa5a0cd8428e,correct,1.0,
0e6d838c6fc5480b6b63,correct,1.0,
8a6ddb0b47b71d5fc7a0,correct,1.0,
f0e0b399ef9260f934c6,correct,1.0,
5689b3d06e26b26f80c5,correct,1.0,
50cac4e8c37e9341c36f,correct,1.0,
81b05e15cf5150d55a1e,correct,1.0,
bc53647f30876a505331,junk,1.0,列表碎片
dffe193d0ce6d4019695,junk,1.0,模板残片
7bac4341aa2fa72693fb,correct,1.0,
87ece987362134806d52,correct,1.0,
3e561686acb396d072e6,correct,1.0,
ab77a2691501eeebd8fb,correct,1.0,
7fa98ff201d5de75d182,correct,1.0,
7c0687553ba4adf42c66,wrong,1.0,乌兹别克语部分重复且有误
b1791945b9543c68aa6c,correct,1.0,
51b3bae9f22395ab17df,junk,1.0,模板残片
e664f0aadb0b8da1c181,correct,1.0,
d38ca010ddd41146548b,minor,0.9,瑞典应为挪威
b1c5246894b4f4c51325,correct,1.0,
68608b555e29c96a16ed,correct,1.0,
f95f36a554e86e6f2308,correct,1.0,
e4e7ed6e3f785d28be28,correct,1.0,
c6f5840400b1702b1113,wrong,1.0,乌兹别克语部分重复且有误
e191859c98490aad9874,correct,1.0,
e521c49a6b180a73f1bf,correct,1.0,
105e27ca7a1b8e6ce007,correct,1.0,
7e1f0e1ee206ed9fb95b,correct,1.0,
e4bc2a51f063db4d5cac,minor,0.9,FA Cup翻译不一致
aa765511cab181786a1a,correct,1.0,
9e062a4ddb9e7f99c2dd,correct,1.0,
7db1a167fbc7be6e3181,minor,0.9,单位不一致，epizod应为epizodlar
b98b8f579bde6ab33960,minor,0.9,单位不一致，缺少(in Russian)的翻译
f218f5468b553f967c46,correct,1.0,
fc9af9cbca15cdab51f6,correct,1.0,
cc2377fa68ceb505c788,correct,1.0,
1458c47ab02527889864,correct,1.0,
e9e00bfa282910ebd22e,correct,1.0,
ed51e963b505165040b7,wrong,0.9,乌兹别克语中未翻译部分英文
d5720ec30318a465c43c,minor,0.9,缺少Emma Dodds的完整翻译
71439207850c6e281f8c,correct,1.0,
6d095a826acc06e9d01c,correct,1.0,
f9ddba18a4419af6551e,correct,1.0,
6b81dd39b309b4c31056,correct,1.0,
6860fee28f3c3a4c1d85,correct,1.0,
0afd083dafba58792561,correct,1.0,
b72faee84f578870b1f9,correct,1.0,
527f5c03a0cef3f40735,correct,1.0,
54a5c71d5bc7f8bd30e5,correct,1.0,
e3db87aa2c16327817c4,correct,1.0,
b068d4ccd4e532d5c982,correct,1.0,
5d1c9499374f36565776,correct,1.0,
05e61638a11c90b819c8,correct,1.0,
07a872af17490eb2128b,correct,1.0,
a219264c63d0f4a1aa5f,correct,1.0,
978a0ac4c0dcc70d82d6,correct,1.0,
7a2d3edad63ec69c5ef5,minor,0.9,日期格式不一致
f95eac424b1501acdc36,correct,1.0,
c432932aa270f787a2ba,correct,1.0,
5a857dded2b431e281ff,correct,1.0,
1d8fe8478c9b52595b77,correct,1.0,
52744751282acb1cbc89,correct,1.0,
89a1fdbf49363ffa3c47,correct,1.0,
5538e13ef073ae92f787,correct,1.0,
5151b565883c362a858b,correct,1.0,
8240789c7fcfa3127119,correct,1.0,
cabe74c7ac5c5da99ca3,correct,1.0,
8f90c55eed4b43a9e178,correct,1.0,
80b46536c849beecef9d,correct,1.0,
9ee0cdfff83779b61710,correct,1.0,
595fc8adcca4a315ae5f,correct,1.0,
d92d55a259364ec1c834,wrong,0.8,专有名词未翻译
e8dd522867027524fb45,correct,1.0,
7a43761122c98b089d1e,correct,1.0,
1c09b00f98eb49452f91,correct,1.0,
41f1254fa53b9ffe17d8,correct,1.0,
aed553ad3ef481311a0a,correct,1.0,
e666534017abc246bf7d,correct,1.0,
68f9e74dd4b66300a052,correct,1.0,
d64f8cb8a2c7091160f1,correct,1.0,
905be09ef35d38c27fb0,correct,1.0,
dc8c740e3ba3388b7cad,correct,1.0,
ed4ff5df8faff47af94d,wrong,0.9,未翻译
1dd062682315e7d30062,correct,1.0,
a9bb576fe6df55a39c32,wrong,0.9,未翻译
d8e70b70d7777c6bdfa6,correct,1.0,
89f7336c93502b0df13e,correct,1.0,
5951a2234a9312173a51,correct,1.0,
902e442afcd49de75853,correct,1.0,
dd9b3e0bd49f0ad0b7c4,correct,1.0,
eaba9f873c21825a5e8a,correct,1.0,
ab1a681fa44a10a92128,correct,1.0,
91e94ac0da835878d3d2,correct,1.0,
55eb9cc6e1f003d469ea,correct,1.0,
a43ad0309bf53ef2a73a,correct,1.0,
bda6cadd0499c19022fa,correct,1.0,
25ff08b58475e28cbbc0,correct,1.0,
1152e53496792e31ddc4,correct,1.0,
c3cb4817af75b252be26,correct,1.0,
0143a8141ec48709dfe3,wrong,0.9,未翻译
4085e82bc29bd613367c,correct,1.0,
00230517a250d394708a,correct,1.0,
be463a52fb3eb317472e,correct,1.0,
d87fcffb4cd1570c840b,correct,1.0,
d9cda74bab522522f855,correct,1.0,
40903986ebeb70ef832f,correct,1.0,
f22f98e571a14cdf8192,minor,0.9,缺少比赛报告
0f72b7c68e4af0d7be86,minor,0.8,单位不一致
17cc205dbb57511ac2f5,correct,1.0,
9c64d6532e438934c07c,correct,1.0,
c0ce2f44aacd583b2f18,correct,1.0,
1920bc47a06c3dddbc49,correct,1.0,
a189011871b70cd94668,correct,1.0,
15df832a9ce31726c19d,correct,1.0,
2c38641c436593b56e50,correct,1.0,
783525f55fc7d4215d10,correct,1.0,
822de87851bf4007d9a8,correct,1.0,
f08444199b818bacfdfd,correct,1.0,
f8fbc3d6e460b723d812,correct,1.0,
ed610f1cfe0e08dca620,correct,1.0,
0140f7267e7fc3273305,correct,1.0,
21cd15c1b47c70997d3a,correct,1.0,
42b597eb02a01ac2d0ee,wrong,0.9,非乌兹别克语
7720fedc09ffadaced84,correct,1.0,
b539a2ad64b7ddd93ef1,correct,1.0,
48c9fd8fa6a07953a829,minor,0.8,国家名称不一致
c302414ee63e26c21578,junk,0.9,模板残片
8441b2c730e2380f461f,correct,1.0,
0de02442a2bb5eaf597d,correct,1.0,
99325557e9926b68d2a6,minor,0.8,单位不一致
3585e42841261cc5b65e,correct,1.0,
64c1d5d42bfdd6fe1216,correct,1.0,
46fe3951c044d3aab1d8,correct,1.0,
b2a635631ca54165b195,correct,1.0,
b7ee60b34e4e88360dcd,correct,1.0,
101097923018566c50b4,correct,1.0,
c003aa5236f284e209b4,correct,1.0,
21a11703a19bea2a4c29,correct,1.0,
4377603b4d9797d0ec1f,correct,1.0,
ed5063ab0bf156dfa16c,correct,1.0,
a210fec11c55d3af80a4,correct,1.0,
0ca6da8f807a6d615a41,correct,1.0,
48199891f176bc557cfd,correct,1.0,
e512852ad3cd391c8463,correct,1.0,
87aa744e7052ce8ad2c9,wrong,1.0,文本中包含非乌兹别克语的片段
96485140f93df7945fb0,correct,1.0,
4b95f49d019695854a6d,correct,1.0,
d6b6f7e84ccfd6cb3ff4,correct,1.0,
9a535180ef9fbc321069,correct,1.0,
bd8df1a1ce107de1349a,correct,1.0,
4c942037f98ad96d7768,correct,1.0,
25ae42d4c8e0c982f873,correct,1.0,
d926a5f8c87556e8c714,correct,1.0,
dc47a26216e4739c71e0,correct,1.0,
57395df52cd9e0fd10e7,correct,1.0,
73dfe735563ffbc3dcc2,correct,1.0,
5682683d8430891c9a31,correct,1.0,
f0f71a1264e93132a698,minor,0.9,轻微措辞差异
5461c0105bb12ee9c439,correct,1.0,
67cbf7dde3bbb69dee99,correct,1.0,
135e67d1879aa53a0292,minor,0.9,轻微措辞差异
9676dd7648136da5b0f6,minor,0.9,专名拼写略有不同
9be7b132bb3494fe0e9c,correct,1.0,
68a346e12abcc2a9a798,correct,1.0,
d54fcc9a3d1126ce11f0,correct,1.0,
f291057d46b2da111ffb,correct,1.0,
5b581ba50e0bbd586410,correct,1.0,
1aa37b912d185df4f885,correct,1.0,
ca6021df7dd52cde07ca,correct,1.0,
072f2c1e06cbee60d3aa,correct,1.0,
8a47cc08054445a91362,correct,1.0,
ca5df1fb72a738996f4f,minor,0.9,轻微措辞差异
ea9d7181674d4f239c58,correct,1.0,
13895a0c6296b3b96769,correct,1.0,
77c15fef49834874f01b,correct,1.0,
f0359c6477c23b641f26,correct,1.0,
7370f8c4ffbe6b6e0951,correct,1.0,
56ffe4c38ee69975c04c,correct,1.0,
8ac904bff548c12a54cb,correct,1.0,
9795b0ce640766ba83dc,correct,1.0,
bc937d0044b3cef0326e,correct,1.0,
1bdb5ab0f897936bc252,correct,1.0,
b54410520f340c072eb5,minor,0.9,专名不一致
463a62c628d93c2958e3,correct,1.0,
3351ac3c5be946b161fb,correct,1.0,
9a02445e2527c6c78f7d,correct,1.0,
c6493c1727ae80950c60,minor,0.9,专名不一致
bd0fb2ea645d99de1592,correct,1.0,
322e969c2644e76265e8,correct,1.0,
73fd6ec2a4696992609e,correct,1.0,
ede986c532eb4a21e5e8,correct,1.0,
f42e855db670eef8e440,correct,1.0,
70e7753b0f13659dfb3d,correct,1.0,
52d6970913ca9a854429,correct,1.0,
5db7e1bff8fbbea45258,correct,1.0,
54bf49de3bfbe3d9f318,correct,1.0,
038e1bd163f8660f9a41,correct,1.0,
b98d0841f8e4846a06cd,correct,1.0,
6340552838a2ad9deec2,correct,1.0,
fa1038ea0bac23f5a499,correct,1.0,
17f5ef90c141dd9659b7,correct,1.0,
cd7662cb57306c6d51e8,correct,1.0,
7565360570d8cd3d9fa5,correct,1.0,
f4017b84f369fc5b641d,correct,1.0,
c30d668349515e7bdfbc,correct,1.0,
c954b0bcd1ee3be72235,correct,1.0,
f69f8230d50bde1f10da,correct,1.0,
c4991b576784693e6fd0,correct,1.0,
d82fe39fa8e9cc9557a1,correct,1.0,
1012c604478107606bca,correct,1.0,
89ad1f0c0d5b1086859c,correct,1.0,
2347c4394681f1cb0642,correct,1.0,
4815f515cda9a42e8711,wrong,1.0,教堂名称翻译不准确
509eb11b0e876271b5a3,correct,1.0,
a30eb6326dbad54544d0,correct,1.0,
b459027236115927553a,correct,1.0,
4c6cc1b7da8ef01026c8,correct,1.0,
38b832bf5c8deba91a40,correct,1.0,
42edb514f87df0d0323b,correct,1.0,
4f94fc1cb8af75cf6dc8,correct,1.0,
1b7503309b11e7caa1ee,correct,1.0,
e00db62ef452fe16f5c5,correct,1.0,
1b5acf3015af9c9eaf94,correct,1.0,
0827e4167a6104f88163,correct,1.0,
b2398d44e15082c566be,correct,1.0,
9938b068b5f36419cc83,correct,1.0,
03509eb39b095d3e56ad,correct,1.0,
1211eac238f28cd56c8e,correct,1.0,
939e9cf4f977a7520ef7,correct,1.0,
d9d9fddf949ade857647,correct,1.0,
952e09cfc433a03b0ce3,correct,1.0,
b007d6e3d9071b2140a5,correct,1.0,
ca11e0d7ca2c9609b290,correct,1.0,
06ea2f5bddaf65665d73,correct,1.0,
1e0c4ad9fffb68aee54b,correct,1.0,
57933d1adeb4918b8447,correct,1.0,
ae108bc58f4b0d3a607c,correct,1.0,
cda50de68d70b7c6293f,correct,1.0,
f6593f83c61b90244b06,correct,1.0,
b5a9eb3909aa6060fcfa,correct,1.0,
686985655afff7031aaf,correct,1.0,
539f13aef8ff826f5098,correct,1.0,
5bd6475a5f220cc55ba8,correct,1.0,
2952d7537db2099e03c2,correct,1.0,
b84a7188f656f1b91380,correct,1.0,
f578ebde31a438483d28,correct,1.0,
33a08edcf67298c0bae3,correct,1.0,
54d9c563fa6650a788a4,correct,1.0,
11a79db5bf60c4fbc84d,correct,1.0,
7cd95da6a25f1756b596,correct,1.0,
315866c01e6dc62b81c1,correct,1.0,
4b3a78b06282c38cc960,correct,1.0,
a374fa150b29651d8725,correct,1.0,
510fc1e133156f9ef5c8,correct,1.0,
497fa3832e02ec3fee8a,correct,1.0,
4246b22a2d5566662cf5,correct,1.0,
121f9b59e903eb769e71,correct,1.0,
b98f55ef131301378b23,correct,1.0,
b604f90c068ee556caa8,minor,0.9,表格中的术语翻译不完全准确
0f8337e272e4c354cf94,correct,1.0,
d538ded48c74ddc57aa7,correct,1.0,
861ea39c7764edcddcd0,correct,1.0,
5ccb6f791dc74e6e744e,correct,1.0,
09b89953aff485d64cb3,correct,1.0,
73decb8b2a05648e14c8,correct,1.0,
aa2bd901050f1277e889,correct,1.0,
0eaaf7f97fd9dfa47974,minor,0.8,地名翻译有轻微拼写错误
18960ed1f6520930f789,correct,1.0,
75186082c2de54fb9ae8,correct,1.0,
fe3577c61bed92b1d398,correct,1.0,
ef868c3d9a1cc95e025c,correct,1.0,
726f61c4ffe58fc8b8a4,correct,1.0,
80450e9456f4418b10fe,correct,1.0,
16ddd33c2198f7cf1399,correct,1.0,
040b5544a1770357dac0,correct,1.0,
556ef9fa0c6192cc3c1a,correct,1.0,
713ea59b1e54b4459a6a,correct,1.0,
2f0461e55b6833bdf61f,minor,0.9,地名翻译有轻微拼写错误
1467b397b4cbaf1c4f9b,correct,1.0,
1e9e288ddafb6bb9c2f0,correct,1.0,
9a59c168180e5b8097f3,correct,1.0,
14247c386924e0dd528a,correct,1.0,
d0934d6d26e3f792f924,correct,1.0,
beaec02c77b18e9fb868,correct,1.0,
3d8f03cf86de602abc3a,correct,1.0,
bd64183ddff539d4d124,minor,0.9,轻微语法错误：'Han Tae-hwa' 应为 'Han Tae-hwa'
ab78110bc27fca88aba8,correct,1.0,
88cf7d71e2dabe762b32,correct,1.0,
557c0d4cf0f243369419,correct,1.0,
4b435999be9eefd7c209,correct,1.0,
8ae87f5bae369a5333b2,correct,1.0,
9610aa96af0b0559ab84,correct,1.0,
43c4dc655de1fb39712d,correct,1.0,
d767cdfd1cdfe947b6ae,correct,1.0,
1df4e2e250be3714e01b,wrong,1.0,乌兹别克语内容重复且不完整
518d7d6ba7e5d8a9c1a5,correct,1.0,
bc4f4c16f923e0f9f170,correct,1.0,
b9b73a9441e8a7a69f15,correct,1.0,
635587dfb2de19de4434,correct,1.0,
12c24b4b3b452ce1bbb4,correct,1.0,
b9ee6acf60e837f45976,correct,1.0,
b2fcf84ad5b21bc2c13b,correct,1.0,
f5b22dc4b1a20d6dbce9,correct,1.0,
b15fa134c5705724d1a9,correct,1.0,
cfd11b08a95e37480ffe,correct,1.0,
259fa9d5bee27eaac13c,correct,1.0,
2044bc7d3c687406f1fe,correct,1.0,
dc9ab78d69186f109bbf,correct,1.0,
e26dbf8427d87f452a67,correct,1.0,
b2f04c2056091e088332,correct,1.0,
8409f94c9573d847b8ea,correct,1.0,
21545b017de46112ae8f,correct,1.0,
1a6ae102786ab0269d4e,minor,0.9,轻微语法错误
69dbe182a81957662c97,minor,0.9,缺少翻译
cb9d12496adac4be527a,wrong,0.9,重复和冗余
dad3d557761bc30de209,correct,1.0,
0eb94034b6a7cb924492,correct,1.0,
4e9cd02683c382fa2e65,wrong,0.9,部分未翻译
9de9135a443f05de610d,correct,1.0,
7a0152d4b62ccc0d9fb2,correct,1.0,
fdde920913594b9102c4,correct,1.0,
a69d4b521cd67e4fd3ef,correct,1.0,
47619fe0ed6f582a4e6b,correct,1.0,
bbe744e376b601d23240,wrong,0.9,缺失Notes列
5b4a55ab9780c505f5d1,correct,1.0,
82926ff116ee5a3aeecb,correct,1.0,
38f67a70999711429a18,correct,1.0,
46a1af6fcc753f604f7f,correct,1.0,
2f70e92f0e6388d018d4,correct,1.0,
5a8989d74a20f01664d6,minor,0.9,缺少日期格式
27ecd06d46bf57fd680f,correct,1.0,
d892137a19edcc1d1364,correct,1.0,
55782935e615a9a46652,correct,1.0,
434031af5e9646fea50d,minor,0.9,部分英文未翻译
e3b0b6a1a99f96645316,correct,1.0,
c951c491c3957e1aa1b5,correct,1.0,
5393f1f326152e19a05c,correct,1.0,
eb2c943bcec836f5d700,correct,1.0,
658283f918bf7a105c7b,wrong,0.9,格式混乱，语义不清晰
fd092c079bdefa61b41b,correct,1.0,
ab562ba61f36adfa4d45,correct,1.0,
aa02a35b41c97bf1997b,correct,1.0,
4e4f59bf4e05012fbddb,correct,1.0,
6ef50136e4a89793eee7,correct,1.0,
67f6f4996ae0146698b0,correct,1.0,
764eeade87471408e77c,correct,1.0,
1996b31ed0f9d8f2b73c,correct,1.0,
3eb4a59f09f02592d3a6,correct,1.0,
efb6f9c4c3e71a5e1edc,correct,1.0,
cdce2fd660341b7cb5d1,correct,1.0,
f78eb74ad7f9fbe60471,correct,1.0,
ac878cab2bafb9011fa2,correct,1.0,
964fd24dd9777b01c1ce,correct,1.0,
db75f7d75687ff8dbb33,correct,1.0,
b6b4ca9562589a5f7b4b,correct,1.0,
51e96cfcb8723b0c4331,correct,1.0,
1d9a5c2c2b1a85b1134f,correct,1.0,
3bcee985c60c778e02fa,wrong,1.0,未翻译
58324f04be337d55dce4,wrong,1.0,未翻译
fc32c61bae8197cee078,correct,1.0,
6e29f86c2e3ad13b05d7,correct,1.0,
c7978a75e58f36f5b9cf,correct,1.0,
cab72681df640c5051c3,correct,1.0,
494b54aadc6bbc624cc2,wrong,1.0,未翻译
3006fa92f760e3c950f2,minor,0.8,语法错误，应为'CSA Centro Sportivo Alagoano bilan bir yillik shartnoma imzoladi.'
b386730b12bf1a8a78c5,correct,1.0,
5bca2494a6c1747dea87,wrong,1.0,未翻译
0bbc0c8cd441241ca524,wrong,1.0,单位不一致且有拼写错误
d58f3ad719623e4e4910,correct,1.0,
97033765bd40f3222ef9,correct,1.0,
2f803e8d8d744aa53579,correct,1.0,
5ac78129612dd01c137a,wrong,1.0,未翻译
12c893773a77e173ebbd,correct,1.0,
7a024f53f0d2eee8f2af,correct,1.0,
43e12d7b8efd8b2abc26,correct,1.0,
9a6c1e92627b7ea975a8,correct,1.0,
744963374bb4d85792f1,correct,1.0,
f8b31ed72c8701b8abfb,correct,1.0,
8d84b4685c45125b40bd,correct,1.0,
d7ace55b699de2933ce4,wrong,1.0,未翻译
4576f2d0341873431e99,correct,1.0,
415578f186f884c94743,minor,0.9,出生日期格式不一致
dfb2a2dc003112dc2b94,wrong,1.0,乌兹别克语中夹杂英文，且信息不完整
7a07a8dac7f2298df263,correct,1.0,
5ed5fc82eacb78627bba,minor,0.9,专有名词翻译不一致
93426a6890b16c7d0652,correct,1.0,
0b1ee4aab0add56bcb5d,correct,1.0,
68ea678fad2f3ff2a71c,minor,0.9,河流名称拼写不同
d48952418e5ce3f3379b,correct,1.0,
ad2c35a8f6db134f9fdf,correct,1.0,
410ec2b97b742846d0d0,minor,0.9,名字拼写略有不同
aca7fb0b1b01b37dbeb0,correct,1.0,
5293246533e051c25c5d,correct,1.0,
89758e57e59b403720b8,wrong,1.0,信息缺失
2fa04e424ec135e1e5a8,correct,1.0,
3330e4a74b38d1db054a,correct,1.0,
3356e4b1634182bcfedf,correct,1.0,
aa0faea1ce195df445f9,junk,1.0,未翻译
476bfd461290e7524fc5,correct,1.0,
cc69c955879cb7fd8623,correct,1.0,
5340d3168279750434ed,correct,1.0,
56002e9d2492b9f51e90,correct,1.0,
2073445dbc2ba1ff5e35,correct,1.0,
b6446ccce65f290dfcb9,correct,1.0,
ae0ad63293f8b9ff09aa,correct,1.0,
e631d0372bdae56ee315,correct,1.0,
f68b4b15e2d761c618b4,correct,1.0,
72c2474b07b4c0d42388,correct,1.0,
02d892c39b3bb3402eaf,correct,1.0,
9d1f53fa57b282416d84,correct,1.0,
244624f6f77e01b258b2,correct,1.0,
56ce5b7780ec6946734e,correct,1.0,
74b0b30f496fc883a3c8,wrong,1.0,使用了俄语单词'vrach'
36469b07da0b536acd50,correct,1.0,
7f458f211c338fda0ae5,minor,0.9,遗漏了'long'的翻译
5b23d6c506961bffddf1,correct,1.0,
34cb67a6b830e9f8c289,correct,1.0,
917967b17f656291effd,correct,1.0,
0c85bc7de24db7eca70b,correct,1.0,
6425ad93a9d9157c3bf3,correct,1.0,
d33fe2b0077fde8a4ca2,junk,1.0,仅包含英文，无乌兹别克语翻译
038b004cae896d24bf43,wrong,1.0,多了一个词'ida'
9ae3a69d10472a9256cc,correct,1.0,
e3487bfac15faeb9c3c4,correct,1.0,
31291fbc9f3537c4eb00,correct,1.0,
3c3359fedc8592d62605,junk,1.0,仅包含英文，无乌兹别克语翻译
e638c341692f86952f33,correct,1.0,
e671139e1ef377363a73,correct,1.0,
463595e2ae41b9b273fb,correct,1.0,
cc32ec82c2af68d73761,correct,1.0,
6fca362b653d7da15e95,junk,1.0,仅包含英文，无乌兹别克语翻译
b83933b762a4f0d56aca,correct,1.0,
5eb1dfa85b6300687a6a,minor,0.9,缺少连接词
8633a4558f4139e6912d,correct,1.0,
323b87a6c743687de424,correct,1.0,
9f7865a54ed9d85d9217,correct,1.0,
f5062cfb6d1cb59b087d,wrong,1.0,乌兹别克语中重复了英语内容
cd7630596c3b9bf5fdfa,correct,1.0,
18ea18cc294ea21f0078,correct,1.0,
736017d32ca46b3f54f7,correct,1.0,
1ab9d308f5d1bc8e2899,correct,1.0,
3929545295a6477d7fb8,correct,1.0,
c8e73f0ef849cbe26545,correct,1.0,
11a1be2bc3e1671cc3b3,correct,1.0,
bf791ccbe1ab16fbb722,correct,1.0,
f1b86b0260029fa32ee2,correct,1.0,
6effbde767ed403db04e,correct,1.0,
9c291135cccef1c8517c,correct,1.0,
818ff24b149bb161642a,correct,1.0,
a9e31229d81be508444a,correct,1.0,
6283811356e025239fd5,correct,1.0,
84d6ba7c41fe43f2252c,correct,1.0,
a5ddb8b9270c79a70482,correct,1.0,
cac20718ab7cc3a5ccf1,correct,1.0,
aaf51a0c442c133d242e,correct,1.0,
156d81b1f3b16078ea5b,correct,1.0,
2edd0c07777ac98b06cf,minor,0.9,缺少作者名Jack
a466d864fe90cef977c1,correct,1.0,
ca134d752d406a485bb5,correct,1.0,
7b08ef7cc32b919e20fc,correct,1.0,
000f49be4a44e1ea7f2f,correct,1.0,
67d054f7829a1f14aee0,correct,1.0,
1ff2af07766c08ecf57d,correct,1.0,
6517b8d4a2799f58df9e,correct,1.0,
7f8127580a900866e750,junk,1.0,重复的英语内容
bbdca3c68447c1f8ef9c,correct,1.0,
b969736b1d7614c0c170,correct,1.0,
7da2edcb3e913a5c0bf7,correct,1.0,
69c209d8010a786700ee,correct,1.0,
0005359a654cade5b639,correct,1.0,
6cfc953a9a81189c43d8,correct,1.0,
9fb106623e371aba26b8,correct,1.0,
fe8d9a89844f909b25a9,correct,1.0,
29f8d6230790dc182a93,correct,1.0,
79bc9405aaca3df3603d,correct,1.0,
64baf0a8d7cde9d2a7d2,correct,1.0,
2715657c879f013bde8e,correct,1.0,
f2be244bfed6407a2b2c,correct,1.0,
ffc10bb494ee0a84b757,correct,1.0,
d107e6c3ab6567110820,correct,1.0,
d0cda2f7a5fffa503f7f,correct,1.0,
a17f227b1a09332aeb8b,minor,0.9,日期格式不一致
6fff2cfcf23c6f4a2c60,correct,1.0,
2957f637d203842df114,correct,1.0,
b05e4b1d59e4acd8a92e,correct,1.0,
8c740396a6ddd88a4313,correct,1.0,
4ed0db02a825aa70425b,wrong,0.9,多出 (en)
be287aa45fe4556da868,correct,1.0,
42a4350b66cb77cf582c,wrong,0.9,多出 (en-US)
5320bfa7c06264d3db01,correct,1.0,
66df7fe6200ce4882f50,minor,0.9,缺少 Anderson 的角色描述
c8171898bedec2db6530,wrong,0.9,多出引号和日期格式不一致
5712af395110319da854,correct,1.0,
e207f9c5835bb359ef2e,correct,1.0,
901dbcd77ff1c16c7f14,correct,1.0,
a5e57fe969ae4e8cef55,correct,1.0,
15ac988fc6c9076ecac1,correct,1.0,
32823bcf5d5aac0e097c,minor,0.9,专有名词翻译不准确
aa319f38ec6846a1b69a,correct,1.0,
8462f017620083c58d98,wrong,0.9,多出 (en)
9d894ff105250691782c,wrong,0.9,多出 (en)
878c38adf4fe5f67bb15,correct,1.0,
ce185a44bca93148319f,correct,1.0,
49ccbcb790cfeaf3d6a5,correct,1.0,
e56f027d4b5bdd4f41a8,correct,1.0,
5fa6bbff7497715bda16,correct,1.0,
de204dfd65928e583fa3,minor,1.0,日期格式不一致
9b39f98d66d3326e0e11,correct,1.0,
f798778262f9124ad994,correct,1.0,
b34776694189618f0f7c,junk,1.0,乱码
077c339417afff6028e5,correct,1.0,
3449ed26db08197e3b78,correct,1.0,
99525b0175c62f9416ff,correct,1.0,
19f32b61430976b3b5e1,correct,1.0,
8c5607b5b731125fce62,correct,1.0,
ddeacbc00aab3632ead2,correct,1.0,
a310fe41a3ef50c9be29,correct,1.0,
26148b9880fe67ca5960,correct,1.0,
a7994470a7a545b39ce7,correct,1.0,
cddbe5e95b7c70a76715,correct,1.0,
97c96ddb630536f8ff20,correct,1.0,
b93deaac3456bbe4d0eb,correct,1.0,
bf9011e23820b87ab77e,correct,1.0,
348a8aa647af8bacab74,correct,1.0,
d290f2b1552c8d60fccd,correct,1.0,
0af2ebfb797d74e5bcd6,correct,1.0,
3c2582304fbf026ee930,correct,1.0,
83bb556d5cf3a778f20e,correct,1.0,
1cef0ab7a9b236537ef1,correct,1.0,
f197e95a5f45cfc5bd9f,correct,1.0,
5c46acd8e8789f1ba020,correct,1.0,
8e7264fcebc1e5c7df33,correct,1.0,
58ad25032ca842a49c1d,wrong,1.0,部分英文未翻译
1e33a69bbe1c08532690,correct,1.0,
b95bba6ae4a00bfbdada,minor,1.0,日期格式不一致
2585f6ad6b1e719bb0ac,correct,1.0,
dd072f65a6c34d19fb26,correct,1.0,
c96d81faf56e80572dbd,correct,1.0,
3369d092677994e31117,correct,1.0,
90c832c236b16127cadb,correct,1.0,
4f398f4ac33e66d75939,correct,1.0,
dcec49a7ff99f851751a,wrong,1.0,部分英文未翻译
44e300909c3299355bed,minor,1.0,日期格式不一致
20b3f5b1cc5dd73b1eab,correct,1.0,
3b972422add250b5c26f,correct,1.0,
9a3dc6f6f6cd9ba93e03,correct,1.0,
5cd4921fea01b49e3c67,correct,1.0,
24ae83253b04e01df7c0,correct,1.0,
27543c7b79b3cd810500,correct,1.0,
4b475ce23865ed64c9d3,minor,1.0,职位翻译不准确
b625c7b78123613b3659,correct,1.0,
0947f7b8ebd625d15b35,correct,1.0,
465a8905b4f2a059eb0d,correct,1.0,
42c9942a22d7a9d6e9c7,wrong,1.0,部分英文未翻译
cd5825e9bfe40e914efc,correct,1.0,
6e87c67b2a017113cb49,wrong,1.0,部分英文未翻译
3f499d38dca438e7107f,minor,0.8,sport boshlovchisi 不准确
204da05156cdcefb6682,correct,1.0,
76d9cc7d22c707f3a4e0,minor,0.8,语序略有不同
591e7e96167097d0dac4,correct,1.0,
7297bc7987032a6c67c0,correct,1.0,
f8bddd244194d078bca9,correct,1.0,
f8a49e5dfbafe1bd25d6,correct,1.0,
5475005c085d4cb93e26,correct,1.0,
8f51d7cdf6cba4f89de2,correct,1.0,
40ed67794752715c5dd8,junk,1.0,未翻译
44ff75f969f73ddf6eb6,correct,1.0,
00d9bf0100f48c817de4,correct,1.0,
ad71bffbe6795c5e287b,correct,1.0,
ceceb14e0ddffb52b897,junk,1.0,未翻译
f7bf2bafa8ce5c8c4c95,correct,1.0,
1c57558a962c2af63b4d,correct,1.0,
2f9bb346c6a1a5e66a66,correct,1.0,
3a2d6ca0fb43219f2e51,correct,1.0,
aa431b327a5ebe5c82c5,correct,1.0,
2d00ee43ac0e4f8ac7b2,correct,1.0,
060b625466117a651ea7,correct,1.0,
4ce884af893c7fc6e25e,wrong,0.8,South Asian Games 翻译错误
6b91d997f14f686d779b,correct,1.0,
8f5e33b6e1ce778ec949,correct,1.0,
1b1b4a22e3bb4a91510a,correct,1.0,
7b3ec7845b88c5e01f54,minor,0.9,轻微语法错误
fbe2654371c49427b2bb,correct,1.0,
efec96edde736b036039,correct,1.0,
6bc31e71345cf6e51948,correct,1.0,
3b56c5222fc16d6eb58d,correct,1.0,
9bda1a8efb10143572ff,correct,1.0,
b9e13494fe70010d7490,minor,0.9,专名拼写不一致
8e771ae2ca289a5ff726,correct,1.0,
e74b5d9ef9bda12b40ff,correct,1.0,
b98b9e3862f98b38c348,correct,1.0,
72d77b6bcfb1558c64bb,correct,1.0,
9f9c51ac15bc0042af65,correct,1.0,
3d735f573ba29e001aed,correct,1.0,
ab6835704b3f6c197d45,correct,1.0,
e070d039a4d0d53896f7,correct,1.0,
b71f722bd9f72a5a1a2e,correct,1.0,
8b3b5991f5bcf1b61475,correct,1.0,
8bef883d51a34913d335,correct,1.0,
2494e3fdd94466d5abc6,correct,1.0,
a2f8e2cdf6963a6de9b6,correct,1.0,
4e0731fb7f7a17b2cdc8,junk,1.0,列表碎片
7a6aa07fb7443705f7e6,correct,1.0,
0b0c78d57a02b5085cea,minor,0.9,专名拼写不一致
06690a915549a22e98be,correct,1.0,
a2a13dbbec5b7e91a580,correct,1.0,
582a43a18381da88fd98,minor,0.8,日期格式不一致
8d36af43f02f5a8c5677,correct,1.0,
828765781fce44a37252,correct,1.0,
1b2c1e457003b8cc3c21,correct,1.0,
b741fa0d300e3d2d0574,correct,1.0,
f1f6e95d0d0a0de9a760,correct,1.0,
ee28b5479d236275e1cf,correct,1.0,
6b3f7792b9993e159862,correct,1.0,
1813438e2c523b123152,correct,1.0,
add03fcb30c11d2d08b5,correct,1.0,
603820c7ff3e4a651179,wrong,0.9,缺少 ↑ kf1sDwAAQBAJ
17ab8fa80abfda1c81f4,correct,1.0,
fbd782070d1f75d47611,correct,1.0,
a31007c082a120b6ecc9,correct,1.0,
c074300255e6bc5f43e8,correct,1.0,
ebb9842fcc930af15e02,correct,1.0,
bfbffc2da82da6a416fa,correct,1.0,
5505331c6e90b4cbd310,correct,1.0,
adc62d47f031f1e52897,correct,1.0,
5dfd31efc3f48bcb85d3,minor,0.8,职位描述不一致
0674c7e1f1aa6454e1a6,correct,1.0,
8431d0606f0f06df5445,correct,1.0,
0a97ac7b75deef79f7c9,correct,1.0,
f632b6fc49d9725227a6,correct,1.0,
dcf3cc1ebc2bb05d6d68,correct,1.0,
b150078f68083b281411,correct,1.0,
1bda545409c427df718b,correct,1.0,
9db939d72e6ed0da12e7,correct,1.0,
05df71c505797481e9ef,correct,1.0,
5b706ec0b28b0c5953a3,minor,0.8,重复的向上箭头
957e922bdcf1e66b96a9,correct,1.0,
4e91840af2ead9eeed5f,correct,1.0,
d064e6f9ef8e8f5b9d1c,correct,1.0,
cb4c82fc05069a9a4486,wrong,0.9,句子结构错误，应为Fredersdorfer Mühlenfließ是位于德国勃兰登堡和柏林的一条河流。
352431bd86bc5b1c65ee,correct,1.0,
4f01e6bfcd70151e7452,correct,1.0,
85b824a0b05afdfdb234,minor,0.8,部分翻译不完整
398db91e51d529bc4033,correct,1.0,
72a95776033d07c36ff2,correct,1.0,
8ddc8ce3b1288c3a2b34,correct,1.0,
abc9631b449859ccecf8,correct,1.0,
ead9cad30d374d5a86b8,wrong,0.9,数字单位不一致且句子结构混乱
be2379047b27e124cd7d,correct,1.0,
db897175bdc17c2957b4,correct,1.0,
27e73ae613ea5319e9c6,correct,1.0,
d0b4c0a33de3b2b39b62,correct,1.0,
81f21b81cd744e56c1f5,correct,1.0,
9ed57600523626123ba8,correct,1.0,
fcac46bdb0b0bb307217,correct,1.0,
a56e6d916bbda34b0216,junk,1.0,包含非乌兹别克语内容
85d7d30c574aa5485589,correct,1.0,
b140263e3b13068764f2,correct,1.0,
4adf69f2594eed0bc1bc,correct,1.0,
520ecb3c52ea0b439d57,correct,1.0,
512b81aa59844aa24128,correct,1.0,
701ecf7823e5b84f905a,correct,1.0,
8fabd81b61f52b68fcdb,correct,1.0,
773f05e340b720865e63,correct,1.0,
2df0091d313409118993,correct,1.0,
005e202adbde9a1aa5e0,correct,1.0,
804a4117070fbcca9840,correct,1.0,
5a9b13dc83420fc778fd,correct,1.0,
bdd583e9d85d590c108a,correct,1.0,
de78f7278b027c808a19,correct,1.0,
5da9a531f0a0acf571c8,minor,0.9,时间顺序有误
f170c1b242414ce5668a,correct,1.0,
398183604fc0129f6d3f,correct,1.0,
2ef5a95c320246609351,correct,1.0,
aee5c8f1bda97882f27e,correct,1.0,
268270693ef5480bb2b0,correct,1.0,
7c3af74125595fe92a62,correct,1.0,
97f36774db463f3956a6,correct,1.0,
c57cccef4512203c5ae9,correct,1.0,
206ab343554c0b3c4149,correct,1.0,
a854d728f8ddcfc46566,correct,1.0,
6bab551b45c38a7042f1,wrong,1.0,专名拼写不一致
603ab1ea95cc17af9e68,correct,1.0,
8a58bf00e74996c9e708,minor,1.0,时态不一致
365a35fb9395ae0793e9,correct,1.0,
9e2584c1fbc32f6ddbcf,correct,1.0,
651b0ac4c99a82a3651b,correct,1.0,
9f92797ae9f5c704a5a0,correct,1.0,
74ba7e8fa490cb63ee05,minor,1.0,措辞略有不同
7d08f3b9b5b64babe500,correct,1.0,
6430adf9706d260493ee,correct,1.0,
5f423c0dc7ef2de97f15,correct,1.0,
1986bfc06484e4e7e48a,correct,1.0,
65de9b449ec6e417ccd0,correct,1.0,
105ad02a25272eb6767b,correct,1.0,
af96be66812567734922,correct,1.0,
b73b8322b55e3cf77dc4,correct,1.0,
b0014159e116645e8d70,correct,1.0,
dff644675aa6f85191fc,correct,1.0,
b7c063ede7d6b7e22ec5,correct,1.0,
d435f4640fce02fc7d48,correct,1.0,
42fce6a8756ec7ecf27b,correct,1.0,
566981d0dc8790c54ee2,correct,1.0,
a47c1212a38390f80449,correct,1.0,
0e59cff85ee7093949ca,correct,1.0,
9a8c16aafb7e2b7d5497,correct,1.0,
9d7d194c5b0e3e94848a,minor,0.8,专名和单位不一致
160546e10ccdd481331f,correct,1.0,
a8f8a1b9c13786c99075,wrong,0.9,未翻译的葡萄牙语
fe7265acce6487db47ff,correct,1.0,
90d494f8bd0f1cda6538,correct,1.0,
a84c919d7a0869815c2a,correct,1.0,
1f8ef93f101aca68f253,correct,1.0,
8abb8d6c01b537a108aa,correct,1.0,
9f84faf2bfc7bc8770e1,correct,1.0,
e142e9bbd3affe724c17,correct,1.0,
cfabbf8b15919fe77ead,correct,1.0,
c17163c9530d58ed0e2e,correct,1.0,
c9fbe1e5cc2c49efff8c,correct,1.0,
a0f1f8fdec7fa2a7b3d6,correct,1.0,
f72c6d7b9a922909a92b,correct,1.0,
7347e78fc4787f147723,correct,1.0,
004182d2ef9b0a0e22b8,correct,1.0,
531da3733c0a71316151,correct,1.0,
426c36805cfaa44c008e,correct,1.0,
e0e7f2bfeaa28e1e0e9a,correct,1.0,
16ee9c00b3fd0a7c9fb3,correct,1.0,
74c186bbd10b658d2b12,correct,1.0,
1cc8338e59b7308e69c6,correct,1.0,
7d7661f4b0972414761a,correct,1.0,
0b632696227c385f443f,correct,1.0,
ad8354a1128790543510,wrong,1.0,部分未翻译
55686d52c1709b43ff6b,correct,1.0,
4ba8c7caa5896c5fabd5,correct,1.0,
821729f4a9523e294a09,correct,1.0,
86fa59a54e394b87006e,correct,1.0,
0ac2ef1a00f7ab07ed99,correct,1.0,
84e785df65e8c3bc7d53,minor,0.9,遗漏了'Carpet (i)'
03fe62129e18cb8e2a10,correct,1.0,
f1031905513347495351,minor,0.9,遗漏了'et al.'
abc6d512294d23b244d0,correct,1.0,
39b288731baadebcfda7,minor,0.9,标题未翻译
4dd183540a5e5e41f6f6,correct,1.0,
73bfa871811919e04132,correct,1.0,
0914efbfe3102ee53150,correct,1.0,
30d1c209ad839f7cc524,correct,1.0,
c893ea7b5c058af6e72e,correct,1.0,
dc47199a3f46e3cfda23,correct,1.0,
737ebad836358f71294e,minor,0.9,添加了多余信息
4f478eb4a913c184eb65,correct,1.0,
c42dd5dd4bd6ef8675f7,correct,1.0,
b7550dc515fdc2de957b,correct,1.0,
01e6633874c82fb1f7df,correct,1.0,
2285982b1a26083350b5,correct,1.0,
6910398afbe311ff7795,correct,1.0,
251c612e56719082fc96,correct,1.0,
92050e52b4b984318605,correct,1.0,
f24c3afba74fdaa96dea,correct,1.0,
680e700af07d574d19e2,minor,0.9,缺少地毯（Carpet）的翻译
b99f09bf66ba3f0ebdc3,correct,1.0,
295c273d97d4430d197b,correct,1.0,
64d61be67f8b52c0c453,correct,1.0,
f3ff1db2b2807db21a33,correct,1.0,
eda5a84fafc92fe16736,correct,1.0,
22aed3eed05c24d5fc6c,correct,1.0,
cc6aa1a18f96c72042f4,correct,1.0,
0502866730cf440c7f54,correct,1.0,
f5cddade62b3a5970446,correct,1.0,
9dea7c623df9c3806177,correct,1.0,
5545971e0ffe73a346d9,correct,1.0,
28ae83bb71b49303a266,correct,1.0,
762391cd73677c997506,correct,1.0,
6d9a050bbd76964e6094,correct,1.0,
92b5f1a1598b5d754d2c,correct,1.0,
dfd15f7bb6e1cf1e991c,correct,1.0,
4ad27cb863fd89ddd845,correct,1.0,
33a2b019b922eef02b90,correct,1.0,
c3e78c20778f50851509,correct,1.0,
45e1db41525b360fe240,correct,1.0,
0e0370f224d8355ccbb2,wrong,0.9,括号内的翻译不准确且多余
da96b580e8a6359ef8a3,correct,1.0,
d5359bf7c156a47689ff,correct,1.0,
433f4d60a4e12ac2ee0a,correct,1.0,
f8d92e8bf22dac65356d,correct,1.0,
1a905244e301caa2efa6,minor,0.9,日期格式略有不同
cd1eabf7d87f5c2d541b,correct,1.0,
fb15003aeba862747b16,correct,1.0,
4bbf97398fddcc75ce16,correct,1.0,
960b2821f2d3ddd1cc48,correct,1.0,
2847299fc592971437e0,correct,1.0,
b8ec9af394690cfcc84f,correct,1.0,
87622a4760865d1d1738,correct,1.0,
b6c4b07854b310f59885,correct,1.0,
64289992371c2c63c62b,correct,1.0,
e22e57483d970a6ea03b,correct,1.0,
513484e097be8b0825bd,correct,1.0,
84534720fc960440eb87,correct,1.0,
9138b15fe226cebc7ce7,correct,1.0,
ca08776f4a09842a3b26,correct,1.0,
02ea22c22814da3b79cb,correct,1.0,
f538745f066e80354fe5,wrong,1.0,拼写错误：'Al Afredo' 应为 'Alfredo'
bc7cdee0f6793045e0cb,correct,1.0,
3ff49c7ea99e6499d09b,correct,1.0,
0def9040ff5ea70be919,correct,1.0,
c76ef1fd03428796b1b5,correct,1.0,
e25f22655dba5f6ba3bb,correct,1.0,
d34b6aa44416e00be0e0,correct,1.0,
92e08d4a407d3cfbf89c,correct,1.0,
cdf10c8dea844d157826,correct,1.0,
e32b6b2df76880378044,correct,1.0,
94cfe0186f416d20eaa6,correct,1.0,
ad7080bc3bef6fc4ce47,correct,1.0,
cc6818664f4ce4e01b1e,correct,1.0,
2f475870bce55dfcb142,correct,1.0,
248ef749c238045b5ba3,correct,1.0,
61e0ef3b9734a82e4353,correct,1.0,
15b91e8952277ba42233,correct,1.0,
d43748b4c2719ae55bed,correct,1.0,
14e42020c9a77e957706,correct,1.0,
a90af00a0dc4490b9448,correct,1.0,
83af55ed187270560d72,correct,1.0,
72d23aba36c8e504f4aa,correct,1.0,
db1cde8433c0752fca09,minor,0.9,缺少定冠词
c503d58905916c0367ba,correct,1.0,
87397819b36fe01739f9,correct,1.0,
b024e2d53327db76fa30,correct,1.0,
cc61e50496ec9acdfee6,correct,1.0,
36ad31eb3d43087eebab,minor,0.9,缺少场地类型描述
ee67d1384be2ff743270,correct,1.0,
c0779309b1bcc8b10355,correct,1.0,
fd9818559a1e60c20aea,correct,1.0,
6db2976a93250a421925,correct,1.0,
ccca5c7c3f6c7fec7be4,correct,1.0,
6709a4d2f461d3184024,correct,1.0,
d5bf58227072905130ab,correct,1.0,
df6459a10a918a02acd7,correct,1.0,
c52701479a3fcd49d4e2,minor,0.9,拼写错误：'Kootu' 应为 'Koothu'
ef580a8ad6bdda88dcc6,correct,1.0,
573a66a6bad468f84f2a,correct,1.0,
1b84bbaa1e164cff52cc,correct,1.0,
e4e688396722307630dc,minor,0.8,句子结构不自然，应为 'Mersin boʻlgan masofa 158 kilometr (98 mil) boʻladi.'
ff4cacc7508476952ff0,correct,1.0,
34c749b179a74ff82f94,correct,1.0,
5b6f31f725506bdd429c,correct,1.0,
7d89b61a695ef1b579ba,correct,1.0,
0f94d8cbc94098a45458,correct,1.0,
da9483e5df979cf2947e,correct,1.0,
41675a0570900b639846,correct,1.0,
b55dfad56766b8f2ffc8,wrong,0.7,乌兹别克语部分是英语原文
1060a349419b1c840d36,correct,1.0,
03aac352e8690628a6c9,correct,1.0,
b584f9d80a0360e3c88d,correct,1.0,
e8e2f91feee07d596040,minor,0.8,缺少日语官方网站的说明
4d074d804cfaf65bac2e,correct,1.0,
316c28315c6425d2ef5e,correct,1.0,
6ecc8a4df764f74483d7,correct,1.0,
ea635c1ce9e1524a8487,correct,1.0,
9828e43e527a43a39e5a,correct,1.0,
f939f54d639c398db527,correct,1.0,
a8f522aea5e49419e329,correct,1.0,
edae25bf8a6b22837bd8,minor,0.9,原文中的西班牙语未翻译
604b5cb3b43b5d781f57,correct,1.0,
ea29b7a7caaff8a57ced,correct,1.0,
1c3b16021f8a1259baad,correct,1.0,
b03259474ed9675300af,correct,1.0,
d309b904b04dd5a43350,minor,0.9,缺少作者名
a6af44d7b6088f8bd69a,correct,1.0,
3bfe9793c276ae1dcc5a,correct,1.0,
dc6e61f87907d7997697,correct,1.0,
9ee72d4ee62d847713ef,correct,1.0,
0bcb17b4477b30f83501,correct,1.0,
30b291a19bd529585bf5,correct,1.0,
700b9aa5d9c82f97fd47,correct,1.0,
b8857cac5e40b5b5e485,correct,1.0,
6ceddf1504c24cc28a5e,correct,1.0,
cd8518cd31a7b9d97ec1,correct,1.0,
1e8fb00e2251c576eb9d,correct,1.0,
0c1fa1efab7d7eba004a,junk,1.0,列表碎片
be8e0e8e41e411e1e270,correct,1.0,
cd6b6cf5f4322e109a40,correct,1.0,
59ddc2f55f05417b2dd2,correct,1.0,
76669ac4a610258cc342,minor,0.9,语法错误
64e114a7f1c03149dd0c,correct,1.0,
34383c5522233d2f565a,wrong,0.9,乌兹别克语部分有未翻译的文本
f48612b4f17a2a1a263e,correct,1.0,
a1c0421b931c89176a09,correct,1.0,
1164c4b575b36c69df4b,correct,1.0,
0d529c753b7f4501a80d,correct,1.0,
57c338bb500db0928825,correct,1.0,
cb786fdfbcfa226bb9b1,correct,1.0,
9cfacf21c5b7b3e67c63,junk,1.0,乱码
d8d3bf2d0d75db251a0a,correct,1.0,
28d6bc156d73ac6762e6,correct,1.0,
1822a974096208c5e383,correct,1.0,
798e9bcf370a6e023c4b,correct,1.0,
dd4143af553463675c23,correct,1.0,
8531220b1e684ed9a977,correct,1.0,
72278bcfcb4daaecdf6d,correct,1.0,
671563a35d9f67ea2345,correct,1.0,
234728a7885a025ba2fc,correct,1.0,
28520854504fa6d6ef83,correct,1.0,
13a07a612d6beaff461d,correct,1.0,
8ab9bce1dfc7ff72823a,correct,1.0,
602bdace35e3926fbc5e,correct,1.0,
aba2ded937288b46872b,correct,1.0,
c7af07b6c4006a6fe966,correct,1.0,
936842e44fc224e9a76a,correct,1.0,
8aa13c266218bf4560c3,correct,1.0,
eeafe0ac3ecf3a5227c8,correct,1.0,
c2c1bc2928ceb063dfb6,correct,1.0,
8afbbab88a3fdfefeec7,correct,1.0,
2a1afe5aee55a965d5e7,correct,1.0,
dd27a4f65c5e13be240e,correct,1.0,
765917318b0841320147,minor,0.9,日期格式不一致
424216b34e98c92ff44d,correct,1.0,
f23924ac2b8ac185571a,correct,1.0,
a4f9f50c3349660c5432,correct,1.0,
e7a11d321d25dc97147e,correct,1.0,
735e6d4834fe1605a591,correct,1.0,
c139b0b15367d6d442b3,correct,1.0,
219b17c0a608bc931a4c,correct,1.0,
a6a3e7e744537e8a2f28,correct,1.0,
ed65b2ccfeea7324094b,correct,1.0,
c9e67887dbf98e3139a9,correct,1.0,
bdf3fc7da03cdbfdd0ee,correct,1.0,
4ec0d937bf6b42632d76,correct,1.0,
fc6ac9bbaebef6fa5271,correct,1.0,
9ec82cf2eff47521df55,correct,1.0,
5ce4bb9fc01fb6f400c5,correct,1.0,
b697722b7f0531de5953,correct,1.0,
07244cf72cd05b9be277,correct,1.0,
b032f62f461903307bb2,minor,0.8,日期格式不一致
95be649b9e1f9baf9d87,correct,1.0,
c13c7ec74c0cd80224e6,minor,0.8,日期格式不一致
b53b38f0d020d7400142,correct,1.0,
7bcff97e5df901543ba1,minor,0.8,月份未翻译
9cc8b4b46b2d52d68ff6,minor,0.8,月份未翻译
5729164028bfceebfd99,correct,1.0,
9300581a9b6cfe60ba24,correct,1.0,
2016b4ac713abc6b2963,correct,1.0,
cd3e7234cdbff8219654,correct,1.0,
acc74fb5f5501850c768,correct,1.0,
5f598e3f7e2c565dd938,correct,1.0,
440de3fa93a18e28ec15,correct,1.0,
b836339b5b3d96c4a1e9,correct,1.0,
511898142d374a0854a6,correct,1.0,
eee114416d10f7bd3e5e,correct,1.0,
13fb4d2a9077f8367cff,correct,1.0,
d0d9e23da850528d0c2e,minor,0.8,日期格式不一致
92e3b6725ed60abf3f40,correct,1.0,
3058587399dbd8ceaaee,correct,1.0,
8dc3d3c6dbf5901faf1c,minor,0.8,日期格式不一致
efa0d9c6fa6d8b26e862,correct,1.0,
5a3e53ba43d9824a9a91,correct,1.0,
da782c46391886a6a4c2,correct,1.0,
e75745790e569fe982c0,minor,0.8,日期格式不一致
7b41bbd0f23ca35ddeed,minor,0.8,数字单位不一致
5c0d2fdbdc9e5b71ce4e,correct,1.0,
06ad181b63a56e08eb6e,correct,1.0,
46e1d35ee186aaf545c5,correct,1.0,
e7d129027e257dd40288,correct,1.0,
e6095ff67044454062f9,junk,1.0,包含乱码
896436067b3c5383d1f8,correct,1.0,
50522cd9e2086eff639d,correct,1.0,
0d279299500d45f85f7d,correct,1.0,
732196adaf9f9f4b3253,correct,1.0,
aa88cb3f71a5dcfd083e,correct,1.0,
db172bb687c56e64642f,correct,1.0,
905dbb96164f5b51965b,correct,1.0,
71e5e2275ccf97c54bab,correct,1.0,
50afe461f696f84c2f7a,correct,1.0,
724138595c701d7af47a,correct,1.0,
8fa9e96e80417acdfc2f,correct,1.0,
4502969ff282707c64b9,correct,1.0,
4586ee3098657e1dd34e,correct,1.0,
16b8a25e99781a4c8f32,correct,1.0,
1e38e1be6cb81b39d8a3,correct,1.0,
3bea235e2ef0944fbc46,correct,1.0,
dc9c0c79a86424923141,minor,0.8,数字单位不一致
d943aedbb9117a97ba54,correct,1.0,
e9abe1e520b0a2bfbf62,correct,1.0,
8582d6c5520fbb63976f,correct,1.0,
98e6e44725b0cdeb207e,correct,1.0,
a3c63736a1f101b3601a,correct,1.0,
d20739484bb60b08b826,correct,1.0,
8c4745b7f6833644143b,correct,1.0,
a7681df1a3dc61151e65,correct,1.0,
b4e695d8b93931387700,correct,1.0,
fb8fc1452d8fba6eb11a,correct,1.0,
46d1fdf668d95e55405f,correct,1.0,
010abdbd7b4eed149a5c,correct,1.0,
dc5eea46bfb8b4724ea7,correct,1.0,
ecd9d2fec20eb8d3bb43,correct,1.0,
4c9830b5a8531cd379b2,correct,1.0,
be1687b25de0f72379eb,correct,1.0,
71934b8c2a9918d5956d,correct,1.0,
6a86f065277b7b96e391,correct,1.0,
c7e087b58e3f07c80f84,correct,1.0,
5e4bf3ff8050a8de7e86,correct,1.0,
22efa575461f251dc8ec,correct,1.0,
1333efea96dc7354e152,correct,1.0,
d808b54c408eba95688b,correct,1.0,
82ee8de1ed288846ce8d,correct,1.0,
770eb19f7223c26c7bd2,wrong,1.0,重复的英文内容
dc507cc4c882f689457d,correct,1.0,
dfa6304197171a8bbced,correct,1.0,
e384623bbbabb20497b4,correct,1.0,
a55cf981e2891c143c95,correct,1.0,
9c8d954945ddb8ac9d89,correct,1.0,
f94e6ac4d481628fc41e,correct,1.0,
1f38437363655729aed5,correct,1.0,
48c66264a66b86dc38ea,correct,1.0,
f459224db7b6f7693b78,correct,1.0,
fb73ba834792b942e905,wrong,1.0,未翻译
e16101bc06acd381bc7c,minor,1.0,措辞略有不同
2196c8f3c85a19599c1d,correct,1.0,
9dd215e86f5d96dd105b,correct,1.0,
21aa5627b56da933c8cf,correct,1.0,
90d31351619b1ef57ead,correct,1.0,
1db767255214e9a0cd5b,junk,1.0,模板残片
c96f917b16bc522a645c,correct,1.0,
294404ed2310af258b92,correct,1.0,
442d896a24cdf51ffc82,correct,1.0,
2fc80a4ee863d703d18e,correct,1.0,
2387f74536b058b43fa2,junk,1.0,模板残片
20c7f429e09b69a4d74e,correct,1.0,
ba61d6dca23648448346,correct,1.0,
edac53bccc6439f0095a,correct,1.0,
2611b730f61edcc05f90,correct,1.0,
11159699f82777490b0e,correct,1.0,
4b9808f705c9b9c54ffe,correct,1.0,
5e39fc56c264ba5a14ba,correct,1.0,
038f4d52161b86925c31,correct,1.0,
db1e8c0e5a1d8e87766c,correct,1.0,
3a1ab8e3d538ee3629fd,correct,1.0,
7aff0498b85ac5d05de5,correct,1.0,
36cb6009fbd06b781c5d,correct,1.0,
2faefb23cf8eab26806f,correct,1.0,
12d1a0741c6f18288827,correct,1.0,
be4b4e88c052399f11c6,correct,1.0,
4ba2dcc0ab740cad0ce6,correct,1.0,
fc9c330529717ae8c90f,correct,1.0,
56cda2541249a7d9cb7e,correct,1.0,
bc3d9c2b27dec4a3c6a4,correct,1.0,
e9c7f68e3eba67fecb10,correct,1.0,
4f3adbccdca6571f1aad,correct,1.0,
8d363fdbe183ee198339,correct,1.0,
c8a8343131ca7d04ab14,minor,0.8,缺少 'Clay'
6724e9ad1897486e0e7e,correct,1.0,
46146b83ec611399cf38,correct,1.0,
1a8d5859c1172fd3b1d9,correct,1.0,
59720f95fa451d3da269,correct,1.0,
64b1245bf26c7d3b8d78,correct,1.0,
80f1fe90d6498ba9a3a3,minor,0.8,单位不一致，应为英亩和平方英尺
eed21e2c4acf5cb4a342,correct,1.0,
13845c04fae5c97c9c21,correct,1.0,
be5762b0233e5d22bc23,correct,1.0,
fdc1da1ae1c5af4d3a9a,correct,1.0,
ead1efbf49ca954bd2f2,correct,1.0,
2da3ce772630b8616a08,correct,1.0,
6183bbfdd7233719b1f5,minor,0.9,Solar System未翻译
e116d29da7547b2172a3,correct,1.0,
6030717d190f7aaa9832,correct,1.0,
13073dbb41a75d1170bb,correct,1.0,
020399583d5cf8088f21,correct,1.0,
711cd2d027d8d3a5d9c3,correct,1.0,
ccfaf9513411e59d7138,correct,1.0,
358329237abae537a852,correct,1.0,
cd45b71f2c9f52821b52,junk,1.0,列表碎片
0ab9f95214e55244ec8a,correct,1.0,
a32081fa7526abd46bf4,correct,1.0,
78a55edf064cecf9f373,correct,1.0,
492a907ee2202faf6713,correct,1.0,
a435a162064a30126b37,correct,1.0,
246c1316fe83915f22e8,correct,1.0,
7c5ee5c54e3ec9babfce,correct,1.0,
204a6976ca4ff78f3865,wrong,0.9,语序混乱，难以理解
3c301b26ceff1ff4e531,correct,1.0,
262c948e991e11cfe2b3,correct,1.0,
fc192752f5829300c351,correct,1.0,
ca1778499615e10f4a3d,correct,1.0,
e4393f97c3ad3c90ccdf,wrong,1.0,专名不一致
daf28547a727c9403b4e,minor,0.9,措辞略有不同，但基本等义
e5479b8a5d98f82d170a,correct,1.0,
d024ddd1ee32f251e68a,correct,1.0,
13f57f8c9df68eb96c01,correct,1.0,
285ba0ad466fbac9735b,correct,1.0,
cdbde4882d6267e4f478,correct,1.0,
d3d3d808f65e0d8e5184,junk,1.0,列表碎片
33eb8c76d5367073011e,correct,1.0,
615f110a18003f07cac2,correct,1.0,
5fd2c3b50c58cd635312,correct,1.0,
e8954990f612da746c33,correct,1.0,
e213444004fd2e524d85,correct,1.0,
bd9b072496d299865505,correct,1.0,
419ebd80af68fbb58302,correct,1.0,
04086d824ae35f71708d,correct,1.0,
116daa797a1d29fb22e4,minor,0.9,措辞略有不同，但基本等义
d16801c3a3eb966f0662,correct,1.0,
22984a4b417b52b0bcfe,correct,1.0,
0b02ed5aa7e002c3a57b,correct,1.0,
d0a38886d2c7ecae727f,wrong,1.0,包含英文
0f2dc3ad99d2382300d8,correct,1.0,
9acc2f7580a541748a8c,correct,1.0,
b15f79942ab547467a59,correct,1.0,
13944d8a6e9c8870927e,correct,1.0,
0ea7957f01453dd71527,correct,1.0,
84cd31d69a4e6d299e73,correct,1.0,
c129953384e190192bd0,correct,1.0,
ce8f4a5ab4d3f5eed6ed,correct,1.0,
874bbc3571bd284ca959,correct,1.0,
356d8bff03a6ecf283be,minor,0.9,Clay 翻译为 Loy 不准确
f28797aca9aa7177a7b8,correct,1.0,
b88457a5a911983a9943,minor,0.8,表述有些不自然，如“qad rostlagan”
d6c772fbbe1c9d733113,correct,1.0,
7cf077c40f9a383315eb,correct,1.0,
a37348f69bc3eb132cde,correct,1.0,
304b549154129c758865,correct,1.0,
2763b582627955c243e3,correct,1.0,
739ebb2cfcf4673a531b,correct,1.0,
4fbf7c4612e9db406e2e,correct,1.0,
7e019238a5a63d0d0e63,correct,1.0,
6e2a5c416c78f53e8c3d,correct,1.0,
5902ef32380c050b8043,correct,1.0,
98a2c7696a7c718b1fde,correct,1.0,
a825c5b01fae31717ed8,correct,1.0,
880b3e02fd163a2c7d98,wrong,0.5,AU 单位错误，应为 AU 而不是 AB
cb5d959edbb47dfedb40,correct,1.0,
645e70dcbdd97d86efc4,correct,1.0,
354c671348d453a5a5f0,correct,1.0,
c609fe6d7379b6739173,correct,1.0,
d70d0274c1e37f25a5f5,correct,1.0,
ba1f54971dd21a0c73ce,correct,1.0,
6112740857b5615fae66,correct,1.0,
d844def0d9c4d6dca40d,correct,1.0,
0dc1007766b65f58de02,correct,1.0,
77602f312b2ed68b1e15,correct,1.0,
028b329d7a7d64a7938c,correct,1.0,
9f17584736e81f97c9be,minor,0.9,中场球员翻译为'yarim himoyachi'不准确
1f99470a19b9aac661eb,correct,1.0,
96dec57e02dcb87de558,correct,1.0,
edfb9408ea84122a5ea2,correct,1.0,
a9f64b8dea9391945f1a,correct,1.0,
d9863b7889c60d447ffe,correct,1.0,
95b38e391e4132947934,correct,1.0,
4f3f7af17451b7ea1d00,correct,1.0,
bd887695a70d6a43a246,correct,1.0,
73c3bd3a4f84b89f20a7,correct,1.0,
2288ec62568e46d89823,correct,1.0,
9c07f930edd946e659cc,correct,1.0,
cf6a9465cad657065cb0,correct,1.0,
aa57b0d04c16f875910f,correct,1.0,
0e11bc6480a985b05705,correct,1.0,
30e0a3d579ff374bc991,correct,1.0,
c2e7bad94aae0e878d2f,correct,1.0,
b1157b6afac61f2dd715,correct,1.0,
1b49188892c8f954939d,correct,1.0,
af94539d4e598fe00e00,correct,1.0,
904488b565d270f4b31d,correct,1.0,
9e0ab87b42296bdb144b,minor,0.9,“xitoycha:”应为“uzroq:”
81ba8efaf0432fe3b299,correct,1.0,
b1fa008f848b5b0916c1,correct,1.0,
0a14358a3447e96a3237,correct,1.0,
7ff0a3cbc7c4a58341a6,correct,1.0,
0bc723c3b635515c10cb,correct,1.0,
972392df4f7e051113dd,correct,1.0,
164f3e2a30cec62b01cf,correct,1.0,
dfbe27b3bc0dae164445,minor,0.9,缺少冒号
a5e6172f035f64d7e3a4,correct,1.0,
7f6e2ffceb8cb482e1b8,correct,1.0,
b3d8471bee3f3c05f956,correct,1.0,
aa04f16b80b003df967d,correct,1.0,
3eb17181fe2a51ecf1c0,correct,1.0,
8b5da61c52233ca76eb0,correct,1.0,
532e049d91ff6ffe4f6b,correct,1.0,
376ea701645dbdb61e1c,correct,1.0,
5d0a0bd1d9e093cce217,correct,1.0,
98b0fb5618547f350570,correct,1.0,
bfb6cc85217e6cf81d23,correct,1.0,
b090e3a5c8af3b64967e,correct,1.0,
161557a963b6ab8370fa,correct,1.0,
61cfab646eedcf5e10f9,minor,0.8,乌兹别克语句子末尾未翻译，直接使用了英文
6d74847003da3411af14,correct,1.0,
e51f46301170f626ae1b,correct,1.0,
01ed7a9d3410ff6c7181,correct,1.0,
3c0dc4ebf7dae956b2d2,correct,1.0,
76bc633dced2c566dc0e,wrong,0.9,乌兹别克语中没有翻译姓名部分
505f72294c310c09d6c2,correct,1.0,
91cb8e26377ab96c6900,minor,0.8,乌兹别克语句子末尾未翻译，直接使用了英文
754c47af53e6e3f41e26,correct,1.0,
5a3a528997ee59e72746,wrong,0.9,数字和单位不一致
d54b597d11e218ae42cb,correct,1.0,
63c64dc2c1d5048436ef,correct,1.0,
37c0fce3c016079fd755,minor,0.8,乌兹别克语句子末尾未翻译，直接使用了西班牙文
b0be353159a818eee97b,minor,0.8,乌兹别克语句子末尾未翻译，直接使用了英文
88854dce4d88600f9ad2,correct,1.0,
e73361b41c8cacbf34b3,correct,1.0,
bdfa60bdbc4a2076c491,correct,1.0,
0b82cf3197ff9525f82e,correct,1.0,
ea4cc5cceefd0d45d776,minor,0.8,乌兹别克语句子末尾未翻译，直接使用了英文
4389e01b3b4dab42ec4c,correct,1.0,
0c716d9320ee70e20dc9,correct,1.0,
1cabb4a35855223584e1,correct,1.0,
96d04988098974ed6ab5,correct,1.0,
2b7376ea4478fd21d567,correct,1.0,
f23e3204800107115a0f,minor,0.8,乌兹别克语句子末尾未翻译，直接使用了英文
e2077a70f68c0a8c55dc,minor,0.9,专名不一致
1dc980c110a3acd60108,correct,1.0,
8fd57f36b4bc11137cae,correct,1.0,
ab2fe2a4e1d544c1288a,correct,1.0,
caa2d594c3dd0263bf4c,correct,1.0,
ceda00df6bc2efa465b2,correct,1.0,
4e61193c9bd9c5ec75e8,correct,1.0,
de7dfd5e38387bd7307a,correct,1.0,
a149cc167c8d09d7f5f3,correct,1.0,
d668b01b4da44955e63a,correct,1.0,
fafcd29c00d6a5f56767,correct,1.0,
1df7f41e9f5f2a78cf33,correct,1.0,
d1649009ccdc15d7d36a,correct,1.0,
8fd78d1922572776cd02,correct,1.0,
7607e9c91c3878c8d6d2,correct,1.0,
e08fb3bc62e439aabbd8,correct,1.0,
5cb80af04f2c3e870132,correct,1.0,
1650bf0ea702a359bd35,correct,1.0,
1031c0f0256807baee31,correct,1.0,
8774b186bfa8a4d25398,correct,1.0,
d56ee183e42d1e5260b4,correct,1.0,
89232c4770fd94b50575,correct,1.0,
b4a60ff3a7fd35140c14,correct,1.0,
9fcaa2c8cfc0340a661f,correct,1.0,
5d34b513e1faa29343a6,correct,1.0,
7408a667525e91ba480a,minor,0.8,日期格式不一致
6cde8900767a9fc91636,correct,1.0,
8ab5178aa8a64d11e7e0,correct,1.0,
17624b61aad343eaaab1,minor,0.8,专有名词拼写不一致（Hızardere vs Hizardere）
a761c91feda9dfa81942,correct,1.0,
dff36d3c02683a6a68b5,wrong,0.9,句子结构混乱，难以理解
037907670d14254e1799,correct,1.0,
777fffa311cc21a24559,correct,1.0,
1c001a397ff8439166fb,correct,1.0,
206176cc5c64f88707cf,correct,1.0,
88c8bf6c6edc03487acd,correct,1.0,
dea8b9460a8bbb616346,minor,0.8,数字单位不一致（604 nafar kishi vs 604 nafar）
3f2ad2733d0ae20ed5c6,wrong,0.9,专名翻译不一致（Henry III vs III. Xenrix）
6d5f94a194864d2d7ad0,correct,1.0,
bee8fb4211670d088575,correct,1.0,
c31d1aa60254cdceaea7,correct,1.0,
4dfb313aea1bf9e8cbea,minor,0.8,专有名词拼写不一致（Çankırı vs Çankırı）
584a46cd340974e176f7,correct,1.0,
9070020c380b95b34d95,correct,1.0,
bc8811aec00e1f66db58,correct,1.0,
1865a81ba7566f163e74,correct,1.0,
565294baa4627f8ff908,correct,1.0,
f19cb892d5696c333a24,correct,1.0,
7f4b93ebb043f770efe9,junk,0.9,"包含多余的信息（↑ ""Archives – Los Angeles Times""）"
d8dc75808203e3b5860d,correct,1.0,
3e5b0aa8254c4c9f396a,correct,1.0,
117a5fdca3920e1c9327,correct,1.0,
c6671362f16be5c4b910,correct,1.0,
af36558b9f05698dbee9,minor,0.9,时态不一致，原文是过去式，乌兹别克语中使用了现在时。
63877ed3bb45d551a4da,correct,1.0,
a218cb810f729f27f97d,minor,0.9,缺少“since”对应的翻译。
57990f344029431afd12,correct,1.0,
be504104c16d7b768381,correct,1.0,
eb4198948bd141031f06,correct,1.0,
932bf75ca2e22407888b,correct,1.0,
0a67a31fbd866160d7d7,correct,1.0,
44fdf1dfca2484202008,correct,1.0,
b2df90f7dc8a887a21c8,correct,1.0,
de2b4a7c857fad0bf19b,correct,1.0,
92c9d8de4ec5c0ac7832,correct,1.0,
53e2500e0e7b4e79a3bc,correct,1.0,
d95383eb41a0ccb2c7ce,correct,1.0,
a7fe5fef1ede74844c4b,correct,1.0,
5872da6bb59d97cabb7d,wrong,0.9,缩写和数字不一致。
53e525b6d65293b50b1f,minor,0.9,“air terminal”翻译为“aerodromi”，不够准确。
b2816a0e7a7701fe6a50,correct,1.0,
b443b63de903b72f4175,correct,1.0,
07f105cf905551506215,correct,1.0,
2bb369fb7ef24283ecef,correct,1.0,
92e3dc603385bde32212,correct,1.0,
f4b1e807b7e47706edf2,correct,1.0,
3de849501485f4fc68e1,correct,1.0,
f8ed4e9c25a3de61c7aa,correct,1.0,
525d527fdbb41ace9577,correct,1.0,
953fe9401e966dde5041,correct,1.0,
69944836f1342bc6f97f,correct,1.0,
e1afaf532a25fcc53fee,minor,0.9,Pribrezhny错译为Pribrejniy
9b7fe0af5e55d529f682,correct,1.0,
26850413813ec334ec03,junk,1.0,直接复制了英文原文
d4f0b8c8df5587824f06,correct,1.0,
d1260ee77f87227210f3,correct,1.0,
7f18c84873e7027dd1a8,correct,1.0,
db713255083c45ef2032,correct,1.0,
2f730f791a5705f843c9,correct,1.0,
f024470d108a91bc29d2,correct,1.0,
b4041bb7e626015fe4a5,correct,1.0,
ead4d5057321136549de,correct,1.0,
58ffda2e4f4570a0de7c,correct,1.0,
edd1e60463edac3e52ca,junk,1.0,直接复制了英文原文
ff3db333ce05cc8afaf8,correct,1.0,
3f8750330b6e7f170618,correct,1.0,
ea806078d9170506ee0e,correct,1.0,
65311c6dd1e8d3b47baf,correct,1.0,
734532089cff9e4f5306,correct,1.0,
da245219205e28bcee43,correct,1.0,
2ae371ad3118ddf8c007,minor,0.8,日期格式不一致
48795f8fa3a5191f2f9e,correct,1.0,
6371c5f310af69b0b5e4,minor,0.8,翻译不够自然
2a72212fdf3ead04bd62,correct,1.0,
b0df6be66586b7641d3d,correct,1.0,
9a71ef59e169cdc96073,minor,0.8,缺少介词
379c2f2b9ea388b813d8,correct,1.0,
fb0e9a587e0ff3e04dd6,correct,1.0,
3047b41a03c6c87d727b,correct,1.0,
9ff6d3f22f83c788550f,correct,1.0,
1ad36243bdd75541a214,correct,1.0,
ad9ec96f1cd79123346e,correct,1.0,
b2f93716f48e1cc8b2ad,correct,1.0,
c079f02fdb9f55ed2dcd,junk,0.9,列表碎片
6af4ed4f67304638fa62,wrong,0.9,专名不一致
ce55ee360a4ccbbead22,correct,1.0,
d6bbdeb66aef8f6c2f76,correct,1.0,
2d4361b6f1be11dbc79e,correct,1.0,
5d854a3c96d4d9328f16,correct,1.0,
0895c24144e5a061f8e1,correct,1.0,
fa35115ed0f76d4b7fb2,correct,1.0,
e769bae238e187117958,correct,1.0,
cc68c794cf471c8e7190,correct,1.0,
e5996084fc6e402d0f14,correct,1.0,
fc3f54bab5a7600f357b,correct,1.0,
880bb1d7af6ee8f8fec7,correct,1.0,
77a09b39e21fa9d00077,minor,0.8,轻微语法错误，'hammuassislari' 应为 'hammuassislarining'
56ad9364bfbd5407213d,correct,1.0,
1270d1bd679a65fcb073,correct,1.0,
8c8be4ee39a5a981a9f9,minor,0.8,轻微语法错误，'hisoblanadi' 应为 'hisoblanadi.'
af675f55050a6f839395,correct,1.0,
da08b13b589471b386ab,correct,1.0,
d214e27f277c07704cb7,correct,1.0,
cb28f2000be31ad57347,correct,1.0,
43f894f6a7a9c9ebabcb,junk,1.0,列表碎片
7a05287be199b6d30b98,correct,1.0,
1dbbfdd110d3bc1a2036,correct,1.0,
f9dfe474bc4d72964e23,correct,1.0,
cf8c1c451f3cc74099b5,correct,1.0,
7adeea43e5e3fef9d585,correct,1.0,
c4272c96c02ff7141c2f,correct,1.0,
5e4502e46532438bc9aa,correct,1.0,
ac494f584ff49b5113b3,junk,1.0,模板残片
71db77bb8b161f8fc33f,correct,1.0,
e57418203dafaac45c8c,correct,1.0,
2e8d56832209aac027e5,correct,1.0,
2218d0308b0f91548b09,junk,1.0,模板残片
ce4bd0c9878bce41be25,correct,1.0,
7479a9b2e2f2c757e063,correct,1.0,
922c13e9269b31f27802,correct,1.0,
a03b6144e3b858574cb2,correct,1.0,
1760b043b8bf9a37bca3,correct,1.0,
9c516ecab70568b43150,correct,1.0,
ab2c01982d22fb1c34ba,correct,1.0,
42c52ca81ae1be68718d,correct,1.0,
fcec11edd1b997af4eff,correct,1.0,
fdc44a6e73df8c3ecff7,correct,1.0,
34930420fb35da4d77ec,correct,1.0,
3a794176c6208bf2526b,minor,0.9,yulduz yarim himoyachisi -> yulduz o'rtacha himoyachisi
0e332606f4671838831d,correct,1.0,
b535a05eda145b290409,correct,1.0,
d14124621e161552957f,correct,1.0,
bacd627b37c7342fee64,correct,1.0,
2f83d748774823591f2f,correct,1.0,
2192c04de1d331283d31,correct,1.0,
1933ab51b14801b32af0,correct,1.0,
f9395dcabfef40ec44f7,correct,1.0,
00573647b24367d58eab,correct,1.0,
49502109bad6fe37ac63,correct,1.0,
2753f139b9e61e82e965,correct,1.0,
b34dbb7f12fb30106133,correct,1.0,
9d7febb20b52d6f2dbc5,wrong,0.0,缺少上下文，无法判断
9084fc50c8bbd66aa054,correct,1.0,
e0c7b36b940e562662a7,junk,0.0,噪声、乱码
b41829a7bd04c4b6d6f5,correct,1.0,
02a90a9de00884ae33e6,correct,1.0,
501c8c29fd34f6035991,minor,0.8,空间行走翻译为'kosmik parvoz'不太准确
6bf518c22d5a5b5d5043,correct,1.0,
608d5489d126d109ace2,correct,1.0,
a85ee2c017df0fdb4be4,correct,1.0,
256558918fc2054425de,wrong,1.0,乌兹别克语部分未翻译
bb8ad7a3cecb20d9d5ab,junk,1.0,模板残片
049cebf6ab6bbeb84d23,correct,1.0,
d37149c4e08a60f0e39c,correct,1.0,
1815be78d649d0515031,minor,0.8,“已退役”未翻译
9d159d909dd95c9ca659,correct,1.0,
4c042bd89d4d5c0cf5b9,correct,1.0,
61d3a540f3b10d43cd19,minor,0.8,句子结构有些混乱
16e03c7146de681f3e19,correct,1.0,
a9c2b8bcc59f36bbba6d,correct,1.0,
9fc3a8de22af3e946064,correct,1.0,
95232b9ba07383f72b0c,minor,0.8,颜色翻译不一致
f42cdcea3d78f6ba57df,correct,1.0,
ac356e14e5b28084c7b2,correct,1.0,
843b84d754fda1c45b8a,correct,1.0,
b09a55615fb8c0cfe275,junk,1.0,模板残片
bcd13e129dbbd55875fa,correct,1.0,
2ea7ba6f792cd0c85a93,correct,1.0,
bba1f8cb7c354d40f56e,correct,1.0,
24244e7f221aa36c9bac,correct,1.0,
f140423dbaaf96640bd1,correct,1.0,
5e6ef97b73a952bd8294,minor,0.9,专名未翻译
af54ad03d1fd880b35b6,correct,1.0,
fd52c65134cb4c62d0e2,correct,1.0,
8252809ee7e69a34435e,correct,1.0,
8a579edf37af42e65137,correct,1.0,
f3891dfc85a980bc5658,correct,1.0,
0099f3241e81654f2335,minor,0.8,单位不一致
d88810df16db2be99632,correct,1.0,
5ae186cd59fbf471efc4,correct,1.0,
0832c6e175dce827a71c,correct,1.0,
10f6a3b436c4287578cb,correct,1.0,
afc51351d3a4f6f700a6,correct,1.0,
57190370591fc79b11ec,correct,1.0,
03055d97749ca6fc9aae,correct,1.0,
8f7adcf84e2b62837059,correct,1.0,
0171e5113881120c986e,correct,1.0,
f6f218c2e8bb4165205e,correct,1.0,
2e7f7a20ec4244a62892,minor,0.9,措辞不当
531c5d8d7c5b204a0be4,correct,1.0,
5eac97efb41878ce7906,correct,1.0,
8680cbca42d11fea26e7,correct,1.0,
0bc163a28098910fbb6b,correct,1.0,
1a4ba2cccdd8bb259f2e,correct,1.0,
58867b10e90655abc6bd,correct,1.0,
407b095b3f42f4265d73,correct,1.0,
d28c61c45d1518d3ab29,correct,1.0,
f04d3ba19011df10242a,correct,1.0,
2c1c0f5b1488944dbc80,correct,1.0,
89b3c393fff24f96159c,correct,1.0,
2bfc1234988637480e80,correct,1.0,
e268404f21bca783a1c6,correct,1.0,
4cef541f54f6d12ae97f,minor,0.9,Gizem Karaca的名字拼写错误
64688bac752a5def7965,correct,1.0,
b47b37527b5b97a9e21d,minor,0.8,缺少at Vasaloppet
db22240d639f50063b28,correct,1.0,
90092ca966eb593906cc,correct,1.0,
3de7b0c728c1415398de,correct,1.0,
0c8bdba9bfa9c25f82ae,correct,1.0,
cd911b04b34f20e8f803,correct,1.0,
96bf6a0a2e31d57ba10d,correct,1.0,
7021ad975ae9af0564ed,wrong,0.9,信息重复且混乱
0e7d2adbad4922aa8bd5,correct,1.0,
7ea1b7e2498a15b082df,correct,1.0,
a5af0320d55b8901a303,correct,1.0,
98ba0c24bde025a81dd7,correct,1.0,
33fb0479a0a0819672cf,correct,1.0,
4dc28c2107ca37af8942,correct,1.0,
130727eec318280bf9ff,correct,1.0,
6f8d0220c6f97eca11ae,correct,1.0,
68a2838f6cc01f453ea1,correct,1.0,
c9aed870ded25f7df7c0,minor,0.8,专名拼写不一致
e7b6e731c1630e1b5db6,correct,1.0,
edebba55874294288b50,correct,1.0,
28eaa7daf749bdf7c7fd,minor,0.7,语法轻微错误
91d0d75439304156933e,correct,1.0,
523b3e919cb5f5df6dff,correct,1.0,
4d8a09679e3255559154,correct,1.0,
3edde4de41e69af81d6d,correct,1.0,
fc27091aa16e165a669d,correct,1.0,
36d42b54c150baa30f0b,wrong,0.9,专名拼写不一致
9719b6522ef031949b41,correct,1.0,
de756bce3d80000ec268,junk,0.9,列表碎片
f94527a1dcd0e57e38a5,junk,0.9,列表碎片
29416c35d8ad3b5d16c9,correct,1.0,
80b0048f6d0baf30eb9a,junk,0.9,列表碎片
0c4adb83e87d7409b428,junk,0.9,列表碎片
6731b96ceadc174a1597,correct,1.0,
c387ef755967b9fcf9b1,junk,0.9,列表碎片
3fb63ea61887e15fde05,correct,1.0,
23fd77d411e0c9675bc4,junk,0.9,列表碎片
80547834042d5f654aae,correct,1.0,
04e1d683a9dd8bd3dd23,correct,1.0,
1ae764c39ac2abcd1cf5,correct,1.0,
c420f5ab91a9ac607e23,correct,1.0,
399eb4686def9a3f138e,correct,1.0,
869db493486d5e11534c,minor,0.8,数字未翻译
611351a8f2e93d6f2e5e,correct,1.0,
0d0e225bf6a45b8f3f64,minor,0.9,部分句子结构不自然
a9d35905af2d43c335a2,correct,1.0,
52954814834b3ae07f6b,correct,1.0,
a20f6da1fd9acaa354bd,correct,1.0,
0aea59cc4d3b5573c64e,correct,1.0,
dec70942ddcdcae3236a,correct,1.0,
2def424f7a7ce857a651,correct,1.0,
3795edaaaa3e753e070c,correct,1.0,
e3e636246b8984cbd027,correct,1.0,
def6972600406b077b22,minor,0.8,单位未翻译
aec173041018baeec3de,correct,1.0,
5d6e5aeee38ed44970af,correct,1.0,
342d41b3f98b13b9176f,correct,1.0,
c2a4d575963c34fe8cc2,correct,1.0,
3d1b5f0dad1dfeba74ce,correct,1.0,
aa2e8c1b1ec91f0f11e1,correct,1.0,
0b44c0affcde6a3f81a7,correct,1.0,
dc272e1fbad8274dc704,correct,1.0,
52d0fe937ea63b14108c,correct,1.0,
fa93964e1ca35664edc9,minor,0.8,日期格式不一致
fa150e443ff21acbeafc,correct,1.0,
8f128e9a48b7dc7374f9,minor,0.9,日期格式不一致
4311cc9fdbd471f898db,correct,1.0,
d2767516d05224eed90a,minor,0.9,出生日期格式略有不同
0cc5de5e5bbce98555fb,correct,1.0,
0213904fff3fa71a7a9e,correct,1.0,
6f8cf0e7e3e19234c49f,correct,1.0,
f9e814dc012c141d7918,correct,1.0,
dae1ad5e3d58b942c5f7,correct,1.0,
4695953af5f2dcec7db5,correct,1.0,
cd1a8ea6450ce53d5e86,correct,1.0,
b9884072ab876f3b7b62,correct,1.0,
352d522f3687e08be421,correct,1.0,
4975bf179a643c6928aa,correct,1.0,
5db4904be9c2495e928d,wrong,1.0,乌兹别克语中混有其他语言
b33a27477eae1c5f9138,correct,1.0,
9f592136058158b8e73d,correct,1.0,
2b501bfeeceae2f32e9c,correct,1.0,
d6205e3081e2069c07af,correct,1.0,
60677dd2e7ceafa97311,correct,1.0,
68316817529f4adc808b,correct,1.0,
b991c5c9627d08f575b8,correct,1.0,
2553f3b61529db8341f0,correct,1.0,
7532a6691c1e1a50a6af,correct,1.0,
c96b97a5df5d2ba1380d,correct,1.0,
6733551060e95c3a2cca,correct,1.0,
d5678a53277ddbcf3e87,correct,1.0,
dc1afaf7463726cecc1f,minor,0.9,数字和单位不一致
4eead3167df1ad79b49c,correct,1.0,
ec76de8cf0e220e16a3a,correct,1.0,
a454e14982aa9c61d6f1,correct,1.0,
e8d6eb30e9cb33864d4c,correct,1.0,
c41e03c0edbabf55b594,correct,1.0,
6c432403bdfac67305ba,correct,1.0,
f60a50a938b4e301ec91,correct,1.0,
ebff945c5c1626ee324d,correct,1.0,
44be358f2c92c0ce7a85,correct,1.0,
d7ad26401926f93d784d,minor,0.9,缺少翻译内容
a3f4d67ed0f6301bb400,correct,1.0,
b07cab291f59b27c5380,correct,1.0,
348db8f7dc65e64e5248,minor,0.9,术语翻译不准确
51ff4f64fdb83f749240,correct,1.0,
7bff464d1fe772016cdf,correct,1.0,
799ca3cc2a9d59cf8658,correct,1.0,
6cbb84e91804a5242351,correct,1.0,
38f954d0243f82dff959,correct,1.0,
aa348ecf41beefb310ab,wrong,0.8,专名翻译错误
4fde2d3571df402cb4e6,correct,1.0,
21540ca826c20ef1759f,correct,1.0,
150c7ea9f676a6fc5448,minor,0.9,术语翻译不准确
2755b38e440a29c1e1d9,correct,1.0,
45187bfa23a0b82a007b,correct,1.0,
1881e18a55963203e25f,correct,1.0,
8bbccd70ea5e53f00625,minor,0.8,缺少'方面'的表述
46c4fd14956ec327ba87,correct,1.0,
0422a5273b411375d07f,correct,1.0,
b8db7646b7272fb5e800,correct,1.0,
21cb4dbee9a7a92ff1fc,correct,1.0,
acd5f983e7f56aed29a8,correct,1.0,
c8f00befb41d2d0d4299,correct,1.0,
6a08c00813663b5c3266,wrong,1.0,专名不一致
67504c90a97806232891,minor,0.9,遗漏'Spartans'
a54fcbdbdbfef327f632,correct,1.0,
28fdebedb3431b4dc56c,correct,1.0,
df489125addf25608cc4,correct,1.0,
21447d481698d6042742,correct,1.0,
3818832bf651b25853dd,correct,1.0,
673e9365db7c695db7d3,correct,1.0,
fe4c89165f5f21a1c0a4,correct,1.0,
557905b3559defb38fcd,correct,1.0,
4ee88fc50fc343d1d4fe,correct,1.0,
f3dae58083539beb9209,correct,1.0,
1f71003220fd8a45d175,correct,1.0,
326b1270933788312198,correct,1.0,
9ca77e26ac6fb1605b1f,correct,1.0,
da35fd16b15157dc1acb,minor,0.9,缺少'硬地'
9f6b58d59756dad66a30,correct,1.0,
440a8635b53535139329,minor,0.9,OC未翻译
c21e9011151c5361e08f,correct,1.0,
72034c539e0184c16ed8,correct,1.0,
7db83fc8519650f8cf23,minor,0.9,缺少意大利发音部分
439bd445ef7f00896f25,wrong,0.9,O'rtoqlik o'yini翻译不准确
c3b64ef5681cd2145b26,correct,1.0,
8edd4e8131c24cdd1d1d,correct,1.0,
281ee76f87f69d08a72c,correct,1.0,
b912d0390b8dad4e2cd1,correct,1.0,
7b3d279aca53dd1145b0,correct,1.0,
8edabbd85928f183c486,correct,1.0,
fe0e9aac7f10880fae00,minor,0.9,Fenerbahçe未翻译
21041e9836b0a0505a48,correct,1.0,
0fe465e4ed219ee46cf4,correct,1.0,
1674842e0ca613829325,correct,1.0,
401c040c209c21ea54f0,correct,1.0,
7d5b0bf75e4793ee8fab,minor,0.9,缺少出生名Nakhat Khan
9ae4ce11844636d74c82,correct,1.0,
1e1772b96d27ae843720,correct,1.0,
9e07d755e07732e4bb21,correct,1.0,
93f3be8e699cfb4315ff,correct,1.0,
7e24cda781bc76a13deb,correct,1.0,
ff1342310c4355feb477,correct,1.0,
8349b94be64ad0a0ed84,correct,1.0,
5317336e179f943a9da2,correct,1.0,
bfd9d3a2ad971faf26cb,minor,0.8,德语原文未翻译
64572f5c0e018b1ed9fc,minor,0.8,英语原文未翻译
1a3201f919e78f6b7597,correct,1.0,
edc7a3beb5caffd5f554,correct,1.0,
c08961dd9b1c6d7de7d5,correct,1.0,
80d9d45f5a79f9a19fd6,correct,1.0,
ba5a0cdcf05a4f525ef7,correct,1.0,
27927b5cd4f22eb5546d,correct,1.0,
3e3691321c91f85bdef4,minor,0.8,缺少 'Carpet (i)'
e8d83ddcb107d00f975a,correct,1.0,
3c380977a29b0b0fc5f1,wrong,0.9,语法错误，句子不完整
2d2c2ececd5f306ba27a,correct,1.0,
9a95f23d536af3a27976,correct,1.0,
530ee49819c16fdff043,correct,1.0,
7962852606bf535335db,correct,1.0,
e8eff1d2e61ca0b7a65b,correct,1.0,
4d863db576371b8a7793,minor,0.8,英语原文未翻译
c70bc6f974f46a37fc08,correct,1.0,
77502c0af626d1bed609,minor,0.8,缺少 'Carpet (i)'
c7799af02bf976a3c054,correct,1.0,
f675102507db58e8564e,correct,1.0,
fcecbf946344d3ad3ba1,correct,1.0,
fefe7f4c105271e3c88d,minor,0.8,缺少 'Hard'
37de841817a1c0e896fb,correct,1.0,
cbfc83603c8c655008b4,correct,1.0,
2139965b955819b98ee6,correct,1.0,
dbb1e8729eb99fae2af4,correct,1.0,
978f12885349f554d62f,minor,0.8,缺少音标
0db20a5305fbadc2c020,correct,1.0,
ea99ef7126c822cf9d95,correct,1.0,
841471264aafbd042b98,correct,1.0,
7e7aefaa65f068c684b6,correct,1.0,
b2be41af5487525c0405,junk,1.0,未翻译
da12709a0e0fad8f3128,correct,1.0,
0f83989d3742707397c2,correct,1.0,
1ed51653de5f7836523a,correct,1.0,
b90843f43d3bc06c9eb0,correct,1.0,
a60cdafa7983c25078f7,correct,1.0,
b227d50cc6b40a93e9ce,correct,1.0,
9c12f42bab3a5be2e29b,correct,1.0,
ccac779314c2259c9c3c,correct,1.0,
15c9ae4510229be48877,correct,1.0,
e71e8a948bbb872e7307,correct,1.0,
c018dcb816919a6f647e,wrong,0.9,语法错误，句子结构混乱
6e7cabb6f610d8a2afa6,correct,1.0,
9fb080a69769934627d9,correct,1.0,
099fde019d0947913797,correct,1.0,
67279e306ffa148658aa,correct,1.0,
3205f2f19ebd86703555,correct,1.0,
afa4f61d8cc0d6107e3e,correct,1.0,
4597286946e6963680c3,correct,1.0,
8a7f20c102785e6976bf,minor,0.9,缺少引号
27b864a5004d9473e76c,correct,1.0,
6f89132b773b0e148e88,correct,1.0,
1cc4896565ce0a689b51,correct,1.0,
3bdce447223e0be95816,correct,1.0,
78a08089c3c2b9dfae4d,correct,1.0,
f8c7c14ce9892b35630a,correct,1.0,
c0c5884e7e42c3f7cbdf,correct,1.0,
7a199d02e7f1d93687d4,correct,1.0,
6b05559dc70868234d15,correct,1.0,
7677310195a4890b56ea,correct,1.0,
298ed13369da2e5e9853,correct,1.0,
bb299f89455c035d32fd,correct,1.0,
56353e9d64a58dd1d092,correct,1.0,
13e80dbf443b5048aae1,correct,1.0,
8684afeb43a132ba06a9,correct,1.0,
299716cf9f419105c952,correct,1.0,
fc5661353919e3076f2d,correct,1.0,
71a97d3b70fc00c158ea,correct,1.0,
3a4e0455faf17ec92512,correct,1.0,
26c34f56830723d45e9c,wrong,1.0,未翻译
9b65cb2ccc689b5f0d37,correct,1.0,
e9cbeea46d52ec893aa1,correct,1.0,
67312ff60964f568337d,correct,1.0,
c0070b5cb9f080ed825e,minor,0.8,遗漏了书名《Thought》
26747e45fc09dae30897,correct,1.0,
4a007434ec34d49ad535,wrong,0.9,方向错误，应为西边和西南
06ea847d977d1f02dd12,correct,1.0,
b25502f8ad01bec73ffc,correct,1.0,
bf29ba8094517c35f748,correct,1.0,
6f914036e89934dc298b,wrong,0.9,单位不一致，且有乱码
8a50811bdb7dd7734855,correct,1.0,
3f5c87b31d13ace89b72,correct,1.0,
ebb93c271b060c9b4cef,correct,1.0,
84403540d10896065b36,correct,1.0,
3502769858e3366ef1a2,correct,1.0,
d48fbef0b412ba23be01,correct,1.0,
11a1f10055e8edcc0fc5,correct,1.0,
65baa5f90516599474d8,wrong,0.9,人名顺序错误
21107dc2d36d69a37426,correct,1.0,
2de0ab140f2f133bbdb7,correct,1.0,
52a2b88baba241d910e1,correct,1.0,
171d5e7ba320065bc3d4,correct,1.0,
d29beb553a5bbb7e6883,correct,1.0,
bc737636e21d48e8d53b,correct,1.0,
a976deecb40d0778d59e,correct,1.0,
c294b51ac2b22301d15b,correct,1.0,
411104058e967246460c,junk,0.9,模板残片
82d0e83a81cb58828c5b,correct,1.0,
15f4ff8d9409459dc833,correct,1.0,
5c9639d678612bb50188,minor,0.9,缺少'as of'的翻译
5cf42826dac629cfded0,wrong,0.8,单位不一致，且专有名词Artvin tumaniga应为Artvin tumani
e65fee029fb15f048ebf,correct,1.0,
e96189c0859e3ea1e06d,minor,0.9,缺少'a'的翻译
f5fee161621132e849c6,correct,1.0,
9450d3a45e851dee95d0,wrong,0.8,单位不一致
3c057fee6f11454b4e96,correct,1.0,
de908fd38b034a85fbe1,correct,1.0,
568fbf1aef8d1a718437,correct,1.0,
ed814b44fb3795cf192b,wrong,0.8,单位不一致且有乱码
6f3e5c13b0ad77e899ea,correct,1.0,
02e12bfbd565df842dc8,correct,1.0,
5260d7191b46755b9ac5,correct,1.0,
7212b1d0b23f6c197950,correct,1.0,
9ba640455fa4a16aa098,correct,1.0,
e05b1481484fbf2c93ac,correct,1.0,
f5f6a2605d098e273681,correct,1.0,
8df02e9c43f9cb9d2307,correct,1.0,
512ff583aff049439cd7,correct,1.0,
fe8ecc56f692434abd72,correct,1.0,
497ef5ad53e184a9f37a,correct,1.0,
1f0b0a57a78a76ae4ac0,correct,1.0,
885ef7f1fba87d2f7f14,correct,1.0,
0a15a82e2fa9d9aa8ecd,correct,1.0,
101d7fde137515364f24,correct,1.0,
a51efecfc792c01051ee,correct,1.0,
233c9ecb0a7ef86a24b0,minor,0.9,缺少荷兰语发音信息
725c6c9e7bb660a73b98,correct,1.0,
c31e080b8389f8dd1203,minor,0.9,秘书的翻译不够准确，应为 'sekretar'
81338b24a45537f6c20e,minor,0.9,管理的复数形式不自然
b5c8505e2ddd5e58611e,correct,1.0,
fd4806f5b0fd17b32955,correct,1.0,
eb5d454f65131b89d83e,correct,1.0,
f6cb50e1c5f021702817,correct,1.0,
143a596e956ea4053afa,correct,1.0,
0c93700c5bd47897c693,correct,1.0,
ff700f7c9b5d4f274e81,correct,1.0,
a3bda188106972f5213f,correct,1.0,
8a287fc19884b1b3cf4d,correct,1.0,
cf7802911d8f9c8d5f68,correct,1.0,
9e2f1757f7461e8138f2,correct,1.0,
f21668abfcaa33d1dc9a,correct,1.0,
24860160cf5787e99f32,correct,1.0,
c70ef04077e14c1168b1,correct,1.0,
cd58a06ece709ebae574,correct,1.0,
92bab3ea17552c2385cf,correct,1.0,
98e5f943f8a30ec7885c,correct,1.0,
09fe33cd4b9cfc055f86,correct,1.0,
03e40a9272ef4c01be88,correct,1.0,
e33a82528c0d8c4265e7,correct,1.0,
6eb3232e9848182f917d,correct,1.0,
9abc0c763d8f38caba97,correct,1.0,
5aa0011092092658e6ee,minor,0.9,句子结尾缺少引号
6753dc77f3a615958d65,minor,0.9,Kınıkyeri 是一个街区而不是县区
97eb3141e6095d8dc66c,correct,1.0,
5480e5f75acc69059db0,correct,1.0,
ace6dffc343ac5298bcb,correct,1.0,
324d6f857deffb4500ce,correct,1.0,
5b9e1fd003b62ffcf1ee,correct,1.0,
dc5733d79e87ee1f1879,correct,1.0,
81a50fb7596651605eae,correct,1.0,
67cf74a93bb6314d9b0a,correct,1.0,
0e083322f7574bbd4813,correct,1.0,
e379dc6484594e500800,correct,1.0,
dbba67df9eb529151e2c,correct,1.0,
53aada5b06753b9d46ca,correct,1.0,
cdc2031630cada3bebad,correct,1.0,
fa11546fe6c9f32a2c65,correct,1.0,
ddace105e212c2d5c205,correct,1.0,
0a7c3b71b1cc46a4a24d,correct,1.0,
faccb439786593faecbe,correct,1.0,
8438b0d171a6c941b63f,correct,1.0,
4e57345ebc7ec270ca31,correct,1.0,
07377a4000c8f78c0d8c,correct,1.0,
66163a8d0121338cdefb,correct,1.0,
7e7414c84b21e0195204,minor,0.9,地名拼写不一致：Merich 应为 Meriç
9199bd3491bec77b1ea1,wrong,0.9,专有名词翻译错误：Copa de la Liga Profesional 不应直接翻译
89319e73359f3c2136e5,minor,0.8,时态不一致，且有轻微语法问题
6491f0081c0173c117d4,correct,1.0,
f5cf90e4d22ddded7ad3,minor,0.9,专名翻译不一致：Meisho 应为 Meishō
ea5219cbc6bb30c68c81,correct,1.0,
97944d9e44fa0fcd600c,correct,1.0,
31a0198c1f01722240d6,minor,0.9,地名拼写不一致：Chanoqqalʼa 应为 Çanakkale
a6a08e13ab0b5a13ea9d,junk,1.0,模板残片
31a3aa96422fe193741d,correct,1.0,
45fe97d84a54dc94f02a,correct,1.0,
061b5ac2c2a3eb7bc950,junk,1.0,模板残片
ae450309affeb05eb233,correct,1.0,
db3ed3ee0d89e2fd7dbc,minor,0.9,单位不一致：Clay 应为 Loy
e8aeeb5e9db916f80d38,minor,0.8,名字顺序不一致且存在拼写差异
66a166dba9332fa64d15,junk,1.0,噪声、乱码
8c2e66c9d34f41beb37e,correct,1.0,
1f85b42a11d7dc61823d,correct,1.0,
770f9186f9cabbeaaccf,minor,0.9,单位不一致：Clay 应为 Loy
631dccc83dc188faeab7,correct,1.0,
ed067ba6248fe056dfb6,correct,1.0,
6ae233161fdfda926327,junk,1.0,模板残片
658db11ca4518b9ff05d,correct,1.0,
926bb075db1dbcb85a3c,junk,1.0,模板残片
71b9209715987e8b1707,correct,1.0,
e28a000e0fe7550e29f9,correct,1.0,
12d6ae4a9511c1009502,correct,1.0,
9e3084d484a7c352eef4,correct,1.0,
849c19c0af5355a7a0f2,correct,1.0,
f713546418c4ca6d5cfe,correct,1.0,
48ed535df194358b789b,minor,0.9,uzoqlikda -> mi
b136d91466f0a58136d7,wrong,0.8,未翻译
ce3102e425cc04c41d67,correct,1.0,
6c78ec9df3c0d3e12d10,correct,1.0,
f77f61024ae9b5c13043,correct,1.0,
d434748dc950aa162e42,correct,1.0,
1673c00c2a3dd8b768ae,correct,1.0,
f280ad6c539ec819ccf2,correct,1.0,
651b114da4dd512df799,correct,1.0,
058b3f208e3a737e77cc,correct,1.0,
402568a616b875b73fbb,correct,1.0,
b09b06aa48374a7b938c,correct,1.0,
645d78a4dbf862f97280,correct,1.0,
98eb410871bf0e62906b,correct,1.0,
201f6ca14f54fc759ef9,correct,1.0,
9fcf457397d36815da55,correct,1.0,
0fe8946e68af14a62b67,correct,1.0,
dc7b48e0b010e0a51730,correct,1.0,
fd7824a9053139529293,correct,1.0,
b8f67be5639ea6e514f4,minor,0.8,专名不一致
63cbccc05f55f82a9781,correct,1.0,
fdfd1014faf6c2b62f0c,correct,1.0,
fe25d0fcd35511c8ba2f,correct,1.0,
015ab2389b058ff10646,wrong,0.9,地理信息错误
2c5f9a140fde1ce1496b,correct,1.0,
e3ae12d238492200d270,correct,1.0,
c25c4eb2a64d49b60078,correct,1.0,
11aaec28dd9eb7a75b2b,correct,1.0,
633dc9b170bd5cc02470,correct,1.0,
fa1c5204d434916646ae,junk,0.9,未翻译的西班牙语
6afc1e144530db4a1f05,correct,1.0,
42a51b9940e5b43200df,correct,1.0,
73455a55ac41cd00bd99,correct,1.0,
ccbe8ef617f4e95f1971,correct,1.0,
fa01436f5669adb6a384,correct,1.0,
d0670da96cd0ec0762cf,correct,1.0,
ce313a413ba97058a5fc,correct,1.0,
a28b0b50defcd4e31fac,correct,1.0,
4515a3291456fad90086,minor,0.8,专名不一致
607e540ecaa5fa1c9d51,correct,1.0,
1f039766ee0d3158f75d,correct,1.0,
d01d57fbf2081b1381e2,correct,1.0,
f36f6af7b2dee0577de1,correct,1.0,
e82a8c1f59b7f6dbd3c7,correct,1.0,
cd8893f2caf6349445ef,correct,1.0,
6a152db8f6fadcdd6244,wrong,1.0,缺少芬兰语和瑞典语的翻译
3ec8931ee54f897cea83,correct,1.0,
aebf4851e4c0297bc7a4,correct,1.0,
3d8bcce369f4a5361819,minor,0.9,商店未关闭
603af811de90fac3fcb8,correct,1.0,
1eaa3ffcd8bd0c6f484f,correct,1.0,
43859efe241bc9a41753,correct,1.0,
d4524b95244d437c7d5f,correct,1.0,
fc6edb7fe6b69b2ce6a3,correct,1.0,
b42aaba5658de122bd4e,correct,1.0,
9ccdaffe76c2e28a3aed,correct,1.0,
c9db279d91ccd01e4dcc,correct,1.0,
c35b487ad24231cd4e7f,wrong,1.0,多余的句子
c37f004918991e07ea24,correct,1.0,
950ddb3cd371ef1fc3bf,correct,1.0,
f7bacce653df1fcd9c46,correct,1.0,
640981745071d3b7f07b,correct,1.0,
af59cf198d4b2ca382df,correct,1.0,
c68d9b9187d35e985ada,correct,1.0,
43cf7e999884072cc3e3,correct,1.0,
b319ab30723cd869fb85,correct,1.0,
bd494faa02f7b28aca4f,correct,1.0,
9ddb7616e866658ca7ac,correct,1.0,
086bfb8f9ca7223da489,correct,1.0,
5e1459affa2dc1f75964,correct,1.0,
71c15ce08c37135cc676,minor,0.8,"语法轻微错误，应为 '7,44 km² katta'"
55f250db759c76938093,correct,1.0,
58582bb01d256be334f5,correct,1.0,
150b92e324780d892bbe,correct,1.0,
a6a119d91c4c127d881e,wrong,0.9,日期格式不一致，且 'O'rtoqlik o'yini 4' 不自然
d070e783bf17884c459e,correct,1.0,
1674b1ff39ac0644e208,correct,1.0,
2b31c695baff5c90f4bd,correct,1.0,
fc277a63a10fc96e5703,correct,1.0,
9ebf22ee277d0f2e599d,correct,1.0,
7d25b4639eed60fd4519,correct,1.0,
64970bcc82d5b71e96d4,correct,1.0,
303e8920186d62998cbf,correct,1.0,
cf9ada2d6bfb8e1476b2,minor,0.8,主语和宾语位置颠倒
70958c69c02d6676577c,correct,1.0,
86ae374d88350d64af7c,correct,1.0,
bc4eaeb793e3c695ce92,correct,1.0,
ace18033fd17209ab643,correct,1.0,
07a25b54dc1f16809019,correct,1.0,
7683e2078d4ad2778aa2,correct,1.0,
28c1fdb3b60ca1f9025a,correct,1.0,
7b165bd598c4cbd37150,correct,1.0,
cab03cd1b7ae04f7ffb2,minor,0.8,位置描述不一致，应为中场球员
a7ac0df09f9b5ba351d6,correct,1.0,
ade5c7f033ce2c1e05c5,correct,1.0,
45bc4fbd243b6800030a,correct,1.0,
39443e0d44e6cef9d92e,wrong,1.0,亲属关系混淆
b50f92ad4c8a8cb814eb,correct,1.0,
207ee584e95588f69484,correct,1.0,
b34fb6b8e51845c8b7e3,correct,1.0,
5caef88c56609623d08d,correct,1.0,
fe0817cc9b3d44802dfb,correct,1.0,
2a4cfb1bab3e1a437db2,correct,1.0,
c053b98d11cd486b0850,correct,1.0,
6a5b2bd34ecac8e414fd,correct,1.0,
c6d8059be18f44a024b6,correct,1.0,
0e4115a8ccf84bb83e4e,correct,1.0,
77cbb47ccfdbf01aa5f0,correct,1.0,
3fe4d8eef749d029b2ed,correct,1.0,
a87fb837962a0a9d3b3c,correct,1.0,
a3d4cbcc70dcf2a842a4,correct,1.0,
733c1919300cad711899,correct,1.0,
9ab0f90c998daee3d71c,correct,1.0,
cdcf5ba20ccaf43c054b,correct,1.0,
0bbe3b2cfbdf94f408d3,wrong,1.0,地名拼写错误
d89c4a5054c067983d32,correct,1.0,
1ca8d3663021823881bd,correct,1.0,
1d99bf876c542d71af8c,correct,1.0,
bac358e8cd5d7f6db671,correct,1.0,
5e48930fa0bf7c433917,correct,1.0,
2c8a302b57ba77ac3545,correct,1.0,
d81e12db7a9b6258d807,correct,1.0,
3f518d26c14567114cb8,correct,1.0,
055f540fbb608c520b0f,correct,1.0,
bcb17e861a627212dfce,correct,1.0,
953d8697db8a1be6f7e2,correct,1.0,
97fcf86c92e7eb859fa2,correct,1.0,
f53f55af560cff74319b,minor,0.9,电影名错误：'Baaja Baaraat' 应为 'Band Baaja Baaraat'
22cf7e86b5a269579aed,correct,1.0,
6657772c4d794cfbb47a,correct,1.0,
ef98de63b84fd9fba019,correct,1.0,
781623db00580f274e2d,correct,1.0,
17b20df6e76f74478ce5,correct,1.0,
131e80be06d1b395f794,correct,1.0,
c6b5305c8caaece95641,correct,1.0,
e66f1fa8cb0ac3bcc816,correct,1.0,
3ae58de303081afcb1d7,correct,1.0,
ad898a270769c4ada668,correct,1.0,
1b64712fe1b4b3ea5c37,correct,1.0,
a00c76ed39cd4eb556c3,correct,1.0,
e72acd53494b451e499d,correct,1.0,
8056aebaadb283fc58d3,correct,1.0,
7b04890e48e559ea51f2,correct,1.0,
f62250756335212e00cd,correct,1.0,
16f439232c3267fc7c32,minor,0.8,单位不一致
0796575d67b54c6328bb,correct,1.0,
a536116e3f17b14398f0,correct,1.0,
7d359eb690a19f4ad164,correct,1.0,
746dd2d43360a3a2e0ef,correct,1.0,
70812264838a8c05f3cb,correct,1.0,
b0b842d202d444e8db6e,correct,1.0,
d399d2c24333abe76317,correct,1.0,
1f0a12917a24d3bd3230,correct,1.0,
4ea441e20a29e3a54aa6,correct,1.0,
cf486eeef9b33c949ba6,correct,1.0,
115b6711f104cd308721,correct,1.0,
646806f9cdd92fc90b96,correct,1.0,
7c693af256af9d5043a7,correct,1.0,
9fe2c7dd7ac636b43750,correct,1.0,
92716c240b6c121f89a4,correct,1.0,
00d11320e3f080b0f71b,correct,1.0,
4c206d0b430151edae78,correct,1.0,
c56dc325d6b52432f290,correct,1.0,
a67f56e19d805561a54c,correct,1.0,
fdd37f3d40416b452a0f,correct,1.0,
edf5418172234a2f0089,correct,1.0,
842b5b1fe0c954da0718,correct,1.0,
f96cff4127c2cf8c4237,minor,0.8,遗漏了 'Clay'
6bc982dc278704ca2215,correct,1.0,
2bc000df6b6879627079,minor,1.0,日期格式不一致
83e7f194456166765286,minor,1.0,数字和单位不一致
6d2fce85d5493ed7d72f,correct,1.0,
386adcb47cebc6a3e23e,wrong,1.0,乌兹别克语部分不完整
7a188cdd73929d177ed5,correct,1.0,
6315cb22f9ff590e3d37,correct,1.0,
380bbdcc30b5730d7d9c,minor,1.0,缺少一些细节
32f684326dbd800ebfe4,correct,1.0,
338126879729fe7d8f7b,correct,1.0,
196e567b5ae8833fadcb,minor,1.0,缺少来源名称
29275d51e80f6d132e2a,correct,1.0,
eed0389942f2833deafc,correct,1.0,
53b3f1667c336da57269,minor,1.0,专有名词翻译不一致
45f4fd4a1467b1101223,correct,1.0,
34b4d76749bbc2b09ec7,correct,1.0,
493d358b18fda9bc1393,correct,1.0,
d62bf716dc71f7507bf5,correct,1.0,
afff9e8fe61dfa1982be,junk,1.0,列表碎片
74501b10ce3678526d81,junk,1.0,表格碎片
99ec01f2cecdc01732cc,correct,1.0,
64906f93aa188e6966be,correct,1.0,
bb423a840d63ff41c538,minor,1.0,数字和单位不一致
82ee4445f8bc53b6da1d,correct,1.0,
1bc05594aa1cfeb632d8,correct,1.0,
43f93d3358dc55a4f378,correct,1.0,
ed581966eff3263f18da,correct,1.0,
9206c525c4128a417cfa,minor,0.9,轻微语法错误，'shtat' 应为 'state'
5452afec161f867735a8,correct,1.0,
16167c5407bc74173c69,correct,1.0,
d847d785b6b3d724d666,correct,1.0,
bddfbb5e064a1c6056c9,correct,1.0,
7a4e195893c462a3da11,wrong,0.8,翻译不完整且有误
2c5215cfce7c98785c1c,minor,0.9,日期格式和专有名词未完全一致
b63ca7dd946dd8ae0a94,correct,1.0,
c4b41ce189bea71972cf,junk,1.0,模板残片
5b87ee164888b1de215f,junk,1.0,模板残片
170ae827a4209e7bb280,junk,1.0,模板残片
d0020632873b0b2602df,correct,1.0,
6d118d820ae1b35682e7,correct,1.0,
c86fb5ad916f482d8ce9,correct,1.0,
30d67a76590d01490e6e,junk,1.0,模板残片
8397111542c6a380e0a4,correct,1.0,
5d3cbb116c798bf6b230,correct,1.0,
01dee7c3de29002e7fe9,correct,1.0,
6710b0565667c86186c5,minor,0.9,轻微措辞差异
abdeb61d81a3c39d76ac,correct,1.0,
305498e68f166007a49b,correct,1.0,
19ad90fa1965dd6c790d,correct,1.0,
9fff27180457f0982f0a,correct,1.0,
f32b988e895a8a8946a4,correct,1.0,
3f50dd4a644232f4a7f3,correct,1.0,
ea746bba0199a70f2eca,minor,0.8,日期格式不一致
e2d3ec01fa32f4bdeaab,correct,1.0,
63a6881d88d3e3516c8f,correct,1.0,
74bdc79834b6e5d947f8,minor,0.8,月份拼写不一致
da33ba99abde65dda821,correct,1.0,
11a3803b6073b0964d5d,correct,1.0,
5fd3bfc9f4b54e00ee7c,correct,1.0,
309e7a6c71cd3327b708,correct,1.0,
a91e33fae07a3dfe5327,correct,1.0,
714f3189c9557df6bf62,correct,1.0,
5fe034bc91f8bacb2479,correct,1.0,
743b90b89649da3c783b,correct,1.0,
24fa40f8983f0ec0b5ff,correct,1.0,
2c1454e13f6481fdabde,correct,1.0,
8722ffd59a1185bb864b,correct,1.0,
0f0ed7406adc51b07da0,correct,1.0,
33757c9342af31b0d2c4,correct,1.0,
7484a8ea92ab752d1668,correct,1.0,
2eb2dcb3c29b92a74e51,correct,1.0,
85347cccc8afb83010d0,correct,1.0,
7d9cf387ec5214b6b13b,correct,1.0,
ef6131bb679a504aa0c1,correct,1.0,
ee1457f58878410be632,correct,1.0,
92a53a88fb4d6b073cd7,correct,1.0,
8e3692c6fce16f834c07,wrong,1.0,数字未翻译
58235206be66f7b3fe91,correct,1.0,
78b5ad1ebfe7d9d4950f,correct,1.0,
b1208e6f72c5ab60bd42,correct,1.0,
e4fff44924d1abbf7972,correct,1.0,
2adccaa3a142bd770157,correct,1.0,
7463801c114ffd40e810,wrong,1.0,日期未翻译
e5f549967ff9d9983f87,correct,1.0,
d37173f405b09230e637,correct,1.0,
e6cec5417db4b247f4e6,correct,1.0,
74566fe036f16846cbc8,correct,1.0,
8ba00acddc1fcdb57941,correct,1.0,
a6fbf0f50349ff1544e9,correct,1.0,
b9bd4961b4d9df75a104,correct,1.0,
96ab814ffbe72b17e3c3,correct,1.0,
de5ac6c38107d751a7c9,correct,1.0,
eba96981201a8f0eccd9,correct,1.0,
fe6301893f4f3c0a59ac,correct,1.0,
a868de319a68636b0bac,correct,1.0,
95e24f3a89a9033e2668,correct,1.0,
507baa573d6b6750c350,correct,1.0,
b119dafba2cc676a95d5,correct,1.0,
23430a3b11235b08044d,correct,1.0,
129545499d1a8683ebce,correct,1.0,
0a3f90c051b1cb390135,wrong,1.0,日期未翻译
6e92f05170f52ca31610,correct,1.0,
54b7edfb4af9397bdf4a,correct,1.0,
1f66fb529685fd00e342,correct,1.0,
8cabc64976857aea5061,correct,1.0,
95a9ccdb9ae969328e1e,wrong,1.0,未翻译
f08ab0d951436d4a0c4c,correct,1.0,
345073525b659edd0341,correct,1.0,
6b0891f0efcb5adbe652,correct,1.0,
c20828a810e610be6cbe,correct,1.0,
3d031d18dc5a702ac394,correct,1.0,
e0cfb17e6f4828aa9e6f,correct,1.0,
7349e15489353df1492a,correct,1.0,
fe22473f88caceb308e2,minor,1.0,措辞不自然
55f0fb561fb25c9fdef3,correct,1.0,
13ce5ce627d95ecc85ec,correct,1.0,
19940f6bcdf363d68be3,correct,1.0,
790df30c05b63219e4e2,correct,1.0,
8cd28052c39f88c0626b,correct,1.0,
92d867b25595b21c9aa3,correct,1.0,
a885d7c42fcf9fc9bec5,correct,1.0,
aa3b55af51928c57b743,correct,1.0,
88fdf341e12c0eb08214,correct,1.0,
482b927512b8b406527a,correct,1.0,
efdbe19a369c2779a8b6,correct,1.0,
8fce1f6cef80d5996561,correct,1.0,
f50cfe9546fffb0588dd,wrong,1.0,未翻译
d36fe8413f4dc63c95fc,correct,1.0,
fb440075426329f45d12,correct,1.0,
f2a4250ab70cca1661c5,wrong,1.0,未翻译
1125643544c922c2ea27,correct,1.0,
fea5f7eb87deb1f9ba4a,correct,1.0,
12afe85d3197c28f9b7f,correct,1.0,
d7dc80569a6418fb0bda,minor,0.9,专名拼写不一致
94466fe47ebd0f8d2bdf,correct,1.0,
2cd7fd57278c7f7c6156,wrong,1.0,未翻译
e715f2c7a9ddb1a1fccd,wrong,1.0,数字和单位不一致，且部分未翻译
367b04274939642e04e3,correct,1.0,
f3ac6d5a4c49846d8c6b,minor,0.9,措辞稍有不同
b53936da05bb5c340348,correct,1.0,
f6458d78c70b10a79990,correct,1.0,
0e370f53ebdd1ce53cd5,correct,1.0,
539f1be09cfdf3d32db7,correct,1.0,
784364e62328bad2fad5,correct,1.0,
6e31576d556cc0da05b7,correct,1.0,
b2cbd3b08f0b159917ec,correct,1.0,
fc9d922db751eca5f6c7,correct,1.0,
425ce29f6bace7e1bc72,correct,1.0,
dff6ea934bb3f9de952c,correct,1.0,
6867e0936e0bd923cbd7,correct,1.0,
a96b07160e78198cd4ef,correct,1.0,
f3d4d8485f1a9f15a4ce,minor,0.8,专名不一致
48f12376921377fcaa1d,correct,1.0,
8ef3ce469d5998fa0659,correct,1.0,
6f2f57ba74b69bb0ba72,correct,1.0,
41a954a92001656e4011,correct,1.0,
29418563c2a30d71eeda,correct,1.0,
3f862d9c62b16d2b2a00,correct,1.0,
6db14c153f9686a0dcfb,correct,1.0,
2e121c2fa3c5b5cc0169,correct,1.0,
285ec5f6028e535d689e,correct,1.0,
691e23bba3b873fe30a3,wrong,0.9,乌兹别克语重复且结构混乱
0dd74293a2d1ecea2c6e,correct,1.0,
467a76a1be735abd77a6,correct,1.0,
0f5122a2600058e86114,correct,1.0,
7af07f40c08dffa06d07,correct,1.0,
b8e71a90957e5b986553,correct,1.0,
d01187978ae38b013796,correct,1.0,
ade3169013f7323dc56d,correct,1.0,
e09f6d9d5bdfd3cb6a20,correct,1.0,
12672b6725eaef4ab942,correct,1.0,
26e981a764765f0d7fcc,correct,1.0,
c682ba795e39acada67f,minor,0.8,日期格式不一致
b21d858b1c04a5813ed2,correct,1.0,
b7ba6d32e29be98393cc,correct,1.0,
8e79b05d4f7702667207,correct,1.0,
d3473f4a1b4ab88e9b5e,correct,1.0,
50412596cb233b8804dd,correct,1.0,
679b5b59f9deca66bf0f,minor,0.9,日期格式不一致
3bb9dfc864f6ce7d9d8a,correct,1.0,
0c2129b9c7bd8e60a0d1,correct,1.0,
f6815f7a6f233005a89e,minor,0.9,部分专有名词未翻译
5f96dbd9eb3bce813f21,correct,1.0,
737c9d260a388beeda03,correct,1.0,
ba539b412dc1d7f4b958,correct,1.0,
cb888544f09f081c2459,minor,0.9,句子结构略有不同
4210f65baeb7f137bcd3,correct,1.0,
3c6a7858826bcb7c38b8,minor,0.9,专有名词未翻译
e89221dc4cd599e5124c,correct,1.0,
735d081dd411e0ccab45,correct,1.0,
e71768275aa4c6c308ba,correct,1.0,
2b920732171db650b978,correct,1.0,
b69c504ef782056e1634,correct,1.0,
efffbe5cb0485e85d21c,correct,1.0,
8b81c332c1d39e37d1f3,minor,0.9,专有名词未翻译
c02166df2f3f70830035,correct,1.0,
49f73fbee262311eb51a,correct,1.0,
e52f446a22dfd9abff62,minor,0.9,专有名词未翻译
913f8e9b0b5d2ebe5f3b,correct,1.0,
4ebc30eadd0aa83205d7,correct,1.0,
bf9256e16b7287e365eb,correct,1.0,
3a8e615beca743e91571,correct,1.0,
70f9b2e9dfe06d001359,correct,1.0,
44be14c822a48154d502,correct,1.0,
3c395fab11be1770f680,correct,1.0,
ae4726da828fbe553aef,correct,1.0,
dcaaacfb46fd79baa92f,correct,1.0,
c3a33ffd2c0ab0eb29e1,correct,1.0,
e7a26ccdf128be877e76,correct,1.0,
a328166153ea6523cca6,correct,1.0,
6d2a520cf9ce694624dd,correct,1.0,
d4a6a8b3ddfb2131fcf8,correct,1.0,
54e77f2c24b21d8b8021,correct,1.0,
50b3a8b03c890f145bf9,minor,0.9,轻微措辞问题：sobiq chang'ida sakrash yo'nalishidagi sportchidir
3441dbdd2694f7c34876,correct,1.0,
efa6ac0a9cda5fdecd1f,correct,1.0,
235a1ddd9e45d7479fd3,correct,1.0,
2c9ee7c319f762705692,correct,1.0,
a26f5b5a11890a268ed0,correct,1.0,
04f027beb029cf4eb659,correct,1.0,
9699b88b7ea360b338a6,correct,1.0,
44b6a71b5056a650e6dd,correct,1.0,
eca67e4b38e9f872204c,correct,1.0,
6b16c79392a0253067e6,correct,1.0,
c3c6e9191c15cce50dec,correct,1.0,
e59c6d4541d1e17cbba2,correct,1.0,
57b107d882eee90af2c3,minor,0.8,单位不一致
5d19035c63e32c1e08ab,correct,1.0,
0d831b816b8c4689be08,correct,1.0,
141df9a99287b4724077,correct,1.0,
0898aa81b2ed97581ac0,correct,1.0,
f4a80ffc2c698a1719c0,correct,1.0,
1481cf58607cd779dd10,correct,1.0,
7bc7767f72a1fe82a409,wrong,0.9,包含非乌兹别克语内容
be103143b23870a3346f,correct,1.0,
383a5d3862f7ac9eed4e,correct,1.0,
1099a1efccf33712f62a,correct,1.0,
b4c0338232a0146996b7,correct,1.0,
881213b4af638aa481ba,minor,0.8,职位翻译有误
820e12daed69fea433ec,correct,1.0,
33ffdc0c8f9668b7ce01,correct,1.0,
b2af44300d061c71ea86,correct,1.0,
95f744747c63521f7a78,correct,1.0,
9aab15b852da47f200fd,correct,1.0,
2b934e2d9803e5a2ce56,correct,1.0,
36a786fa11ccecab1b0d,correct,1.0,
c0b7aa655ff8eb4e0eec,correct,1.0,
ba1dcc88d96a53e616d9,correct,1.0,
1c1127ebd43d6b1dceea,correct,1.0,
f5ba568ef02a96d0fbc3,correct,1.0,
b506ee2b360d72a8f217,correct,1.0,
775accd485d7a5af12dd,correct,1.0,
d332ded90530930fdb60,minor,0.9,数字不一致
c7f312fcdd9a898ffff1,correct,1.0,
5ba0d92b13f590cfbcef,correct,1.0,
22e9313b9dd7ebb72daa,correct,1.0,
e5aad92dc593f42f1154,correct,1.0,
c4ac4bfafe3b42ebaf71,correct,1.0,
f183afcb8169b00dbf35,minor,0.9,数字不一致
6b8734cf6d50e862f7da,correct,1.0,
3bee7ff2b6b8a6abdf9c,correct,1.0,
2d0c191b7c7bd175796d,correct,1.0,
82a622174bd9c1841ea0,correct,1.0,
346178bbe32cec19c370,correct,1.0,
e123ee7122f19b2b2697,correct,1.0,
eb0ed5e3cefa438d1a73,correct,1.0,
6029198a6fae0157b411,correct,1.0,
727198270473f406a977,correct,1.0,
121433090e4e36f0dc15,junk,1.0,原文是法语，乌兹别克语部分重复了法语文本
58603c3eb57a864641a2,correct,1.0,
f83f3bb366b5540ff2a3,correct,1.0,
095206939f9a59e42637,correct,1.0,
4107931ac8bfda461525,correct,1.0,
aebd06a2644e34334780,correct,1.0,
c161b30848ba091f9223,junk,1.0,模板残片
ee4c720ba08afcd82869,correct,1.0,
31b5310ea8bf194bec6c,correct,1.0,
d6af036c359170cfeb10,correct,1.0,
dec9422034ea5d13641c,correct,1.0,
e2d6278fe68cb2ca1e68,correct,1.0,
0a377de277dd052390ef,correct,1.0,
1e5cab4cc588d99b4344,correct,1.0,
cb23c579d0036d53c7e7,correct,1.0,
c23e37e576d88b2e8204,correct,1.0,
2b03bd9668d310b38349,correct,1.0,
c1c2d85142ef7db58377,correct,1.0,
d363f16458dc71b497d3,correct,1.0,
7e5f3c736fa9f1ac19a9,correct,1.0,
633f217ac0ea81551e59,correct,1.0,
8aca3dd94fbf12a5b618,correct,1.0,
ad9156d0a9afaf329725,correct,1.0,
1b68d2e4cb5737ca2ce3,correct,1.0,
7e15b1fb8207b6aa14b4,correct,1.0,
ffcbcbce23822e6bbf41,minor,1.0,术语翻译不准确，'infratovush' 和 'ultratovush' 应为 'ultrachastota' 或类似
a6f2b2c1e90b129538f3,correct,1.0,
e4c75e96e9490ac36991,junk,1.0,乌兹别克语中包含印地语文本
7ef400e8ce6a2efcc9c6,correct,1.0,
42beb5b7f20878ecd910,correct,1.0,
9c6041f7d77bbce4b636,correct,1.0,
1f5e5977594c7230c807,correct,1.0,
8b4055da4eaf1291b780,junk,1.0,乌兹别克语中包含西班牙语文本
848368b12bab2fe80913,correct,1.0,
19fca2b9b1c34362b8ca,correct,1.0,
2d99412c74670c6c21ba,correct,1.0,
d75a50db210640d15340,correct,1.0,
9eb90d502a4282ece122,correct,1.0,
448cbab16e2b31382a1a,junk,1.0,模板残片
ba3dde8be1c26d3feec8,correct,1.0,
ef6a9f81307e26541f76,correct,1.0,
c52281b2f0c2835af3f1,minor,0.9,缺少Tom Grater的名字
e0430e06ad58cf9ca220,correct,1.0,
ba03a682c13a163029e8,correct,1.0,
b78c7b8baee9a8d131cd,correct,1.0,
327e8f272af61b743728,correct,1.0,
0b44aed8305dda63c833,correct,1.0,
094eb236976b7a53c889,correct,1.0,
c5416f101e5ac6fe750e,correct,1.0,
c09dad17f0fca00f6c31,correct,1.0,
0322f7299afc78e8179f,correct,1.0,
53edafd8a7fd39706a0a,correct,1.0,
6c30ab9fe2e3bc3343e1,correct,1.0,
2d763ab126c4052f32cf,correct,1.0,
0124757acddc34030018,correct,1.0,
031dadaef6c6ec47ec1f,correct,1.0,
078864984842dccd5863,correct,1.0,
2b2a5a99492daff932a2,correct,1.0,
74a9e5042bf66d9c6d8b,correct,1.0,
8919f44b529d47041c9a,correct,1.0,
e7a4592651f08dc19a96,correct,1.0,
aaad592f7189f1042ec1,minor,0.8,句子结构稍显复杂，但基本等义
6caf8a61bbfc026a5f0c,correct,1.0,
caa61f19de31be39d934,correct,1.0,
76244bdb70a9b70b277f,correct,1.0,
2ef35008243d4b981421,correct,1.0,
3e4ee39dc8d0817c1b91,correct,1.0,
a87fe9f7669219760ef3,correct,1.0,
957d08b5d5d895680182,wrong,1.0,乌兹别克语部分是英文
7cc628e858befd2022eb,correct,1.0,
2dbcf38313f4df5922bf,wrong,1.0,乌兹别克语部分是英文
c6045d6b53f14f5259c4,correct,1.0,
18da9617a5d51bbf92a2,correct,1.0,
9f372fb5f0a7d511674b,correct,1.0,
483830c920c10087f3a5,correct,1.0,
0a68f6bbf2148eed1d88,correct,1.0,
56dd1b7ad3efea9bf489,correct,1.0,
010e4b161936b67f19e1,correct,1.0,
6114678bf07bf3f928d4,correct,1.0,
f26cd20f702d2aa75d1e,correct,1.0,
2afac27a1ce114d64f67,correct,1.0,
e9ac87cc3402b5a8dc91,correct,1.0,
399c64a3b49c08b8eb07,correct,1.0,
68fecb1abcca6610f304,correct,1.0,
0a49adaba075eb3d2202,correct,1.0,
527aae1155020b4a1a62,correct,1.0,
caf6c51b27b5f0fa5eca,correct,1.0,
1b30108b8441e57358cb,correct,1.0,
2dfa29aa50a78ab0cfd3,correct,1.0,
9202fcbe9d5a451717c7,correct,1.0,
425878848b3bd9d86ecf,correct,1.0,
8ef367ad0d5bd7c681ef,correct,1.0,
a40fb342967058f3bfb9,minor,0.9,语法错误：'sinov dasturlarini rejalashtirilgan.' 应为 'sinov dasturlarini rejalashgan.'
2a9ee7a4f4dfe6fad1e6,correct,1.0,
951dac15c1cfbaba82ff,correct,1.0,
6f75104df6d65091b61a,correct,1.0,
8ff3f1ff7a5f77baaba4,correct,1.0,
a18b687f742e2db21df7,correct,1.0,
c5ea5f7fb44fab6d4565,minor,0.9,"缺少句点：'↑ Allen, Irving L..' 应为 '↑ Allen, Irving L.'"
7b7538c8aa5c93c652f1,correct,1.0,
1bba27b459d95d3c243d,correct,1.0,
bb2dccf3d6be6a726aaa,correct,1.0,
3ccdd4a345d7f1e03289,correct,1.0,
fb0b72c0b020f1ebb1cc,correct,1.0,
02fd89f2b15d89187bee,correct,1.0,
d0b5d95b1ad3b15ca112,correct,1.0,
7c1f581e3579cc7d4560,correct,1.0,
a7bbdaf2ba3a76c6cee5,correct,1.0,
53655119d88b3016cb85,correct,1.0,
0875744d0b33f5220187,correct,1.0,
9e59a9a628cb630ae145,correct,1.0,
dee83166aba2c3e90e09,correct,1.0,
3ab079d9b0489fbd60ed,correct,1.0,
7b1c322252270ae2656a,correct,1.0,
e4843e23f66f74042965,correct,1.0,
224c70df71f5c16e669b,correct,1.0,
538b2ab336c89ddc8b4b,correct,1.0,
2b416f25a29056f62306,correct,1.0,
0b245d771e7398578a23,correct,1.0,
4125135b4428a62e42d7,correct,1.0,
8331ccb7d4200220d5d4,correct,1.0,
4877de2f71e5438083e2,correct,1.0,
cd5228a25539092f5d77,correct,1.0,
df4d48f488cf2a291557,correct,1.0,
a9657f357020449efe0c,correct,1.0,
65adcbe407b95dc13861,correct,1.0,
c8d5e243739dcf2f7f4c,correct,1.0,
36bad9e5c7aac45d573a,correct,1.0,
725aca8dd469d4762cb1,correct,1.0,
0105cae2b18409e7857d,correct,1.0,
69fe94085d9d7ed9fbfa,wrong,1.0,重复的信息，结构混乱
5ef05a566a3b1a13037a,correct,1.0,
67e114b831889bebe9f1,correct,1.0,
ca843033b144c1c13989,correct,1.0,
56d2f13d577eea106563,minor,0.8,语序稍显不自然
5710eeec68f854ea1e0e,junk,1.0,未翻译
09d69808e684b8d62217,correct,1.0,
9801ebbd04bff663b3fd,correct,1.0,
94ea11c90c794788ef0a,wrong,1.0,Clay（红土）未翻译
6bbee884b8899f3370b6,correct,1.0,
395ce7dfb484b6d09c95,minor,0.8,句子结构略显复杂，但大体正确
af849933421b322d0c55,correct,1.0,
fda17dce888e1348a9e5,correct,1.0,
aee20b1f9f2dff34abac,correct,1.0,
2692b21eaec0c796a832,correct,1.0,
5d7ab3480f8ec941ccf0,correct,1.0,
e8096cd37f8fa8aef8c5,correct,1.0,
5f358cd1bdcd1b545080,correct,1.0,
d94de2d902df8f20eb09,correct,1.0,
777d06bb53088e458213,correct,1.0,
0d9e89db165d65a3bef3,correct,1.0,
755ae89f523dae7f6a2f,correct,1.0,
93b3bcd00b82fedf9f61,correct,1.0,
0af27d254919d7b1f576,correct,1.0,
0e3ba65d3de90ebe1871,correct,1.0,
75f5082c8a30d3b25600,correct,1.0,
d52cf3283410ceda930e,correct,1.0,
89abddcc187ba6fce92f,correct,1.0,
b8268cda583f021acc2a,correct,1.0,
69bc43667fac88d3f43e,correct,1.0,
0da21be62f28bc1cb6e2,correct,1.0,
55f6752b8b327d8b94f2,correct,1.0,
a735fe6b59815fcf1e80,minor,0.9,措辞略有不同
a6b44207c9e5d1ab8172,wrong,1.0,地理信息不准确
5043c522f43f44898538,correct,1.0,
06e5faf63e3f9f829c6f,correct,1.0,
d3c72ca3ccbd5b840f87,correct,1.0,
266eb4fda40a7db0ba0c,correct,1.0,
a6913d34878e680b87ca,correct,1.0,
a033d9bfb00a3b72ce1d,correct,1.0,
f8ca255f8598836eec85,correct,1.0,
9802eaa34766707ca2fb,correct,1.0,
588392829060ef946237,correct,1.0,
8678195debd1ae158741,correct,1.0,
c28ee3517f75c65b3cbc,correct,1.0,
274a042c8e6c8546da3a,correct,1.0,
6de665ab67d6a56da60f,correct,1.0,
771bf17bdc000121d3fc,correct,1.0,
3cf3f71d5fa33e04738e,correct,1.0,
3d6f2b12e4196fd59d7b,correct,1.0,
2fdd5c7479b8b530b44e,correct,1.0,
371905e5e9b06cdebc15,correct,1.0,
329ed7881f4e22747525,correct,1.0,
260eeddba62f6a2e9fd1,correct,1.0,
ae9d0866a72a182fd7a6,correct,1.0,
e126bc09da2a33f4e798,correct,1.0,
3dd5e88842620225c7ea,correct,1.0,
b6373519f55c0e7bfb91,correct,1.0,
cccd21be1bc5d0868150,correct,1.0,
55c7e6abeada936248ae,junk,1.0,原文为西班牙语，乌兹别克语直接复制了西班牙语
82f96304f73bb335037e,minor,0.9,缺少引号
e4e8bd8072371ae44790,correct,1.0,
76066ba893be6d323a52,correct,1.0,
6898b690c54cecbfc09e,correct,1.0,
c819892723eaf668a71a,junk,1.0,原文和译文均为引用内容，未翻译
e84cf943e3de7808d4be,correct,1.0,
108baf471fb2437b1417,correct,1.0,
14bbe98920497f6f511e,correct,1.0,
d4f961c03c0d522f6e30,correct,1.0,
912d4eb9e185a6035036,correct,1.0,
591c4dae7533cb6e22a5,junk,1.0,原文为土耳其语，乌兹别克语直接复制了土耳其语
a78b8da2af5f65993d73,correct,1.0,
eb0ade69ec0f77371e37,correct,1.0,
0f02b63549dc236d4c34,correct,1.0,
05261ad7cf027ec89a28,correct,1.0,
f852bb88d8880935c0e0,correct,1.0,
17ac72970f3f55f33909,correct,1.0,
bc30fad6ed9ed258319f,correct,1.0,
d47dec3b47171297b457,minor,0.8,专名不一致
0695d0fddf4e12070c63,correct,1.0,
a1e81ee0e5ea7d0f8aac,correct,1.0,
ffa892acd533a5e95bc4,correct,1.0,
a4bed70225b7778845ed,correct,1.0,
b364e8e826803d4c06da,correct,1.0,
c7145e4819d6d82888f7,correct,1.0,
2592057fd011c11030c9,correct,1.0,
856573838de8b07f5e34,correct,1.0,
75ca12d67150cf44b2d2,correct,1.0,
abec17946216a42ada87,correct,1.0,
f72ebb68abb0af574d5b,correct,1.0,
1870cf39ad71f550f28f,correct,1.0,
4e6cad55913a76f53736,correct,1.0,
af2e33c0b843eb6c1a33,correct,1.0,
606f5ea50e199d2595ea,correct,1.0,
797c2ab928f12e726f4d,correct,1.0,
1a516f99e766fbebd0b9,correct,1.0,
29f2ed4fa3a621a78949,correct,1.0,
3f100e99fc91cd852566,correct,1.0,
373b216fd06e7d31a716,correct,1.0,
a3123b6f612180a9ce4b,correct,1.0,
4dc5500dfcec0d5e0df8,correct,1.0,
862431b53ca511b371cd,correct,1.0,
51ba55f6f1ce89c18e8a,correct,1.0,
19ca8a6f023479847d2c,correct,1.0,
9a7ad83c5dca2aa15a6a,correct,1.0,
8e88f84a3d43143db68b,minor,0.9,专有名词拼写不一致
d52bda5f3b1287fd5c5c,correct,1.0,
ec5c222c602c49460f82,correct,1.0,
edd11cddfd345783057c,correct,1.0,
64adbf35c7c20d8057a3,minor,0.9,专有名词拼写不一致
e86b27cd4c2fb3e3f2a5,correct,1.0,
a023351d6c1d4500c526,correct,1.0,
6f3cdc5d2d0293650c77,correct,1.0,
698435077e3e0ff555cd,correct,1.0,
ae14fed58a3a83e43e4b,correct,1.0,
a470f2b51d644aecc42a,correct,1.0,
7dcfccc5e4795da79aae,correct,1.0,
57dfcea1d6cb49f35742,correct,1.0,
a4c2aef03729ce46fe27,correct,1.0,
ae33008c996083935ebc,correct,1.0,
e0d247877eb6ac6dc2ba,wrong,0.8,信息遗漏
35c3183ed42267e999c0,correct,1.0,
017b7138fee984bee52e,correct,1.0,
fa797ed5c86da63e0ddd,correct,1.0,
31619c89c20c6603f7f4,correct,1.0,
4dac2f178845959f0997,wrong,0.8,月份缺失
01daa590801a5127f774,correct,1.0,
efd129afeb64d71ab11d,correct,1.0,
a8db5ea207d769733b62,correct,1.0,
1f2e3238d324db1dc4f6,correct,1.0,
a052474f005e97a63931,correct,1.0,
3e7e3532b1c2a521b231,correct,1.0,
f80463fbdf1f910dca72,minor,0.9,轻微语法错误，应为 'har daqiqada o‘ynaydi'
09d0646ddc3c4da6a15e,correct,1.0,
312bec74f82968dc5335,wrong,0.9,乌兹别克语句子结构不自然且信息不完整
08e08ce8e226d637a9eb,junk,1.0,模板残片
c3725544e97604a003cf,correct,1.0,
0f641f436ecf40d371e6,correct,1.0,
0612f9f087a55d04d19e,correct,1.0,
9620a2dcf690dee6720a,correct,1.0,
92e1102ebfbe48953140,correct,1.0,
5800328ef4b5cdc4dfaa,correct,1.0,
4212059c33ce17f97e25,junk,1.0,模板残片
954df5f9d6c968023458,correct,1.0,
a63c1e00df167afd1889,correct,1.0,
831a93f1a4dd20090ef1,correct,1.0,
be3e22cadfb0652443ea,junk,1.0,模板残片
1159f44d6bda8873f857,correct,1.0,
b60f489f3be4bef0c468,correct,1.0,
e52ae2e084a8d6f3bda7,correct,1.0,
54c2bec8bcd270fa167f,correct,1.0,
f3c51fcb6ce5458e783c,junk,1.0,模板残片
44eaa2297b3e906dac04,correct,1.0,
ba85d872ab83a7751009,minor,0.9,直接翻译了英文
b13898bede2aa72c5315,correct,0.95,
4ef44aa310a4054be37f,wrong,0.9,地名未翻译
bcf0d4f3dddfb939ed37,minor,0.85,直接翻译了英文
35144cd5792a4de3abe4,minor,0.9,直接翻译了英文
2de4192e61c0b5f978f6,correct,0.95,
4e8225430d8edc5ec256,correct,0.95,
4d535df71618509e735f,minor,0.9,直接翻译了英文
6bec8d870fcfa643e892,correct,0.95,
1ee790f73dde7ab5a518,wrong,0.9,方位描述错误
e042efff23853193bd6e,correct,0.95,
ad7b0e7ddba853a8b1ae,correct,0.95,
b3c275786d29f861b8f0,correct,0.95,
79f270191645ad5f0fe2,correct,0.95,
661212efab7422fdfa20,correct,0.95,
46e790badf47143aa05a,correct,0.95,
9ecb12132cd78d6d8819,minor,0.9,直接翻译了英文
849bb54a012c0e7dc044,correct,0.95,
7ac2ef975b5824479cc0,correct,0.95,
8c3fd03ea0e9cb25493f,correct,0.95,
41a811041fe55e9d1bed,correct,0.95,
256e69a0da7f049422ee,minor,0.9,直接翻译了英文
0b3bcf9bededa3c946ac,correct,0.95,
c4dd6abc547c80cd3c3e,correct,0.95,
4829c49d93aa85fbd6e3,correct,0.95,
270dec546cceafe63ecb,correct,1.0,
55561567cdc282342cb0,minor,0.9,数字不一致
31d31f63626b9c6d31a9,correct,1.0,
1978cd978c2ddb67d171,correct,1.0,
5fae937c53451ec33cbe,correct,1.0,
9fbd8f1dfab5937b92bd,correct,1.0,
b2524839ae2c6253ca7b,correct,1.0,
fd4edfb9da28c56d1ea3,minor,0.9,专名不一致
de393f2623b2a79608d8,correct,1.0,
9820d944f11e32b57771,minor,0.9,多余的句点
235c810778a14d273e6e,correct,1.0,
e9f796d99c5dce50e3ae,correct,1.0,
a5849f97ca6eeac5e521,correct,1.0,
0d56855f7921083bfbcd,correct,1.0,
ab3bf505c3ce2d15b7a9,correct,1.0,
046c8846b338a0a03dee,correct,1.0,
b6b78c87d83e59e3a620,correct,1.0,
6a6fc745348215e136ae,correct,1.0,
fcee239f94ff740a7142,correct,1.0,
e1e16882df951613f833,correct,1.0,
1979e6a588184dc697c8,correct,1.0,
c310dbd3c7f87f2e2092,correct,1.0,
5db2ed3a1de4e27947ed,minor,0.9,数字不一致
849df32e94c97152c346,correct,1.0,
bbd026dcbb58878679f9,correct,1.0,
d595cf15ae027d359e36,minor,0.8,措辞略有不同
7cb85a89f1e584924949,correct,1.0,
7c03ca06c66cfad2d875,minor,0.9,措辞略有不同
c8cb22ba6ae196c59505,correct,1.0,
c85aaa604efa9463ea74,correct,1.0,
67fe7c7f3a38d9e18cae,correct,1.0,
dfe623a8f9316e1b4b8b,correct,1.0,
0162261327529af77316,correct,1.0,
0a028bd45f36e13e66c3,correct,1.0,
4b51b4c6be2951254f8e,correct,1.0,
ea8258d1d113bb09df30,wrong,0.9,单位不一致
c74c92d4e8cce59b9dde,correct,1.0,
22e87e95b0bb6c49986f,correct,1.0,
13d74eeaf7e5ad99bf67,correct,1.0,
917f6e7caf3603bffdba,correct,1.0,
d531424cb1d2a9b9396e,correct,1.0,
62c22fe5d4e2c3c04311,correct,1.0,
62908a438ee70e514d74,wrong,0.9,含义明显不一致
ae818f052db49b6ef236,correct,1.0,
a6b0b9131c9201c85351,correct,1.0,
c8807cb67c3322235374,correct,1.0,
c3e013cb1dae573d6d52,correct,1.0,
6169378c1a169183a3ae,junk,0.9,噪声、乱码
49f3d66338e28cc3802d,correct,1.0,
21171fc4512c0f112a1c,correct,1.0,
e08e0a8a087804a2619a,minor,0.9,轻微措辞问题，'g'alaba qozongan birinchi ona va g'alaba qozongan birinchi aborigen o'yinchiga aylandi.' 不完全等义
92d2613ea7d602bb0d0d,correct,1.0,
a4e9e55a5bed0cd14324,minor,0.8,句子结构稍显复杂，但基本等义
e55fb27062137149478f,correct,1.0,
a80977e877f063e93edd,minor,0.9,yarim himoyachi sifatida 应为 yarim himoya sifatida
de8f5c91ab16a19e1678,correct,1.0,
fc5e92af58e573573787,correct,1.0,
78f18438be37f0c2ed8a,wrong,1.0,数字和单位位置错误
501b82721c43f5d837b5,correct,1.0,
06294445883c3ce8c2d8,correct,1.0,
53a4f01be15b763ae22c,correct,1.0,
84da435ef137a7abab02,junk,1.0,表格碎片
f8ce9f009683b43fffd0,correct,1.0,
2a0020e04a1baa9f584c,correct,1.0,
733bc50761f4d8fc80be,correct,1.0,
71122377cc061c271b89,correct,1.0,
df4474c843e5475f8c29,correct,1.0,
50baf53edf3c34d40a58,correct,1.0,
aeb04e8d41d84cf9b73a,correct,1.0,
a95d546e8d3b2ae2223d,correct,1.0,
c82a9fe3c69a9853155b,correct,1.0,
4eb0fb005fde04eb0886,minor,0.9,句子结构稍显复杂，但基本等义
cf9f95e34a403bf148e1,correct,1.0,
fc3fb2b61d652ac4eb30,correct,1.0,
63f227ec7461a52386d6,correct,1.0,
77f838e46c4598104d62,minor,0.9,专名翻译不一致
6ab1e58b1fe4b7e17b2b,correct,1.0,
cc0e1bd16fb0d2cd5d47,correct,1.0,
ef915f70414772b95c66,correct,1.0,
5cdf86676939c03372e6,wrong,0.9,百分比单位不一致
731b2f8b30dd75031b85,correct,1.0,
5fb7e73cf9d1b6c508c7,correct,1.0,
702b3a50a55365784413,correct,1.0,
90176433a4d0087ba8fe,correct,1.0,
a45e946b9e0667502114,correct,1.0,
3494adf25a76169844a6,correct,1.0,
489199752b2894660a5a,correct,1.0,
c19c43bb71b3c5a479db,correct,1.0,
bbd9150437044a88c8a5,wrong,0.9,职位翻译不准确
0499ce02f8489d81d8a9,correct,1.0,
67d07801335b3b518fbd,correct,1.0,
82f7dbc40af23715b5ba,correct,1.0,
fb35eeb5d615f08804f7,correct,1.0,
e42b81754169331030c3,correct,1.0,
d0d03b6140d422dd0562,correct,1.0,
73602f80dcad758a7457,correct,1.0,
0b63dda62800d126ee50,correct,1.0,
fe52a36953a53e9c6163,correct,1.0,
98f3a04c5bd809e921e2,junk,1.0,句子结构混乱
4315467633f1e97f51d7,correct,1.0,
2cdc852486fe03c5040d,correct,1.0,
02a2737464699ef27d49,correct,1.0,
09af4038616b09b3f6a7,minor,0.9,Matsushima 被翻译为城市，但原文是镇。
9c1a6ed90c1c139f2b8e,correct,1.0,
7bed5944d06790af1426,correct,1.0,
dd58edec61150eae6ee4,correct,1.0,
1a224dec63f8879fcb9f,correct,1.0,
4c6a2990c82e75233d65,correct,1.0,
ce13ca70851338b25110,correct,1.0,
7d59375b88521d4e71d1,correct,1.0,
064167d33085e86baf40,junk,1.0,乌兹别克语部分未翻译。
89470271c7beab1c53e5,wrong,1.0,引用的法语文本未翻译。
1596ee02f46840b55426,wrong,1.0,引用的爱沙尼亚语文本未翻译。
84ff66ac2e00677e8c0f,correct,1.0,
5e9ae284386fb0ef823e,correct,1.0,
6bb2e91c5add13a16620,correct,1.0,
c5ca4eeb4e8b29c43e50,correct,1.0,
7e3503d75687ea454e35,correct,1.0,
7a803d94fe38cf377cbb,minor,0.9,高中被译为“oliy maktab”，应为“maxsus maktab”。
bbb750e2a90b8b41c629,correct,1.0,
3b408982aebbcdf0661d,correct,1.0,
d97a9170520b6671908b,correct,1.0,
8d1ddd0b7b8d3c0d8e16,correct,1.0,
88d7727d7f2bf404998f,correct,1.0,
29bc7b7bec9a03885908,correct,1.0,
5f7358d68eff8b154af0,correct,1.0,
3568ae8a7b63c451bcbf,minor,0.9,轻微措辞差异
980e430b7d6d7593cbc5,correct,1.0,
a692c2b7949a94921b2e,correct,1.0,
2d14357377b2ddb2513d,correct,1.0,
6c9b2c47207dece58609,correct,1.0,
b4c39d27f9aacceed7d2,correct,1.0,
e5e83879da9ad4fc3e13,correct,1.0,
a0848f0ed36e483d7e99,correct,1.0,
319f8db9a4cdf240c72a,correct,1.0,
579a5b0048d80311b1af,correct,1.0,
360c5fc2ae9c5a826e4f,correct,1.0,
94e5bf0e2699a8ad362d,correct,1.0,
784bbe28569ca446377c,correct,1.0,
0fc10b16ac132226a479,correct,1.0,
626fcc991fa0e0003318,correct,1.0,
5cd34d7d91495ded76f2,correct,1.0,
391900859e427cbf04b3,junk,1.0,列表碎片
45a2603b87dce3e14045,correct,1.0,
0bf01db8f7a848036493,correct,1.0,
07e066fce35ade56dce5,wrong,1.0,含义明显不一致
8ab8051603ac860cceac,correct,1.0,
35e2ec191cdf950a199e,correct,1.0,
fe1f0b4142c33dbcc325,correct,1.0,
9f84f312cf363c4105cb,correct,1.0,
f1117e64d164b9c59289,correct,1.0,
e4c74747bf5814b9f8b7,correct,1.0,
e78469b89bd95ea7a423,correct,1.0,
566362ee58944608a72d,correct,1.0,
aea0c6f7c0bfc5c54cb4,correct,1.0,
5c84f0f60e1f20354fc3,correct,1.0,
dde2d824950385817098,correct,1.0,
7113fa5ecb4d72d3b3df,minor,0.9,地名拼写错误：Ohio 被误译为 Ogayo
085a6a5235b700b03183,minor,0.9,Miyama 应该是镇而不是市
6dbec28753c656ce0445,minor,0.9,重复使用了 Levrone
033fee71d9eef365e2f4,correct,1.0,
3050ca7f23d349a6ea04,minor,0.9,荣誉市民的表述不自然
8c0e9efe190d5b9a8f20,correct,1.0,
469e43bcaf465b976208,correct,1.0,
d9a3642028331afda669,correct,1.0,
d2dae6150ae962260ca0,correct,1.0,
4443f3fb1b9bd25c471f,correct,1.0,
f757b4c939f351993a36,correct,1.0,
80fe7ea5ae635e316a8f,correct,1.0,
d5b2971ad5de7672f5fe,correct,1.0,
d93e36f6fe6ea951230a,correct,1.0,
ad4ef1a54cee2c60d408,correct,1.0,
789c309afb87b043cb21,correct,1.0,
ef1b121da62a0f1437a1,correct,1.0,
dc7fee0d0a290778d2bc,correct,1.0,
9bf8c74484fb4030012e,correct,1.0,
c3b4ddccf0b6b4e709ac,correct,1.0,
8ac89a91606c00fb65aa,correct,1.0,
8b8521bf74a8466bc444,minor,0.9,轻微语法错误
2aa5eb2b00880d1847ae,correct,1.0,
9424acb89998227384be,correct,1.0,
4f9b17feb2be7a953ead,correct,1.0,
c14b06a199bdc6168902,correct,1.0,
59c1d7bcc39f3fd8d49c,correct,1.0,
dc81fb235973ff533a25,correct,1.0,
3b3b1d88710bea1ea6f4,correct,1.0,
194d56faa77f489cd643,correct,1.0,
6bab06e68630ff1dfbb5,correct,1.0,
629814ec289b4b8206e9,correct,1.0,
d2fddd831eb5abc2fd50,minor,0.9,日期格式不一致
c234365411a439469b3c,correct,1.0,
6bcac95be3f470dac1d9,correct,1.0,
2201485d76610bff8b69,correct,1.0,
e434c1d6e6caf698a481,correct,1.0,
5e523e7816de7a7ab30f,correct,1.0,
2e71bfd405683d5e50af,junk,1.0,列表碎片
a224b3851642ea1b1506,correct,1.0,
96d01adc5fe279de0408,correct,1.0,
6ad76475ee5340763d7e,correct,1.0,
0e58ace00ada0261f071,correct,1.0,
2ed26a165fc257ad54ac,correct,0.95,
26b52e68fbb05cb17fdb,correct,0.95,
be6e6b9604b09ff7fe38,correct,0.95,
feb7036a996381a8aad3,correct,0.95,
e4d664111a84af586b31,correct,0.95,
203235290dbcef45e4af,minor,0.85,轻微语法错误
b6732e994685dbee440c,correct,0.95,
8c750e928c45d73c947a,correct,0.95,
a64a5e01351e1280ab37,correct,0.95,
c66af36c7b8ebd84d086,correct,0.95,
50ccc942cac64106cde1,correct,0.95,
2a9d2ec35e5bcf67f11e,correct,0.95,
90c5840cc4d1640071a3,correct,0.95,
e84e9b155032647d1511,correct,0.95,
a12a9d2bd14651ad5433,correct,0.95,
d92605be60e76f10d670,correct,0.95,
8061b51c0e72b6bf29af,correct,0.95,
175cd9d849e8ff3bd0d4,correct,0.95,
0da9eecded0f44f60ab9,correct,0.95,
b4d94b927256fb9f1660,correct,0.95,
32ca7389cc2114b8acbb,correct,0.95,
5d12b05beb9fdb99047a,correct,0.95,
29ca902c4d1fd2d0dfd7,correct,0.95,
66b62c2c4dfa09829fd8,minor,0.85,轻微措辞问题
fb695e9f154684e2c672,correct,0.95,
e8cb669a480c494cffbc,correct,1.0,
211522c710d6817bc1b9,correct,1.0,
db294f425782abe42bb5,correct,1.0,
77f8fca783f00fe5b356,correct,1.0,
6911d3fb847c5b2ff5af,correct,1.0,
ac5e2ac49fc7ee1f5025,correct,1.0,
25c3442fc9ab906504d7,correct,1.0,
e6c332ed31260c51fa66,correct,1.0,
309948e3de53711e3e78,correct,1.0,
1c367a540112f2d2e230,correct,1.0,
7f51ecbed5f80794f5c5,correct,1.0,
006b598da325a3b86437,correct,1.0,
bab680da99e99461b067,correct,1.0,
0efc711bedb9205b62bf,correct,1.0,
efbda703136f8865e0e5,correct,1.0,
c50301919dc5ade4d698,correct,1.0,
beed6273a49683e14690,correct,1.0,
085283caee044b5a0c84,correct,1.0,
d1c8ad0307fd415ad917,correct,1.0,
70cb0df73c6a364494bc,correct,1.0,
4e3e6adb87489e79e752,correct,1.0,
72d28e4ec1d1668fe0d1,correct,1.0,
ef45cd2c6f91eae9e81c,correct,1.0,
2a7cf679d38c2d5310bb,correct,1.0,
a7c189c672a9b3eb0afa,correct,1.0,
85ecb23d81ca7a19c7fc,minor,0.9,缺少'Hard (i)'
854566ffc25266260c00,correct,1.0,
e2bbd47dac84d10b6c5a,correct,1.0,
1db96ca29697e3d3d3e1,correct,1.0,
8a94f1fcc37cbf416fce,correct,1.0,
89c0750ad4944a6993f8,correct,1.0,
301b50436410ec7f6a21,minor,0.9,重复了'kilometre'的翻译
9f113beba5521c1f34c5,correct,1.0,
23b6af95e3b4b684172d,correct,1.0,
5d04a3f7f1b3e8962574,correct,1.0,
898d66f270c737741967,correct,1.0,
a75c3949244ea26dbe7a,correct,1.0,
286a05005cc2b3c8e696,correct,1.0,
1b6cd66ce855d80f61ac,correct,1.0,
6a8e3f7e7018d7f73229,correct,1.0,
77989029e799c96d4cc2,correct,1.0,
fe8172c28455566f6f00,correct,1.0,
e5a88bb6a7cd181dbdf9,wrong,1.0,单位不一致
867ed84d9f0995c74733,wrong,1.0,含义不一致
2d3a6e2f6ba1e2ef5b2e,correct,1.0,
547fc06ce5f415ddb149,correct,1.0,
2123b47ea97db24cdc80,correct,1.0,
db049151cbea14173c17,correct,1.0,
bfd5e4e2337aa8fe86fb,correct,1.0,
24b1bf17aa4ace30463d,correct,1.0,
a691e9fe383b0960daf0,correct,1.0,
b69a6dac7c9b6e46b688,minor,0.9,专有名词未翻译
5f23a805a25ca69debc8,correct,1.0,
fec3f57a6dd0af606c13,correct,1.0,
37b9ce3aed8cfab51356,minor,0.9,术语不准确
c9e386fed58a049ac413,correct,1.0,
c64c74cb8dc39192beb5,minor,0.9,专有名词未翻译
3154bc8288bcc5f8f1ac,correct,1.0,
7543dbd1fb15be0407fd,junk,1.0,模板残片
385f9a7f912f4e1dd64b,correct,1.0,
769c1c2f150b393317e0,correct,1.0,
109e1325f0dc434cedd1,correct,1.0,
12ba26a139f9deaf4fae,minor,0.9,专有名词未翻译
742c21113d47d114a53a,correct,1.0,
c1bc3e674eeb9103ad3b,correct,1.0,
4b6d4228f8f2a8dd93b5,correct,1.0,
1922d5e501c6e440a0b5,correct,1.0,
26234b918ad6f5605c0f,correct,1.0,
a047bba7967174502306,correct,1.0,
e0a3441ff3692d89b3b8,correct,1.0,
7755a535a4b1d4e4332f,junk,1.0,模板残片
0d05de4501da053aacc7,correct,1.0,
c8c0eaa39cbb5c9d22e4,correct,1.0,
0608a46d4dad69377343,correct,1.0,
50441e9a7d8842f674ab,junk,1.0,模板残片
dc8b092440b252950c4a,correct,1.0,
fe9a6d1f13ce2f57f789,correct,1.0,
3ce080a0e967928dfead,correct,1.0,
162ba799a8d84e3babf6,correct,1.0,
7358a146df8c17d1f6e0,correct,1.0,
33f790048a7a0791bb59,correct,1.0,
97945e2187c30bf2780d,correct,1.0,
0e49e5fb5dfc8071cb33,correct,1.0,
4e389d1d786a5a96f2fb,correct,1.0,
1ded8afa5644e3782867,minor,0.9,NSCAA ikkinchi All-America jamoasi bo'lgan - grammatik xato
70b6ca08a25cef800467,correct,1.0,
3f8cd0f02fbe12082fe0,correct,1.0,
6c7d4dc24abeda819d4b,correct,1.0,
03937a8f5f89050b3690,correct,1.0,
a2682b785f48c04923a0,correct,1.0,
66e7a56761f481f7d685,correct,1.0,
314d58d9a33fffd279e7,junk,1.0,列表碎片
ea640bc5b26be6a10a6d,wrong,0.9,语法错误，句子不自然
4f352b6d597e8a381356,correct,1.0,
e24f54575e1008e700d3,correct,1.0,
69202de57776ad32ffd4,correct,1.0,
9d0de8ca52d613df42e9,correct,1.0,
71cc729155cd7a3750ff,correct,1.0,
732493b6d45477a1c682,correct,1.0,
e12e12386e77085929d3,junk,1.0,模板残片
0286aea82b0b45f892d1,correct,1.0,
84d33a72927877d648b2,correct,1.0,
256041f6f8139ab10bc4,correct,1.0,
99537810a529912a511f,correct,1.0,
1e77b4d0389a078f0ff0,correct,1.0,
edf73bf23a069546a5b6,minor,0.8,'yozdi' should be 'yozib olishdi'
215272c4e758d84b9536,minor,0.8,'shahri' should be 'tumanida'
d1d43dee56b145fcff89,correct,1.0,
7c52ef5c0b8101cfec61,correct,1.0,
f7749b7834dfe21158f3,correct,1.0,
549139f1b1a4fa5bb802,correct,1.0,
51a68a7ba46d7a9d7723,correct,1.0,
fba7f5ade2edde138910,correct,1.0,
5b9039762b4948a3fdf7,correct,1.0,
3346128a17c93632dbb7,correct,1.0,
e2f2029c8ae01704ce9f,correct,1.0,
7ee9ddedd59ec54a63b8,correct,1.0,
77a9ad7da32f777abb40,correct,1.0,
4bc364095e959f466fe4,correct,1.0,
7789f6562c6ebcc46f75,correct,1.0,
b86cf4b221f2f3c5601b,correct,1.0,
cb734d6d56f97131b11a,correct,1.0,
cfd40bf03fa08ff56147,correct,1.0,
3bcc3693582ee08f5590,correct,1.0,
09a949d9a6d2f3303024,correct,1.0,
8edca0f1bacaa56917da,correct,1.0,
cbc0574afbfbd7604600,minor,0.9,ochkolar 应为 ochko
c89e606e7f9df3d2648d,correct,1.0,
18f167b669b792670bd0,correct,1.0,
3cbf8a9233d8d37d21b3,correct,1.0,
046fb08e6ab1e74f4802,correct,1.0,
cae697c3708d87e9c0d5,correct,1.0,
98931dc287cd88b414f4,correct,1.0,
de98660145af9e86a0fa,correct,1.0,
46c2875df8578255e69a,correct,1.0,
05cf59a711f5defb368a,correct,1.0,
6ea13441e94aa3b2fffc,correct,1.0,
b7b7586f547adb4e58c5,correct,1.0,
1b7d68453a29f7c08d53,correct,1.0,
4f51517b4ea256a5d5df,correct,1.0,
3641391b7510b3980984,correct,1.0,
cee61e0e47499d6a3114,correct,1.0,
29a6ba4cc79cc4a4101e,correct,1.0,
7e8893bcafb8f6b45bfb,correct,1.0,
468944d86c3a9f69851f,correct,1.0,
4ba8ee52cdd53d68d264,correct,1.0,
94e74e8ff1c970907bd4,correct,1.0,
2b7963a074a13e81b3e4,correct,1.0,
f5b2696173ccefe708c6,correct,1.0,
3da446a8b1871a72556c,correct,1.0,
8b71c6f3aecf0f1cac52,correct,1.0,
00036195cdb5ceb064a5,wrong,1.0,包含非乌兹别克语内容
547ff3f1987fcb61978b,correct,1.0,
2ca1156c816ee13802a8,correct,1.0,
aab1ede8b808f072fa71,correct,1.0,
a5b93e34da3e33cae4dd,correct,1.0,
6e7f8c8f91f6e58da0ef,correct,1.0,
a9de106134ecf61bdf36,correct,1.0,
78a184797621fe3660fc,correct,1.0,
44b97783ae9dd56a05a6,correct,1.0,
8f20b46da3df94016440,correct,1.0,
d77f59b8032cbbd18f18,correct,1.0,
c5f4fe0a9a95e2fe2f5a,correct,1.0,
38da9db79b9b55e8ba3b,correct,1.0,
55d7c7d594c83674c3ac,wrong,1.0,包含非乌兹别克语内容
8bc2c6e6b3f4ce75076c,correct,1.0,
942a3d5f023bd1fbf546,correct,1.0,
ee1c57fb01cb04930dff,correct,1.0,
9ef5f4b29992fd94f26b,correct,1.0,
26bcc815dccbb2796cb6,correct,1.0,
cd6ebc99d708b7c2549f,correct,1.0,
0ca448ae70575fdddd2d,correct,1.0,
05e6f5ee8d399d8f9a8a,correct,1.0,
3f2523731f470953dffd,correct,1.0,
d9e95a7bfcaa48dfe62f,correct,1.0,
8e1bdbcdd6ceae1de2a5,correct,1.0,
d00b4da0398b951d7e5e,minor,0.8,轻微措辞差异，'homiysi'可能不是最佳词汇选择
e412c936b4f31300b5f0,correct,1.0,
21b29550eccc1fde139c,correct,1.0,
e93e57c9b3394accd4ee,correct,1.0,
dc5f4644e4556b008c78,correct,1.0,
fa89bd0af6a029e542cb,correct,1.0,
5ffebee90b403e7e5e0a,correct,1.0,
b4d0245ba17fc0d5f31e,correct,1.0,
2f6a2da1e8251a45e89c,correct,1.0,
fe9eb0477a73a1d9d4c6,correct,1.0,
0e666fdd9641e744bb49,junk,1.0,重复的英文内容
1f0316a39d65c99d3527,wrong,0.8,专名不一致，'gange'应为'Gvandong'
b414f681e0e960143bc6,correct,1.0,
703afc0db4bb3d79b401,minor,0.8,轻微措辞差异，'qisqa gol'不太准确
6a814992d9207f366b2d,correct,1.0,
ade85a36c4cdc7146407,correct,1.0,
c1f4b8e0357f26b7bd87,correct,1.0,
06551815167cb7545f7d,correct,1.0,
fbe4ef528e92da3bd061,correct,1.0,
e4364fc26b96f8c59b7a,correct,1.0,
47f169a909899085710b,correct,1.0,
ecfd2558a8549796b93e,correct,1.0,
a09cc421688f6ce3e9ba,correct,1.0,
5c027855e74d21fc0db1,correct,1.0,
d5ee543c11db04e53e82,correct,1.0,
5a9365fd7e1b04c9eb3e,correct,1.0,
0d049bd348b47bcb0240,correct,1.0,
7cf98a6719936e5a467b,correct,1.0,
285bf712d46e300842ad,correct,1.0,
412aabdfdf2ffceedc56,correct,1.0,
d4bc1b30b1aeb9088dcf,correct,1.0,
8e18fe6d18e7c1502a8c,correct,1.0,
9504eab0f07b4d92488a,correct,1.0,
f2837a3480a25725b7cc,correct,1.0,
bcc1b4d32c0caa503ee3,correct,1.0,
a9f716050b045151506d,correct,1.0,
5cf1ec4020c155543c0a,correct,1.0,
f5820ba311194ab1bdfe,correct,1.0,
b7421bf7eaec970347b6,correct,1.0,
fd85c36abc9ee5a7beae,correct,1.0,
867f4bbe72ecb0782134,correct,1.0,
a61e21a078b5d8afbce1,correct,1.0,
8a42c6ce6f2095630894,correct,1.0,
3dc13bece94427657dda,correct,1.0,
b869da7d1a63a8f379bd,minor,1.0,时态不一致，原文为过去时
a10e05654a037538ddce,correct,1.0,
2a074b3069574e0c28c5,correct,1.0,
6e08f08502f85f1ae59f,correct,1.0,
9b604a2fe85f1172a411,correct,1.0,
0c8f7c122e4e850c5ebb,minor,0.9,tomoq (throat) is not a common term for throat
2c8177730c055066b885,correct,1.0,
557ceca1fb7f78a97105,correct,1.0,
8557c2946423bf0851c0,correct,1.0,
28af6685ebbdd898fa5a,minor,0.9,missing quotation mark at the end
13aefe992d23c0969201,correct,1.0,
2d46871a1145a2d2627e,correct,1.0,
95774b5bc600b31e21d5,correct,1.0,
cd28e4e74ed2ccc86732,correct,1.0,
6f0e28a4d7d5690d445d,correct,1.0,
e25ed67830d3b33acc3b,correct,1.0,
df341bcb86a780f5dd72,correct,1.0,
866cb6b1f31e315f7376,wrong,1.0,Marc should be translated as Mark in Uzbek
8445cdea8c8dfa926e05,correct,1.0,
adc2a9f5022de84f926d,correct,1.0,
859ea8e47deb7b5c3f24,correct,1.0,
83fe5c86f9d2253375d2,correct,1.0,
c22e13f71bc1364b51ec,correct,1.0,
ac2a428fcd6e4c9e5f88,correct,1.0,
bb36509dce59d064d927,correct,1.0,
652d00688c8b364cfea0,correct,1.0,
fc184abce149ba0bc5c9,correct,1.0,
570c8123bc75300be1ee,correct,1.0,
d63585155689c3947ff3,correct,1.0,
249a5c1bdf8d60cbd448,correct,1.0,
b89a2b0e51968e7f5e6b,correct,1.0,
df19d537c99578cb1824,minor,0.9,缺少逗号分隔日期和句子
67f60bc39f9c8b48f665,correct,1.0,
664be9fc7d24163c493a,correct,1.0,
7821c20457f5a5e50598,correct,1.0,
3c15ded8033ff309cb44,correct,1.0,
e450381403e460672197,correct,1.0,
dc2869241cfcafee8408,correct,1.0,
04684fd67cb37ebaa7c4,correct,1.0,
75c13d6f95cebfdcc225,correct,1.0,
a337c3b2fa2548085a2a,correct,1.0,
03a38d586c2488d26e88,correct,1.0,
7bc557be1a98abee6a0f,correct,1.0,
e7a70cb0322e7d5e4c65,wrong,0.8,IM应为IC
a312a77bd78d77a27264,correct,1.0,
833c026a66d7e090860e,correct,1.0,
f31f149f2fefd743e94f,correct,1.0,
e49adce6221ab0827e56,correct,1.0,
5ade5bad58fd5a68f831,correct,1.0,
fbaeb994131ec9aacdc7,correct,1.0,
1eb70c4453982ca0417e,junk,1.0,列表碎片
56abcad39eac25a56f78,correct,1.0,
fd44253eb40b24d1407f,correct,1.0,
759246ef942ddf599b3b,correct,1.0,
6ef75710a1a8bbc00c5b,junk,1.0,模板残片
da13e67123bcf3a67a27,correct,1.0,
dc90f2a59c89f076752e,correct,1.0,
463d4fedf18faf20f620,correct,1.0,
9b9cd809e0c257f8539b,correct,1.0,
794fc6448a4e9c5f5980,minor,0.9,出生日期格式不一致
fc472850591e8d439adb,correct,1.0,
eac25916be0f01b4115f,correct,1.0,
11e5c656bb54dd4ed2b4,correct,1.0,
5875968cdd1105eb1a9e,correct,1.0,
b8a4f89783bb80b2fb18,correct,1.0,
d204465497175cf3079d,correct,1.0,
7cb2b7ba3db8795dcb7f,correct,1.0,
f0aea62fcd532fb25ef2,correct,1.0,
9efb4a76e008226969a1,correct,1.0,
8ae337d4e26f7003d5a0,correct,1.0,
a8ef8b5885509bd3b21e,correct,1.0,
95cd7437bf3fd47ed3b0,correct,1.0,
f4bfc328a91605872466,correct,1.0,
15bd04a25edfea96103d,correct,1.0,
bedb1ac1b957f98de18f,correct,1.0,
a77c5f4595811204a6ef,correct,1.0,
52ff4c1eda71c696fe45,correct,1.0,
29e3255cdd0e98b84da8,correct,1.0,
1853a68584fde610f85a,correct,1.0,
70739715b234a1c49e30,correct,1.0,
728e58419a52aa4440b2,correct,1.0,
2d5173d829821c3773fb,wrong,1.0,专名不一致
3f484fd27b4696e42541,minor,0.9,直接使用了西班牙语原文
1e7d6846c8dcd7b2e0ea,correct,1.0,
1494e8ca6604feb3f84f,minor,0.9,地名翻译有误
3d737f662aee07d903b1,wrong,1.0,未翻译
3fb40ba96ecafcbb274a,correct,1.0,
9af92aae1ef2bd24aeca,correct,1.0,
f0366839aadf063c1d57,correct,1.0,
7a468dbec27c16159bfe,correct,1.0,
9dd470c8e76546d2298b,correct,1.0,
5043b2d0ae221faf8510,correct,1.0,
57961674edbfe5f46710,correct,1.0,
299798aa2dea9b3661c0,correct,1.0,
bddddfe48d8cc8056500,correct,1.0,
115cb729354e58d1fd12,correct,1.0,
4d09da292ec5aabef3f8,correct,1.0,
6c8e2b4d646231046a1f,wrong,1.0,未翻译
0f5053f2516d80009dfa,correct,1.0,
f1532cff335fe1f32bbb,correct,1.0,
7318c6bba4616a181d48,correct,1.0,
0eae21e1313ce0e8fdae,correct,1.0,
b22030d3913c80045b69,minor,0.9,作者名字未完全翻译
5a9109f038fee85175c4,correct,1.0,
5575d5dd2d766f1c2d4a,wrong,1.0,运动项目错误
ef72a30674847ef02e61,correct,1.0,
06f2c7cde79cc0a0db7d,correct,1.0,
1bb65ad3bd108d64cbbe,correct,1.0,
19e9477aae4417408d71,minor,0.9,措辞略有不同
ed01650232fed1284c97,correct,1.0,
552cdd770d54eb1be44f,correct,1.0,
d1c10eee8323436fbb85,correct,1.0,
4ba559be04e9e69d3a7c,correct,1.0,
28e32a44b04d29d47230,correct,1.0,
91aa6577575a3bd7e08b,correct,1.0,
be73d8e5080eb4ad6605,correct,1.0,
ccc7969ba510fb86f1aa,junk,0.9,列表碎片
518d58fedaabdc091620,correct,1.0,
19835ef53044ee724d4b,correct,1.0,
0c7271f0711b8b010d74,correct,1.0,
c4877cb4b7740eac5c60,correct,1.0,
9175a043f883fc6ca95d,minor,0.9,措辞略有不同
ed460127205d46082dbb,correct,1.0,
22583997d78c5614fbf6,correct,1.0,
46cc8144fa8a94384fa3,correct,1.0,
c04e248448cd2d51a9f1,correct,1.0,
4b68c56d7e5b963ee7b7,correct,1.0,
12e39da891d262deea9d,correct,1.0,
dfc0d25c979758aeb10e,correct,1.0,
402a230823b782d2293d,correct,1.0,
2ac6f4a80e99855dd8f8,correct,1.0,
3fd42c6c8bedda745f76,minor,0.9,缺少名字部分
8442c5627110132395cd,correct,1.0,
4722a5e1fc6aef961b02,correct,1.0,
6ddb206b43217f63a555,correct,1.0,
f0f92616d60760007532,correct,1.0,
0cf8c26733530664afa5,correct,1.0,
8059d913737b466acde7,correct,1.0,
0ef730f56ddc3e2cbf9f,correct,1.0,
c507521571caac2b5617,correct,1.0,
c09d2c08e081684bd789,wrong,1.0,地毯翻译错误
b2bcce55a24246ebbf48,correct,1.0,
b78f76608bdf96dfa56b,correct,1.0,
a9e2b1f50d95471aeb35,correct,1.0,
f09b2f9aafc61e4ccd94,correct,1.0,
87bf66acb622368a48cc,correct,1.0,
016b32485afc490a519e,correct,1.0,
833509e5885b7ccc9e8a,correct,1.0,
0599337b2d7f93766391,correct,1.0,
01215ee02265a3f56bd3,correct,1.0,
0a91307f86734c13f055,correct,1.0,
115b937e711a76ca3644,correct,1.0,
379ae3b5be46a5de76b0,correct,1.0,
2afdb85350fc8d56792e,correct,1.0,
aa2a41d8c1c8dfc6e377,correct,1.0,
024381e3610312b9faf4,correct,1.0,
d00aa28ed404400d7f40,correct,1.0,
5ec23c4e358ba774fb24,correct,1.0,
9642ebb1db249458d9db,correct,1.0,
2589cd2357ecabd57750,correct,1.0,
d83f9acc0ade68911988,correct,1.0,
af1d12aaacb603a49de5,minor,0.9,措辞略有不同
c14cc79e9acc0091eaee,wrong,0.8,翻译不完整且有语法错误
d462695f39be4b36bfd4,correct,1.0,
d874ea0f309877234ff7,correct,1.0,
100b4eb1f55eb4f31f9a,correct,1.0,
934a2f99d558e77e9ac9,wrong,0.8,数字和单位不一致，且有拼写错误
055b88e1a65ff5b6a38a,correct,1.0,
beb145431793dadb29cd,correct,1.0,
bead26d189a7dab8be15,correct,1.0,
fc9a5e6c9d3687a8f7c3,correct,1.0,
4cbd4e8780b7f38d7827,correct,1.0,
101b3c09e4f839589fe7,correct,1.0,
bffafc12f82a34934a82,correct,1.0,
d0d05bdd4c4f0fd75661,correct,1.0,
d2623a4188ea010d3e38,correct,1.0,
3c7a42ea592393a52767,correct,1.0,
6d3f263a7035e6d1f4fa,correct,1.0,
960b1672221b715a6b85,correct,1.0,
d599a995e4e8f052c8bb,correct,1.0,
bdf1319792d5b397e5d9,correct,0.0,
e24fa1f43bd7bc6d5a31,correct,0.0,
90d887b39e2e3c6bcee3,correct,0.0,
a9a37a23c66f9b063379,correct,0.0,
db48914df5677a62d669,minor,0.0,"'yarim qurg'oqchil' is not a common term, 'yarim quruq' would be more natural"
67c27021ce060fef4a03,wrong,0.0,The sentence is incomplete and missing the word for 'feet' in Uzbek
bb0fefd9958195668173,correct,0.0,
cceacd6ef5f6f886f086,correct,0.0,
1487f1527e01bbe2aaa6,junk,0.0,Fragmented list of place names without context
21ed589c0168d8a853da,correct,0.0,
71fe966ab24f0dcb2bcd,correct,0.0,
8de3d8e3f415834575c0,correct,0.0,
8df4d4deb9e65fdc8ce3,correct,0.0,
f314d70fcf1542bbc886,correct,0.0,
5d75296d2ad31b1a0844,correct,0.0,
e0d0199aec1c7e6d19f7,correct,0.0,
e3d63fe35e2af8e26990,correct,0.0,
2fbe530143e9373fc79d,correct,0.0,
7ee63e0ce8c69895e331,correct,0.0,
a62feb292bc0276d6851,correct,0.0,
6848537e58611060c433,correct,0.0,
711ab8e4fd5cb393c366,correct,0.0,
10b27d6443b7321ee141,correct,0.0,
539033f302ba7c4d0e85,correct,0.0,
818f9e031d3ab72cf3e0,minor,0.0,"Sentence is incomplete, missing information at the end"
13c62a86f60ad8513db4,correct,1.0,
61022c91720bc2d6370a,minor,0.9,专名翻译不一致
4fd70e53b0df32d8a079,correct,1.0,
1d975177451649610154,correct,1.0,
a60c46c887fb9a387f0c,correct,1.0,
9f2c245b66e8f74ae445,correct,1.0,
d6e54d77218b15d34140,minor,0.9,数字未翻译
77ea08d237e54858d472,correct,1.0,
d0eae5bfc97b905ed2b5,correct,1.0,
805eec9f60bd469c61f4,correct,1.0,
2a22495cb8e532148842,correct,1.0,
9eea387fa95ac4a0002c,minor,0.9,专名翻译不一致
562397343c8314933d9f,correct,1.0,
9c6611cdc98dd37669ee,correct,1.0,
f117a6cb0a8a895d41cd,correct,1.0,
7f59fb21d41e8129ed94,correct,1.0,
010249f6f4c6fd1211cc,correct,1.0,
abf13423c4c15fdf378e,correct,1.0,
b5a363743cc3f7a1074a,correct,1.0,
5e4abf6522c1c35e0009,correct,1.0,
670b62ad4773b99d2b41,minor,0.9,专名翻译不一致
5aa2d3df3ed6f03f0fb1,correct,1.0,
31539253517832371ad9,correct,1.0,
e66d622c73a2dbd2f7f1,correct,1.0,
5b7d70f9733fedbbb7df,correct,1.0,
a79af483fd974e9af364,correct,1.0,
d03d0e2a5f3cc8261353,minor,0.9,缺少'Carpet'
10c186cfa2f5e28a0104,correct,1.0,
25a07f3a016658f3bab9,correct,1.0,
ca3a6d1a15fa8f2707ef,correct,1.0,
4a7b696260af8b6327fe,minor,0.8,缺少引用人名字Jessica
617b6df0b18a53cd2292,correct,1.0,
90b82460fa320395c95c,correct,1.0,
728a23d43a7642145a4c,minor,0.9,时间顺序错误，应为'turnir oldidan so'nggi saralash bahsida'
0932d555eed9b82f0537,correct,1.0,
d498dd663f8966ad855e,correct,1.0,
87b7db151a79ce63f2a6,wrong,0.8,Edwards AFB 不是城市
680c6ee57117875193ac,correct,1.0,
8e11286a9f9f907cf4be,correct,1.0,
ac8eeea2c20c61864719,correct,1.0,
19e4356a29e6804463ae,minor,0.9,缺少场地类型'Clay'
db0816d97092368c92e1,correct,1.0,
d65bfd2384dd2b2d2a83,correct,1.0,
a2d3b0d6679bfb2169fa,minor,0.9,出生日期格式不正确
da124655e0e7d3b4aa27,junk,1.0,列表碎片
813f33ac002f1924cfd8,junk,1.0,列表碎片
e233811db781f1ca134a,correct,1.0,
823e09539ed298e2b5ed,correct,1.0,
092458a6bbf499b6271f,correct,1.0,
8c848d6e0f00a3ff8537,correct,1.0,
66138ec5870fe119ddda,correct,1.0,
8b002381eb16dac437d5,correct,1.0,
8250d60365639072a054,correct,1.0,
3c48f9ff16e84ee23b6a,junk,1.0,包含未翻译的英文部分
19e51386db420e57cedb,correct,1.0,
a483b9e1399d60ebc449,correct,1.0,
e0ee2c709f1c7b947d70,correct,1.0,
6a1903f316398b6dd75b,correct,1.0,
30d3448e91dae414a8fd,minor,0.9,缺少“near”对应的翻译
8b1291104764af15522b,correct,1.0,
2a501261e5000790e279,correct,1.0,
4957b30e4c6cf028a188,correct,1.0,
ff96db0ee01098ae79a5,correct,1.0,
9db0b2bd899c05f313a6,correct,1.0,
a3d8dabc924b32ad9ac9,correct,1.0,
0cf8542acef54db79cd5,correct,1.0,
c302ed41950290d8720d,correct,1.0,
0e3e0c00c0d30b24ff6c,correct,1.0,
a4055846cd20097343d9,correct,1.0,
7f271c2a07ed801cf7d8,junk,1.0,包含未翻译的英文部分
9b06751955e83b172cc6,correct,1.0,
a4deadc4e1eddb888317,correct,1.0,
b3b20f3eb74dcb5dd645,correct,1.0,
ad89d756fb7a39dab5bf,correct,1.0,
80f99f33e4cc88640a28,correct,1.0,
8add258078a626d425fe,correct,1.0,
48b807e63d9f75d18ed6,minor,0.9,轻微的语法和措辞问题
a561b411d0c1190fdba7,minor,0.9,专名未翻译
f21e295e6316ec6d9529,correct,1.0,
3d1a71f5f0b102df42a0,correct,1.0,
a4949346050d42ec93d6,correct,1.0,
609431ebfb634e7e517b,minor,0.9,轻微的语法问题
6e42e348bf3ad81758e2,minor,0.9,专名未翻译
c6eda6424d165f81d218,correct,1.0,
9b69e93462265982727e,correct,1.0,
24d30bbea372a19f834b,minor,0.9,专名未翻译
f0be795a4fb39ed23d84,minor,0.9,轻微的语法问题
27e9e72cd3b2ff95e647,correct,1.0,
1c6b505d5c5994b7ec6f,correct,1.0,
75ca355acfef4879184a,minor,0.9,轻微的语法问题
0c887f92102c8377a143,correct,1.0,
a362c083e1871ad28831,correct,1.0,
c6497181c24fef5f6627,correct,1.0,
a2e2e8ff252e165a900b,correct,1.0,
6317070d9bf6db9e9e45,correct,1.0,
15e69274875f3b6317f8,minor,0.9,轻微的语法问题
8ab0b59016aaceb393cc,correct,1.0,
b977de9d38fef53ef34a,correct,1.0,
d0feff7e7f215c63f840,correct,1.0,
7398b140f62c8dd54168,correct,1.0,
4a807ef4ee1a44d29bf7,correct,1.0,
40117f70de93745a4254,correct,1.0,
9a7e5fc046388b6fdd99,correct,1.0,
78f21a0071d49ecb5108,correct,1.0,
6972a5a80202fa040eb0,correct,1.0,
ae084017061e7542f647,correct,1.0,
8b9a83be89be9523bdd1,correct,1.0,
42961e7e885baa3ce2da,correct,1.0,
6f84fcfa61c766b29883,wrong,1.0,Not in Uzbek
2b509438d3e2d0cb24b9,correct,1.0,
f8f5a98a613e4829f7d4,correct,1.0,
e7f7b888e93099ecae10,correct,1.0,
22189f41928a2c533661,correct,1.0,
c971d4ed04aa9dfbf77e,correct,1.0,
f2047faa34016aae3717,correct,1.0,
1e9d50d14db210610833,correct,1.0,
795384499980f9bacf46,correct,1.0,
7b6cfa6444c5dfb9c405,correct,1.0,
6d735a21bc35252c8d18,correct,1.0,
7f6fd143e4a98cc70870,correct,1.0,
5c9857b216555005d6e8,correct,1.0,
e3d55e4c3e199b8e3012,correct,1.0,
859f2246831254cdbd23,correct,1.0,
b7560acb5adda505fcb6,junk,1.0,Fragmented
7c22d3f9fc7747b8b7bb,correct,1.0,
72ffda0dec260fd18f87,minor,0.9,重复的[Haderslev Amts Jernbaner [da]
6bb49821135d98d5caf1,minor,0.8,缺少'Hard (i)'
8d647632ce0b44b72103,correct,1.0,
f87f5909f4efa36b8749,correct,1.0,
45db7e0d38ace5fe4dfa,correct,1.0,
4703c9ae4f2565013008,correct,1.0,
5e4d5d17e84982db31e9,correct,1.0,
8eb95a2973f85f944801,correct,1.0,
b23693a710336f7bdac2,correct,1.0,
7cc55f5dffb97523514a,correct,1.0,
1b838cd8bb660b2f61c7,correct,1.0,
ee3e76ed8971d9fcfe64,correct,1.0,
28952f17d17d61d6c3a6,correct,1.0,
73ed572ee33e36c66f98,correct,1.0,
bf9ab30d42ef9ed01352,correct,1.0,
6a71af0e4de0b1967dc9,correct,1.0,
64e003b6bd6d419196dc,correct,1.0,
34addd5a209304604962,wrong,0.9,乌兹别克语部分不自然且不完整
68b9d083d41b90a10fc7,correct,1.0,
8eb197021906a1d02898,wrong,0.9,乌兹别克语部分不自然且不完整
e66e40be885b78b9b2a1,correct,1.0,
fbc85e8f0fff97a06ecd,correct,1.0,
13455ff0a6016fffdfb3,correct,1.0,
2ba83378791e910685ae,correct,1.0,
e99136a2a878787641cc,correct,1.0,
05c608f9a539965c26fa,correct,1.0,
aedf6d0e2d7e8c443fa1,correct,1.0,
9b0b66e58415e0ff6177,correct,1.0,
4e037e7d5cfba2bf33b3,minor,0.8,缺少了 '改为' 的意思
608fc7409e95111a0ccc,correct,1.0,
24c04f9d02fe4b20fb7a,correct,1.0,
6d6aeb32c7175452f389,correct,1.0,
89bbab08b7254bc2bcbe,correct,1.0,
43ff8ffb804028aea4f0,correct,1.0,
f53623653ed109b44f8d,correct,1.0,
1fb7eff1eabf60b2d29b,correct,1.0,
ce55a421d842d277defc,correct,1.0,
ac6ac7206240491dafa2,correct,1.0,
0fde88089b6ccbf70961,correct,1.0,
74d98bd491b2425617aa,correct,1.0,
dd4216d84c7b2d1ac0d6,correct,1.0,
37ffcc50210ca452d1dc,correct,1.0,
8c8857e631b5a7e923d7,correct,1.0,
4b994a0126000aa79711,correct,1.0,
187b90558367a0636084,correct,1.0,
3e58507d3da865e4f39a,correct,1.0,
28eaa91f254dd74a73ed,correct,1.0,
377e1889c5de2478bf2c,correct,1.0,
1b6d8f039e29301967e9,correct,1.0,
2a841c7d719a41c7a1bc,correct,1.0,
b54c22db849d98046276,correct,1.0,
a2ee9eb66466f939207c,minor,0.9,时态不一致
4d6a1d7d5acd9be12505,wrong,1.0,乌兹别克语中保留了英文引号内容
77f66abd635210037a26,correct,1.0,
80b8fa2506ea87cb4b60,correct,1.0,
dd111d7905b9e5c527e5,correct,1.0,
02d092a23d146a2ddb7a,correct,1.0,
cc5d7d9ac37ed5cf0c4c,correct,1.0,
e79be75dfd4e6c03d86f,correct,1.0,
771c3deaf18d859f11d4,correct,1.0,
17e5a4b3ae0d25374745,correct,1.0,
766cc7cb0749395cd191,correct,1.0,
1daaea6d274bfcda7849,wrong,1.0,年份重复
44b491a364352140e39a,correct,1.0,
711df12cd23a35c1e7e3,wrong,1.0,专有名词未翻译
343292d638c65a890dc9,correct,1.0,
f11369d16e2fea9ee85c,wrong,1.0,专有名词未翻译
08b7b655ca01bdc6db11,wrong,1.0,专有名词未翻译
68e0ff0574329c0fe2bb,correct,1.0,
2ec17254d473d4ec85ed,correct,1.0,
2c04ecc25f7ccd3282a0,correct,1.0,
16f021d96689547a4f69,correct,1.0,
bd44b5def2113b2c9ce0,wrong,1.0,专有名词未翻译
7c2ee14d2cb742c3c389,correct,1.0,
ec3d6a6b6331f8fb23cc,correct,1.0,
0557381fd34b3e60500c,correct,1.0,
7f9b3d0174a299b016ea,correct,1.0,
fbdc184ec541b4993ee7,minor,0.9,部分翻译为英文
dafbd79e0c38f03ee21b,correct,1.0,
5a8d4a2785a15133f3ca,correct,1.0,
5456b3f2411a6850d215,minor,0.9,数字不一致
fb4c6c248371e6ed9036,correct,1.0,
fcc96be606c5d1bb6e0c,correct,1.0,
2fd51ac58c3e45eeb619,minor,0.8,措辞略有不同，但意思相近
0a9e4af19a5e0e1c173e,correct,1.0,
a38d0685f637708b2a69,correct,1.0,
3cc0e014facf08782db5,correct,1.0,
343654eb77fcbaf9a34a,correct,1.0,
6f1b0cb2c6b6ca7a8d59,correct,1.0,
91406de9dd14975e1103,correct,1.0,
cf051e5fa5b07ee08989,correct,1.0,
ad331dec60a478a7e5c7,minor,0.9,日期格式略有不同
388d264e32ee2139bed8,correct,1.0,
a635eee31b48cfca7644,correct,1.0,
0bdb668b732050c54d2a,correct,1.0,
0078387aed75272fa67e,correct,1.0,
8c9fdae6783fd6aafe17,correct,1.0,
a9b4a665443a87e7879e,junk,1.0,未翻译
428cb2d7c1e6d5f3be05,wrong,1.0,单位错误
41cdea34ace3dba1b5a6,correct,1.0,
7d2c5dad578489610165,minor,0.9,轻微语法错误，'birinchi Beysbol Ligasining (MLB) Xyuston Astros jamoasi uchun beysbolchi' 应为 'MLB ning Xyuston Astros jamoasida
95fe76551b11b245c550,wrong,0.9,翻译不完整且有误，'india's no 1 village golden city of Karnataka' 未翻译。
ce475d27038690c135bd,minor,0.8,专名翻译不准确，'sobiq kurashchilar' 应为 'ko'ngil yuritgan kurashchilar' 或其他更合适的表达。
6f317c5c2807567ab92f,minor,0.8,行政区划名称翻译不准确，'tuman' 在此应为 'viloyat' 或其他更合适的表达。
b7d298b60f68de307d5c,correct,1.0,
d6b10d39ac5032284a95,correct,1.0,
3b6e990634c3068feabd,wrong,0.9,部分专有名词未翻译，如 'Prix Goncourt for Rue des boutiques obscures' 和 'Les Boulevards de ceinture'。
5177df34c5a02aaca73a,correct,1.0,
f0ebb4b06144f5650f9d,correct,1.0,
b53660764dd06521a25d,correct,1.0,
f15253a7a39605bf9d48,correct,1.0,
9b83ba4c013815f76cb4,correct,1.0,
27b1b727f1613993b858,correct,1.0,
13dd30097d3727c1cab9,wrong,0.9,球员位置翻译错误，'yarim himoyachi' 应为 'halfback' 或 'midfielder' 的正确翻译。
53d9021fc7934978a1c7,correct,1.0,
c861124e64f3de0b6d86,correct,1.0,
873fc6da67b7dfd16917,correct,1.0,
90e38d8234b3fdb4db13,correct,1.0,
2410db7b06e914daea53,correct,1.0,
7d2471a61dd8cf72187e,correct,1.0,
a4c058736136c661ac3f,correct,1.0,
f87a998248be1b350370,correct,1.0,
b0b8b11fa6c6333f47ab,correct,1.0,
e82244f6c3c58b59b488,correct,1.0,
74fafd1596be1e9632d2,correct,1.0,
9ae3dd5439146ba2dfee,correct,1.0,
da0707d5a68b1b08492b,wrong,1.0,单位不一致
05bd02bcb01f63ab1324,correct,1.0,
6da133306c755d5b061b,correct,1.0,
1920926eae046d8b12ef,correct,1.0,
036277b037d61ae5a71e,correct,1.0,
4b805abb4381cebe5390,correct,1.0,
7d3a10ff871d0d163c25,correct,1.0,
5567366c28db1c85e96f,minor,1.0,轻微语法错误
3f1449ab9ba5097748bb,junk,1.0,列表碎片
b691e9bdc29f98aa7611,correct,1.0,
c547e49f19665e34cebc,correct,1.0,
a41d28fca30db59ef826,minor,1.0,轻微措辞问题
3f24c63ec4dd170cfdc2,correct,1.0,
c79fcf274d8febdc0786,correct,1.0,
a3c3055dbc9845402184,correct,1.0,
8a9ea1fbfec177a2b960,correct,1.0,
40b33795db0b245ba2dc,correct,1.0,
768d261fa964ea1b4af6,correct,1.0,
a2839a35b36c129bf241,correct,1.0,
efd3e296d8f806e3988f,correct,1.0,
d53b192732ac76f01524,correct,1.0,
7414c48fd99576cf8247,correct,1.0,
062e32e6c281c69c3908,correct,1.0,
fd36a8b7f5122fb07604,correct,1.0,
540582c1166236652b9e,correct,1.0,
7031b1d7fec7d8c08e34,correct,1.0,
b936835e1f82592125f5,correct,1.0,
8ea7aa4425aaa65ec6e9,correct,1.0,
b85fabc0afa77adaa971,correct,1.0,
5da279482d09f9abb63b,correct,1.0,
a3169a4b32278fc14c9a,correct,1.0,
964aff46be2e292038cd,correct,1.0,
a3fa68d896179d727f1c,correct,1.0,
fa61a898b694c8115aa0,correct,1.0,
8c16ef29f00d35f60e91,correct,1.0,
1471d10ca58edf1c2157,correct,1.0,
0f4ba8f075f84b8f798b,correct,1.0,
e2e1972389e1d6e3cd44,correct,1.0,
75478729fc1306326806,correct,1.0,
4c03d9dbf1704983a177,correct,1.0,
b873f32edce38b11e36b,correct,1.0,
d6effdc1e7696d7fa8a3,correct,1.0,
6a3202785772bb0b28ee,correct,1.0,
34cc3316098abaa97f62,correct,1.0,
e3e89d633788732286e2,correct,1.0,
7566986717775f3489a0,minor,0.8,轻微措辞差异：'right winger' 翻译为 'o'ng qanot himoyachisi' 不准确，应为 'o'ng qanot'
c859fa7ef124816e6f65,correct,1.0,
d58c8d92c4605ac00ed2,correct,1.0,
33e6762920390ba367e4,correct,1.0,
a342b1d38b36b5bf8ec5,minor,0.9,措辞不自然
1878a4817fec6e02cf83,correct,1.0,
4f7ceede995a3d087231,wrong,0.9,含有外语
5063727536ed0ca412db,correct,1.0,
f574990375bc9c2b373c,correct,1.0,
58aa4ec1392b2f50c66b,correct,1.0,
52b774984d1779a311af,correct,1.0,
ea8ffd71777a3fc244fe,correct,1.0,
bfd330bfc7bcce49dea2,correct,1.0,
de146a5ea81f421ba93a,correct,1.0,
f0e3c64e63e96df3b535,correct,1.0,
faadd292c9e8198ecbbb,correct,1.0,
b95fa0e76bf56861a425,junk,1.0,乱码
fd4280ff2f1a8c2c6159,correct,1.0,
bc1b5e528e5776f85c9f,correct,1.0,
959988bb857f03f6e396,correct,1.0,
ce00af3866557b275b77,correct,1.0,
b93984a16b1ca7ce8a3d,correct,1.0,
47d0820ae61e4e4e4d70,correct,1.0,
71c5b7b47dc0f70ccba8,correct,1.0,
f5c853e196a211276c98,correct,1.0,
360ee3d83ab72234bf84,correct,1.0,
35436478d69c6bd06169,correct,1.0,
7999ee7a386dc69dc2fa,correct,1.0,
c266e1e4d11a33bdee99,correct,1.0,
3b7aa6bf78bfbdf2a617,correct,1.0,
1ccab6657eef0833f95b,minor,0.9,日期格式不一致
4a308604c5687b5d1d10,correct,1.0,
e7cb1129e3168c84ecc9,wrong,1.0,乌兹别克语部分包含英文
728c2292d57905105d1b,minor,0.9,专有名词拼写不一致
f6b4949496c2e7e32d9f,minor,0.8,句子结构和措辞略有不同
9b44e2a90a87c5a1e4cb,correct,1.0,
1d85735b1b12dadc7427,correct,1.0,
9a1e973bd973b78091d7,correct,1.0,
6ec151b109a84ebfa3fd,wrong,1.0,乌兹别克语部分包含非乌兹别克语文字
1b11658ecbe5d7544b4f,correct,1.0,
8e3a859b111de6cb7d06,correct,1.0,
84b6bd2095dfd7b09a73,minor,0.9,专有名词拼写不一致
72f5d1bdc7766ef28727,minor,0.8,出生地信息重复且格式不一致
e2cf427d1a8e9fdff2e6,correct,1.0,
6141e45f20659937533f,correct,1.0,
93e08f604f60076cf606,correct,1.0,
f07e9a36b95a42a0e359,correct,1.0,
dd6c9bb45059b383f085,correct,1.0,
4dc910705bbf74997ace,correct,1.0,
a28101c06ea8025548de,correct,1.0,
8211b35e30bb0eab7e25,correct,1.0,
8e2449b0c30141861855,correct,1.0,
fb9ba18cc9da049dd5ec,minor,0.9,日期格式不一致
116fecdad7464bcbb6a1,correct,1.0,
913cf60f97302c9570c7,correct,1.0,
a4f7f0951af1afb69fa3,correct,1.0,
7710b4e3d79b9f9596bc,minor,0.8,引用格式不一致
9ec420b79372572f8d22,minor,0.8,引用格式不一致
17af21ec81065e9199f9,correct,1.0,
fb60b722547ce7290625,correct,1.0,
7789ec34c3f63f8aba17,correct,1.0,
63b8c5aaa1635f7affc5,minor,0.8,电影名称翻译不准确
d6396cd4a63a110b836f,minor,0.8,日期格式不一致
d9aab886a539deaae8ab,correct,1.0,
02a97f360cb88b5fde4d,minor,0.8,引用格式不一致
17b8a9cea79079c67a4a,minor,0.8,引用格式不一致
6dcf65796a23003f9bbf,minor,0.8,引用格式不一致
d4dff33506629a6be9fb,correct,1.0,
26e4e806750c56596160,correct,1.0,
bfe7b4c317d09adb7ba0,correct,1.0,
7ef77f1ecf4746e08b74,correct,1.0,
b914b6a79a97b629db08,correct,1.0,
407a3dd36a530561782e,minor,0.8,专有名词和地名翻译不一致
705a6c93d7686b5d3095,minor,0.8,组织名称翻译不一致
688141916de9c73a918a,correct,1.0,
642326f493ceee7506f6,correct,1.0,
1f00b6e9cbadf5cffdf2,correct,1.0,
f1a5b47e4f59fd7e2fe1,correct,1.0,
21855cddff09a001de11,correct,1.0,
71a1600c66bd1e40c75d,correct,1.0,
985f1d9745be332cdbea,minor,0.9,NBA All-Star 翻译为 NBA yulduzi 不完全等义
632bea96df2f621efd95,correct,1.0,
322c95bee6f7cd86881a,correct,1.0,
5526a77382af40ee6cf5,wrong,0.8,乌兹别克语部分有未翻译的斯洛伐克语
3e06b4716f0567af5cea,wrong,0.8,乌兹别克语部分有未翻译的英语
67ee5465637e2bff3825,wrong,0.8,乌兹别克语部分有未翻译的英语
0f7267c6eee09dd21463,correct,1.0,
075425ac48700ce6831f,correct,1.0,
7536d9286455ff8dec16,correct,1.0,
9d09ef3e83528ed2a17f,correct,1.0,
87433a2dcebf4591d429,correct,1.0,
767016ebb1c4259ac3cc,correct,1.0,
9bcf1f7e5a2377044645,correct,1.0,
0d83dcd33cd53d165f8a,correct,1.0,
ea9e2e9b21d5f5cf75bb,correct,1.0,
7218113418008c797b83,correct,1.0,
d44219a3fda07d6c35f7,correct,1.0,
83be208ba308e0e03789,correct,1.0,
3bded80227fe694468d3,correct,1.0,
a8b2108172d1ab418f95,correct,1.0,
1725d43d76b5504559f4,correct,1.0,
43555f495dd9ea6d4816,correct,1.0,
ca3359762cf757da6149,correct,1.0,
ecf0eebe192ec34aa581,minor,0.9,Hartlepool United 翻译为 Hartlepool United futbol klubida 不完全等义
559a8696b88bdc0da2c5,correct,1.0,
89c282cb9e9a7c3fdfa6,minor,0.9,缺少对Malayalam的翻译
7d83433a3ebfd8cb429b,correct,1.0,
aacaca360deffa055822,correct,1.0,
105b5c6920f41fbc76ef,correct,1.0,
960d8bf7302c8cbd7fd6,correct,1.0,
fd13662932565411a5ee,correct,1.0,
553dd8524ed6699b3ee0,correct,1.0,
5d5ad2e7e5df86968fd3,correct,1.0,
3ad19db362da2c17c426,correct,1.0,
05925a60834311509cca,correct,1.0,
16e6ec65e1b0604af860,correct,1.0,
1f6b64200cae3a964dcb,correct,1.0,
b8257d385ed5bd22de07,correct,1.0,
110c7ccf71bc0b881b3f,correct,1.0,
b3e605d160ea1c5fe9a0,correct,1.0,
c63ddb44aaff6e5c11c1,correct,1.0,
35d22b8cd142b9dd97a8,correct,1.0,
dcb6ddc36419d865a045,correct,1.0,
bf7a6acdef8a69b78a28,correct,1.0,
c6157637a68f321aac29,correct,1.0,
45e7ec1d6583ff2d2cfe,correct,1.0,
e43362b0b600cb722738,correct,1.0,
c94a895f94e85572db4f,correct,1.0,
65d25b719d3e551a5e9d,correct,1.0,
1ad8a229e3fe07c6ea52,correct,1.0,
f90e84ccaeda40def7d2,correct,1.0,
ffdc1a4dbef0df955172,correct,1.0,
318657d308dcbb3b6007,minor,0.8,轻微语法错误，句子结构有些混乱
c8d13c461d8938b4aa09,correct,1.0,
f15fc2c8237ecf4054f6,correct,1.0,
1c6f086dd6f4d227ac81,correct,1.0,
107e636314b2030b750d,correct,1.0,
3b830ccf26578e4ef6a4,correct,1.0,
0a46fffdba5a2faaa4f2,wrong,0.9,信息不完整且有遗漏
9ac7bd740154eb1651d5,correct,1.0,
f8acf84a4efeb39ea910,correct,1.0,
d202aeb7ec1dd0fd0228,correct,1.0,
3be6fd61188a16cea4e1,correct,1.0,
8c64ac452d9b575e72dc,correct,1.0,
380dfe5c7c83ecc2242d,correct,1.0,
ad6239e6e44f987efc71,correct,1.0,
ac296bd858a0e846e3f9,correct,1.0,
1c9d7f5ec79088c9db16,correct,1.0,
1988be1824d0b06cb22e,correct,1.0,
4b9beaf942775ba92d7c,correct,1.0,
1d82b2533b795a5e6ab1,correct,1.0,
f0a4cbc18b10449522b5,correct,1.0,
63e2e8b25b2a3f5c33fc,correct,1.0,
414b2bf5e1edf60ece1a,correct,1.0,
52dcd19eea649d9b16c1,correct,0.0,
4926da827a08817d8295,correct,0.0,
239d9f254f81df3239e8,correct,0.0,
3b455b318ec9de5c4a1e,correct,0.0,
773b100be0e313770aa9,correct,0.0,
2d8e1f0fecd0943375b8,correct,0.0,
ae3ed621a4637a101a2b,correct,0.0,
8f9a70d51ebfc7e60741,minor,0.0,乌兹别克语句子中缺少俄语和乌克兰语的转写
ca991430e84896f1d939,correct,0.0,
7384980873ab0ea3dfe8,minor,0.0,乌兹别克语句子中缺少'Official website'的翻译
51793d43998c9de671d2,correct,0.0,
504d816e939a90149847,correct,0.0,
eb8fbe86eceeaa9886ff,minor,0.0,'The Shannara Chronicles' 应该是电视剧而不是电影
5be99ba0468bf071122c,correct,0.0,
ed8922f8944a5e9dfabb,minor,0.0,乌兹别克语句子中的句号缺失
00091bad3027f770a411,correct,0.0,
fd1effbfb2490cae6f3e,correct,0.0,
e6fd891d79d5febd32c5,correct,0.0,
dec8b3ff8ff8e854aa10,correct,0.0,
240b95d0d6a20e7e1c61,correct,0.0,
732ae14bede8b54c0873,correct,0.0,
176d7191e893f3e21d62,correct,0.0,
d8857f9f6cb4fcc44641,correct,0.0,
f87a733e180d81cfd55f,correct,0.0,
4e4a424542f64df413b9,correct,0.0,
ebddfa1f2e38f806a9a5,minor,0.8,顺序有误
5e9eb60268c4d49a7d1a,wrong,0.9,语法错误，缺少动词
2c5d2cb766b949ce9a78,correct,1.0,
9462044118d3e933dfe1,correct,1.0,
31d3859c010ba210c058,wrong,0.9,主语错误
f12af1d16f1ac526150a,correct,1.0,
c6072251fde468247c2e,correct,1.0,
3090609c188859341857,correct,1.0,
bece6b4ab2861a4c197c,correct,1.0,
4beaab2f480c0a999912,correct,1.0,
0692145b251a85d4dfa7,correct,1.0,
6168d4a9df701afdaf71,correct,1.0,
4ac8808b4eac1b620a02,correct,1.0,
84be1b5e860193699a2f,correct,1.0,
ad17f6edea26c69510cc,wrong,0.9,位置错误
8cc9482aca4c4e9564b5,wrong,0.9,意思不一致
4734b85dc2fec75539e2,correct,1.0,
37c7d11145a32264e934,correct,1.0,
88bcc93ffd2b96de9788,wrong,0.9,意思不一致
63dae6648a0267f49db0,correct,1.0,
b2956e6178d17b4da980,correct,1.0,
e9dcc7f605097a3372f0,correct,1.0,
a5c2bf3538c620e844df,correct,1.0,
050121bf49b9b37be17a,correct,1.0,
383cd8abd0634d97f944,correct,1.0,
3d40879c41c1a63bc69c,correct,1.0,
39b23431dfc6bd172312,correct,1.0,
0d22fce8c047f2610599,correct,1.0,
b5d07d861074919885e7,correct,1.0,
db90b0d7ec75989a66d0,correct,1.0,
934aab94e138154e3aad,correct,1.0,
bef2f9ec5942742c4ac2,correct,1.0,
2de4010d04e22fd55c1d,minor,0.8,表格内容未完全翻译
bc1db415f67eec45a2db,correct,1.0,
37254dbc1de738cd7ea1,correct,1.0,
d224f49f3652e4808828,correct,1.0,
7a129a84179835950e27,correct,1.0,
6c4dfb0f7e7327ba7285,correct,1.0,
337f0fddfdeb67b1cdde,correct,1.0,
c060628de0e21258c127,correct,1.0,
55d3098a34f71757f7ac,correct,1.0,
e5b4a271a32a36f1985f,correct,1.0,
1765a825647d135a60bd,correct,1.0,
e9dd13869b6d31aed3fc,correct,1.0,
12dc10d06514c5b992ca,correct,1.0,
30065530dcdc199ea15c,correct,1.0,
815e548376881db8c85f,correct,1.0,
fcd48874416a3e080c70,correct,1.0,
c58f5f9de708e5a8be0d,correct,1.0,
c7d35e25bcbc57134436,correct,1.0,
d1883d839fb11ee89e45,correct,1.0,
9c10ef9f0163c1925b69,minor,0.8,语法小错误：'o'ynadi'应为'o'ynaydi'
d0e7700709da0f7ba300,minor,0.8,轻微措辞问题：'shtat poytaxti'应为'shahar poytaxti'
81729557e8b744b374c3,wrong,0.9,专有名词不一致：'Sietl Hurricanes'应为'Seattle Storm'
add7f09bfaf5bc229d17,minor,0.8,轻微措辞问题：'AQSh basketbol dasturida murabbiy bo'lgan'应为'USA Basketball dasturida murabbiy bo'lgan'
3c750c3e763f5ed30ee3,correct,1.0,
1367742b77109dcfc590,wrong,0.9,含义不一致：'Mykolaiv okrugi'应为'Mykolaiv raioni'
af9fbf947ed0b4fd7bbf,correct,1.0,
2c99f81bc6ea9e5ce58e,correct,1.0,
cf5d981f50ad9c50c8e1,junk,0.9,噪声、乱码
0d43de9850566fcdaa02,correct,1.0,
cef83e60dc581d5ea27d,junk,0.9,噪声、乱码
fc8c7239112563d22743,correct,1.0,
849ef53ebb68262724f5,junk,0.9,噪声、乱码
0be503bf50e7ffa09ad0,correct,1.0,
25f51366678c81f4b3f1,correct,1.0,
01432544dd0cf741ac5d,correct,1.0,
359846c4dc8327dceb27,correct,1.0,
f7fb0f5ecb774f7250e0,correct,1.0,
71fd72faf1aa5db62666,junk,0.9,噪声、乱码
7c7d2555982cc96b3e4a,correct,1.0,
0730eef27f1c7d2569e9,junk,0.9,噪声、乱码
ec8667c5b8e63c09fdb6,correct,1.0,
740de792fe351512f21b,junk,0.9,噪声、乱码
3ac8422b7b4ce3a25132,correct,1.0,
d0a7add8a73e437ede84,correct,1.0,
f3dd3cedff9e785e6544,correct,1.0,
0e2921bf72181b518ead,wrong,1.0,信息混乱，未正确翻译
ebe541cac513ad35e62d,correct,1.0,
1e40d3008ff6d92c9fe3,correct,1.0,
e3fd830297d6d0385920,correct,1.0,
c5074b9e36468f0024b9,correct,1.0,
f9e46cf1dee6c7698d39,correct,1.0,
1d5f2b6a334e4284caf7,correct,1.0,
bb609f67226633d90af2,correct,1.0,
60162dbab57703745563,correct,1.0,
5ecdd11d38050b8860d1,correct,1.0,
ac33e5986cf42fd9f485,correct,1.0,
50b13d2f90d3ad4e32ab,correct,1.0,
3036622bff978d05981f,correct,1.0,
bc831a76bff4ee464d2a,correct,1.0,
90ec965843e80ddedeea,correct,1.0,
3a9d37cba595612ecb02,correct,1.0,
7d0885882f3d75530a4e,correct,1.0,
0b606f31eaac363d98f0,correct,1.0,
cf43ae1591640fd57129,correct,1.0,
3229ceb5a3e02a6ed881,correct,1.0,
e7061abbdbdb73c0785a,correct,1.0,
9b840dfdd514a29aa2fa,correct,1.0,
eea2ecc7d8f2c16d93a4,junk,1.0,不完整的句子
e4437eb83e25d9a1a5a2,correct,1.0,
dcaf0f816c91cf7ab7ab,correct,1.0,
65cc67f6dbc1b42c5c06,correct,1.0,
46240a6a04e36ed6d41f,correct,1.0,
41004b9498ebf7cfab6c,correct,1.0,
ee9aa7243ef4963cdc10,correct,1.0,
7bd2dbbd7b07fa5d107e,minor,0.9,职位翻译不准确，应为中场而不是后卫
e70dc28554164ccfe1be,correct,1.0,
2d66bc29f360e14fc2c1,correct,1.0,
c24f12403e929e01cc9b,correct,1.0,
9672b2e475f89db14323,correct,1.0,
56b4f96a5638765007d2,correct,1.0,
b7614ddfc4b61d64377a,correct,1.0,
f811ecf2197d1d46d363,correct,1.0,
90b0aa8432ceaefd06ce,correct,1.0,
024505581a34611a7eac,correct,1.0,
924a709042817fc3c57b,correct,1.0,
eae87adab637878421ed,correct,1.0,
0968e36f7ab6b8be720b,correct,1.0,
914b1ecf307cf1878487,correct,1.0,
cc17cf7db8bff80af1fb,correct,1.0,
84a321aa4353788e596e,correct,1.0,
7a810a90e927d55e7d72,correct,1.0,
04151c5d2ea723277e6a,correct,1.0,
01f0679299468a5e8084,correct,1.0,
2ec6d3dc827de7d7600d,minor,0.9,位置信息不一致
d56c7336e5d61a8741e4,correct,1.0,
40e4b3ad0795806bb22d,correct,1.0,
35057ad0cb64fb08e0c7,correct,1.0,
af0cbb7bc210bb52039e,correct,1.0,
728257a35999bf1a62a5,correct,1.0,
62207e5c0b2085a95f25,minor,0.9,专有名词不一致
6db982921980518c52cc,correct,1.0,
a036931aff959d74a06e,correct,1.0,
39aea6b7ebf61d3c1570,correct,1.0,
bb5601867104019b8015,correct,1.0,
3ee3f6021f7437668415,junk,1.0,模板残片
6e765439804ace529b13,correct,1.0,
0af92564b987defcae29,correct,1.0,
5c407eb0a621df7fc938,correct,1.0,
f520c3f1b1892de8eb35,correct,1.0,
43b672398d83b9163719,correct,1.0,
d771b715aa8c9294dca5,correct,1.0,
9c18a33f42a8e3e25386,correct,1.0,
69a3462498ed5461d897,junk,1.0,列表碎片
a4f3167400e7ec4a47a9,correct,1.0,
a48efa452ee8284482ed,correct,1.0,
e2474690873b25001f1b,correct,1.0,
1cf98923771ffd29239a,correct,1.0,
38fa88c201cf62ea9adc,correct,1.0,
63767984ebd17d4efc19,minor,0.8,专名和单位不一致
0073b9c8816c00f77a59,correct,1.0,
d0c27f8cc303c3ce8eb8,correct,1.0,
62ed5d56cb7bd9dbc8a6,correct,1.0,
35b42f2c630e0bca055d,correct,1.0,
6e03c035b2e2ce58b948,correct,1.0,
03064affc74d48cd18d8,correct,1.0,
3eaf72863a1584b6eba7,correct,1.0,
19fa6e9401b5dcd49154,correct,1.0,
3591b5e2f5497daa3077,correct,1.0,
8558fc1e1f393d0be03d,correct,1.0,
77d22969c2c7ed66b5fa,correct,1.0,
6cbc63d7084809764374,correct,1.0,
4666add969b08490939c,correct,1.0,
ca0eba2d65422d9c30e2,correct,1.0,
9003dd0af081d7ea635f,correct,1.0,
20a90fe11c1ac0181a03,correct,1.0,
00d26d2be51496be763f,correct,1.0,
fa2235a39eb51e890d09,correct,1.0,
fe8db1f4037557f4a0b7,correct,1.0,
68a0fcc2eeaf57c84a30,correct,1.0,
0626a658a7fc1ca11897,correct,1.0,
88ba465946298483a200,correct,1.0,
e1724f9f9ff4acdf3493,correct,1.0,
e2c9c8e585568e8631a3,correct,1.0,
2c7e47f45084c477d157,minor,0.9,专名不一致
4b62075c9553fea1890e,correct,1.0,
7be9035b1b3cdf549c9b,wrong,0.9,乌兹别克语部分为英文
f38462d35d858b601147,correct,1.0,
9e42a6be691f70e08bee,wrong,0.9,乌兹别克语部分为希腊文
14801c46b7516a8e7de7,correct,1.0,
ed0d786ecea622a44e72,correct,1.0,
cf3dee7e6f27f839267b,correct,1.0,
27d6f85822f20f1cd130,correct,1.0,
24adc57cb0782cd36ad1,correct,1.0,
c1677f9f14dd710e72e9,correct,1.0,
ee514880d74296eeea73,correct,1.0,
59387b93b2bf8799aada,correct,1.0,
9a869aa1d58a2872d262,correct,1.0,
589951576af43a3784be,correct,1.0,
18b415d03b2008803c57,correct,1.0,
f201265c97aca90caa06,correct,1.0,
1fb7a41e5d7cc1a5c360,junk,0.9,列表碎片
fca21c213b1e3d8d16be,correct,1.0,
19f40959e73aa50287f3,correct,1.0,
ed0a302204c646196980,correct,1.0,
a3b6ac2ac5f613493856,correct,1.0,
571ba307e5c3ff56e089,correct,1.0,
c528682fcd419e363df3,correct,1.0,
0e82cdc4fa78993cc0d0,correct,1.0,
