pair_id,direction,source,reference,prediction,latency_seconds
e5683fcb1240c1e01ad9,en-uz,I don't understand you.,Sizni tushunmayman.,U u u u u u u u u u u u u u u u u u u u u u u u u u u u u u u u u u u u u u u u u u u u u u u u u u u u u u u u u u u u u u u u u u u u u u u u u u u u u u u u u u u u u u u u u u u u u u u,0.97630580002442
e5683fcb1240c1e01ad9,uz-en,Sizni tushunmayman.,I don't understand you.,I don't want you.,0.09254570002667606
86bff876e995fbde1669,en-uz,Nobody answered.,Hech kim javob bermadi.,Kimsi q'ilgan.,0.0803634999319911
86bff876e995fbde1669,uz-en,Hech kim javob bermadi.,Nobody answered.,They were all young.,0.07253170001786202
33267750bbab7f21aa85,en-uz,Creation and design,Yaratilishi va dizayni,Kapatida va design,0.07321169995702803
33267750bbab7f21aa85,uz-en,Yaratilishi va dizayni,Creation and design,Creation and design,0.06838770001195371
eb5e50ca7c4f836febbc,en-uz,In 2014 England came top with 174 medals and Australia second with 137 medals.,"2014-yilda Angliya 174 medal bilan birinchi, Avstraliya esa 137 medal bilan ikkinchi o‘rinni egalladi.","2014-yilda Anglia 174 medalga, Avstraliya 137 medalga o'zilgan.",0.23479200003203005
eb5e50ca7c4f836febbc,uz-en,"2014-yilda Angliya 174 medal bilan birinchi, Avstraliya esa 137 medal bilan ikkinchi o‘rinni egalladi.",In 2014 England came top with 174 medals and Australia second with 137 medals.,"In 2014, England won the first of 174 medals, while Australia won the second of 137 medals.",0.22399929992388934
9e5ab605136987e7dbd0,en-uz,"In 1775, there were around 43 houses.",1775-yilda taxminan 43 ta uy bor edi.,1775-yilda 43 o'zasi bo'zadi.,0.16613470006268471
9e5ab605136987e7dbd0,uz-en,1775-yilda taxminan 43 ta uy bor edi.,"In 1775, there were around 43 houses.","In 1775, he lived 43 years of age.",0.12665210000704974
1345209c0dce765c5c7f,en-uz,Turkish Super Cup: 2021,Turkiya Superkubogi: 2021-yil,Turkish Super Cup: 2021,0.08185459999367595
1345209c0dce765c5c7f,uz-en,Turkiya Superkubogi: 2021-yil,Turkish Super Cup: 2021,Turkey Super Cup: 2021,0.0838667000643909
cf3b1f08fe4bbd0ed785,en-uz,I'm dangerous.,Men xavfliman.,U masoliy.,0.0770348000805825
cf3b1f08fe4bbd0ed785,uz-en,Men xavfliman.,I'm dangerous.,But I am.,0.06743850000202656
e720073dbe69e6af2ca2,en-uz,Albanian First Division: 2015–16,Albaniya birinchi divizioni: 2015–16,Albanian First Division: 2015–16,0.11601419991347939
e720073dbe69e6af2ca2,uz-en,Albaniya birinchi divizioni: 2015–16,Albanian First Division: 2015–16,First division of Albania: 2015–16,0.11060689995065331
adb6ee807511f1b89da9,en-uz,He was born in 1905 and died in 1984.,"U 1905- yilda tug‘ilgan, 1984 yilda vafot etgan.",1905-yilda tug'ilgan va 1984-yilda bo'ilgan.,0.19687410001643002
adb6ee807511f1b89da9,uz-en,"U 1905- yilda tug‘ilgan, 1984 yilda vafot etgan.",He was born in 1905 and died in 1984.,He was born in 1905 and died in 1984.,0.13434530002996325
4adf69f2594eed0bc1bc,en-uz,"Maxine Reiner (March 16, 1916 – June 19, 2003) was an American actress.",Maksin Reyner (1916-yil 16-mart – 2003-yil 19 iyun) amerikalik aktrisa edi.,Maxine Reiner (16 mart 1916 - 19 qün 2003-yil) - amerikalik aktris.,0.25360159995034337
4adf69f2594eed0bc1bc,uz-en,Maksin Reyner (1916-yil 16-mart – 2003-yil 19 iyun) amerikalik aktrisa edi.,"Maxine Reiner (March 16, 1916 – June 19, 2003) was an American actress.","Maxine Reyner (March 16, 1916 – June 19, 2003) was an American actress.",0.22830159997101873
b03259474ed9675300af,en-uz,Selected filmography,Tanlangan filmografiyasi,U'yilgan filmografi,0.08399489999283105
b03259474ed9675300af,uz-en,Tanlangan filmografiyasi,Selected filmography,Filmography of the Year,0.0697051000315696
4e61193c9bd9c5ec75e8,en-uz,In historical records the village was first mentioned in 1330.,Tarixiy yozuvlarda qishloq birinchi marta 1330-yilda tilga olingan.,"Tarihi rekordlarda, o'zasi 1330-yilda o'zasi o'zasi o'zasi o'zasi o'zasi o'zasi o'zasi o'zasi o'zasi o'zasi o'zasi o'zasi o'zasi o'zasi o'zasi o'zasi o'zasi o'zasi o'zasi o'zasi o",0.9598770999582484
4e61193c9bd9c5ec75e8,uz-en,Tarixiy yozuvlarda qishloq birinchi marta 1330-yilda tilga olingan.,In historical records the village was first mentioned in 1330.,The first day of history was in March 1330.,0.11882730002980679
65311c6dd1e8d3b47baf,en-uz,It was the centre of the Abaújszántó district from 1921 till 1962.,1921-yildan 1962-yilgacha Abaujszánto tumanining markazi bo'lgan.,U 1921-yildan 1962-yilga Abaújszántó okringi qosradi.,0.22722000000067055
65311c6dd1e8d3b47baf,uz-en,1921-yildan 1962-yilgacha Abaujszánto tumanining markazi bo'lgan.,It was the centre of the Abaújszántó district from 1921 till 1962.,He was born in Abaujszánto from 1921 to 1962.,0.15684299997519702
dc272e1fbad8274dc704,en-uz,It has sensitivity = 97% and specificity = 95%.,U sezgirlik = 97% va oʻziga xoslik = 95% ga ega.,"U xillik = 97%, va spesifiklik = 95%.",0.1521362999919802
dc272e1fbad8274dc704,uz-en,U sezgirlik = 97% va oʻziga xoslik = 95% ga ega.,It has sensitivity = 97% and specificity = 95%.,The average = 97% and the average = 95%.,0.12921199994161725
42a51b9940e5b43200df,en-uz,Why Parties?,Nima uchun partiyalar?,N'yotlar?,0.08380340004805475
42a51b9940e5b43200df,uz-en,Nima uchun partiyalar?,Why Parties?,What are the parties?,0.07235340005718172
e89221dc4cd599e5124c,en-uz,Soviet Top League winner: 1965.,Sovet Oliy Ligasi gʻolibi: 1965.,Sovyet top ligagi o'zari: 1965.,0.13091969990637153
e89221dc4cd599e5124c,uz-en,Sovet Oliy Ligasi gʻolibi: 1965.,Soviet Top League winner: 1965.,Soviet Union League: 1965.,0.09301309997681528
224c70df71f5c16e669b,en-uz,Other work,Boshqa ishlari,O'zlar iş,0.07292619999498129
224c70df71f5c16e669b,uz-en,Boshqa ishlari,Other work,The city,0.04680050001479685
954df5f9d6c968023458,en-uz,Who do you want to speak to?,Kim bilan gaplashmoqchisan?,Kimida q'ilgan olgan?,0.09591600007843226
954df5f9d6c968023458,uz-en,Kim bilan gaplashmoqchisan?,Who do you want to speak to?,Who is the leader?,0.07240100007038563
c37251e5c363d291572b,en-uz,It covers an area of 54.56 km² and has a population of 549 people (2002).,"U 54,56 km² maydonni egallagan va aholisi 549 kishi (2002).",U 54.56 km2 o'yasi bo'yagan va 549 o'yagan (2002) o'yagan.,0.2723103000316769
c37251e5c363d291572b,uz-en,"U 54,56 km² maydonni egallagan va aholisi 549 kishi (2002).",It covers an area of 54.56 km² and has a population of 549 people (2002).,"It has a land area of 54,56 km2 and its size is 549 (2002).",0.1968988999724388
5d04a3f7f1b3e8962574,en-uz,Other works,Boshqa ishlari,O'zlar o'zlar,0.09836780000478029
5d04a3f7f1b3e8962574,uz-en,Boshqa ishlari,Other works,The city,0.04401529999449849
3cbf8a9233d8d37d21b3,en-uz,The book was first published on 5 January 2012 in the United Kingdom.,Kitob birinchi marotaba 2012- yil 5 -yanvarda Buyuk Britaniyada nashr etilgan.,Kitab 2012-yil 5-janarda U'zilganda o'zilgan.,0.17904380010440946
3cbf8a9233d8d37d21b3,uz-en,Kitob birinchi marotaba 2012- yil 5 -yanvarda Buyuk Britaniyada nashr etilgan.,The book was first published on 5 January 2012 in the United Kingdom.,"The book was first published on January 5, 2012 in New England.",0.1455153999850154
0557381fd34b3e60500c,en-uz,"The first episode aired on November 7, 2009.",Birinchi epizod 2009-yil 7-noyabrda namoyish etildi.,Birinci epizod 2009-yil 7-novembrada o'zilgan.,0.1711723000044003
0557381fd34b3e60500c,uz-en,Birinchi epizod 2009-yil 7-noyabrda namoyish etildi.,"The first episode aired on November 7, 2009.","The first episode was released on November 7, 2009.",0.10827760002575815
b936835e1f82592125f5,en-uz,It has a population of 205.,Uning aholisi 205 kishi.,U 205-yilga o'zilgan.,0.12135279993526638
b936835e1f82592125f5,uz-en,Uning aholisi 205 kishi.,It has a population of 205.,Its total number is 205.,0.08279889996629208
4ac8808b4eac1b620a02,en-uz,Role in the 1937 protests,1937-yilgi norozilik namoyishlaridagi roli,1937-yilda protestlarda rol,0.09870029997546226
4ac8808b4eac1b620a02,uz-en,1937-yilgi norozilik namoyishlaridagi roli,Role in the 1937 protests,1937 Norwegian Warfare,0.0767051000148058
26d0824daf1c3f0784c6,en-uz,The total area of the city is 13.11 square kilometres (5.06 sq mi).,"Shaharning umumiy maydoni 13,11 kvadrat kilometr (5,06 mi²) ga teng.",Şehirning o'ziy 13.11 kvadratkilomet (5.06 kvadratkilomet).,0.20337879995349795
26d0824daf1c3f0784c6,uz-en,"Shaharning umumiy maydoni 13,11 kvadrat kilometr (5,06 mi²) ga teng.",The total area of the city is 13.11 square kilometres (5.06 sq mi).,The area of the city is 13.11 square kilometers (5.06 mi2).,0.17922449996694922
01432544dd0cf741ac5d,en-uz,I did not read.,O'qimadim.,U lugilgan.,0.06089429999701679
01432544dd0cf741ac5d,uz-en,O'qimadim.,I did not read.,I didn’t.,0.07246880000457168
22b7e33aa7367a7ebfdf,en-uz,"All passports are printed in Zagreb, with the issuing wait time up to 30 days.","Barcha pasportlar Zagrebda chop etiladi, berishni kutish muddati 30 kungacha.","U pasaportlar Zagrebda o'zilgan, o'zagan o'zagan o'zagan 30 o'zilgan.",0.29864079994149506
22b7e33aa7367a7ebfdf,uz-en,"Barcha pasportlar Zagrebda chop etiladi, berishni kutish muddati 30 kungacha.","All passports are printed in Zagreb, with the issuing wait time up to 30 days.","Barcha passports were taken in Zagreb, with a total of 30 dogs.",0.1927325000287965
020399583d5cf8088f21,en-uz,"He left the club in February 2013, having played 5 league matches, and returned to the Latvian Higher League, signing with Daugava Rīga.","U 2013-yilning fevral oyida 5 ta liga o'yinida qatnashib, klubni tark etdi va Latviya Oliy ligasiga qaytdi va ""Daugava Riga"" bilan shartnoma imzoladi.","2013-yilda fevralda klubida qayttasi, 5 ligat ma'yashida o'yashida va Latvian Higher Leaguega qayttasi, Daugava Rīgaga o'yashida o'yashida.",0.518186799949035
020399583d5cf8088f21,uz-en,"U 2013-yilning fevral oyida 5 ta liga o'yinida qatnashib, klubni tark etdi va Latviya Oliy ligasiga qaytdi va ""Daugava Riga"" bilan shartnoma imzoladi.","He left the club in February 2013, having played 5 league matches, and returned to the Latvian Higher League, signing with Daugava Rīga.","He played in the 5th league in February 2013, won the club and returned to the Latvian League and signed the title for the ""Daugava Riga"".",0.41210549999959767
3fab35de666b6f8f637c,en-uz,The average household size was 2.14 and the average family size was 2.88.,"Uy xo'jaliklarining o'rtacha kattaligi 2,14, oilaning o'rtacha kattaligi 2,88 edi.","U qosimlik o'zasi 2,14 va qosimlik o'zasi 2,88 o'zasi.",0.27273779991082847
3fab35de666b6f8f637c,uz-en,"Uy xo'jaliklarining o'rtacha kattaligi 2,14, oilaning o'rtacha kattaligi 2,88 edi.",The average household size was 2.14 and the average family size was 2.88.,"The total number of votes was 2.14, the total number of votes was 2.88.",0.19741549994796515
4d8381033dc5af3a1d4c,en-uz,He died in 777.,U 777-yilda vafot etdi.,U 777-yilda bo'ilgan.,0.1092575000366196
4d8381033dc5af3a1d4c,uz-en,U 777-yilda vafot etdi.,He died in 777.,He died in 777,0.07333479996304959
a5afdd8684a0a109d712,en-uz,She was married to actor Manik Dutt; they had no biological children.,U aktyor Manik Duttga turmushga chiqqan; ularning biologik farzandlari yo'q edi.,U aktor Manik Duttga u o'zilgan; o'zagan biyolojik o'zlar yok.,0.2608730000210926
a5afdd8684a0a109d712,uz-en,U aktyor Manik Duttga turmushga chiqqan; ularning biologik farzandlari yo'q edi.,She was married to actor Manik Dutt; they had no biological children.,He was born with actor Manik Duttga; he played biological studies.,0.17799899994861335
e12415e5ef3552f4fd2a,en-uz,"Her father was born as Johannes Wilhelm Glaum in Germany, emigrated with his family to the U.S. in 1869, and lived in Indiana, then Prince George's County, Maryland, while her mother was born in New York City to German-born parents.","Uning otasi Germaniyada Iogannes Vilgelm Glaum sifatida tug'ilgan. 1869-yilda oilasi bilan AQShga hijrat qilgan va Indianada, keyin Merilend shtatining Shahzoda George okrugida yashagan. Onasi Nyu-Yorkda asli nemis bo'lgan ota-ona oilasida tug'ilgan.","U ayat Johannes Wilhelm Glaum va Germanida bo'ilgan, 1869-yilda u u u u u u u u u u u u u u u u u u u u u Indiana, o'ynagan Prens George County Marylandga bo'ilgan, u u u u u u u u u u u u u u u u u u u u u u u u u u u u u u u u u u u u u u u",0.8736277000280097
e12415e5ef3552f4fd2a,uz-en,"Uning otasi Germaniyada Iogannes Vilgelm Glaum sifatida tug'ilgan. 1869-yilda oilasi bilan AQShga hijrat qilgan va Indianada, keyin Merilend shtatining Shahzoda George okrugida yashagan. Onasi Nyu-Yorkda asli nemis bo'lgan ota-ona oilasida tug'ilgan.","Her father was born as Johannes Wilhelm Glaum in Germany, emigrated with his family to the U.S. in 1869, and lived in Indiana, then Prince George's County, Maryland, while her mother was born in New York City to German-born parents.","His father was born in Germany by Iogannes Vilgelm Glaum. In 1869 he was born in the state and resident in India, in the district of George in Shahzoda, Meryland.",0.43625829997472465
adeb89f30ffc1d428447,en-uz,"On 13 October 2016, Willian's mother, Dona Zezé, died at the age of 57.",2016-yil 13-oktyabrda Villianning onasi Dona Zeze 57 yoshida vafot etdi.,"2016-yil 13-oktomta, Willian'yil annasi Donna Zezé 57-yilda bo'ilgan.",0.25850029999855906
adeb89f30ffc1d428447,uz-en,2016-yil 13-oktyabrda Villianning onasi Dona Zeze 57 yoshida vafot etdi.,"On 13 October 2016, Willian's mother, Dona Zezé, died at the age of 57.","On October 13, 2016, Villianning's wife Donna Zeze died at age 57.",0.1982455999823287
48d00abf48dc0b7b57df,en-uz,2016: Wrist injury,2016-yil: Bilak jarohati,2016: Wrist o'zasi,0.08911920001264662
48d00abf48dc0b7b57df,uz-en,2016-yil: Bilak jarohati,2016: Wrist injury,2016: Bilak Jara,0.07125259994063526
1bba27b459d95d3c243d,en-uz,"It is used mostly for football matches and is the home stadium of Lechia Gdańsk, which competes in the Ekstraklasa.",U asosan futbol o'yinlari uchun ishlatiladi va Ekstraklasada raqobatlashadigan Lechia Gdanskning uy stadioni hisoblanadi.,U u'zilgan futbol ma'yashlarga o'zilgan va Ekstraklasa o'zagan Lechiya Gdansk stadiadiadiadi.,0.3880498999496922
1bba27b459d95d3c243d,uz-en,U asosan futbol o'yinlari uchun ishlatiladi va Ekstraklasada raqobatlashadigan Lechia Gdanskning uy stadioni hisoblanadi.,"It is used mostly for football matches and is the home stadium of Lechia Gdańsk, which competes in the Ekstraklasa.","She was currently playing for football matches and was playing in the other stadium of Lechia Gdansk, who was playing in the Extraklas.",0.3262275999877602
1c23a8ef4fb3b6f32433,en-uz,He had 28 points and 20 rebounds in the loss.,U mag'lubiyatda 28 ochko va 20 ribaundga ega edi.,U 28 o'z va 20 o'z bo'z bo'z bo'z bo'z bo'z bo'z bo'z bo'z bo'z bo'z bo'z bo'z bo'z bo'z bo'z bo'z bo'z bo'z bo'z bo'z bo'z bo'z bo'z bo'z bo'z bo'z bo'z bo'z bo,0.9244081999640912
1c23a8ef4fb3b6f32433,uz-en,U mag'lubiyatda 28 ochko va 20 ribaundga ega edi.,He had 28 points and 20 rebounds in the loss.,She won 28 points and 20 points in the competition.,0.1747383999172598
a854d728f8ddcfc46566,en-uz,The village is approximately 40 km from Helsinki and has close to 580 inhabitants.,Qishloq Helsinkidan taxminan 40 km uzoqlikda joylashgan va 580 nafarga yaqin aholiga ega.,U Helsinkiydan 40 km o'zilgan va 580 o'zilgan.,0.22823940007947385
a854d728f8ddcfc46566,uz-en,Qishloq Helsinkidan taxminan 40 km uzoqlikda joylashgan va 580 nafarga yaqin aholiga ega.,The village is approximately 40 km from Helsinki and has close to 580 inhabitants.,The city is about 40 km from Helsinki and about 580 people.,0.16962100006639957
0b4de9ad2d4005a48680,en-uz,Children are the flowers of our lives.,Bolalar hayotimizning gullari.,Uqlar bizim hayatlarımızın çiçeklerdir.,0.13435319997370243
0b4de9ad2d4005a48680,uz-en,Bolalar hayotimizning gullari.,Children are the flowers of our lives.,The balls are the gold of our team.,0.12281040009111166
28d6bc156d73ac6762e6,en-uz,"Since 2016, Uran Botobekov worked as an Expert on Radical Islam, Independent Analyst Author and Scientific Researcher, Contributor Writer of Modern Diplomacy.","2016-yildan Uran Botobekov radikal islom boʻyicha ekspert, mustaqil tahlilchi muallif va ilmiy tadqiqotchi, zamonaviy diplomatiyaga hissa qoʻshuvchi yozuvchi lavozimlarida ishlagan.","2016-yildan bu yana Uran Botobekov Radikal İslamda ekspert, isalist analist yazari va bilimsel araştırgan, modern diplomatiyatda katributor yazari olarak o'yndi.",0.4838318000547588
28d6bc156d73ac6762e6,uz-en,"2016-yildan Uran Botobekov radikal islom boʻyicha ekspert, mustaqil tahlilchi muallif va ilmiy tadqiqotchi, zamonaviy diplomatiyaga hissa qoʻshuvchi yozuvchi lavozimlarida ishlagan.","Since 2016, Uran Botobekov worked as an Expert on Radical Islam, Independent Analyst Author and Scientific Researcher, Contributor Writer of Modern Diplomacy.","Since 2016, Uran Botobekov is an expert in radical education, a specialist in the development of economic and scientific research, and a specialist in the development of economic diplomacy.",0.4058030000887811
4ba8ee52cdd53d68d264,en-uz,According to the Project Management Body of Knowledge (PMBOK) the Project Time Management processes include:,"Loyihani boshqarish bo'yicha bilimlar organi (PMBOK) ma'lumotlariga ko'ra, loyiha vaqtini boshqarish jarayonlari quyidagilarni o'z ichiga oladi:",Proyeti x'yolining x'yolining x'yolining x'yolining x'yolining x'yolining x'yolining x'yolining x'yolining x'yolining x'yolining x'yolining x'yolining x'yolining x'yolining x'yolining x'yolining x'yolining x',0.9107022000243887
4ba8ee52cdd53d68d264,uz-en,"Loyihani boshqarish bo'yicha bilimlar organi (PMBOK) ma'lumotlariga ko'ra, loyiha vaqtini boshqarish jarayonlari quyidagilarni o'z ichiga oladi:",According to the Project Management Body of Knowledge (PMBOK) the Project Time Management processes include:,"According to the Loyihani Institute of Economic Development Sciences (PMBOK), the study was based on the following studies:",0.29765059996861964
c42dd5dd4bd6ef8675f7,en-uz,The gender makeup of the city was 49.6% male and 50.4% female.,"Shaharning gender tarkibi 49,6% erkaklar va 50,4% ayollarni tashkil qilgan.",Qiyol makyaj 49.6% masolida va 50.4% femolida.,0.197544900001958
c42dd5dd4bd6ef8675f7,uz-en,"Shaharning gender tarkibi 49,6% erkaklar va 50,4% ayollarni tashkil qilgan.",The gender makeup of the city was 49.6% male and 50.4% female.,The gender rate of the country is 49.6% men and 50.4% women.,0.18793980008922517
42beb5b7f20878ecd910,en-uz,"September 26, 2011 - the town of Fujisawa (also from Higashiiwai District) was merged into Ichinoseki.",2011-yil 26-sentyabr — Fujisava shahri (shuningdek Xigashiivay tumanidan) Ichinoseki shahriga birlashtirildi.,2011-yil 26-september - Fujisawa (yok Higashiiwai distriktida) q'ilgan Ichinoseki o'ynashadi.,0.3824065000517294
42beb5b7f20878ecd910,uz-en,2011-yil 26-sentyabr — Fujisava shahri (shuningdek Xigashiivay tumanidan) Ichinoseki shahriga birlashtirildi.,"September 26, 2011 - the town of Fujisawa (also from Higashiiwai District) was merged into Ichinoseki.","On 26 September 2011, Fujisava was joined with the city of Ichinos (the main city of Xigashiivay).",0.29718910006340593
a5f4cd5c501027aaa77a,en-uz,They spent all the money.,Ular hamma pulni sarflashdi.,U bütün o'zini bo'zdi.,0.12764349998906255
a5f4cd5c501027aaa77a,uz-en,Ular hamma pulni sarflashdi.,They spent all the money.,The womb was a little bit more.,0.11295460001565516
ad9156d0a9afaf329725,en-uz,"Following a standout career at Overton High School in Memphis, Neumann took his game to the University of Mississippi, where he played from 1969 to 1971.",Memfisdagi Overton o'rta maktabidagi ajoyib karyerasidan so'ng Neumann o'z o'yinini Missisipi universitetiga olib keldi va u yerda 1969-yildan 1971-yilgacha o'ynadi.,"Memphis-yilda Overton High Schoolda o'zilgan kariyerini o'zagan, Neumann o'zaganini 1969-yildan 1971-yilda o'zagan Mississippi universitetida o'zagan.",0.5141062999609858
ad9156d0a9afaf329725,uz-en,Memfisdagi Overton o'rta maktabidagi ajoyib karyerasidan so'ng Neumann o'z o'yinini Missisipi universitetiga olib keldi va u yerda 1969-yildan 1971-yilgacha o'ynadi.,"Following a standout career at Overton High School in Memphis, Neumann took his game to the University of Mississippi, where he played from 1969 to 1971.","He worked for Overton in his career and played for Neumann's first time at the University of Mississippi, where he played from 1969 to 1971.",0.3345249999547377
e84cf943e3de7808d4be,en-uz,He was also the only Grizzly to play and start all 82 games.,"U shuningdek, barcha 82 o'yinni o'ynagan va boshlagan yagona Grizzly edi.",U Grizzly o'ynini o'yndi va 82 o'ynini o'yndi.,0.25066720007453114
e84cf943e3de7808d4be,uz-en,"U shuningdek, barcha 82 o'yinni o'ynagan va boshlagan yagona Grizzly edi.",He was also the only Grizzly to play and start all 82 games.,He played and played Grizzly with 82 games.,0.14991519995965064
d363f16458dc71b497d3,en-uz,"The following season, 1975–76, the Hoosiers went the entire season and 1976 NCAA tournament without a single loss, beating Michigan 86–68 in the title game.","Keyingi mavsumda, 1975–76, Hoosiers butun mavsumni va 1976-yilgi NCAA turnirini bitta mag'lubiyatsiz o'tkazdi va unvon o'yinida Michiganni 86-68 hisobida mag'lub etdi.",U yuximlik 1975-yilda 76-yilda Hoosiers o'ynamida va 1976-yilda NCAA turnyrida o'ynamida o'ynamida o'ynamida o'ynamida o'ynamida o'ynamida o'ynamida o'ynamida o'ynamida o'ynamida o'ynamida o'ynamida o'yn,0.9184989000204951
d363f16458dc71b497d3,uz-en,"Keyingi mavsumda, 1975–76, Hoosiers butun mavsumni va 1976-yilgi NCAA turnirini bitta mag'lubiyatsiz o'tkazdi va unvon o'yinida Michiganni 86-68 hisobida mag'lub etdi.","The following season, 1975–76, the Hoosiers went the entire season and 1976 NCAA tournament without a single loss, beating Michigan 86–68 in the title game.","In his first season, he played in the 1975–76 Hoosiers Cup and the 1976 NCAA Tournament without a win, and in his first match he defeated Michigan with 86–68 points.",0.4403924999060109
959988bb857f03f6e396,en-uz,"After the 2000 Olympics, Skinner retired, but in 2002 she decided to resume training.","2000-yilgi Olimpiadadan keyin Skinner nafaqaga chiqdi, ammo 2002-yilda u mashg'ulotlarni davom ettirishga qaror qildi.","2000-yilgi olimpiyatlardan sonra Skinner q'ilgan, 2002-yilda o'ynagan o'ynagan o'ynagan.",0.3298953000921756
959988bb857f03f6e396,uz-en,"2000-yilgi Olimpiadadan keyin Skinner nafaqaga chiqdi, ammo 2002-yilda u mashg'ulotlarni davom ettirishga qaror qildi.","After the 2000 Olympics, Skinner retired, but in 2002 she decided to resume training.","He left Skinner for the 2000 Olympics, and was born in 2002 as a national team.",0.24258710001595318
6065524c27021b82adce,en-uz,"She won one singles and one doubles title on the WTA Tour, as well as 12 singles and 20 doubles titles on the ITF Women's Circuit in her career.","U WTA turnirida bitta yakkalik va bitta juftlik, shuningdek, o'z karerasi davomida ITF turnirlarida 12 ta yakkalik va 20 ta juftlik chempionligini qo'lga kiritgan.","U WTA Tourda bir singles va bir double titli, ITF Women Circuitda 12 singles va 20 double titli o'ynash.",0.3203340000472963
6065524c27021b82adce,uz-en,"U WTA turnirida bitta yakkalik va bitta juftlik, shuningdek, o'z karerasi davomida ITF turnirlarida 12 ta yakkalik va 20 ta juftlik chempionligini qo'lga kiritgan.","She won one singles and one doubles title on the WTA Tour, as well as 12 singles and 20 doubles titles on the ITF Women's Circuit in her career.","He won the WTA tournament with 12 tournaments and 20 tournaments in ITF tournaments for both youth, women and women.",0.39861629996448755
4d2581640a12bb6d6110,en-uz,The I/14 road (the section from Liberec to Trutnov) passes through the municipality.,I/14 yo'li (Liberecdan Trutnovgacha bo'lgan qism) munitsipalitetdan o'tadi.,I/14 rold (Liberec va Trutnov o'zida o'z) qammiyatida o'zilgan.,0.3048826999729499
4d2581640a12bb6d6110,uz-en,I/14 yo'li (Liberecdan Trutnovgacha bo'lgan qism) munitsipalitetdan o'tadi.,The I/14 road (the section from Liberec to Trutnov) passes through the municipality.,I/14 (a part of Trutnovga from Liberia) was born.,0.18060600000899285
6bf518c22d5a5b5d5043,en-uz,"In 2011, he joined Porto for €9.6 million, alongside teammate and countryman Danilo, who plays as a right back.","2011-yilda u jamoadoshi va o'ng qanot himoyachisi sifatida o'ynaydigan vatandoshi Danilo bilan birga 9,6 million evro evaziga "" Portu "" safiga qo'shildi.","2011-yilda Porto 9,6 milyon euro o'yida u o'yagan, o'yagan o'yagan o'yagan o'yagan o'yagan o'yagan o'yagan o'yagan o'yagan o'yagan o'yagan o'yagan o'yagan o'yagan o'yagan o'yagan o'yagan o'yagan o'yagan o",0.8799842000007629
6bf518c22d5a5b5d5043,uz-en,"2011-yilda u jamoadoshi va o'ng qanot himoyachisi sifatida o'ynaydigan vatandoshi Danilo bilan birga 9,6 million evro evaziga "" Portu "" safiga qo'shildi.","In 2011, he joined Porto for €9.6 million, alongside teammate and countryman Danilo, who plays as a right back.","In 2011, the citizen Danilo, who played for his family and his family, joined the Port with a total of €9.6 million.",0.2948453000281006
1df7f41e9f5f2a78cf33,en-uz,"Jennifer E. Strong (June 24, 1973 – March 27, 2011) was an American soccer player who played as a defender, making one appearance for the United States women's national team.","Jennifer E. Strong (1973-yil 24-iyun – 2011-yil 27-mart) Amerikalik futbolchi boʻlib, himoyachi sifatida oʻynagan va bir marta Amerika Qoʻshma Shtatlari ayollar terma jamoasida oʻynagan.","Jennifer E. Strong (1973-yil 24-iyun – 2011-yil 27-marta) - amerikalik futbolchi, U'rladik nazi takmi o'ynasi o'ynasi o'ynasi o'ynasi o'ynasi o'ynasi o'ynasi o'ynasi o'ynasi o'ynasi o'ynasi o'ynasi o'ynasi o'ynasi o'ynasi",0.8559523000149056
1df7f41e9f5f2a78cf33,uz-en,"Jennifer E. Strong (1973-yil 24-iyun – 2011-yil 27-mart) Amerikalik futbolchi boʻlib, himoyachi sifatida oʻynagan va bir marta Amerika Qoʻshma Shtatlari ayollar terma jamoasida oʻynagan.","Jennifer E. Strong (June 24, 1973 – March 27, 2011) was an American soccer player who played as a defender, making one appearance for the United States women's national team.","Jennifer E. Strong (June 24, 1973 – March 27, 2011) was an American footballer who played as an American player and played as a member of the United States.",0.34381700004450977
0bef930269c56ccbc7d8,en-uz,"However, due to previous commitments to the pilot LAX 2194, he was not initially considered for an audition.","Biroq, LAX 2194 uchuvchisiga oldingi majburiyatlari tufayli u dastlab tinglov uchun ko'rib chiqilmagan.","Uga, LAX 2194 pilotida o'zilgan o'zlar o'zlar bo'zlar bo'zlar bo'zlar bo'zlar bo'zlar bo'zlar bo'zlar bo'zlar bo'zlar bo'zlar bo'zlar bo'zlar bo'zlar bo'zlar bo'zlar bo'zlar bo'zlar bo'zlar bo'",0.8523654999444261
0bef930269c56ccbc7d8,uz-en,"Biroq, LAX 2194 uchuvchisiga oldingi majburiyatlari tufayli u dastlab tinglov uchun ko'rib chiqilmagan.","However, due to previous commitments to the pilot LAX 2194, he was not initially considered for an audition.",The company has been able to use the LAX 2194 for the purposes of the newly-developed production.,0.2663947999244556
35189ce241c97a97615e,en-uz,She served as a United States magistrate judge of the same court from 2018 to 2022.,U 2018-yildan 2022-yilgacha xuddi shu sudning Qo'shma Shtatlar magistrati sudyasi bo'lib ishlagan.,U 2018-yildan 2022-yilda o'ynagan o'ynagan o'ynagan o'ynagan o'ynagan o'ynagan o'ynagan o'ynagan o'ynagan o'ynagan.,0.4608047999208793
35189ce241c97a97615e,uz-en,U 2018-yildan 2022-yilgacha xuddi shu sudning Qo'shma Shtatlar magistrati sudyasi bo'lib ishlagan.,She served as a United States magistrate judge of the same court from 2018 to 2022.,He was born from 2018 to 2022 and was born as the Master of Arts in the Water.,0.197099499986507
818ff9dc1fa37cc94c50,en-uz,"Fichtel is the oldest player to appear in the Bundesliga, playing his last match at the age of 43 and a half years in May 1988.","Fichtel Bundesligada o'ynagan eng keksa futbolchi bo'lib, o'zining so'nggi o'yinini 1988-yilning may oyida 43 yarim yoshida o'tkazgan.",Fichtel Bundesliga o'ynagan o'ynagan o'ynagan o'ynagan o'ynagan o'ynagan o'ynagan o'ynagan o'ynagan o'ynagan o'ynagan o'ynagan o'ynagan o'ynagan o'ynagan o'ynagan o'ynagan o'ynagan o'ynagan o'ynagan o'ynagan o'ynagan o',0.8657992000225931
818ff9dc1fa37cc94c50,uz-en,"Fichtel Bundesligada o'ynagan eng keksa futbolchi bo'lib, o'zining so'nggi o'yinini 1988-yilning may oyida 43 yarim yoshida o'tkazgan.","Fichtel is the oldest player to appear in the Bundesliga, playing his last match at the age of 43 and a half years in May 1988.","Fichtel was a footballer who played in the Bundesliga, playing his first game in May 1988 in 43 games.",0.24956300004851073
164f3e2a30cec62b01cf,en-uz,"For the 2015–16 season, he returned to Paris-Levallois.",2015-16-yilgi mavsumda u Paris-Levalloisga qaytdi.,2015-yil-yosh 16-yil sezonida Paris-Levalloisga qaytilgan.,0.2075950000435114
164f3e2a30cec62b01cf,uz-en,2015-16-yilgi mavsumda u Paris-Levalloisga qaytdi.,"For the 2015–16 season, he returned to Paris-Levallois.",In the 2015-16 months he returned to Paris-Levallois.,0.16753459989558905
a65f1d1907a58a159e24,en-uz,"He made his debut for Albania in a May 1947 Balkan Cup match against Romania and earned a total of 4 caps, scoring no goals.","U Albaniya terma jamoasi safida 1947-yil may oyida Bolqon kubogi doirasida Ruminiyaga qarshi o‘yinda debyut qildi va jami 4 ta o‘yin o‘tkazib, birorta ham gol urmadi.","U 1947-yil mayda Balkan kupi Rumaniya va Romaniya o'yilgan ma'yida Albaniya va debutini o'yilgan va 4 kapi o'yagan, gol o'yagan.",0.4576171999797225
a65f1d1907a58a159e24,uz-en,"U Albaniya terma jamoasi safida 1947-yil may oyida Bolqon kubogi doirasida Ruminiyaga qarshi o‘yinda debyut qildi va jami 4 ta o‘yin o‘tkazib, birorta ham gol urmadi.","He made his debut for Albania in a May 1947 Balkan Cup match against Romania and earned a total of 4 caps, scoring no goals.","He debuted in the national match against Romania in the Balcony Cup in May 1947 in the Albanian team, playing four games, playing all goals together.",0.32080519990995526
440de3fa93a18e28ec15,en-uz,"According to list of villages in Laz language book (2009), name of the village is Tordovat.","Laz tili kitobidagi qishloqlar roʻyxatiga koʻra (2009), qishloq nomi Tordovat.","Laz lingvistik kitabda (2009) o'zlar listida, o'zlar adı Tordovat.",0.24005689995829016
440de3fa93a18e28ec15,uz-en,"Laz tili kitobidagi qishloqlar roʻyxatiga koʻra (2009), qishloq nomi Tordovat.","According to list of villages in Laz language book (2009), name of the village is Tordovat.","She was born in the village of the village of Laz Tili (2009), with the name Tordovat.",0.22381029999814928
85671e932419a6afe0f1,en-uz,I live in a rural area.,Qishloq joyida yashayman.,U qashiyiyim.,0.08771580003667623
85671e932419a6afe0f1,uz-en,Qishloq joyida yashayman.,I live in a rural area.,You are in the middle of the house.,0.10622670000884682
373b216fd06e7d31a716,en-uz,Bisson died in Paris in 1912 at the age of 63.,1912-yilda Bisson Parijda 63 yoshida vafot etdi.,Bisson 1912-yilda Parizda 63-yilda bo'ilgan.,0.17676229996141046
373b216fd06e7d31a716,uz-en,1912-yilda Bisson Parijda 63 yoshida vafot etdi.,Bisson died in Paris in 1912 at the age of 63.,"In 1912, Bisson died at 63 years old in Paris.",0.14416090003214777
a6f2b2c1e90b129538f3,en-uz,"After just 17 seconds of action, Jojić scored with his first touch, a tap in after Kevin Großkreutz's shot was parried, to make the score 4–0.","Atigi 17 soniyalik harakatdan so‘ng, Jojić to'pga birinchi marta teginishi bilan gol urdi va Kevin Großkroytsning zarbasini qaytargandan so‘ng, hisobni 4:0 ko‘rinishiga keltirdi.","U 17 sekonda aksiyata bo'ilgan Jojić, Kevin Großkreutz'in o'zilgan o'zilgan o'zilgan o'zilgan o'zilgan o'zilgan o'zilgan o'zilgan o'zilgan o'zilgan o'zilgan o'zilgan o'zilgan o'zilgan o'zilgan o'zilgan o'zilgan o'zilgan o'z",0.8665777000132948
a6f2b2c1e90b129538f3,uz-en,"Atigi 17 soniyalik harakatdan so‘ng, Jojić to'pga birinchi marta teginishi bilan gol urdi va Kevin Großkroytsning zarbasini qaytargandan so‘ng, hisobni 4:0 ko‘rinishiga keltirdi.","After just 17 seconds of action, Jojić scored with his first touch, a tap in after Kevin Großkreutz's shot was parried, to make the score 4–0.","After 17 final matches, Jojić won the first match in the first round, and after returning the second round to Kevin Großkroyts, he lost his team 4-0.",0.37914719991385937
1060a349419b1c840d36,en-uz,"Jackson was named to the USA Basketball Women's Junior National Team when it was invited to the 1997 FIBA Junior World Championship (now called U19) held in Natal, Brazil.","Jackson 1997-yilda Braziliyaning Natal shahrida bo'lib o'tgan FIBA o'smirlar o'rtasidagi jahon chempionatiga (hozirgi U19 nomi bilan tanilgan) taklif qilinganida, AQSh ayollar o'smirlar milliy basketbol jamoasiga tayinlangan.",Jackson 1997-yilda Brazilian Natalda o'zilgan FIBA Junior World Championship (yani U19) o'zilgan o'zilgan USA Basketball Women's Junior National Teamga o'zilgan.,0.449904500041157
1060a349419b1c840d36,uz-en,"Jackson 1997-yilda Braziliyaning Natal shahrida bo'lib o'tgan FIBA o'smirlar o'rtasidagi jahon chempionatiga (hozirgi U19 nomi bilan tanilgan) taklif qilinganida, AQSh ayollar o'smirlar milliy basketbol jamoasiga tayinlangan.","Jackson was named to the USA Basketball Women's Junior National Team when it was invited to the 1997 FIBA Junior World Championship (now called U19) held in Natal, Brazil.","Jackson was appointed as a national basketball player for the U19 (formerly known as the FIBA Championship), who played in 1997 in Brazil at Natal, where he was appointed as a national basketball player for the U19.",0.49728840007446706
3efe585b7eb4b6c80aba,en-uz,"At Slavia, Šilhavý was part of the team which finished second in the 1992–93 Czechoslovak First League but after four years in Prague, he moved to FC Petra Drnovice to continue his footballing career.","Slaviada Šilhavý 1992-93-yillarda Chexoslovakiya Birinchi Ligasida ikkinchi o'rinni egallagan jamoaning bir qismi edi, ammo Pragueda to'rt yil o'tgach, futbolchilik faoliyatini davom ettirish uchun Petra Drnovice klubiga o'tdi.",Slavia-yilda Šilhavý 1992-1993-yilda Çekoslovakya First ligida o'ynida o'ynida o'ynida o'ynida o'ynida o'ynida o'ynida o'ynida o'ynida o'ynida o'ynida o'ynida o'ynida o'ynida o'ynida o'ynida o'ynida o'ynida,0.9082525999983773
3efe585b7eb4b6c80aba,uz-en,"Slaviada Šilhavý 1992-93-yillarda Chexoslovakiya Birinchi Ligasida ikkinchi o'rinni egallagan jamoaning bir qismi edi, ammo Pragueda to'rt yil o'tgach, futbolchilik faoliyatini davom ettirish uchun Petra Drnovice klubiga o'tdi.","At Slavia, Šilhavý was part of the team which finished second in the 1992–93 Czechoslovak First League but after four years in Prague, he moved to FC Petra Drnovice to continue his footballing career.","Slaviada Šilhavý played in the second round of the second round in the Czech Republic First League in 1992-1993, while in the second round in Prague he played with Petra Drnovice club to play his football team.",0.4562142000067979
322c95bee6f7cd86881a,en-uz,"Since 1983, she has served as an ESPN analyst for various events including both men's and women's NCAA basketball games.","1983-yildan boshlab u. turli tadbirlar, jumladan, erkaklar va ayollar NCAA basketbol o'yinlari uchun ESPN tahlilchisi bo'lib ishlagan.","1983-yildan bu yana, NCAA basketbol ma'yashida va femning o'yashida o'yashida o'yashida ESPN analistiga o'yashida.",0.428965299972333
322c95bee6f7cd86881a,uz-en,"1983-yildan boshlab u. turli tadbirlar, jumladan, erkaklar va ayollar NCAA basketbol o'yinlari uchun ESPN tahlilchisi bo'lib ishlagan.","Since 1983, she has served as an ESPN analyst for various events including both men's and women's NCAA basketball games.","Since 1983, she has been a member of the ESPN Review for NCAA Basketball Games for women, women, men and women.",0.2761829999508336
5452afec161f867735a8,en-uz,"On December 9, 1993, the company had its initial public offering (IPO), selling 16 million shares to the public, and valuing the company at $64 million.","1993-yil 9-dekabrda kompaniya birlamchi ommaviy joylashtirishni (IPO) amalga oshirdi, 16 million aksiyani ommaga sotdi va kompaniyani 64 million dollarga baholadi.",1993-yil 9-decemberda kompani o'ziyari o'ziyari (IPO) o'ziyari o'ziyari o'ziyari o'ziyari o'ziyari o'ziyari o'ziyari o'ziyari o'ziyari o'ziyari o'ziyari o'ziyari o'ziyari o'ziyari o',0.8538301000371575
5452afec161f867735a8,uz-en,"1993-yil 9-dekabrda kompaniya birlamchi ommaviy joylashtirishni (IPO) amalga oshirdi, 16 million aksiyani ommaga sotdi va kompaniyani 64 million dollarga baholadi.","On December 9, 1993, the company had its initial public offering (IPO), selling 16 million shares to the public, and valuing the company at $64 million.","On 9 December 1993, the company launched an IPO (United Exchange Exchange Operation), with a total of 16 million shares, and a total of $64 million.",0.35631970001850277
31c640ee7318272400df,en-uz,"Dale Ellis (born August 6, 1960) is an American former professional basketball player who played in the National Basketball Association (NBA).",Dale Ellis (1960-yil 6-avgustda tug'ilgan) - Milliy Basketbol Assotsiatsiyasida (NBA) o'ynagan amerikalik sobiq professional basketbolchi.,"Dale Ellis (1960-yil 6-avgustda tug'ilgan) - Amerikalik bir o'z profesional basketbolchi, National Basketball Association (NBA) o'zilgan.",0.40075559995602816
31c640ee7318272400df,uz-en,Dale Ellis (1960-yil 6-avgustda tug'ilgan) - Milliy Basketbol Assotsiatsiyasida (NBA) o'ynagan amerikalik sobiq professional basketbolchi.,"Dale Ellis (born August 6, 1960) is an American former professional basketball player who played in the National Basketball Association (NBA).","Dale Ellis (born August 6, 1960) is an American professional basketball player who plays in the National Basketball Association (NBA).",0.2925040000118315
a30eb6326dbad54544d0,en-uz,1973 was the first model year of the W116 for the US market.,1973-yil AQSH bozori uchun W116 ning birinchi model yili boʻldi.,1973 - US marketi W116-yilini o'z modelni o'z.,0.20056549995206296
a30eb6326dbad54544d0,uz-en,1973-yil AQSH bozori uchun W116 ning birinchi model yili boʻldi.,1973 was the first model year of the W116 for the US market.,The 1973 AQSH was the first model of the W116.,0.1438898000633344
7a669e3570a658a02bcc,en-uz,"In the Tarnopol voivodeship agreements, Zolochiv was included in the Ukrainian Soviet Socialist Republic in the USSR, where it remained until 1991.",Tarnopol voevodeligi shartnomalarida Zolochiv SSSRdagi Ukraina Sovet Sotsialistik Respublikasi tarkibiga kiritilgan va u erda 1991 yilgacha saqlanib qolgan.,"Tarnopol vaivododishlik o'zotlamda Zolochiv Ukraniya Sovyet Socialist Republicya Sovyetiyasiya o'zotlamdi, o'zotlamda 1991-yilda o'zotlamdi.",0.5288378000259399
7a669e3570a658a02bcc,uz-en,Tarnopol voevodeligi shartnomalarida Zolochiv SSSRdagi Ukraina Sovet Sotsialistik Respublikasi tarkibiga kiritilgan va u erda 1991 yilgacha saqlanib qolgan.,"In the Tarnopol voivodeship agreements, Zolochiv was included in the Ukrainian Soviet Socialist Republic in the USSR, where it remained until 1991.","The former Soviet Union of Tarnopol, Zolochiv, was established as the Soviet Socialist Party of Ukraine in the USSR and was established in 1991.",0.34735159995034337
49502109bad6fe37ac63,en-uz,"According to the 2011 Grant Thornton International business survey, 29% of top-level managerial positions in Armenia were occupied by women in 2010.","2011-yilda Grant Thornton International biznes so'roviga ko'ra, 2010- yilda Armanistondagi yuqori darajadagi boshqaruv lavozimlarining 29 foizini ayollar egallagan.","2011-yilgi Grant Thornton International biznes bilansiya göre, Armeniya o'ziyari o'ziyari o'ziyari o'ziyari o'ziyari o'ziyari o'ziyari o'ziyari o'ziyari o'ziyari o'ziyari o'ziyari o'ziyari o'ziyari o'ziyari o'z",0.859710399992764
49502109bad6fe37ac63,uz-en,"2011-yilda Grant Thornton International biznes so'roviga ko'ra, 2010- yilda Armanistondagi yuqori darajadagi boshqaruv lavozimlarining 29 foizini ayollar egallagan.","According to the 2011 Grant Thornton International business survey, 29% of top-level managerial positions in Armenia were occupied by women in 2010.",Grant entered the International Business Association in 2011 and in 2010 won 29 jobs for the second-class business in Armenia.,0.24479459994472563
388d264e32ee2139bed8,en-uz,"The stadium was built on site of the demolished Central Stadium, at the foot of the Mamayev Kurgan memorial complex, near the Volga River.","Stadion buzib tashlangan Markaziy stadion o'rnida, Mamayev Kurgan yodgorlik majmuasi etagida, Volga daryosi yaqinida qurilgan.","Stadiadiot, Volga o'zida o'zilgan Mamayev Kurgan o'ziyiyiyiyiyiyiyiyiyiyiyiyiyiyiyiyiyiyiyiyiyiyiyiyiyiyiyiyiyiyiyiyiyiyiyiyiyiyiyiyiyiyiyiyiyiyiyiyiyiyiyiyiyiyiyiyiyiyiyiyiyiyiyiyiyiyiyiyiyiyiyiyiy",0.865508500020951
388d264e32ee2139bed8,uz-en,"Stadion buzib tashlangan Markaziy stadion o'rnida, Mamayev Kurgan yodgorlik majmuasi etagida, Volga daryosi yaqinida qurilgan.","The stadium was built on site of the demolished Central Stadium, at the foot of the Mamayev Kurgan memorial complex, near the Volga River.","The stadium is located on the main stadium, Mamayev Kurgan, the village of the village, in the Volga district.",0.2713990000775084
41cdea34ace3dba1b5a6,en-uz,"In 1924, at the Alamac Hotel of New York, Alekhine played 26 simultaneous blindfold games against very strong opponents (Isaac Kashdan and Hermann Steiner among them), with the score of 16 wins, 5 losses, and 5 draws.","1924 yilda Nyu-Yorkdagi Alamac mehmonxonasida Alekhine juda kuchli raqiblarga ( Isaak Kashdan va Hermann Shtayner ) qarshi bir vaqtning o'zida 26 ta ko'zi bog'langan holda o'yin o'tkazdi, 16 g'alaba, 5 mag'lubiyat va 5 durang natija qayd etdi.",1924-yilda New York-yilgi Alamac Hotelida Alekhine 26 samimultan o'ziy o'ziy o'ziy o'ziy o'ziy o'ziy o'ziy o'ziy o'ziy o'ziy o'ziy o'ziy o'ziy o'ziy o'ziy o'ziy o'ziy o'ziy o',0.8881045000161976
41cdea34ace3dba1b5a6,uz-en,"1924 yilda Nyu-Yorkdagi Alamac mehmonxonasida Alekhine juda kuchli raqiblarga ( Isaak Kashdan va Hermann Shtayner ) qarshi bir vaqtning o'zida 26 ta ko'zi bog'langan holda o'yin o'tkazdi, 16 g'alaba, 5 mag'lubiyat va 5 durang natija qayd etdi.","In 1924, at the Alamac Hotel of New York, Alekhine played 26 simultaneous blindfold games against very strong opponents (Isaac Kashdan and Hermann Steiner among them), with the score of 16 wins, 5 losses, and 5 draws.","In 1924, in the Alamac city of New York, he played 26 games in a round of six times in a round of six times in a round of six times in a round of six times in a round of six times in a round of six times in a round of six times in a round of six times in a round of six times in a round of six times in a round of six times in a round of six times in a round of six times in",0.8746068000327796
a976deecb40d0778d59e,en-uz,"Brandenstein was a pilot on STS-8, his first flight, which was launched from the Kennedy Space Center, Florida, on August 30, 1983.","Brandenstein STS-8 ning uchuvchisi bo'lgan, uning birinchi parvozi 1983-yil 30-avgustda Florida shtatidagi Kennedi kosmik markazidan boshlangan.",Brandenstein 1983-yil 30-agustda Florida-yilda Kennedy kosmos qoseri va y'yog'ilgan STS-8 pilotiydi.,0.33725360000971705
a976deecb40d0778d59e,uz-en,"Brandenstein STS-8 ning uchuvchisi bo'lgan, uning birinchi parvozi 1983-yil 30-avgustda Florida shtatidagi Kennedi kosmik markazidan boshlangan.","Brandenstein was a pilot on STS-8, his first flight, which was launched from the Kennedy Space Center, Florida, on August 30, 1983.","Brandenstein was launched by STS-8, and his first ship was launched on 30 August 1983 at Kennedy Space Center in Florida.",0.2885780999204144
aebd06a2644e34334780,en-uz,"In an interview from 1996, Kurdish writer Yaşar Kemal described his visit to a large Afshar Turkmen village in Diyarbakır.",1996-yildagi intervyusida kurd yozuvchisi Yaşar Kamol Diyarbakirdagi katta Afshar turkman qishlog'iga qilgan tashrifini tasvirlab bergan.,1996-yilda o'zdan bir intervjuda Kurdiy pisari Yaşar Kemal Diyarbakirda Afshar Turkmenning o'zida o'zini o'zilgan.,0.4078822999726981
aebd06a2644e34334780,uz-en,1996-yildagi intervyusida kurd yozuvchisi Yaşar Kamol Diyarbakirdagi katta Afshar turkman qishlog'iga qilgan tashrifini tasvirlab bergan.,"In an interview from 1996, Kurdish writer Yaşar Kemal described his visit to a large Afshar Turkmen village in Diyarbakır.","In an interview in 1996, Kurdish leader Yaşar Kamol described his life as a member of the Afshar Turkmen group in Diyarbakır.",0.34489599999506027
6ac8622275a523267b65,en-uz,Gossett has been married three times and fathered one son and adopted one son.,Gossett uch marta uylangan. Uning bir o'g'il bor va bir o'g'ilni asrab olgan.,Gossett o'yashiga o'yashdi va bir o'yash o'yashdi va bir o'yash o'yashdi.,0.3719435000093654
6ac8622275a523267b65,uz-en,Gossett uch marta uylangan. Uning bir o'g'il bor va bir o'g'ilni asrab olgan.,Gossett has been married three times and fathered one son and adopted one son.,Gossett died in March. He had a couple of women and had a couple of women.,0.2108264999696985
d847d785b6b3d724d666,en-uz,Johnson attended the University of Kansas where she played for the Jayhawks from 2006–2009.,Johnson Kanzas universitetida tahsil olgan va u yerda 2006-2009-yillarda Jayhawks uchun o'ynagan.,Johnson 2006-2009-yilda Jayhawksda o'ynagan Kansas universitetida o'ynagan.,0.24413560004904866
d847d785b6b3d724d666,uz-en,Johnson Kanzas universitetida tahsil olgan va u yerda 2006-2009-yillarda Jayhawks uchun o'ynagan.,Johnson attended the University of Kansas where she played for the Jayhawks from 2006–2009.,Johnson graduated from the University of Kansas and played for Jayhawks in 2006-2009.,0.19984020001720637
fbe87247d5cf56162220,en-uz,"She was less successful at the 2018 World Championships in Milan, Italy.",U Italiyaning Milan shahrida bo'lib o'tgan 2018-yilgi Jahon chempionatida kamroq muvaffaqiyatli bo'lgan.,U 2018-yilda İtalya-Milanga bo'zilgan Dünya Şampiyonasıda o'zilgan.,0.2702491000527516
fbe87247d5cf56162220,uz-en,U Italiyaning Milan shahrida bo'lib o'tgan 2018-yilgi Jahon chempionatida kamroq muvaffaqiyatli bo'lgan.,"She was less successful at the 2018 World Championships in Milan, Italy.","He played in Milan, Italy, and played in the 2018 Summer Championship.",0.18139289994724095
37c7d11145a32264e934,en-uz,"At international level, Di Natale represented the Italy national team 42 times between 2002 and 2012, scoring 11 goals.",Xalqaro miqyosda Di Natale 2002-yildan 2012-yilgacha Italiya terma jamoasi sharafini 42 marta himoya qilgan va 11 ta gol urgan.,"Uyoliyaliyalda Di Natale 2002-yilda 2012-yilda İtalyan milli takmi 42 kali o'ynagan, 11 gol o'ynagan.",0.36405109998304397
37c7d11145a32264e934,uz-en,Xalqaro miqyosda Di Natale 2002-yildan 2012-yilgacha Italiya terma jamoasi sharafini 42 marta himoya qilgan va 11 ta gol urgan.,"At international level, Di Natale represented the Italy national team 42 times between 2002 and 2012, scoring 11 goals.",In the national team Di Natale played 42 marches in Italy from 2002 to 2012 and scored 11 goals.,0.23165730002801865
d4a6a8b3ddfb2131fcf8,en-uz,"Marčiulionis was again a bronze medalist with Lithuania, at the 1996 Summer Olympics.",Marčiulionis yana Litva bilan 1996-yilgi Yozgi Olimpiya o'yinlarida bronza medali sohibi bo'ldi.,Marčiulionis 1996-yilgi olimolipiyada Litviyaga bronz medalistini o'yndi.,0.28794760000891984
d4a6a8b3ddfb2131fcf8,uz-en,Marčiulionis yana Litva bilan 1996-yilgi Yozgi Olimpiya o'yinlarida bronza medali sohibi bo'ldi.,"Marčiulionis was again a bronze medalist with Lithuania, at the 1996 Summer Olympics.","Since March, Lithuania won a bronze medal at the 1996 Youth Olympics.",0.19616510008927435
085283caee044b5a0c84,en-uz,"It is located beside the River Monnow, about 2 miles (3.2 km) north-west of Monmouth, at the junction of the B4233 to Abergavenny and the B4347 to Grosmont.","U Monnou daryosi bo'yida, taxminan 2 miles (3.2 km) Monmutdan shimoli-g'arbda, B4233-dan Abergavenniga va B4347-dan Grosmontga chorrahasida.","U Monmouthning 2 mil (3,2 km) Monnovning o'zilgan, B4233 Abergavenny va B4347 Grosmontning o'zilgan.",0.39549519994761795
085283caee044b5a0c84,uz-en,"U Monnou daryosi bo'yida, taxminan 2 miles (3.2 km) Monmutdan shimoli-g'arbda, B4233-dan Abergavenniga va B4347-dan Grosmontga chorrahasida.","It is located beside the River Monnow, about 2 miles (3.2 km) north-west of Monmouth, at the junction of the B4233 to Abergavenny and the B4347 to Grosmont.","It is located near Monnou, 2 miles (3.2 km) from the coast of Monmut, from B4233 to Abergavenn and from B4347 to Grosmont.",0.4101654998958111
0e12d3503e74aa9e1504,en-uz,Panch Kalyanak Pratishtha Mahotsava at this kshetra was organized from 5 June 1983 to 15 June 1983 with many cultural and other attractive programmes in the presence of so many monks and well known scholars.,Ushbu kshetradagi Panch Kalyanak Pratishtha Mahotsava 1983-yil 5-iyundan 1983-yil 15-iyungacha ko'plab rohiblar va taniqli olimlar ishtirokida bir qator madaniy va boshqa jozibali dasturlar tashkil etilgan.,Karayol Kalyanak Pratishtha Mahotsava bu xshetra 1983-yil 5-iyundan 1983-yil 15-iyunida o'ynagan o'ynagan o'ynagan o'ynagan o'ynagan o'ynagan o'ynagan o'ynagan o'ynagan o'ynagan o'ynagan o'ynagan o'ynagan o'ynagan o'ynagan o'ynagan o,0.8623539000982419
0e12d3503e74aa9e1504,uz-en,Ushbu kshetradagi Panch Kalyanak Pratishtha Mahotsava 1983-yil 5-iyundan 1983-yil 15-iyungacha ko'plab rohiblar va taniqli olimlar ishtirokida bir qator madaniy va boshqa jozibali dasturlar tashkil etilgan.,Panch Kalyanak Pratishtha Mahotsava at this kshetra was organized from 5 June 1983 to 15 June 1983 with many cultural and other attractive programmes in the presence of so many monks and well known scholars.,"His headquarters, Panch Kalyanak Pratishtha Mahotsava, from 5 January 1983 to 15 June 1983 had a group of associated and cultural activities and other joint activities.",0.4037724999943748
52dbd0da62a9f1edecca,en-uz,Vasili started to play football in sport school Smena in Moscow before going to Torpedo.,Vasiliy Torpedoga borishdan oldin Moskvadagi Smena sport maktabida futbol o'ynashni boshlagan.,Vasili Moskvasida Smena sport sholida torpedo o'ynash o'ynash o'ynash o'ynash o'ynash o'ynash o'ynash o'ynash o'ynash o'ynash o'ynash o'ynash o'ynash o'ynash o'ynash o'ynash o'ynash o'ynash o'ynash o'ynash o,0.9564115999964997
52dbd0da62a9f1edecca,uz-en,Vasiliy Torpedoga borishdan oldin Moskvadagi Smena sport maktabida futbol o'ynashni boshlagan.,Vasili started to play football in sport school Smena in Moscow before going to Torpedo.,"Vasily was born in Torpedoga, where she played a football at the Smena sports club in Moscow.",0.2525787999620661
ba1560cf15ea6fefd067,en-uz,She triumphed over Victoria Azarenka in the final to earn her first WTA Tour title.,"U finalda Viktoriya Azarenka ustidan g'alaba qozonib, o'zining ilk WTA turniri unvonini qo'lga kiritdi.",U U UTA Tourning o'zini o'zini o'zini o'zini o'zini o'zini o'zini o'zini o'zini o'zini o'zini o'zini o'zini o'zini o'zini o'zini o'zini o'zini o'zini o'zini o'zini o'zini o,0.9291450000600889
ba1560cf15ea6fefd067,uz-en,"U finalda Viktoriya Azarenka ustidan g'alaba qozonib, o'zining ilk WTA turniri unvonini qo'lga kiritdi.",She triumphed over Victoria Azarenka in the final to earn her first WTA Tour title.,"She lost Victoria Azarenka in the final, playing her first WTA tournament.",0.32392300001811236
e8967afd9b9a30c23d57,en-uz,Bellis began playing on the ITF Junior Circuit in late 2012 and mostly participated in low-level Grade-4 tournaments through the end of 2013.,Bellis 2012-yil oxirida ITF Junior Circuitda o‘ynashni boshladi va 2013-yil oxirigacha asosan quyi darajadagi 4-turnirlarda o‘ynadi.,Bellis 2012-yilda ITF Junior Circuitda o'zilgan va 2013-yilda o'zida o'zida o'zida o'zida o'zida o'zida o'zida o'zida o'zida o'zida o'zida o'zida o'zida o'zida o'zida o'zida o'zida o'zida o'zida,1.1361097999615595
e8967afd9b9a30c23d57,uz-en,Bellis 2012-yil oxirida ITF Junior Circuitda o‘ynashni boshladi va 2013-yil oxirigacha asosan quyi darajadagi 4-turnirlarda o‘ynadi.,Bellis began playing on the ITF Junior Circuit in late 2012 and mostly participated in low-level Grade-4 tournaments through the end of 2013.,Bellis started playing at the ITF Junior Circuit in 2012 and played in four tournaments in the second round since 2013.,0.4476788999745622
bac358e8cd5d7f6db671,en-uz,"It comprised the previous Poona district, Bombay district south of the Tapti, Belgaum district north of the Tungabhadra, and Dharwar and Aurangabad districts.","U avvalgi Poona tumanini, Tapti janubidagi Bombay tumanini, Tungabxadra shimolidagi Belgaum tumanini va Dharvar va Aurangobod tumanlarini o'z ichiga olgan.","U u u u u u u Poona distrikt, Bombay distrikt tapti o'ynasi, Belgaum distrikt Tungabhadra o'ynasi va Dharwar va Aurangabad distriktlar o'ynasi.",0.7374514000257477
bac358e8cd5d7f6db671,uz-en,"U avvalgi Poona tumanini, Tapti janubidagi Bombay tumanini, Tungabxadra shimolidagi Belgaum tumanini va Dharvar va Aurangobod tumanlarini o'z ichiga olgan.","It comprised the previous Poona district, Bombay district south of the Tapti, Belgaum district north of the Tungabhadra, and Dharwar and Aurangabad districts.","She also found the town of Poona, the town of Bombay in the town of Tapti, the town of Belgaum in the town of Tungabchadra, and the town of Dharvar and Aurangobod.",0.5676535000093281
138dfa961acefd9497d2,en-uz,Abdumalik began playing chess at age five.,Abdumalik besh yoshida shaxmat o‘ynay boshlagan.,Abdumalik 5-yilda shashida o'ynashdi.,0.1989680000115186
138dfa961acefd9497d2,uz-en,Abdumalik besh yoshida shaxmat o‘ynay boshlagan.,Abdumalik began playing chess at age five.,Abdumalik was born in the village.,0.1508579000364989
fa61a898b694c8115aa0,en-uz,Siddique became an essential part of such movies along with Mukesh and Jagadeesh.,Siddiq Mukesh va Jagadeesh bilan birga bunday filmlarning muhim qismiga aylandi.,Siddique Mukesh va Jagadeeshga o'zilgan o'z filmlerin o'zilgan o'zadi.,0.5415577000239864
fa61a898b694c8115aa0,uz-en,Siddiq Mukesh va Jagadeesh bilan birga bunday filmlarning muhim qismiga aylandi.,Siddique became an essential part of such movies along with Mukesh and Jagadeesh.,Siddiq Mukesh and Jagadeesh were the most important part of the film.,0.3620492001064122
01f0679299468a5e8084,en-uz,"After playing with the junior youth clubs of Aris, Kalaitzakis began his professional career in 2016, with the Greek club Panathinaikos.","Arisning o'smir yoshlar klublarida o'ynagach, Kalaitzakis o'zining professional faoliyatini 2016-yilda Gretsiyaning Panathinaikos klubida boshlagan.","Aris youth klubi va o'zilgan, Kalaitzakis 2016-yilda Yunan klubi Panathinaikosga kariyerini o'zilgan.",0.5857111999066547
01f0679299468a5e8084,uz-en,"Arisning o'smir yoshlar klublarida o'ynagach, Kalaitzakis o'zining professional faoliyatini 2016-yilda Gretsiyaning Panathinaikos klubida boshlagan.","After playing with the junior youth clubs of Aris, Kalaitzakis began his professional career in 2016, with the Greek club Panathinaikos.","After playing for the sixth year club, Aris started his professional career in the Panathinaikos Club of Greece in 2016.",0.5432906999485567
44ff75f969f73ddf6eb6,en-uz,"In September 2021, Jadeja was named in India's squad for the 2021 ICC Men's T20 World Cup.",2021-yil sentabr oyida Jadeja Hindiston terma jamoasining 2021-yilgi ICC Erkaklar o‘rtasidagi T20 jahon chempionati uchun terma jamoasiga kiritildi.,2021-yil septembrida Jadeja 2021-yilda ICC T20 masollar ma'yashni ma'yashni ma'yashni ma'yashni ma'yashni ma'yashni ma'yashni ma'yashni ma'yashni ma'yashni ma'yashni ma'yashni ma'yashni ma'yashni ma'yashni,1.2122471000766382
44ff75f969f73ddf6eb6,uz-en,2021-yil sentabr oyida Jadeja Hindiston terma jamoasining 2021-yilgi ICC Erkaklar o‘rtasidagi T20 jahon chempionati uchun terma jamoasiga kiritildi.,"In September 2021, Jadeja was named in India's squad for the 2021 ICC Men's T20 World Cup.","In September 2021, Jadeja was awarded the title for the 2021 ICC Women's Championship in India.",0.33620450005400926
299716cf9f419105c952,en-uz,"There are about 200 shops, restaurants, cafés, service points, as well as a Cinema City cinema with 20 rooms (including IMAX, 4DX, and 3 VIP rooms), a 24-hour fitness club, a children's playroom, etc.","Bu yerda 200 ga yaqin do‘konlar, restoranlar, kafelar, xizmat ko‘rsatish shoxobchalari, shuningdek, 20 xonali Cinema City kinoteatri (jumladan, IMAX, 4DX va 3 VIP xonalari), 24 soatlik fitnes-klub, bolalar o‘yin xonasi va boshqa kerakli joylar bor.","200 o'z, restoranlar, kafeler, servis o'zlar va 20 o'z (IMAX, 4DX va 3 VIP o'zlar va) o'ziyga Cinema City kino, 24-o'z fitness klub, o'ziy o'ziy o'ziy o'ziy o'ziy o'ziy o'ziy o'ziy o'ziy o'ziy o",1.394184600096196
299716cf9f419105c952,uz-en,"Bu yerda 200 ga yaqin do‘konlar, restoranlar, kafelar, xizmat ko‘rsatish shoxobchalari, shuningdek, 20 xonali Cinema City kinoteatri (jumladan, IMAX, 4DX va 3 VIP xonalari), 24 soatlik fitnes-klub, bolalar o‘yin xonasi va boshqa kerakli joylar bor.","There are about 200 shops, restaurants, cafés, service points, as well as a Cinema City cinema with 20 rooms (including IMAX, 4DX, and 3 VIP rooms), a 24-hour fitness club, a children's playroom, etc.","This place includes more than 200 rooms, restaurants, cafés, local tourist stores, towns, 20 Chinese Cinema City cinema (more than IMAX, 4DX and 3 VIP rooms), 24-year-old fitness clubs, a lottery room and other open-sized rooms.",0.7304570000851527
f117a6cb0a8a895d41cd,en-uz,"“They are one of the best French teams,"" McGrath told TheDailyWestchester.com.","""Ular eng yaxshi fransuz jamoalaridan biri"", dedi MakGrat TheDailyWestchester.com saytiga.","""Honlar Fransızning o'zilgan o'zilgan o'zilgan,"" McGrath TheDailyWestchester.comga o'zilgan.",0.439926499966532
f117a6cb0a8a895d41cd,uz-en,"""Ular eng yaxshi fransuz jamoalaridan biri"", dedi MakGrat TheDailyWestchester.com saytiga.","“They are one of the best French teams,"" McGrath told TheDailyWestchester.com.","""He is one of the old French clubs,"" MakGrat told TheDailyWestchester.com.",0.2635737999808043
74ebcd5665e6c903d9ef,en-uz,Zaynab married Abd Allah ibn Ja'far and had four sons and one daughter with him.,"Zaynab Abdulloh ibn Ja’farga turmushga chiqib, to‘rt o‘g‘il va bir qiz ko`rgan.",Zaynab Abd Allah ibn Ja'farga o'zilgan va o'zilgan o'zilgan o'zilgan o'zilgan o'zilgan o'zilgan o'zilgan o'zilgan o'zilgan o'zilgan o'zilgan o'zilgan o'zilgan o'zilgan o'zilgan o'zilgan o'zilgan o'zilgan o'zilgan o'zilgan,1.0255360000301152
74ebcd5665e6c903d9ef,uz-en,"Zaynab Abdulloh ibn Ja’farga turmushga chiqib, to‘rt o‘g‘il va bir qiz ko`rgan.",Zaynab married Abd Allah ibn Ja'far and had four sons and one daughter with him.,"Zaynab Abdulloh was born with Ja'farga, a young woman and a young woman.",0.25629900000058115
125039cb5032c96a5031,en-uz,"Julianne Sitch (born September 18, 1983) is an American former professional soccer defender.",Julianne Sitch (1983-yil 18-sentabrda tug'ilgan) - amerikalik sobiq professional futbol himoyachisi.,Julianne Sitch (1983-yil 18-septemberda tug'ilgan) - amerikalik bir professional futbol savitor.,0.3089741999283433
125039cb5032c96a5031,uz-en,Julianne Sitch (1983-yil 18-sentabrda tug'ilgan) - amerikalik sobiq professional futbol himoyachisi.,"Julianne Sitch (born September 18, 1983) is an American former professional soccer defender.",Julianne Sitch (born 18 September 1983) is an American professional football player.,0.21338809991721064
ced9ee9f800ccae21ff4,en-uz,"On November 28, 2017, Kingsbury joined Sydney FC for the remainder of the 2017–18 W-League.",2017-yilning 28-noyabrida Kingsbury 2017-18-yilgi W-liganing qolgan qismida Sidney FC safiga qo‘shildi.,2017-yil 28-novembrarda Kingsbury 2017-yil 18-yil W-ligagi bo'ilgan Sydney FC'ni o'ynagan.,0.3417708999477327
ced9ee9f800ccae21ff4,uz-en,2017-yilning 28-noyabrida Kingsbury 2017-18-yilgi W-liganing qolgan qismida Sidney FC safiga qo‘shildi.,"On November 28, 2017, Kingsbury joined Sydney FC for the remainder of the 2017–18 W-League.","On 28 November 2017, Kingsbury joined Sydney FC in the W League 2017–18.",0.22719940007664263
da245219205e28bcee43,en-uz,"Potkin tied for first with Sergey Karjakin, Peter Svidler, Dmitry Andreikin, Dmitry Jakovenko and Evgeny Alekseev at the 2012 Russian Championship Superfinal in Moscow, after all players finished on 5/9 points.","Potkin 2012-yilda Moskvada bo'lib o'tgan Rossiya chempionati superfinalida Sergey Karyakin, Pyotr Svidler, Dmitriy Andreikin, Dmitriy Jakovenko va Evgeniy Alekseev bilan birinchi o'rinni egalladi, barcha o'yinchilar 5/9 ochko bilan yakunladilar.","Potkin 2012-yilgi Rusiyatlik kampionati Superfinalida Moskvasida Sergey Karjakin, Peter Svidler, Dmitry Andreikin, Dmitry Jakovenko va Evgeny Alekseevga, o'zilgan o'zaganlar 5/9 o'zida bo'zilgan.",0.8111196000827476
da245219205e28bcee43,uz-en,"Potkin 2012-yilda Moskvada bo'lib o'tgan Rossiya chempionati superfinalida Sergey Karyakin, Pyotr Svidler, Dmitriy Andreikin, Dmitriy Jakovenko va Evgeniy Alekseev bilan birinchi o'rinni egalladi, barcha o'yinchilar 5/9 ochko bilan yakunladilar.","Potkin tied for first with Sergey Karjakin, Peter Svidler, Dmitry Andreikin, Dmitry Jakovenko and Evgeny Alekseev at the 2012 Russian Championship Superfinal in Moscow, after all players finished on 5/9 points.","Potkin won the first round in the 2012 Moscow Championship Superfinals with Sergey Karyakin, Pyotr Svidler, Dmitry Andreikin, Dmitry Jakovenko and Evgeny Alekseev, with their first games played 5/9 in.",0.6712674000300467
409ecd7e63057c578de3,en-uz,Cronin attended Colorado State from 1995 to 1999.,Cronin 1995-yildan 1999-yilgacha Kolorado shtatida qatnashgan.,Cronin 1995-yildan 1999-yilda Colorado valstiga o'ynagan.,0.23772970004938543
409ecd7e63057c578de3,uz-en,Cronin 1995-yildan 1999-yilgacha Kolorado shtatida qatnashgan.,Cronin attended Colorado State from 1995 to 1999.,Cronin was born in Colorado from 1995 to 1999.,0.15879810007754713
84395981e8d0f141f777,en-uz,"Her teammates Pavlova and Afanasyeva qualified in sixth and seventh place, edging her out of the competition.","Uning jamoadoshlari Pavlova va Afanasyeva oltinchi va ettinchi o‘rinlarni egallab, uni musobaqadan chetlatishdi.","U ekipiylar Pavlova va Afanasyeva, o'zdan o'zdan o'zdan o'zdan o'zdan o'zdan o'zdan o'zdan o'zdan o'zdan o'zdan o'zdan o'zdan o'zdan o'zdan o'zdan o'zdan o'zdan o'zdan o'zdan o'",1.0232390000019222
84395981e8d0f141f777,uz-en,"Uning jamoadoshlari Pavlova va Afanasyeva oltinchi va ettinchi o‘rinlarni egallab, uni musobaqadan chetlatishdi.","Her teammates Pavlova and Afanasyeva qualified in sixth and seventh place, edging her out of the competition.","Their parents were the parents of Pavlova and Afanasyeva, and the parents of them were the parents of the family, who were killed from the hospital.",0.4376104000257328
31f6df274d3b33b5f878,en-uz,"The single ""Funkdafied"" reached number 1 on the rap singles chart and number 6 on the Billboard Hot 100.","Funkdafied "" singli rap singl chartida 1-o'ringa va Billboard Hot 100- da 6-o'ringa yetdi.","""Funkdafied"" singol rap singol chartada 1 va Billboard Hot 100-yilda 6 numida o'yndi.",0.42560479999519885
31f6df274d3b33b5f878,uz-en,"Funkdafied "" singli rap singl chartida 1-o'ringa va Billboard Hot 100- da 6-o'ringa yetdi.","The single ""Funkdafied"" reached number 1 on the rap singles chart and number 6 on the Billboard Hot 100.",Funkdafied's single rap single was 1st in the single chart and 6th in the Billboard Hot 100.,0.34444140002597123
ce40ccf000d7b32861b2,en-uz,Pugh has represented the United States at the FIFA Women's World Cup tournament in 2019.,Pugh 2019-yilgi FIFA ayollar o'rtasidagi jahon chempionati turnirida Qo'shma Shtatlarni himoya qilgan.,Pugh 2019-yilda FIFA-yilki ma'rqotni turnivalida Amerika o'ynagan.,0.30917469994165003
ce40ccf000d7b32861b2,uz-en,Pugh 2019-yilgi FIFA ayollar o'rtasidagi jahon chempionati turnirida Qo'shma Shtatlarni himoya qilgan.,Pugh has represented the United States at the FIFA Women's World Cup tournament in 2019.,Pugh was a member of the United States of America at the 2019 FIFA World Cup Championship.,0.2415073000593111
0073b9c8816c00f77a59,en-uz,Liu Yu (born 24 December 1975) is a Chinese writer and political scientist.,Liu Yu (1975-yil 24-dekabrda Xitoyda tug'ilgan) - xitoylik yozuvchi va siyosatchi olima.,Liu Yu (1975-yil 24-decemberga tug'ilgan) - kinyil pisari va politiyatiyist.,0.32162349997088313
0073b9c8816c00f77a59,uz-en,Liu Yu (1975-yil 24-dekabrda Xitoyda tug'ilgan) - xitoylik yozuvchi va siyosatchi olima.,Liu Yu (born 24 December 1975) is a Chinese writer and political scientist.,Liu Yu (born 24 December 1975) is a citizen and a publicist.,0.22562629997264594
294404ed2310af258b92,en-uz,Hantuchová announced her retirement from professional tennis on 6 July 2017.,Hantuchová 2017-yil 6-iyul kuni professional tennisdagi faoliyatini yakunlaganini e’lon qildi.,Hantuchová 2017-yil 6-yulda professional tenisdan qosipida qay'ilgan.,0.25370079989079386
294404ed2310af258b92,uz-en,Hantuchová 2017-yil 6-iyul kuni professional tennisdagi faoliyatini yakunlaganini e’lon qildi.,Hantuchová announced her retirement from professional tennis on 6 July 2017.,"Hantuchová announced her career in professional tennis on June 6, 2017.",0.18988550000358373
f12af1d16f1ac526150a,en-uz,"As a high school student at Sint-Michielscollege (Brasschaat), Abbeel played on the club basketball team.",Sint-Michielskollejda (Brasschaat) o'rta maktab o'quvchisi sifatida Abbeel klub basketbol jamoasida o'ynadi.,Brasschaat (Sint-Michielscollege) o'ziyiyga Abbeel klub basketbol takmi o'ziydi.,0.39025389996822923
f12af1d16f1ac526150a,uz-en,Sint-Michielskollejda (Brasschaat) o'rta maktab o'quvchisi sifatida Abbeel klub basketbol jamoasida o'ynadi.,"As a high school student at Sint-Michielscollege (Brasschaat), Abbeel played on the club basketball team.","He played in the Abbeel club basketball team, which was a major player in the Sint-Michelskollege (Brasschaat).",0.35520229989197105
59c1d7bcc39f3fd8d49c,en-uz,Nuno Mendes (born 10 May 1984 in Porto) is a Portuguese rower.,Nuno Mendes (1984-yil 10-mayda Portuda tugʻilgan) — portugaliyalik eshkak eshuvchi.,Nuno Mendes (Portogolda 1984-yil 10-mayda portogolida tug'ilgan) - portugalik bisikl.,0.33914709999226034
59c1d7bcc39f3fd8d49c,uz-en,Nuno Mendes (1984-yil 10-mayda Portuda tugʻilgan) — portugaliyalik eshkak eshuvchi.,Nuno Mendes (born 10 May 1984 in Porto) is a Portuguese rower.,Nuno Mendes (born 10 May 1984 in Portuda) is a Portuguese female.,0.2493643999332562
086bfb8f9ca7223da489,en-uz,Arora was selected as one of the VJs when MTV India started its operations.,MTV India o'z faoliyatini boshlaganida Arora VJlardan biri sifatida tanlangan.,Arora MTV India o'zilgan o'zilgan VJs o'zilgan.,0.23780090000946075
086bfb8f9ca7223da489,uz-en,MTV India o'z faoliyatini boshlaganida Arora VJlardan biri sifatida tanlangan.,Arora was selected as one of the VJs when MTV India started its operations.,"When MTV started the Indian show, Arora became known as one of the VJs.",0.22982330003287643
953d8697db8a1be6f7e2,en-uz,She was a member of the Turkey girls' U-17 and Turkey women's U-19 teams.,Turkiya U-17 qizlar va Turkiya U-19 ayollar terma jamoalari a’zosi edi.,U Turqi U-17 va Turqi U-19 o'ynat ekipining q'ilgan.,0.2502610000083223
953d8697db8a1be6f7e2,uz-en,Turkiya U-17 qizlar va Turkiya U-19 ayollar terma jamoalari a’zosi edi.,She was a member of the Turkey girls' U-17 and Turkey women's U-19 teams.,Turkey won the U-17 and Turkey won the U-19 Championship.,0.19286010006908327
790df30c05b63219e4e2,en-uz,It is famous for being the birthplace of the soldier Pēteris Dzelzītis.,U askar Pēteris Dzelzītisning tug'ilgan joyi bo'lganligi bilan mashhurdir.,U Pēteris Dzelzītis solida'yilga o'zilgan.,0.2241488000145182
790df30c05b63219e4e2,uz-en,U askar Pēteris Dzelzītisning tug'ilgan joyi bo'lganligi bilan mashhurdir.,It is famous for being the birthplace of the soldier Pēteris Dzelzītis.,He is a member of the military Pēteris Dzelzītis.,0.21207940008025616
5be916693463aa60dbfc,en-uz,"""Tuqaq Temur Yalig"" literally means ""iron bow"" or ""with an iron bow"" in old Turkic language.","""Tuqaq Temur Yalig'"" qadimgi turkiy tilda ""temir kamon"" yoki ""temir kamonli"" degan ma'noni anglatadi.","""Tuqaq Temur Yalig"" bokstayalda ""yol bo'y"" va ""yol bo'y"" o'yol Turkiyasi bo'yida o'yol bo'yida o'yol bo'yida o'yol bo'yida o'yol bo'yida o'yol bo'yida o'yol bo'yida o'yol bo'y",1.0298237000824884
5be916693463aa60dbfc,uz-en,"""Tuqaq Temur Yalig'"" qadimgi turkiy tilda ""temir kamon"" yoki ""temir kamonli"" degan ma'noni anglatadi.","""Tuqaq Temur Yalig"" literally means ""iron bow"" or ""with an iron bow"" in old Turkic language.","""Tuqaq Temur Yalig"" is a Turkish woman who has been named ""temir kamonli"" for ""temir kamonli"".",0.3764003999531269
63cbccc05f55f82a9781,en-uz,"Warren Jabali (August 29, 1946 – July 13, 2012) was an American basketball player.",Warren Jabali (1946-yil 29-avgust - 2012-yil 13-iyul) - amerikalik basketbolchi.,Warren Jabali (1946-yil 29-agust – 2012-yil 13-juli) - amerikalik basketbolchi.,0.2807669999310747
63cbccc05f55f82a9781,uz-en,Warren Jabali (1946-yil 29-avgust - 2012-yil 13-iyul) - amerikalik basketbolchi.,"Warren Jabali (August 29, 1946 – July 13, 2012) was an American basketball player.",Warren Jabali (29 August 1946 – 13 July 2012) is an American basketball player.,0.22393470001406968
6425ad93a9d9157c3bf3,en-uz,"Since 2011, she has been married to Tom Dillon.",2011-yildan beri u Tom Dillon bilan turmush qurgan.,2011-yildan bu yana Tom Dillonga o'zilgan.,0.1769505999982357
6425ad93a9d9157c3bf3,uz-en,2011-yildan beri u Tom Dillon bilan turmush qurgan.,"Since 2011, she has been married to Tom Dillon.","Since 2011, he has been a member of Tom Dillon.",0.16076430003158748
557ceca1fb7f78a97105,en-uz,"It was possible to plug in both Cat5 ISDN equipment and traditional POTS analogue telephones at the same time into the same master panel; normally, an ISDN master panel provides only ISDN sockets.","Cat5 ISDN uskunasini va an'anaviy POTS analog telefonlarini bir vaqtning o'zida bitta asosiy panelga ulash mumkin edi. Odatda, ISDN master paneli faqat ISDN rozetkalarini beradi.",Cat5 ISDN aparati va traditsiyal POTS analog telefonlar o'zilgan o'zilgan o'zilgan o'zilgan o'zilgan; normalda ISDN master panel o'zilgan o'zilgan o'zilgan o'zilgan o'zilgan o'zilgan o'zilgan o'zilgan o'zilgan o'zilgan o'zilgan o'zilgan o'z,1.0203210999025032
557ceca1fb7f78a97105,uz-en,"Cat5 ISDN uskunasini va an'anaviy POTS analog telefonlarini bir vaqtning o'zida bitta asosiy panelga ulash mumkin edi. Odatda, ISDN master paneli faqat ISDN rozetkalarini beradi.","It was possible to plug in both Cat5 ISDN equipment and traditional POTS analogue telephones at the same time into the same master panel; normally, an ISDN master panel provides only ISDN sockets.","Cat5 has made ISDN models and its POTS analog phones available to a new panel in a later version. In the room, ISDN master panel names are ISDN models.",0.44229470007121563
02b28a43919c78a0e9bd,en-uz,It is run by the private foundation Emanuel Vigeland Museum.,U Emanuel Vigeland muzeyi xususiy fondi tomonidan boshqariladi.,U Emanuel Vigeland muzejini privat fondasi o'zilgan.,0.20087679999414831
02b28a43919c78a0e9bd,uz-en,U Emanuel Vigeland muzeyi xususiy fondi tomonidan boshqariladi.,It is run by the private foundation Emanuel Vigeland Museum.,He created the Emanuel Vigeland Museum as an administrative fund.,0.17470870004035532
d2de4ba16872b152c2c2,en-uz,Kevin Melvyn Curren (born 2 March 1958) is a South African former professional tennis player.,Kevin Melvyn Curren (1958 yil 2 martda tug'ilgan) - Janubiy Afrikalik sobiq professional tennischi .,Kevin Melvin Curren (1958-yil 2-marda tug'ilgan) — yunan afrikalik professional tenischi.,0.2864920999854803
d2de4ba16872b152c2c2,uz-en,Kevin Melvyn Curren (1958 yil 2 martda tug'ilgan) - Janubiy Afrikalik sobiq professional tennischi .,Kevin Melvyn Curren (born 2 March 1958) is a South African former professional tennis player.,"Kevin Melvin Curren (born March 2, 1958) is a January African professional tennis player.",0.22814049990847707
394c1ab7678611b4c322,en-uz,"Harold Humphrey Hackett (July 12, 1878 – November 20, 1937) was an American tennis player.",Harold Humphrey Hackett (1878-yil 12-iyul - 1937-yil 20-noyabr) amerikalik tennischi.,Harold Humphrey Hackett (1878-yil 12-yulub - 1937-yil 20-november) - amerikalik tenischi.,0.3207080999854952
394c1ab7678611b4c322,uz-en,Harold Humphrey Hackett (1878-yil 12-iyul - 1937-yil 20-noyabr) amerikalik tennischi.,"Harold Humphrey Hackett (July 12, 1878 – November 20, 1937) was an American tennis player.","Harold Humphrey Hackett (July 12, 1878 – November 20, 1937) is an American tennis player.",0.26411049999296665
d0020632873b0b2602df,en-uz,"She appeared in lead role in the film 4 Idiots, along with Sabyasachi Mishra.",U Sabyasachi Mishra bilan birga 4 Idiots filmida bosh rolda paydo bo'ldi.,U film 4 Idiots va Sabyasachi Mishra va o'ziyadi rolida o'zilgan.,0.2576832000631839
d0020632873b0b2602df,uz-en,U Sabyasachi Mishra bilan birga 4 Idiots filmida bosh rolda paydo bo'ldi.,"She appeared in lead role in the film 4 Idiots, along with Sabyasachi Mishra.",She played a role in the 4 Idiots films of the Mishra of Sabyasachi.,0.213822599966079
4976b09972b52b16f484,en-uz,"In 1960, Bodenseewerke Gerätetechnik became the prime contractor for the European production of the American Sidewinder AIM-9B air-to-air missile.",1960-yilda Bodenseewerke Gerätetechnik Amerika Sidewinder AIM-9B havo-havo raketasini Yevropa ishlab chiqarish boʻyicha bosh pudratchi boʻldi.,1960-yilda Bodenseewerke Gerätetechnik American Sidewinder AIM-9B aer-to-air raketi europiyagi o'zilgan.,0.3745580998947844
4976b09972b52b16f484,uz-en,1960-yilda Bodenseewerke Gerätetechnik Amerika Sidewinder AIM-9B havo-havo raketasini Yevropa ishlab chiqarish boʻyicha bosh pudratchi boʻldi.,"In 1960, Bodenseewerke Gerätetechnik became the prime contractor for the European production of the American Sidewinder AIM-9B air-to-air missile.","In 1960, Bodenseewerke Gerätetechnik America launched a air-air missile Sidewinder AIM-9B to Europe.",0.32507599995005876
12c5748bff94a9521d8e,en-uz,"Angela Lynette Aycock (born February 28, 1973), later known as Sister Paula, is an American former professional basketball player.","Angela Lynette Aycock (1973-yil 28-fevralda tug'ilgan), keyinchalik Paula opa sifatida tanilgan, amerikalik sobiq professional basketbolchi.","Angela Lynette Aycock (1973-yil 28-fevralda tug'ilgan), o'zilgan Paula o'zilgan, amerikalik bir o'z profesional basketbolchi.",0.4175151999806985
12c5748bff94a9521d8e,uz-en,"Angela Lynette Aycock (1973-yil 28-fevralda tug'ilgan), keyinchalik Paula opa sifatida tanilgan, amerikalik sobiq professional basketbolchi.","Angela Lynette Aycock (born February 28, 1973), later known as Sister Paula, is an American former professional basketball player.","Angela Lynette Aycock (born February 28, 1973) is an American professional basketball player known as her father Paul.",0.2629684000276029
1283511cdc30503fb75d,en-uz,"Minamisōma was partially inundated by the tsunami which resulted from the Tōhoku earthquake on March 11, 2011, and suffered heavy damage.",Minamisōma 2011-yil 11-martda Tōhoku zilzilasidan kelib chiqqan sunami tomonidan qisman suv ostida qolgan va katta zarar ko'rgan.,Minamisōma 2011-yil 11-marda Tōhoku ma'rasi o'zagan tsunami o'zilgan o'zagan bo'zilgan va o'ziy o'zagan bo'zilgan.,0.48286330001428723
1283511cdc30503fb75d,uz-en,Minamisōma 2011-yil 11-martda Tōhoku zilzilasidan kelib chiqqan sunami tomonidan qisman suv ostida qolgan va katta zarar ko'rgan.,"Minamisōma was partially inundated by the tsunami which resulted from the Tōhoku earthquake on March 11, 2011, and suffered heavy damage.","Minamisō was killed on 11 March 2011 in a small town in the town of Tōhoku, where a number of people were killed and wounded.",0.4020763000007719
2401d91f5f55e3e43b58,en-uz,The Logar River passes through this district and divides this district in two part (Bara Mussahi and Kuza Mussahi).,Logar daryosi shu tumandan oʻtadi va bu tumanni ikki qismga (Bara Mussaxi va Kuza Mussaxi) ajratadi.,Logar riyasi bu o'ziyasi o'ziyasi o'ziyasi o'ziyasi o'ziyasi o'ziyasi o'ziyasi o'ziyasi o'ziyasi o'ziyasi o'ziyasi o'ziyasi o'ziyasi o'ziyasi o'ziyasi o'ziyasi o'ziyasi o'ziy,0.9337400000076741
2401d91f5f55e3e43b58,uz-en,Logar daryosi shu tumandan oʻtadi va bu tumanni ikki qismga (Bara Mussaxi va Kuza Mussaxi) ajratadi.,The Logar River passes through this district and divides this district in two part (Bara Mussahi and Kuza Mussahi).,Logar was born from the village and was born with two members (Bara Mussaxi and Kuza Mussaxi).,0.26499759999569505
a0684ab32d376c0b9d7b,en-uz,"In 1997, he began to play for the farm club of FC Zenit, Zenit-2, in the Third Division.","1997-yilda u uchinchi diviziondagi ""Zenit"" klubining "" Zenit-2"" farm klubida o'ynay boshlagan.","1997-yilda, o'z o'z o'z o'z o'z o'z o'z o'z o'z o'z o'z o'z o'z o'z o'z o'z o'z o'z o'z o'z o'z o'z o'z o'z o'z o'z o'z o'z o'z o'z",0.9221782999811694
a0684ab32d376c0b9d7b,uz-en,"1997-yilda u uchinchi diviziondagi ""Zenit"" klubining "" Zenit-2"" farm klubida o'ynay boshlagan.","In 1997, he began to play for the farm club of FC Zenit, Zenit-2, in the Third Division.","In 1997, he started playing in the Zenit 2 farm club in the second division.",0.19625809998251498
5428583cbc6ed9482745,en-uz,"The scheme was created by EEMUA (Engineering Equipment and Materials Users' Association) to satisfy the general competency requirements of BS EN 60079 (IEC 60079), parts 10, 14 and 17.","Sxema EEMUA (Muhandislik uskunalari va materiallaridan foydalanuvchilar uyushmasi) tomonidan BS EN 60079 (IEC 60079), 10, 14 va 17 qismlarining umumiy malaka talablarini qondirish uchun yaratilgan.","Shimasi EEMUA (Engineering Equipment va Materiallar U'zalarlar Asosiasi) BS EN 60079 (IEC 60079), 10, 14 va 17 o'zlarga o'zlarga o'zlarga o'zlarga o'zlarga o'zlarga o'zlarga o'zlarga o'zlarga o'zlarga o'zlarga o'",0.9208537000231445
5428583cbc6ed9482745,uz-en,"Sxema EEMUA (Muhandislik uskunalari va materiallaridan foydalanuvchilar uyushmasi) tomonidan BS EN 60079 (IEC 60079), 10, 14 va 17 qismlarining umumiy malaka talablarini qondirish uchun yaratilgan.","The scheme was created by EEMUA (Engineering Equipment and Materials Users' Association) to satisfy the general competency requirements of BS EN 60079 (IEC 60079), parts 10, 14 and 17.","The schema is designed to cover the standard EEMUA (Economic and Material Management) BS EN 60079 (IEC 60079), 10, 14 and 17 parts.",0.3590453000506386
1c09b00f98eb49452f91,en-uz,Hilde Gjermundshaug Pedersen (born 8 November 1964) is a Norwegian cross-country skier.,Hilde Gjermundshaug Pedersen (1964-yil 8-noyabrda tug'ilgan) - norvegiyalik chang'i sportchisi.,Hilde Gjermundshaug Pedersen (1964-yil 8-novemberda tug'ilgan) - Norvegiyalik cross-land skiari.,0.32881649991031736
1c09b00f98eb49452f91,uz-en,Hilde Gjermundshaug Pedersen (1964-yil 8-noyabrda tug'ilgan) - norvegiyalik chang'i sportchisi.,Hilde Gjermundshaug Pedersen (born 8 November 1964) is a Norwegian cross-country skier.,Hilde Gjermundshaug Pedersen (born 8 November 1964) is a Norwegian sportsman.,0.27576350001618266
54bf49de3bfbe3d9f318,en-uz,"Anadolu Isuzu (officially Anadolu Isuzu Automotive Industry & Trading A.Ş.) is a joint venture company based in Istanbul, Turkey.",Anadolu Isuzu (rasmiy ravishda Anadolu Isuzu avtomobil sanoati va savdo aktsiyadorlik kompaniyasi)- Turkiyaning Istanbul shahrida joylashgan qo'shma korxona.,Anadolu Isuzu (ofisiyal Anadolu Isuzu Automotive Industry & Trading A.Ş.) Turkiying Istanbulda bilan birik-yok-yok-yok-yok-yok-yok-yok-yok-yok-yok-yok-yok-yok-yok-yok-yok-yok-yok-yok-yok-yok-y,1.0087043000385165
54bf49de3bfbe3d9f318,uz-en,Anadolu Isuzu (rasmiy ravishda Anadolu Isuzu avtomobil sanoati va savdo aktsiyadorlik kompaniyasi)- Turkiyaning Istanbul shahrida joylashgan qo'shma korxona.,"Anadolu Isuzu (officially Anadolu Isuzu Automotive Industry & Trading A.Ş.) is a joint venture company based in Istanbul, Turkey.",Anadolu Isuzu (Russian-based Anadolu Isuzu Motor Company and Swedish Actor Company) is a Turkish member of Istanbul.,0.3050735000288114
e9755683b2567066a713,en-uz,You and Tom will be safe here.,Siz va Tom bu yerda xavfsiz bo'lasizlar.,U va Tom burada o'zilgan.,0.11610390001442283
e9755683b2567066a713,uz-en,Siz va Tom bu yerda xavfsiz bo'lasizlar.,You and Tom will be safe here.,You and Tom are unfamiliar here.,0.10929849999956787
50ef1f8885c1b6084b30,en-uz,"On November 21, 2020, as a restricted free agent, Carter signed a 3-year, $11.5 million contract to remain with the Suns.","2020-yil 21-noyabrda Carter Suns bilan cheklangan erkin agent sifatida qolish uchun 3 yillik 11,5 million dollarlik shartnoma imzoladi.","2020-yil 21-novembrida, limitli free agent olarak Carter Sunsga o'ynatmak üçün 3-yol, 11,5 milyon dollar o'ynatida o'ynatida o'ynatida o'ynatida.",0.5207088000606745
50ef1f8885c1b6084b30,uz-en,"2020-yil 21-noyabrda Carter Suns bilan cheklangan erkin agent sifatida qolish uchun 3 yillik 11,5 million dollarlik shartnoma imzoladi.","On November 21, 2020, as a restricted free agent, Carter signed a 3-year, $11.5 million contract to remain with the Suns.","On 21 November 2020, Carter Suns signed a $11.5 million three-year contract for the new senior agent.",0.26352769997902215
ede806676e27782b8b8c,en-uz,"Jalihala is a village in Bagalkot district in Karnataka, India.",Jalihala — Hindistonning Karnataka shtati Bagalkot tumanidagi qishloq.,Jalihala Hindistan-yilda Karnataka-yil Bagalkot o'zilgan o'zadi.,0.25922579993493855
ede806676e27782b8b8c,uz-en,Jalihala — Hindistonning Karnataka shtati Bagalkot tumanidagi qishloq.,"Jalihala is a village in Bagalkot district in Karnataka, India.","Jalihala is a town in Bagalkot, Indian state of Karnataka.",0.1928982000099495
6aed03d5bf6c1389061a,en-uz,In his early years he played for the Vaughan Kings AAA Ice Hockey club of the GTHL.,Dastlabki yillarida u GTHLning Vaughan Kings AAA xokkey klubida o'ynagan.,U o'zlarga Vaughan Kings GTHL AAA Ice Hokey klubi va o'zilgan.,0.28311929991468787
6aed03d5bf6c1389061a,uz-en,Dastlabki yillarida u GTHLning Vaughan Kings AAA xokkey klubida o'ynagan.,In his early years he played for the Vaughan Kings AAA Ice Hockey club of the GTHL.,During his past years he played at the GTHL's Vaughan Kings AAA hockey club.,0.2559326000045985
f9e814dc012c141d7918,en-uz,"In October 2017, Sooyoung left SM Entertainment although she remains as a member of Girls' Generation.",2017-yil oktyabr oyida garchi Sooyoung Girls' Generation a'zosi bo'lib qolsa ham SM Entertainmentni tark etgan.,"2017-yil oktobda Sooyoung SM Entertainmentdan o'zilgan, o'zlar xildida o'zilgan.",0.2825791999930516
f9e814dc012c141d7918,uz-en,2017-yil oktyabr oyida garchi Sooyoung Girls' Generation a'zosi bo'lib qolsa ham SM Entertainmentni tark etgan.,"In October 2017, Sooyoung left SM Entertainment although she remains as a member of Girls' Generation.","In October 2017, she won the award for Sooyoung Girls' Generation, and she was the member of SM Entertainment.",0.2516661999979988
d473339a937ce610b4ce,en-uz,"In September 2012, Audi announced the construction of its first North American manufacturing plant in Puebla, Mexico.",2012-yil sentabr oyida Audi Meksikaning Puebla shahrida Shimoliy Amerikadagi birinchi ishlab chiqarish zavodini qurishni eʼlon qildi.,2012-yil septembrida Audi Meksiko-Pebula o'ynasiya o'ynasiya o'ynasiya o'ynasiya o'ynasiya o'ynasiya o'ynasiya o'ynasiya o'ynasiya o'ynasiya o'ynasiya o'ynasiya o'ynasiya o'ynasiya o'ynasiya o'ynasiya o'yn,0.8909638999029994
d473339a937ce610b4ce,uz-en,2012-yil sentabr oyida Audi Meksikaning Puebla shahrida Shimoliy Amerikadagi birinchi ishlab chiqarish zavodini qurishni eʼlon qildi.,"In September 2012, Audi announced the construction of its first North American manufacturing plant in Puebla, Mexico.","In 2012 Audi launched its first construction plant in Shimoli America in Puebla, Mexico.",0.21287090005353093
e64d8ff3652329bf8a21,en-uz,"During the 2009 season, Höfl-Riesch won four slalom events on the World Cup tour and won the gold medal in the slalom at the World Championships.",2009-yilgi mavsumda Höfl-Riesch Jahon kubogi safarida slalom bo'yicha to'rtta musobaqada g'olib chiqqan va Jahon chempionatida slalomda oltin medalni qo'lga kiritgan.,2009-yilgi sezonda Höfl-Riesch World Cup turniya 4 slalom o'ynasi o'ynasi o'ynasi o'ynasi o'ynasi o'ynasi o'ynasi o'ynasi o'ynasi o'ynasi o'ynasi o'ynasi o'ynasi o'ynasi o'ynasi o'ynasi o'ynasi o'ynasi o'ynasi,0.8870221999241039
e64d8ff3652329bf8a21,uz-en,2009-yilgi mavsumda Höfl-Riesch Jahon kubogi safarida slalom bo'yicha to'rtta musobaqada g'olib chiqqan va Jahon chempionatida slalomda oltin medalni qo'lga kiritgan.,"During the 2009 season, Höfl-Riesch won four slalom events on the World Cup tour and won the gold medal in the slalom at the World Championships.","In 2009, Höfl-Riesch played a slalom match in the second round of the Jahon Cup and won a slalom medal in the Jahon Championship.",0.3380773999961093
e7ac3d3fee11018701d7,en-uz,Pogrebnyak made his professional debut for Tom Tomsk on 17 July 2011 in the Russian Cup game against Metallurg-Oskol.,"Pogrebnyak 2011-yilning 17-iyulida “Metallurg-Oskol” ga qarshi Rossiya kubogi o‘yinida ""Tom Tomsk"" klubi safida professional debyut qildi.",Pogrebnyak 2011-yil 17-yulda Rusya Cup ma'yasi Metallurg-Oskolda Tom Tomskda professional debütini o'yasi.,0.3664325999561697
e7ac3d3fee11018701d7,uz-en,"Pogrebnyak 2011-yilning 17-iyulida “Metallurg-Oskol” ga qarshi Rossiya kubogi o‘yinida ""Tom Tomsk"" klubi safida professional debyut qildi.",Pogrebnyak made his professional debut for Tom Tomsk on 17 July 2011 in the Russian Cup game against Metallurg-Oskol.,Pogrebnyak made his professional debut on the time of the Tom Tomsk club in the Russian Cup match on 17 July 2011 at Metallurg-Oskol.,0.3575678000925109
5e9ba9a4f304b6c38aee,en-uz,My grandfather was an archaeologist.,Mening bobom arxeolog edi.,U ayim archaeolog.,0.10228929994627833
5e9ba9a4f304b6c38aee,uz-en,Mening bobom arxeolog edi.,My grandfather was an archaeologist.,I was an archaeologist.,0.13078339991625398
0914efbfe3102ee53150,en-uz,"The nearest city is Kumasi, 50 km away.",Eng yaqin shahar Kumasi 50 km uzoqlikda joylashgan.,"U qashqiy qashqiy Kumasi, 50 km o'zilgan.",0.2734142999397591
0914efbfe3102ee53150,uz-en,Eng yaqin shahar Kumasi 50 km uzoqlikda joylashgan.,"The nearest city is Kumasi, 50 km away.",The city of Kumasi is about 50 km long.,0.1866854999680072
4663483090f0c436a8ef,en-uz,"The building of the mosque is 26 meters long and 10 meters wide, the thickness of the walls is 1 meter.","Masjid binosining uzunligi 26 metr, eni 10 metr, devorlarining qalinligi 1 metrni tashkil etadi.","Moskinni budim 26 metr o'z va 10 metr o'z, du'zlar o'z 1 metr o'z.",0.45494829991366714
4663483090f0c436a8ef,uz-en,"Masjid binosining uzunligi 26 metr, eni 10 metr, devorlarining qalinligi 1 metrni tashkil etadi.","The building of the mosque is 26 meters long and 10 meters wide, the thickness of the walls is 1 meter.","The length of the Masjid building is 26 meters, 10 meters, and the length of the devor is 1 meters.",0.30273009999655187
67620fbdc7261fe36631,en-uz,"Having started out at local side GKP Gorzów Wielkopolski, Kownacki joined Lech Poznań in 2005, coming through the youth ranks and making it to the first team in December 2013.",Mahalliy GKP Gorzów Wielkopolski jamoasida faoliyatini boshlagan Kownacki 2005-yilda Lech Poznańga qo'shilgan. 2013-yil dekabr oyida yosh toifadagi jamoadan asosiy jamoaga oʻtdi.,GKP Gorzów Wielkopolski va 2005-yilda Lech Poznańga u u u u u u u u u u u u u u u u u u u u u u u u u u u u u u u u u u u u u u u u u u u u u u u u u u u u u u u u u u u u u u u u u u u u u u u u u u,0.8744371000211686
67620fbdc7261fe36631,uz-en,Mahalliy GKP Gorzów Wielkopolski jamoasida faoliyatini boshlagan Kownacki 2005-yilda Lech Poznańga qo'shilgan. 2013-yil dekabr oyida yosh toifadagi jamoadan asosiy jamoaga oʻtdi.,"Having started out at local side GKP Gorzów Wielkopolski, Kownacki joined Lech Poznań in 2005, coming through the youth ranks and making it to the first team in December 2013.","Neighborhood GKP Gorzów was joined by Kownacki in 2005 with Lech Poznań, who started his family in Wielkopolski, and in December 2013 he played for his six-year-old team.",0.49150030000600964
5a8d4a2785a15133f3ca,en-uz,"Drake Batherson (born April 27, 1998) is an American-born Canadian professional hockey player.",Drake Batherson (1998-yil 27-aprelda tug'ilgan) - amerikalik kanadalik professional xokkeychi.,Drake Batherson (1998-yil 27-aprilda tug'ilgan) - amerikaliyada tug'ilgan Kanada profesional hokeychi.,0.29621449997648597
5a8d4a2785a15133f3ca,uz-en,Drake Batherson (1998-yil 27-aprelda tug'ilgan) - amerikalik kanadalik professional xokkeychi.,"Drake Batherson (born April 27, 1998) is an American-born Canadian professional hockey player.","Drake Batherson (born April 27, 1998) is an American Canadian professional coach.",0.18693720002193004
6141e45f20659937533f,en-uz,Yawney and his wife Charlane have two children.,Yawney va uning rafiqasi Charlane ikki farzandi bor.,Yawney va o'zari Charlane o'zari.,0.16044289991259575
6141e45f20659937533f,uz-en,Yawney va uning rafiqasi Charlane ikki farzandi bor.,Yawney and his wife Charlane have two children.,"Yawney and his friend, Charlane, are two.",0.14791850000619888
2425b9e0f437e0fa953d,en-uz,Cipollone's father was an Italian immigrant and factory worker; his mother was a homemaker.,Cipollonening otasi italiyalik muhojir va zavodning oddiy ishchisi edi. Onasi uy bekasi edi.,Cipollon o'zasi italiyalı imigrant va fabrikaliy; o'zari o'zari o'zari.,0.3078295999439433
2425b9e0f437e0fa953d,uz-en,Cipollonening otasi italiyalik muhojir va zavodning oddiy ishchisi edi. Onasi uy bekasi edi.,Cipollone's father was an Italian immigrant and factory worker; his mother was a homemaker.,Cipollonen's father was an Italian village and a village in the village.,0.18208749999757856
379ae3b5be46a5de76b0,en-uz,"She made a cameo appearance in the music video for Bon Jovi's ""Say It Isn't So"" in 2000, and appeared in the music video for Comic Relief's 2001 charity single, Westlife's ""Uptown Girl"".","U 2000-yilda Bon Jovining "" Say It Isn't So "" musiqiy videosida kamo rolini o'ynagan va Comic Reliefning 2001-yilda Westlife guruhining "" Uptown Girl "" xayriya qo'shig'i uchun musiqiy videoda rol o'ynagan.","U 2000-yilda Bon Jovi ""Say It Isn't So"" muzik videoda camio o'yashida va Comic Relief 2001-yilda komik charity singol ""Uptown Girl"" videoda o'yashida.",0.5434099000412971
379ae3b5be46a5de76b0,uz-en,"U 2000-yilda Bon Jovining "" Say It Isn't So "" musiqiy videosida kamo rolini o'ynagan va Comic Reliefning 2001-yilda Westlife guruhining "" Uptown Girl "" xayriya qo'shig'i uchun musiqiy videoda rol o'ynagan.","She made a cameo appearance in the music video for Bon Jovi's ""Say It Isn't So"" in 2000, and appeared in the music video for Comic Relief's 2001 charity single, Westlife's ""Uptown Girl"".","She played her role in Bon Jovin's ""Say It Isn't So"" music video in 2000 and played her role in the music video for Comic Relief's ""Uptown Girl"" music in 2001 for Westlife.",0.4931142000714317
4b62075c9553fea1890e,en-uz,Map of Vardar Region.,Vardar viloyatining xaritasi.,Vardar regionida map.,0.11835789994802326
4b62075c9553fea1890e,uz-en,Vardar viloyatining xaritasi.,Map of Vardar Region.,The area of the city.,0.1014850001083687
f089fa4d0b7f528db73e,en-uz,"In 1980, he moved to Germany as a refugee and lived many years in Paderborn.",1980-yilda u Germaniyaga qochqin sifatida ko'chib o'tdi va uzoq yillar Paderbornda yashadi.,1980-yilda u Urtmani o'ynagan o'ynagan va Paderbornda o'ynagan o'ynagan o'ynagan.,0.3321585999801755
f089fa4d0b7f528db73e,uz-en,1980-yilda u Germaniyaga qochqin sifatida ko'chib o'tdi va uzoq yillar Paderbornda yashadi.,"In 1980, he moved to Germany as a refugee and lived many years in Paderborn.",In 1980 he moved to Germany and lived in Paderborn.,0.157018999918364
4dd90811a4d3e7c71432,en-uz,Women in Victoria voted in the 1864 general election.,Viktoriyadagi ayollar 1864 -yilgi umumiy saylovda ovoz berishdi.,Victoria va'lida 1864-yilgi general valida o'zilgan.,0.18656529998406768
4dd90811a4d3e7c71432,uz-en,Viktoriyadagi ayollar 1864 -yilgi umumiy saylovda ovoz berishdi.,Women in Victoria voted in the 1864 general election.,The victories of Victoria were born in the 1864 edition.,0.16041730006691068
bba86c90dd2ee3adb093,en-uz,"Carlos Segers, astronomer.","Karlos Segers, astronom.","Carlos Segers, astronom.",0.07837880006991327
bba86c90dd2ee3adb093,uz-en,"Karlos Segers, astronom.","Carlos Segers, astronomer.","Carlos Segers, an astronomer.",0.09812930005136877
4957b30e4c6cf028a188,en-uz,"Irwin started her first season coaching at the PWHL level in the 2018-2019 season with the Barrie Sharks Junior Hockey team, in Barrie Ontario.",Irwin oʻzining birinchi mavsumini PWHL darajasida 2018-2019-yilgi mavsumida Barri Ontariodagi Barrie Sharks Junior Xokkey jamoasi bilan boshladi.,Irwin 2018-2019-yilda Barrie Ontario'da Barrie Sharks Junior Hokey takmi ile PWHL bilan o'ziyini ko'zida o'ziyini o'zilgan.,0.4500234000151977
4957b30e4c6cf028a188,uz-en,Irwin oʻzining birinchi mavsumini PWHL darajasida 2018-2019-yilgi mavsumida Barri Ontariodagi Barrie Sharks Junior Xokkey jamoasi bilan boshladi.,"Irwin started her first season coaching at the PWHL level in the 2018-2019 season with the Barrie Sharks Junior Hockey team, in Barrie Ontario.",Irwin started his first season at the PWHL 2018-2019 season at Barrie Sharks Junior Soccer in Ontario.,0.26017119991593063
b0e8249dafd2d5c1478e,en-uz,"The screenplay, written by Hossein Amini, is based on James Sallis's 2005 novel.","Film voqealari James Sallisning 2005-yilda yozilgan romaniga asoslangan bo’lib, film ssenariysini Hossein Amini yaratgan.",Hossein Amini-yilda o'zilgan film o'zilgan James Sallis 2005-yilgi romanini.,0.2561958999140188
b0e8249dafd2d5c1478e,uz-en,"Film voqealari James Sallisning 2005-yilda yozilgan romaniga asoslangan bo’lib, film ssenariysini Hossein Amini yaratgan.","The screenplay, written by Hossein Amini, is based on James Sallis's 2005 novel.",The film was created by the film director James Sallis in 2005 and was created by the film script by Hossein Amini.,0.2617023999337107
19399df54148bd1f87ef,en-uz,Sian Clifford (born 7 April 1982) is an English actress.,Sian Clifford (1982-yil 7-aprelda tug'ilgan) - britaniyalik aktrisa.,Sian Clifford (1982-yil 7-aprilda tug'ilgan) - anglish aktris.,0.23688900005072355
19399df54148bd1f87ef,uz-en,Sian Clifford (1982-yil 7-aprelda tug'ilgan) - britaniyalik aktrisa.,Sian Clifford (born 7 April 1982) is an English actress.,"Sian Clifford (born April 7, 1982) is a British actress.",0.18724589992780238
b0af7a87d789c7a5d4c2,en-uz,He is accustomed to getting up early.,U erta turishga odatlangan.,U u u u u u u u u u u u u u u u u u u u u u u u u u u u u u u u u u u u u u u u u u u u u u u u u u u u u u u u u u u u u u u u u u u u u u u u u u u u u u u u u u u u u u u u u u u u u u u,0.8515713000670075
b0af7a87d789c7a5d4c2,uz-en,U erta turishga odatlangan.,He is accustomed to getting up early.,He was in the room for the next tour.,0.11478480009827763
f77f61024ae9b5c13043,en-uz,Huster signed with the Newcastle Jets in the Australian W-League for the 2012–13 season.,Huster 2012-13-yilgi mavsum uchun Avstraliya W-ligasida Newcastle Jets bilan shartnoma imzoladi.,Huster 2012-13 sezonida Avstraliyalı W-ligada Newcastle Jetsga o'zilgan.,0.2559809999074787
f77f61024ae9b5c13043,uz-en,Huster 2012-13-yilgi mavsum uchun Avstraliya W-ligasida Newcastle Jets bilan shartnoma imzoladi.,Huster signed with the Newcastle Jets in the Australian W-League for the 2012–13 season.,Huster signed a contract with Newcastle Jets in the Australian W-League for the 2012-13.,0.2516225998988375
c7af07b6c4006a6fe966,en-uz,Reinaldo Rueda Rivera (born 16 April 1957) is a Colombian football coach.,"Reinaldo Rueda Rivera- 1957-yil 16-aprelda tugʻilgan ,kolumbiyalik futbol murabbiyi.",Reinaldo Rueda Rivera (1957-yil 16-aprilda tug'ilgan) - Kolombiya futbol ko'rini.,0.28533290000632405
c7af07b6c4006a6fe966,uz-en,"Reinaldo Rueda Rivera- 1957-yil 16-aprelda tugʻilgan ,kolumbiyalik futbol murabbiyi.",Reinaldo Rueda Rivera (born 16 April 1957) is a Colombian football coach.,"Reinaldo Rueda Rivera was a Colombian football player born on April 16, 1957.",0.205799899995327
f6a91e003c9f39e0b333,en-uz,Synkov-Slemeno is a municipality in Rychnov nad Kněžnou District in the Hradec Králové Region of the Czech Republic.,Synkov-Slemeno — Chexiya Respublikasi Hradec Králove viloyati Rchynov nad Kněžnou tumanida joylashgan munitsipalitet.,Synkov-Slemeno - Çek Republican Hradec Králové regionida Rychnov nad Kněžnou distriktida bir sammali.,0.322851000004448
f6a91e003c9f39e0b333,uz-en,Synkov-Slemeno — Chexiya Respublikasi Hradec Králove viloyati Rchynov nad Kněžnou tumanida joylashgan munitsipalitet.,Synkov-Slemeno is a municipality in Rychnov nad Kněžnou District in the Hradec Králové Region of the Czech Republic.,"Synkov-Slemeno is a municipality located in the city of Rchynov nad Kněžnou, Hradec Králove, Czech Republic.",0.32381929992698133
96bf6a0a2e31d57ba10d,en-uz,"Projects can be exported to standalone HTML5, Android apps, Bundle (macOS) and EXE files using external tools.","Loyihalarni tashqi vositalar yordamida mustaqil HTML5, Android ilovalari, Bundle (macOS) va EXE fayllariga eksport qilish mumkin.","Proyektasi HTML5, Android applar, Bundle (macOS) va EXE filalarida yunanlar o'zalarga o'zagan.",0.34055520000401884
96bf6a0a2e31d57ba10d,uz-en,"Loyihalarni tashqi vositalar yordamida mustaqil HTML5, Android ilovalari, Bundle (macOS) va EXE fayllariga eksport qilish mumkin.","Projects can be exported to standalone HTML5, Android apps, Bundle (macOS) and EXE files using external tools.","The current versions of the software are exported to HTML5, Android, Bundle (macOS) and EXE.",0.24813630001153797
45e7ec1d6583ff2d2cfe,en-uz,In 1883 also the Thorn (Toruń)-Graudenz-Marienburg (Malbork) railway line went into operation.[citation needed],1883-yilda Torn (Toruń) - Graudenz - Marienburg (Malbork) temir yo'l liniyasi ham ishga tushdi.,1883-yilda Thorn (Toruń) - Graudenz-Marienburg (Malbork) rail linni o'zilgan.,0.32520750002004206
45e7ec1d6583ff2d2cfe,uz-en,1883-yilda Torn (Toruń) - Graudenz - Marienburg (Malbork) temir yo'l liniyasi ham ishga tushdi.,In 1883 also the Thorn (Toruń)-Graudenz-Marienburg (Malbork) railway line went into operation.[citation needed],"In 1883, the Torn (Toruń) - Graudenz - Marienburg (Malbork) was the first to the line.",0.29678239999338984
9daf2c885ff5d494e202,en-uz,"By 1994, the first online high school had been founded.","1994-yilga kelib, birinchi onlayn o'rta maktab tashkil etildi.",1994-yilda o'z online high school o'zilgan.,0.16006739996373653
9daf2c885ff5d494e202,uz-en,"1994-yilga kelib, birinchi onlayn o'rta maktab tashkil etildi.","By 1994, the first online high school had been founded.","In 1994, she was born in the first half.",0.12665049999486655
617870d6626f8d9429c0,en-uz,All efforts to revive the company and restart production have so far been unsuccessful.,Kompaniyani jonlantirish va ishlab chiqarishni qayta boshlash bo'yicha barcha harakatlar hozirga qadar muvaffaqiyatsiz bo'ldi.,Şirketi o'yagan va o'yagan o'yagan o'yagan o'yagan o'yagan o'yagan o'yagan o'yagan o'yagan o'yagan o'yagan o'yagan o'yagan o'yagan o'yagan o'yagan o'yagan o'yagan o'yagan o'yagan o'yagan o'y,0.8633211000123993
617870d6626f8d9429c0,uz-en,Kompaniyani jonlantirish va ishlab chiqarishni qayta boshlash bo'yicha barcha harakatlar hozirga qadar muvaffaqiyatsiz bo'ldi.,All efforts to revive the company and restart production have so far been unsuccessful.,The company's business and business activities were completely uninterrupted.,0.16368710005190223
da604b46f807a9b1ed31,en-uz,Álvaro Daniel Rodríguez Muñoz (born 14 July 2004) is a professional footballer who plays as a forward for Real Madrid Castilla.,"Alvaro Daniel Rodriguez Munoz (2004-yil 14-iyul)- professional futbolchi, Real Madrid Castilla jamoasida hujumchi sifatida to'p suradi.",Álvaro Daniel Rodríguez Muñoz (2004-yil 14-iyulda tug'ilgan) — Real Madrid Castilla va bo'zilgan professional futbolchi.,0.3214258000953123
da604b46f807a9b1ed31,uz-en,"Alvaro Daniel Rodriguez Munoz (2004-yil 14-iyul)- professional futbolchi, Real Madrid Castilla jamoasida hujumchi sifatida to'p suradi.",Álvaro Daniel Rodríguez Muñoz (born 14 July 2004) is a professional footballer who plays as a forward for Real Madrid Castilla.,"Alvaro Daniel Rodriguez Munoz (14 July 2004), a professional footballer, was born as a player in Real Madrid Castilla.",0.27836700004991144
0020be690e0aa49d4e25,en-uz,"At the Australian Open, Groth defeated Filip Krajinović in round one, Thanasi Kokkinakis in round two before losing to Bernard Tomic in round 3.","Avstraliya ochiq chempionatida Groth birinchi raundda Filip Krajinovichni, ikkinchi raundda Thanasi Kokkinakisni mag'lub etdi va 3-raundda Bernard Tomichga yutqazdi.","Avstraliya o'rida Groth Filip Krajinović o'rda, Thanasi Kokkinakis o'rda o'rda o'rda o'rda o'rda o'rda o'rda o'rda o'rda o'rda o'rda o'rda o'rda o'rda o'rda o'rda o'rda o'",0.8636525999754667
0020be690e0aa49d4e25,uz-en,"Avstraliya ochiq chempionatida Groth birinchi raundda Filip Krajinovichni, ikkinchi raundda Thanasi Kokkinakisni mag'lub etdi va 3-raundda Bernard Tomichga yutqazdi.","At the Australian Open, Groth defeated Filip Krajinović in round one, Thanasi Kokkinakis in round two before losing to Bernard Tomic in round 3.","In the Australian Olympic Championship Groth, Filip Krajinovich defeated the two-round, Thansy Cocktail in the second round, and in the third round he defeated Bernard Tomich.",0.4505543999839574
fb4d2cbd7e2b5fc5021f,en-uz,"Paris, France: Edicef.","Parij, Fransiya: Edicef.","Paris, Fransi: Edicef.",0.10733689996413887
fb4d2cbd7e2b5fc5021f,uz-en,"Parij, Fransiya: Edicef.","Paris, France: Edicef.","Paris, France: Edicef.",0.0989195000147447
5cc7f511770ed23c5e96,en-uz,"In September 2005, the Chilean Supreme Court decided to lift Pinochet's immunity on this case, charging judge Victor Montiglio of the investigations.","2005-yil sentabr oyida Chili Oliy sudi sudya Viktor Montiglioni tergovda ayblab, Pinochetning bu ish bo'yicha daxlsizligini bekor qilishga qaror qildi.","2005-yil septembrida Chiletan Supreme Court Pinochetning bu o'zida immunityini bo'ilgan, xulida Victor Montiglio o'zilgan.",0.3903823000146076
5cc7f511770ed23c5e96,uz-en,"2005-yil sentabr oyida Chili Oliy sudi sudya Viktor Montiglioni tergovda ayblab, Pinochetning bu ish bo'yicha daxlsizligini bekor qilishga qaror qildi.","In September 2005, the Chilean Supreme Court decided to lift Pinochet's immunity on this case, charging judge Victor Montiglio of the investigations.","In 2005 he was killed by Viktor Montiglioni in the southern Southern Sea of Chile, and Pinochet was killed by his former death.",0.3283050999743864
822add9e71efa86eeb29,en-uz,She replaced injured teammate Rebeca Andrade and competed at the 2014 Youth Summer Olympics.,U jarohat olgan jamoadoshi Rebeka Andradeni almashtirdi va 2014-yilgi yoshlar yozgi Olimpiya o'yinlarida ishtirok etdi.,U u'yagan ekipiyasi Rebeca Andrade va 2014-yilgi youth olimpischi o'yagan.,0.2798821000615135
822add9e71efa86eeb29,uz-en,U jarohat olgan jamoadoshi Rebeka Andradeni almashtirdi va 2014-yilgi yoshlar yozgi Olimpiya o'yinlarida ishtirok etdi.,She replaced injured teammate Rebeca Andrade and competed at the 2014 Youth Summer Olympics.,"She lost her husband Rebeka Andradeni, who played for the 2014 Olympics in the summer.",0.2648070000577718
f026a333e4253eac625d,en-uz,It was also used in the 2004 Summer Paralympics and the 2004 African Cup of Nations.,2004-yilgi Yozgi Paralimpiya o'yinlarida va 2004-yil Afrika Millatlar Kubogida ham foydalanilgan.,2004-yilda paralimiplik va 2004-yilda Afrikalik nacionlar kupi o'ynashida o'ynashida o'ynashida o'ynashida o'ynashida o'ynashida o'ynashida o'ynashida o'ynashida o'ynashida o'ynashida o'ynashida o'ynashida o'ynashida o'ynash,0.8914015999762341
f026a333e4253eac625d,uz-en,2004-yilgi Yozgi Paralimpiya o'yinlarida va 2004-yil Afrika Millatlar Kubogida ham foydalanilgan.,It was also used in the 2004 Summer Paralympics and the 2004 African Cup of Nations.,He played the 2004 Paralympics and played the 2004 African Nations Cup.,0.19342359993606806
88b7cf6aaba2a9ca909c,en-uz,"In July 2007, Moyá won the Croatia Open in Umag, defeating Andrei Pavel.",2007-yil iyul oyida Moya Umag shahrida bo'lib o'tgan Croatia Open turnirida Andrey Pavelni mag'lub etdi.,"2007-yilda, Moyá Umagda Kroatiyalı Openida o'zilgan Andrei Pavel o'zagan.",0.29546230006963015
88b7cf6aaba2a9ca909c,uz-en,2007-yil iyul oyida Moya Umag shahrida bo'lib o'tgan Croatia Open turnirida Andrey Pavelni mag'lub etdi.,"In July 2007, Moyá won the Croatia Open in Umag, defeating Andrei Pavel.","In July 2007, Moya won the Croatia Open tournament with Andrey Pavel, who played in the Umag.",0.25814289995469153
d5a605604fdc3295f71a,en-uz,"After completing her studies, Hofmann completed a traineeship at N-tv from 2006 to 2008, where in addition to sports she also presented the news on the program.","O'qishni tugatgandan so'ng, Hofmann 2006-yildan 2008-yilgacha N-tv da stajirovkani tugatdi va u erda sportdan tashqari dasturdagi yangiliklarni ham taqdim etdi.",U bilan bilan bilan o'zdan o'zdan o'zdan o'zdan o'zdan o'zdan o'zdan o'zdan o'zdan o'zdan o'zdan o'zdan o'zdan o'zdan o'zdan o'zdan o'zdan o'zdan o'zdan o'zdan o'zdan o'zdan o'z,0.8818069000262767
d5a605604fdc3295f71a,uz-en,"O'qishni tugatgandan so'ng, Hofmann 2006-yildan 2008-yilgacha N-tv da stajirovkani tugatdi va u erda sportdan tashqari dasturdagi yangiliklarni ham taqdim etdi.","After completing her studies, Hofmann completed a traineeship at N-tv from 2006 to 2008, where in addition to sports she also presented the news on the program.","After his career, Hofmann worked as an internship in N-TV from 2006 to 2008, and he also played for his career as an internship for sports.",0.34825089992955327
b86cf4b221f2f3c5601b,en-uz,She is known for her role as Amy Raudenfeld in the MTV romantic comedy series Faking It.,"U MTV-ning ""Faking It"" romantik komediyasi seriyasida Amy Raudenfeld rolini o'ynash bilan tanilgan.",U MTV romantik komediy seriali Faking Itning Amy Raudenfeld rolini o'ynagan.,0.25053449999541044
b86cf4b221f2f3c5601b,uz-en,"U MTV-ning ""Faking It"" romantik komediyasi seriyasida Amy Raudenfeld rolini o'ynash bilan tanilgan.",She is known for her role as Amy Raudenfeld in the MTV romantic comedy series Faking It.,"She was also known to play Amy Raudenfeld in MTV's romantic comedy series ""Faking It"".",0.2528732999926433
8056aebaadb283fc58d3,en-uz,"Horbova (Ukrainian: Горбова; Romanian: Horbova) is a village in Chernivtsi Raion, Chernivtsi Oblast, Ukraine.","Horbova ( Ukrainian ; Romanian ) — Ukraina, Chernovtsi viloyati, Chernovtsi tumanidagi qishloq .",Horbova (Ukrajinal: Горбова; Rumanial: Horbova) Ukrainian Chernivtsi oblasti Chernivtsi regionida o'ynilgan.,0.41023140004836023
8056aebaadb283fc58d3,uz-en,"Horbova ( Ukrainian ; Romanian ) — Ukraina, Chernovtsi viloyati, Chernovtsi tumanidagi qishloq .","Horbova (Ukrainian: Горбова; Romanian: Horbova) is a village in Chernivtsi Raion, Chernivtsi Oblast, Ukraine.","Horbova (Ukrainian ; Romanian ) is a city of Ukraine, Chernobyl, Chernobyl.",0.27431839995551854
913aa5d9191134d1732e,en-uz,The incorporation of Hlybokaye into the Second Polish Republic was officially confirmed by the 1921 Treaty of Riga signed between Poland and the Soviet Union.,Xlybokayening Ikkinchi Polsha Respublikasi tarkibiga qo'shilishi 1921-yilda Polsha va Sovet Ittifoqi o'rtasida imzolangan Riga shartnomasi bilan rasman tasdiqlangan.,Hlybokaye II Polish republikasi q'ilgan 1921-yilda Poland va Sovyetiyatlar arasında o'zilgan Riga traktati o'zilgan.,0.3759948000079021
913aa5d9191134d1732e,uz-en,Xlybokayening Ikkinchi Polsha Respublikasi tarkibiga qo'shilishi 1921-yilda Polsha va Sovet Ittifoqi o'rtasida imzolangan Riga shartnomasi bilan rasman tasdiqlangan.,The incorporation of Hlybokaye into the Second Polish Republic was officially confirmed by the 1921 Treaty of Riga signed between Poland and the Soviet Union.,The Second Polish Union of the United States of America was signed by the Soviet Union and the Polish Union in 1921.,0.30253719992469996
bbdca3c68447c1f8ef9c,en-uz,The 2009 Volkswagen Jetta Diesel Sedan was awarded Green Car of the Year.,2009-yilgi Volkswagen Jetta Diesel Sedan “Yilning yashil avtomobili” mukofotiga sazovor boʻldi.,2009-yilda Volkswagen Jetta Diesel Sedan - Yunan o'ynasi o'ynasi o'ynasi o'ynasi o'ynasi o'ynasi o'ynasi o'ynasi o'ynasi o'ynasi o'ynasi o'ynasi o'ynasi o'ynasi o'ynasi o'ynasi o'ynasi o'ynasi o'ynasi o'ynasi o',0.991985599976033
bbdca3c68447c1f8ef9c,uz-en,2009-yilgi Volkswagen Jetta Diesel Sedan “Yilning yashil avtomobili” mukofotiga sazovor boʻldi.,The 2009 Volkswagen Jetta Diesel Sedan was awarded Green Car of the Year.,"In 2009, Volkswagen Jetta Diesel Sedan was designed with the “Self Car of the Year”.",0.23679470003116876
2f6a2da1e8251a45e89c,en-uz,"In 2022, she joined the cast of Hollyoaks as Norma Crow.",2022-yilda u Norma Crow rolida Hollyoaks aktyorlari tarkibiga qo'shildi.,2022-yilda Hollyoaksning Norma Crow o'ynasi o'ynasi o'ynasi o'ynasi o'ynasi o'ynasi o'ynasi o'ynasi o'ynasi o'ynasi o'ynasi o'ynasi o'ynasi o'ynasi o'ynasi o'ynasi o'ynasi o'ynasi o'ynasi o'ynasi o'yn,0.8974480999168009
2f6a2da1e8251a45e89c,uz-en,2022-yilda u Norma Crow rolida Hollyoaks aktyorlari tarkibiga qo'shildi.,"In 2022, she joined the cast of Hollyoaks as Norma Crow.","In 2022, she joined the Hollywood actors in the role of Norma Crow.",0.22365429997444153
4722a5e1fc6aef961b02,en-uz,"Raquel Welch (née Tejada; September 5, 1940) is an American actress.","Raquel Welch (Tejada, 1940-yil 5-sentyabr) - amerikalik aktrisa.",Raquel Welch (1940-yil 5-septemberda Tejada va qay'ilgan) - amerikalik aktris.,0.3397296000039205
4722a5e1fc6aef961b02,uz-en,"Raquel Welch (Tejada, 1940-yil 5-sentyabr) - amerikalik aktrisa.","Raquel Welch (née Tejada; September 5, 1940) is an American actress.",Raquel Welch (born 5 September 1940 in Tehran) is an American actress.,0.24820349994115531
52a375d27d8888d0150e,en-uz,"After the dissolution of the USSR, Uralmash were entitled to enter the Russian Top Division and played there for five seasons, from 1992 to 1996.",SSSR parchalanganidan keyin Uralmash Rossiya oliy divizioniga kirish huquqiga ega bo'ldi va u erda 1992-yildan 1996-yilgacha besh mavsum o'ynadi.,Sovyetiyatida bo'ilgan o'zdan o'zdan o'zdan o'zdan o'zdan o'zdan o'zdan o'zdan o'zdan o'zdan o'zdan o'zdan o'zdan o'zdan o'zdan o'zdan o'zdan o'zdan o'zdan o'zdan o'zdan o'z,0.8940624999813735
52a375d27d8888d0150e,uz-en,SSSR parchalanganidan keyin Uralmash Rossiya oliy divizioniga kirish huquqiga ega bo'ldi va u erda 1992-yildan 1996-yilgacha besh mavsum o'ynadi.,"After the dissolution of the USSR, Uralmash were entitled to enter the Russian Top Division and played there for five seasons, from 1992 to 1996.","He was a member of the Soviet Union's military division, the Uralmash Russia, who played in the second round from 1992 to 1996.",0.32518489996436983
5e2a7c149a06ca218a49,en-uz,Williams in 1916 at his match against Bill Johnston,Williams 1916 yilda Bill Jonstonga qarshi o'yinida,Williams 1916-yilda Bill Johnstonga o'ynilgan,0.1475733999395743
5e2a7c149a06ca218a49,uz-en,Williams 1916 yilda Bill Jonstonga qarshi o'yinida,Williams in 1916 at his match against Bill Johnston,Williams played with Bill Jones in 1916,0.09471760003361851
733bc50761f4d8fc80be,en-uz,Carl Klingberg (born 28 January 1991) is a Swedish professional ice hockey forward for EV Zug of the National League (NL).,Carl Klingberg (talaffuzi: Carl Klingberg; 1991-yil 28-yanvarda tug'ilgan) - Milliy liganing (NL) EV Zug jamoasining shvetsiyalik professional xokkey hujumchisi.,"Carl Klingberg (1991-yil 28-janarda tug'ilgan) - Swediy professional jod hoki, National League (NL) EV Zugga bo'ilgan.",0.3684612000361085
733bc50761f4d8fc80be,uz-en,Carl Klingberg (talaffuzi: Carl Klingberg; 1991-yil 28-yanvarda tug'ilgan) - Milliy liganing (NL) EV Zug jamoasining shvetsiyalik professional xokkey hujumchisi.,Carl Klingberg (born 28 January 1991) is a Swedish professional ice hockey forward for EV Zug of the National League (NL).,"Carl Klingberg (born January 28, 1991) is a Swedish professional hockey player for the National League (NL) EV Zug.",0.28815779997967184
6a70a5fd231d787e337c,en-uz,We were part of the same underground music scene in Lahore – he was with EP and I was with my college band.,Biz Lahordagi bir xil er osti musiqa sahnasining bir qismi edik - u EP bilan edi va men kollejdagi guruhim bilan birga edim.,Biz Lahore-yilda o'zogogogogogogogogogogogogogogogogogogogogogogogogogogogogogogogogogogogogogogogogogogogogogogogogogogogogogogogogogogogogogogogogogogogogogogogogogogogogogogogogogogogogogog,0.9018271999666467
6a70a5fd231d787e337c,uz-en,Biz Lahordagi bir xil er osti musiqa sahnasining bir qismi edik - u EP bilan edi va men kollejdagi guruhim bilan birga edim.,We were part of the same underground music scene in Lahore – he was with EP and I was with my college band.,We made a part of a long-term music scene in Lahord - I made EP and played as a member of my college.,0.26471300004050136
8bef883d51a34913d335,en-uz,She previously played for SK Slavia Praha in the Czech First Division and the Washington Spirit and Chicago Red Stars in the NWSL.,U ilgari Chexiya birinchi divizionida SK Slavia Praha va NWSLda Washington Spirit va Chicago Red Stars jamoalarida o'ynagan.,U NWSL-yilda SK Slavia Praha va Washington Spirit va Chicago Red Stars va Çekki First Divisionda o'zilgan.,0.321283399942331
8bef883d51a34913d335,uz-en,U ilgari Chexiya birinchi divizionida SK Slavia Praha va NWSLda Washington Spirit va Chicago Red Stars jamoalarida o'ynagan.,She previously played for SK Slavia Praha in the Czech First Division and the Washington Spirit and Chicago Red Stars in the NWSL.,He played in the first division of the Czech Republic with SK Slavia Praha and NWSL with Washington Spirit and Chicago Red Stars.,0.278470000019297
4057c4a084f430361c49,en-uz,Burj Khalifa is currently the tallest skyscraper in the world.,Burj Halifa hozirgi kunda dunyodagi eng baland osmono'par bino deb hisoblanadi.,Burj Khalifa kini o'yash bo'yashga bo'yashga bo'yashga bo'yashga bo'yashga bo'yashga bo'yashga bo'yashga bo'yashga bo'yashga bo'yashga bo'yashga bo'yashga bo'yashga bo'yashga bo'yashga bo'yashga,0.9039233999792486
4057c4a084f430361c49,uz-en,Burj Halifa hozirgi kunda dunyodagi eng baland osmono'par bino deb hisoblanadi.,Burj Khalifa is currently the tallest skyscraper in the world.,Burj Halifa is the only eighth-year old village in the southern part of the country.,0.23508679994847625
ef78b3e8c45dc0c2d019,en-uz,Zhang Ning (simplified Chinese: 张宁; traditional Chinese: 張寧; pinyin: Zhāng Níng; born 19 May 1975) is a former Chinese badminton player.,"Zhang Ning (soddalashtirilgan xitoycha: 张宁, an'anaviy xitoycha: 張寧, pinyin: Zhāng Níng; 1975-yil 19-mayda tug'ilgan) - sobiq xitoylik badmintonchi.",Zhang Ning (shimlifli Chinese: 张宁; traditsiyal Chinese: 張寧; pinyin: Zhāng Níng; 1975-yil 19-mayda tug'ilgan) — xining badmintonchi.,0.6112340000690892
ef78b3e8c45dc0c2d019,uz-en,"Zhang Ning (soddalashtirilgan xitoycha: 张宁, an'anaviy xitoycha: 張寧, pinyin: Zhāng Níng; 1975-yil 19-mayda tug'ilgan) - sobiq xitoylik badmintonchi.",Zhang Ning (simplified Chinese: 张宁; traditional Chinese: 張寧; pinyin: Zhāng Níng; born 19 May 1975) is a former Chinese badminton player.,Zhang Ning (born 19 May 1975) is a national leader.,0.20398360001854599
448420812c8acf771964,en-uz,Bonch-Bruyevich died on 14 July 1955.,Bonch-Bruyevich 1955-yil 14-iyulda vafot etadi.,Bonch-Bruyevich 1955-yil 14-yulda bo'ilgan.,0.1945506000192836
448420812c8acf771964,uz-en,Bonch-Bruyevich 1955-yil 14-iyulda vafot etadi.,Bonch-Bruyevich died on 14 July 1955.,Bonch-Bruyevich was born on 14 July 1955.,0.16102829994633794
f95a3effc5cf197685af,en-uz,"The raion was abolished in July 2020 as part of the administrative reform of Ukraine, which reduced the number of raions of Chernivtsi Oblast to three.",Chernivtsi viloyatining tumanlari sonini uchtaga kamaytirgan Ukraina ma'muriy islohotining bir qismi sifatida 2020-yil iyul oyida rayon bekor qilindi.,"Ukraniya administrativ reformida 2020-yilda yullida o'zilgan, Chernivtsi oblasti o'zlar sayini 3 o'zida o'zilgan.",0.4116197000257671
f95a3effc5cf197685af,uz-en,Chernivtsi viloyatining tumanlari sonini uchtaga kamaytirgan Ukraina ma'muriy islohotining bir qismi sifatida 2020-yil iyul oyida rayon bekor qilindi.,"The raion was abolished in July 2020 as part of the administrative reform of Ukraine, which reduced the number of raions of Chernivtsi Oblast to three.","The Ukrainian government, which ended the war in Chernivtsi, was a member of the Ukrainian government's government's government's government's government's government's government's government's government's government's government's government's government's government's government's government's government's government's government's government's government's government's government's government'",0.8786139000440016
8fb3cde9e64f0ffcd035,en-uz,"She was the first woman to serve as president of Malta, and remains the longest-serving woman Member of Parliament in Maltese political history.",U Malta prezidenti lavozimini egallagan birinchi ayol bo'ldi va Malta siyosiy tarixidagi eng uzoq muddat xizmat qilgan parlament a'zosi bo'lib qolmoqda.,U Malta valida u u u u u u u u u u u u u u u u u u u u u u u u u u u u u u u u u u u u u u u u u u u u u u u u u u u u u u u u u u u u u u u u u u u u u u u u u u u u u u u u u u u u u u u u u u u,0.9025437999516726
8fb3cde9e64f0ffcd035,uz-en,U Malta prezidenti lavozimini egallagan birinchi ayol bo'ldi va Malta siyosiy tarixidagi eng uzoq muddat xizmat qilgan parlament a'zosi bo'lib qolmoqda.,"She was the first woman to serve as president of Malta, and remains the longest-serving woman Member of Parliament in Maltese political history.",He was the first to win the presidential election in Malta and was the first to win a parliamentary election in the former state of Malta history.,0.32183719996828586
5f598e3f7e2c565dd938,en-uz,The University of Castilla–La Mancha (UCLM) is a Spanish university.,Castilla-La Mancha universiteti ( UCLM ) ispan universitetidir.,Castilla-La Mancha universitet (UCLM) - spanyol universitet.,0.18744240002706647
5f598e3f7e2c565dd938,uz-en,Castilla-La Mancha universiteti ( UCLM ) ispan universitetidir.,The University of Castilla–La Mancha (UCLM) is a Spanish university.,Castilla-La Mancha University (UCLM) is a Spanish university.,0.20480049995239824
1f363e2c215f13ecef31,en-uz,"Arabia Standard Time, or AST (indicated by KSA on some Arabic TV stations), is used by some of the countries in the Middle East.",Arabistonning standart vaqti yoki AST (baʻzi arab telekanallarida KSA tomonidan koʻrsatilgan) Yaqin Sharqdagi ba'zi mamlakatlar tomonidan qoʻllaniladi.,"Arabiya Standard Time, ya'z AST (KSA o'zida Arabi TV stasiasiya o'zilgan) q'ilgan, Qosim-Otturga o'zilgan o'zlar.",0.49198210006579757
1f363e2c215f13ecef31,uz-en,Arabistonning standart vaqti yoki AST (baʻzi arab telekanallarida KSA tomonidan koʻrsatilgan) Yaqin Sharqdagi ba'zi mamlakatlar tomonidan qoʻllaniladi.,"Arabia Standard Time, or AST (indicated by KSA on some Arabic TV stations), is used by some of the countries in the Middle East.",The Arabic state standard is AST (called KSA for Arabic television) which is a state of the Arabic state.,0.2770222999388352
a2e6c42cac6495f908be,en-uz,Atatürk Airport-bound Istanbul Metro line M1 train at Davutpaşa station.,Otaturk aeroportiga bogʻlangan Istanbul metro liniyasining M1 poyezdi Davutpasha stantsiyasida.,Atatürk Airport-yotasi Davutpaşa stasiasiya Istanbul Metro linya M1 tren.,0.22604589990805835
a2e6c42cac6495f908be,uz-en,Otaturk aeroportiga bogʻlangan Istanbul metro liniyasining M1 poyezdi Davutpasha stantsiyasida.,Atatürk Airport-bound Istanbul Metro line M1 train at Davutpaşa station.,"The M1 station of the Istanbul Metro Line, located at Otaturk Airport, is located at Davutpasha Station.",0.2762529000174254
e2d3ec01fa32f4bdeaab,en-uz,Adam Lee Thompson (born 28 September 1992) is a professional footballer who plays as a defender for Leyton Orient.,"Adam Lee Thompson (1992-yil 28-sentyabrda tug'ilgan) - professional futbolchi, ""Leyton Orient"" himoyachisi.",Adam Lee Thompson (1992-yil 28-septemberda tug'ilgan) - Leyton Orientning o'zilgan professional futbolchi.,0.32413760002236813
e2d3ec01fa32f4bdeaab,uz-en,"Adam Lee Thompson (1992-yil 28-sentyabrda tug'ilgan) - professional futbolchi, ""Leyton Orient"" himoyachisi.",Adam Lee Thompson (born 28 September 1992) is a professional footballer who plays as a defender for Leyton Orient.,"Adam Lee Thompson (born 28 September 1992) is a professional footballer, Leyton Orient.",0.22857259993907064
5a614bbdf270d9b703c8,en-uz,"They most recently competed at the Monte-Carlo Masters together, losing to Nikolay Davydenko and Oliver Marach in the first round.","Yaqinda ular Monte-Karlo Masters musobaqasida birgalikda ishtirok etib, birinchi davrada Nikolay Davydenko va Oliver Maraxga yutqazishdi.","U u'yagan Monte-Carlo mastersida o'yagan, Nikolay Davydenko va Oliver Marach o'yagan o'yagan.",0.3471794999204576
5a614bbdf270d9b703c8,uz-en,"Yaqinda ular Monte-Karlo Masters musobaqasida birgalikda ishtirok etib, birinchi davrada Nikolay Davydenko va Oliver Maraxga yutqazishdi.","They most recently competed at the Monte-Carlo Masters together, losing to Nikolay Davydenko and Oliver Marach in the first round.","He was born in the Monte Carlo Masters, where he first played with Nikolay Davydenko and Oliver Marax.",0.25264429999515414
b6e0f90124a8ed22f157,en-uz,She is the first Swedish woman to win the Holmenkollen medal.,U Holmenkollen medalini qo'lga kiritgan birinchi shved ayoli hisoblanadi.,U Holmenkollen medalini o'zilgan o'zari o'zari o'zari o'zari o'zari o'zari o'zari o'zari o'zari o'zari o'zari o'zari o'zari o'zari o'zari o'zari o'zari o'zari o'zari o'zari o'zari,0.8618966999929398
b6e0f90124a8ed22f157,uz-en,U Holmenkollen medalini qo'lga kiritgan birinchi shved ayoli hisoblanadi.,She is the first Swedish woman to win the Holmenkollen medal.,She was the first winner to win the Holmenkollen medal.,0.16455750004388392
eb9eff987f221f136bce,en-uz,"In the vault final held on 18 April, Paseka won the gold medal with a score 15.250.","18-aprel kuni bo'lib o'tgan tayanch finalida Paseka 15,250 ball bilan oltin medalni qo'lga kiritdi.","18 aprillda o'zilgan vault finalda Paseka 15,250 o'zida o'zadi medalini o'zilgan.",0.3043918999610469
eb9eff987f221f136bce,uz-en,"18-aprel kuni bo'lib o'tgan tayanch finalida Paseka 15,250 ball bilan oltin medalni qo'lga kiritdi.","In the vault final held on 18 April, Paseka won the gold medal with a score 15.250.","In the final of April 18, Paseka won a medal with 15,250 balls.",0.20588119991589338
8262835787bbd3da2b16,en-uz,His senior debut for a national team was with Sweden U21 on 10 September 2012 in the final crucial game against Ukraine U21 played in Kalmar.,Uning terma jamoadagi debyuti Shvetsiya U21 bilan 2012-yilning 10-sentyabrida Kalmarda Ukraina U21 termasiga qarshi o'tkazilgan so'nggi muhim o'yinda bo'lgan.,U'rning u'rning o'rning o'rning o'rning o'rning o'rning o'rning o'rning o'rning o'rning o'rning o'rning o'rning o'rning o'rning o'rning o'rning o'rning o'rning o'rning o'rning o'rning o'r,0.9225965000223368
8262835787bbd3da2b16,uz-en,Uning terma jamoadagi debyuti Shvetsiya U21 bilan 2012-yilning 10-sentyabrida Kalmarda Ukraina U21 termasiga qarshi o'tkazilgan so'nggi muhim o'yinda bo'lgan.,His senior debut for a national team was with Sweden U21 on 10 September 2012 in the final crucial game against Ukraine U21 played in Kalmar.,"The first time in the world's term competition, Sweden U21 played in the main competition in Kalmar on 10 September 2012 with Ukraine U21.",0.32435479993000627
2d5a9be48bae03f89850,en-uz,"She co-starred in the NBC sitcom Up All Night, with Christina Applegate and Will Arnett.",U NBC telekanalining “ Up All Night ” sitcomida Kristina Applegeyt va Uill Arnett bilan birga rol ijro etgan.,"U NBC sitcom Up All Night, Christina Applegate va Will Arnettga ko'sharadi.",0.28242970001883805
2d5a9be48bae03f89850,uz-en,U NBC telekanalining “ Up All Night ” sitcomida Kristina Applegeyt va Uill Arnett bilan birga rol ijro etgan.,"She co-starred in the NBC sitcom Up All Night, with Christina Applegate and Will Arnett.","She played a role in NBC television series Up All Night, with Kristina Applegeyt and Will Arnett.",0.29436359996907413
844cf3211ba8afab3f6a,en-uz,I changed the baby's nappy.,Chaqaloqning tagligini o'zgartirdim.,U babynagi yogga ko'lida.,0.1528010000474751
844cf3211ba8afab3f6a,uz-en,Chaqaloqning tagligini o'zgartirdim.,I changed the baby's nappy.,I have finished my work.,0.09267070004716516
226a4af0d25b41d7bd85,en-uz,"Artan Bano (born 17 February 1966 in Lushnja) is a retired Albanian international football player, who currently is head coach at Albanian Second Division side Egnatia Rrogozhinë.","Artan Bano (1966-yil 17-fevral, Lushnya shahrida tugʻilgan) — isteʼfodagi albaniyalik futbolchi, hozirda Albaniyaning ikkinchi divizioni “Egnatia Rrogojine” jamoasida bosh murabbiy.","Artan Bano (1966-yil 17-fevralda Lushnja va qay'ilgan) — abloniylik abloniylik ulduziylik futbolchi, ki kini abloniylik II Divisionda Egnatia Rrogozhinë o'ynasi ko'lida.",0.6642410999629647
226a4af0d25b41d7bd85,uz-en,"Artan Bano (1966-yil 17-fevral, Lushnya shahrida tugʻilgan) — isteʼfodagi albaniyalik futbolchi, hozirda Albaniyaning ikkinchi divizioni “Egnatia Rrogojine” jamoasida bosh murabbiy.","Artan Bano (born 17 February 1966 in Lushnja) is a retired Albanian international football player, who currently is head coach at Albanian Second Division side Egnatia Rrogozhinë.","Artan Bano (born February 17, 1966) is an former Albanian footballer who was a member of the second division of Albania, Egnatia Rrogojine.",0.35987229994498193
291d557a39d3ae7eeab7,en-uz,"There is also VST/ReWire support so that FL Studio can be an instrument in other hosts such as Cubase, Sonic Solutions, and Logic.","FL Studio Cubase, Sonic Solutions va Logic kabi boshqa hostlarda asbob sifatida bo'lishi uchun VST/ReWire qo'llab-quvvatlash ham mavjud.","VST/ReWire o'zilgan, FL Studio Cubase, Sonic Solutions va Logic va o'zlar o'zlarga o'zilgan.",0.39748449996113777
291d557a39d3ae7eeab7,uz-en,"FL Studio Cubase, Sonic Solutions va Logic kabi boshqa hostlarda asbob sifatida bo'lishi uchun VST/ReWire qo'llab-quvvatlash ham mavjud.","There is also VST/ReWire support so that FL Studio can be an instrument in other hosts such as Cubase, Sonic Solutions, and Logic.",FL Studio Cubase has also developed VST/ReWire for the development of the web in other hosts such as Sonic Solutions and Logic.,0.33401140000205487
2a9ee7a4f4dfe6fad1e6,en-uz,"In October 1997, he released his second album En Güzel Günler Senin Olsun (Have The Most Beautiful Days).","1997-yil oktyabr oyida u o'zining ikkinchi ""En Güzel Günler Senin Olsun"" ( Eng go'zal kunlar ) albomini chiqaradi.",1997-yil oktobda o'z o'z o'z o'z o'z o'z o'z o'z o'z o'z o'z o'z o'z o'z o'z o'z o'z o'z o'z o'z o'z o'z o'z o'z o'z o'z o'z o'z o'z o',0.911988899926655
2a9ee7a4f4dfe6fad1e6,uz-en,"1997-yil oktyabr oyida u o'zining ikkinchi ""En Güzel Günler Senin Olsun"" ( Eng go'zal kunlar ) albomini chiqaradi.","In October 1997, he released his second album En Güzel Günler Senin Olsun (Have The Most Beautiful Days).","In October 1997, she released her second album, ""The Most Beautiful Days Are You.""",0.23121600004378706
b1e0c0a18432c70e3cff,en-uz,"For 1958, Chevrolet models were redesigned longer, lower, and heavier than their 1957 predecessors.","1958-yil uchun Chevrolet modellari 1957-yildagi avvalgilariga qaraganda uzunroq, pastroq va og'irroq qilib qayta ishlab chiqilgan.","1958-yilda Chevrolet modeli 1957-yilda o'ynatlari o'ynatlari o'ynat, o'ynat va o'ynat bo'ilgan bo'ilgan.",0.42975260003004223
b1e0c0a18432c70e3cff,uz-en,"1958-yil uchun Chevrolet modellari 1957-yildagi avvalgilariga qaraganda uzunroq, pastroq va og'irroq qilib qayta ishlab chiqilgan.","For 1958, Chevrolet models were redesigned longer, lower, and heavier than their 1957 predecessors.","By 1958, Chevrolet models were developed in 1957 as long-term, clean and clean-up models.",0.25773920002393425
84326618f00d9b13ee3c,en-uz,"Emil Abaz (Macedonian: Емил Абаз, born 17 January 1998) is a Macedonian professional footballer who plays for Rupel Boom in the Belgian National Division 1.","Emil Abaz (Macedonian, 1998-yil 17-yanvarda tugʻilgan) — makedoniyalik professional futbolchi, Belgiya 1-milliy divizionida Rupel Boom jamoasida oʻynaydi.","Emil Abaz (1998-yil 17-januarda tug'ilgan) — Makedonya professional futbolchi, Belgiya Milli Divizyon 1-yilda Rupel Boomga o'ynagan.",0.44116859999485314
84326618f00d9b13ee3c,uz-en,"Emil Abaz (Macedonian, 1998-yil 17-yanvarda tugʻilgan) — makedoniyalik professional futbolchi, Belgiya 1-milliy divizionida Rupel Boom jamoasida oʻynaydi.","Emil Abaz (Macedonian: Емил Абаз, born 17 January 1998) is a Macedonian professional footballer who plays for Rupel Boom in the Belgian National Division 1.",Emil Abaz (born 17 January 1998 in Macedonia) is a Macedonian professional footballer who played in the Belgian 1 million division with Rupel Boom.,0.3676980999298394
1e711e4d2420aca37ad8,en-uz,"He received the 2001 Filmfare Award for Best Male Playback Singer for ""Ek Pal Ka Jeena"" song.","2001-yilda ""Ek Pal Ka Jeena"" qo'shig'i uchun eng yaxshi erkak qo'shiqchi uchun Filmfare mukofotiga sazovor bo'ldi.","U 2001 filmfare o'zida ""Ek Pal Ka Jeena"" lagu va ""Best Male Playback Singer"" o'zida o'zida o'zida o'zida o'zida o'zida o'zida o'zida o'zida o'zida o'zida o'zida o'zida o'zida o'zida o'zida o'zida o",0.9179791000206023
1e711e4d2420aca37ad8,uz-en,"2001-yilda ""Ek Pal Ka Jeena"" qo'shig'i uchun eng yaxshi erkak qo'shiqchi uchun Filmfare mukofotiga sazovor bo'ldi.","He received the 2001 Filmfare Award for Best Male Playback Singer for ""Ek Pal Ka Jeena"" song.","In 2001, he was awarded a film for his youngest member for the ""Ek Pal Ka Jeena"" group.",0.24496339994948357
79c470862f77192d51bc,en-uz,The statute of bank was approved by the Parliament's Finance Committee on 14 July 1928.,Bank nizomi 1928-yil 14-iyulda parlamentning Moliya qo'mitasi tomonidan tasdiqlangan.,Bankin statutu Parlamenti finans komitasi 1928-yil 14-yulda o'yndi.,0.24865550000686198
79c470862f77192d51bc,uz-en,Bank nizomi 1928-yil 14-iyulda parlamentning Moliya qo'mitasi tomonidan tasdiqlangan.,The statute of bank was approved by the Parliament's Finance Committee on 14 July 1928.,The Bank's law was adopted on 14 July 1928 by the Parliament as a member of Molly.,0.2709229000611231
22583997d78c5614fbf6,en-uz,"Whitney Nees Able (born June 2, 1982) is an American actress and model.",Whitney Nees Able (talaffuzi: Uitni Nis Abl; 1982-yil 2-iyunida tugʻilgan) — amerikalik aktrisa va model.,Whitney Nees Able (1982-yil 2-iyunda tug'ilgan) - amerikalik aktris va model.,0.312911199987866
22583997d78c5614fbf6,uz-en,Whitney Nees Able (talaffuzi: Uitni Nis Abl; 1982-yil 2-iyunida tugʻilgan) — amerikalik aktrisa va model.,"Whitney Nees Able (born June 2, 1982) is an American actress and model.","Whitney Nees Able (born June 2, 1982) is an American actress and model.",0.23215309996157885
8dc14a602fbbccaec6b1,en-uz,"In a statement to the Financial Times in June 2014, Robert Kyncl confirmed that these measures were ""to ensure that all content on the platform is governed by its new contractual terms"".","2014 yil iyun oyida Financial Times gazetasiga bergan bayonotida Robert Kyncl bu choralar ""platformadagi barcha kontent uning yangi shartnoma shartlari bilan boshqarilishini ta'minlash"" ekanligini tasdiqladi.","2014-yilda Financial Times-yilda bir açıklamada Robert Kyncl ""yunda platformda o'zidan o'zidan o'zidan o'zidan o'zidan o'zidan o'zidan o'zidan o'zidan o'zidan o'zidan o'zidan o'zidan o'zidan o'zidan o'zidan o'zidan o'zidan o'",0.9638548999791965
8dc14a602fbbccaec6b1,uz-en,"2014 yil iyun oyida Financial Times gazetasiga bergan bayonotida Robert Kyncl bu choralar ""platformadagi barcha kontent uning yangi shartnoma shartlari bilan boshqarilishini ta'minlash"" ekanligini tasdiqladi.","In a statement to the Financial Times in June 2014, Robert Kyncl confirmed that these measures were ""to ensure that all content on the platform is governed by its new contractual terms"".","In June 2014, in a statement to Financial Times, Robert Kyncl said these characters ""reclame the development of the platform's main content system.""",0.3242667999584228
735e6d4834fe1605a591,en-uz,"Shjon Walter Podein (born March 5, 1968) is an American former professional ice hockey left winger who played 11 seasons in the National Hockey League (NHL) for the Edmonton Oilers, Philadelphia Flyers, Colorado Avalanche and St. Louis Blues.","Shjon Walter Podein (1968-yil 5-martda tug'ilgan) - Milliy xokkey ligasida (NHL) Edmonton Oilers, Philadelphia Flyers, Colorado Avalanche va St. Louis Blues jamoalarida 11 mavsum o'ynagan amerikalik sobiq professional xokkeychi chap qanot himoyachisi.","Shjon Walter Podein (1968-yil 5-marda tug'ilgan) - amerikalik bir professional jod hoki yogida, Edmonton Oilers, Philadelphia Flyers, Colorado Avalanche va St. Louis Blues va NHL-yilda 11 sezonlar oynagan.",0.6415284000104293
735e6d4834fe1605a591,uz-en,"Shjon Walter Podein (1968-yil 5-martda tug'ilgan) - Milliy xokkey ligasida (NHL) Edmonton Oilers, Philadelphia Flyers, Colorado Avalanche va St. Louis Blues jamoalarida 11 mavsum o'ynagan amerikalik sobiq professional xokkeychi chap qanot himoyachisi.","Shjon Walter Podein (born March 5, 1968) is an American former professional ice hockey left winger who played 11 seasons in the National Hockey League (NHL) for the Edmonton Oilers, Philadelphia Flyers, Colorado Avalanche and St. Louis Blues.","Shion Walter Podein (born March 5, 1968) is an American professional soccer player who played 11 months in the National Soccer League (NHL) in Edmonton Oilers, Philadelphia Flyers, Colorado Avalanche and St. Louis Blues.",0.5437597000272945
1ee1ed921ddedc731b6f,en-uz,"On 15 December 2006, the education board of Liperi decided to propose the discontinuation of the Liperi gymnasium.",2006-yil 15-dekabrda Liperi ta'lim kengashi Liperi gimnaziyasini to'xtatishni taklif qilishga qaror qildi.,2006-yil 15-decemberda Liperi edukasyon komida Liperi gymnasiumini o'ynagan o'ynagan o'ynagan o'ynagan.,0.37593579990789294
1ee1ed921ddedc731b6f,uz-en,2006-yil 15-dekabrda Liperi ta'lim kengashi Liperi gimnaziyasini to'xtatishni taklif qilishga qaror qildi.,"On 15 December 2006, the education board of Liperi decided to propose the discontinuation of the Liperi gymnasium.","On 15 December 2006, Liperi began his training training at the Liperi High School.",0.1935980999842286
c4e0371e6e23e7719f57,en-uz,You can't eat money.,Pul yeyolmaysan.,U qashida o'zasi yagan.,0.14547610003501177
c4e0371e6e23e7719f57,uz-en,Pul yeyolmaysan.,You can't eat money.,You don't eat.,0.08916199998930097
88854dce4d88600f9ad2,en-uz,Kurtzuba married Joshua Coakley in 2005.,Kurtzuba 2005-yilda Joshua Coakleyga turmushga chiqdi.,Kurtzuba 2005-yilda Joshua Coakleyga o'zilgan.,0.1883177999407053
88854dce4d88600f9ad2,uz-en,Kurtzuba 2005-yilda Joshua Coakleyga turmushga chiqdi.,Kurtzuba married Joshua Coakley in 2005.,Kurtzuba was born in 2005 with Joshua Coakley.,0.16836720006540418
cecf5481374d72d99f97,en-uz,"Other differences have emerged concerning travel-associated ""extras"" such as hotel bookings under the ""easyJethotels"" brand, and car hire under ""easyJetcarhire"".","Sayohat bilan bog'liq ""qo'shimchalar"" bilan bog'liq boshqa farqlar paydo bo'ldi, masalan, ""easyJethotels"" brendi ostida mehmonxonalarni bron qilish va ""easyJetcarhire"" ostida avtomobil ijarasi.","U ""easyJethotels"" markanda hotel bo'shlari va ""easyJetcarhire"" markanda auto qira'shlari o'zilgan ""ekstra"" o'zilgan o'zilgan o'zilgan.",0.5353620999958366
cecf5481374d72d99f97,uz-en,"Sayohat bilan bog'liq ""qo'shimchalar"" bilan bog'liq boshqa farqlar paydo bo'ldi, masalan, ""easyJethotels"" brendi ostida mehmonxonalarni bron qilish va ""easyJetcarhire"" ostida avtomobil ijarasi.","Other differences have emerged concerning travel-associated ""extras"" such as hotel bookings under the ""easyJethotels"" brand, and car hire under ""easyJetcarhire"".","The company has two different types of ""cars"" in the series, including the easyJethotels brand, which is a brand of the company's mixture and the easyJetcarhire brand.",0.4440271999919787
a22d3be9ba1aee968961,en-uz,Bílé Poličany is a municipality and village in Trutnov District in the Hradec Králové Region of the Czech Republic.,Bílé Poličany — Chexiya Respublikasi Hradec Králové viloyati Trutnov tumanidagi qishloq.,Bílé Poličany - Çek Republican Hradec Králové regionida Trutnov distriktida bir sammali va qilgan.,0.336892299936153
a22d3be9ba1aee968961,uz-en,Bílé Poličany — Chexiya Respublikasi Hradec Králové viloyati Trutnov tumanidagi qishloq.,Bílé Poličany is a municipality and village in Trutnov District in the Hradec Králové Region of the Czech Republic.,"Bílé Poličany is a town in Trutnov, Hradec Králové, Czech Republic.",0.22853800002485514
ccabc36b86b833c65ed3,en-uz,"Zavec turned professional in 2003, winning his first 26 fights.",Zavec 2003-yilda professionalga aylandi va o'zining dastlabki 26 ta jangida g'alaba qozonadi.,Zavec 2003-yilda professional oldi va o'z 26 o'zini o'zilgan.,0.2311296999687329
ccabc36b86b833c65ed3,uz-en,Zavec 2003-yilda professionalga aylandi va o'zining dastlabki 26 ta jangida g'alaba qozonadi.,"Zavec turned professional in 2003, winning his first 26 fights.",Zavec became a professional in 2003 and died at 26 years in his family.,0.1848175999475643
a4dbbb14d7aa4abf17a7,en-uz,The Bestune B30 (formerly Besturn B30) is a subcompact sedan produced by the FAW Group under the Bestune brand.,Bestune B30 (avvalgi nomi Besturn B30) — FAW guruhi tomonidan Bestune brendi ostida ishlab chiqarilgan kichik kompakt sedan hisoblanadi.,Bestune B30 (yolda Besturn B30) Bestune markinda FAW Group va bo'zilgan o'zilgan subkompakta sedan.,0.35684599995147437
a4dbbb14d7aa4abf17a7,uz-en,Bestune B30 (avvalgi nomi Besturn B30) — FAW guruhi tomonidan Bestune brendi ostida ishlab chiqarilgan kichik kompakt sedan hisoblanadi.,The Bestune B30 (formerly Besturn B30) is a subcompact sedan produced by the FAW Group under the Bestune brand.,Bestune B30 (born Besturn B30) is a small compact sedan built in Bestune brand building by FAW.,0.26826319994870573
d0555fd96db0b9b67f99,en-uz,Each year a large cherry blossom festival (April) and Azalea festival (May) take place here.,Bu yerda har yili yirik gilos gullari festivali (aprel) va Azalea festivali (may) o'tkaziladi.,U ayda o'zari bo'zari festival (April) va Azalea festival (May) burada o'zari.,0.29936419997829944
d0555fd96db0b9b67f99,uz-en,Bu yerda har yili yirik gilos gullari festivali (aprel) va Azalea festivali (may) o'tkaziladi.,Each year a large cherry blossom festival (April) and Azalea festival (May) take place here.,This place hosted the annual Giles Festival (April) and Azalea Festival (May).,0.22899769991636276
2f5205cc9851d28e4f50,en-uz,Kocsis retired as a player in 1966 and opened a restaurant in Barcelona called Tete D’ Or.,Kocsis 1966-yilda futbolchi sifatida nafaqaga chiqdi va Barselonada Tete D'Or nomli restoran ochdi.,Kocsis 1966-yilda futbolçi olarak q'ilgan va Barcelona'da Tete D'Or va restorantini o'ynagan.,0.328852100064978
2f5205cc9851d28e4f50,uz-en,Kocsis 1966-yilda futbolchi sifatida nafaqaga chiqdi va Barselonada Tete D'Or nomli restoran ochdi.,Kocsis retired as a player in 1966 and opened a restaurant in Barcelona called Tete D’ Or.,She started a football club in 1966 and bought a restaurant called Tete D'Or in Barcelona.,0.21792690001893789
505f72294c310c09d6c2,en-uz,The authors are sculptor B.A. Tulekov and architect T.K. Basenov.,Mualliflari haykaltarosh B.A.Tulekov va arxitektor T.K.Basenovlardir.,U o'zlar skulptur B.A. Tulekov va arkitekt T.K. Basenov.,0.2760724000399932
505f72294c310c09d6c2,uz-en,Mualliflari haykaltarosh B.A.Tulekov va arxitektor T.K.Basenovlardir.,The authors are sculptor B.A. Tulekov and architect T.K. Basenov.,The archipelago is B.A.Tulekov and architect T.K.Basenovlar.,0.27477559994440526
2f9f434a3295b4190d52,en-uz,She added another 8 points in 6 playoff games as Luleå returned to the SDHL finals to face HV71 before the season was cancelled due to the COVID-19 pandemic in Sweden.,"U 6 pley-off oʻyinida yana 8 ochko qoʻshib oldi, Luleå Shvetsiyadagi COVID-19 pandemiyasi tufayli mavsum bekor qilinishidan oldin HV71 bilan SDHL finaliga qaytdi.","U X'yolda playoffda 8 o'ynini o'ynagan, Luleå Swediying COVID-19 pandemikdan o'ynagan o'ynagan HV71 o'ynagan SDHL finalida qaytilgan.",0.5871482000220567
2f9f434a3295b4190d52,uz-en,"U 6 pley-off oʻyinida yana 8 ochko qoʻshib oldi, Luleå Shvetsiyadagi COVID-19 pandemiyasi tufayli mavsum bekor qilinishidan oldin HV71 bilan SDHL finaliga qaytdi.",She added another 8 points in 6 playoff games as Luleå returned to the SDHL finals to face HV71 before the season was cancelled due to the COVID-19 pandemic in Sweden.,"He won 8 goals in six play-off matches, and Luleå returned to the SDHL final from HV71, which was the COVID-19 pandemic team in Switzerland.",0.456794900004752
d2dae6150ae962260ca0,en-uz,Mead won the 2018–19 FA WSL title with Arsenal and the 2015 FA WSL title with Sunderland.,"Mead ""Arsenal"" bilan 2018-19-yilgi FA WSL chempionligini va "" Sanderlend "" bilan 2015-yilgi FA WSL chempionligini qo'lga kiritdi.",Mead Arsenalda 2018-19 FA WSL titili va 2015 FA WSL titili Sunderlandda o'ynashdi.,0.3053996000671759
d2dae6150ae962260ca0,uz-en,"Mead ""Arsenal"" bilan 2018-19-yilgi FA WSL chempionligini va "" Sanderlend "" bilan 2015-yilgi FA WSL chempionligini qo'lga kiritdi.",Mead won the 2018–19 FA WSL title with Arsenal and the 2015 FA WSL title with Sunderland.,Mead won the 2018-19 FA WSL Championship with Arsenal and the 2015 FA WSL Championship with Sanderlend.,0.26003789994865656
cf6a9465cad657065cb0,en-uz,"Briggs married actress Viola Scott on July 3, 1914.",Briggs 1914-yil 3-iyul kuni aktrisa Viola Scott bilan turmush qurgan.,Briggs 1914-yil 3-yulda Viola Scott aktrisi va o'zilgan.,0.22143779997713864
cf6a9465cad657065cb0,uz-en,Briggs 1914-yil 3-iyul kuni aktrisa Viola Scott bilan turmush qurgan.,"Briggs married actress Viola Scott on July 3, 1914.","Briggs founded a trial with the actress Viola Scott on July 3, 1914.",0.19893069996032864
0f2f7a197f2829b554f1,en-uz,"In 2020, Mercola was one of the partners in a website called ""Stop Covid Cold"" offering advice to the public on preventing and treating COVID-19 with alternative remedies.","2020-yilda Merkola “Stop Covid Cold” deb nomlangan veb-saytning hamkorlaridan biri bo‘lib, jamoatchilikka COVID-19 ning oldini olish va muqobil vositalar bilan davolash bo‘yicha maslahatlar berdi.","2020-yilda Mercola ""Stop Covid Cold"" adlı internet sitegi, COVID-19-yilning o'zagan va alternatyal o'zagan o'zagan o'zagan o'zagan.",0.49262360006105155
0f2f7a197f2829b554f1,uz-en,"2020-yilda Merkola “Stop Covid Cold” deb nomlangan veb-saytning hamkorlaridan biri bo‘lib, jamoatchilikka COVID-19 ning oldini olish va muqobil vositalar bilan davolash bo‘yicha maslahatlar berdi.","In 2020, Mercola was one of the partners in a website called ""Stop Covid Cold"" offering advice to the public on preventing and treating COVID-19 with alternative remedies.","In 2020, Merkola was a member of the web site called Stop Covid Cold, with a COVID-19 in the game, and a number of other models were found.",0.37892559997271746
b268220979b2b3f00a98,en-uz,LG series,LG seriyasi,LG seriali,0.055551699944771826
b268220979b2b3f00a98,uz-en,LG seriyasi,LG series,LG series,0.04429989994969219
16e03c7146de681f3e19,en-uz,"Thomas Brodie-Sangster was born on 16 May 1990 in Southwark, London, to Mark Sangster and Tasha Bertram.",Thomas Brodie-Sangster 1990-yil 16-mayda Londonning Sautvark shahrida Mark Sangster va Tasha Bertram oilasida tug'ilgan.,Thomas Brodie-Sangster 1990-yil 16-mayda Londonski Southwarkda Mark Sangster va Tasha Bertramda bo'ilgan.,0.3369721999624744
16e03c7146de681f3e19,uz-en,Thomas Brodie-Sangster 1990-yil 16-mayda Londonning Sautvark shahrida Mark Sangster va Tasha Bertram oilasida tug'ilgan.,"Thomas Brodie-Sangster was born on 16 May 1990 in Southwark, London, to Mark Sangster and Tasha Bertram.","Thomas Brodie-Sangster was born on May 16, 1990 in Southwest London, with Mark Sangster and Tasha Bertram.",0.28885769995395094
12143b579bd5220bb5a0,en-uz,"On January 13, 2009, Citi announced the merger of Smith Barney with Morgan Stanley Wealth Management.",2009 yil 13 yanvarda Citi Smit Barnining Morgan Stanley Wealth Management bilan birlashishini eʻlon qildi.,2009-yil 13-yanayda Citi Smith Barney Morgan Stanley Wealth Managementga o'ynashini o'ynashida o'ynashdi.,0.3532368999440223
12143b579bd5220bb5a0,uz-en,2009 yil 13 yanvarda Citi Smit Barnining Morgan Stanley Wealth Management bilan birlashishini eʻlon qildi.,"On January 13, 2009, Citi announced the merger of Smith Barney with Morgan Stanley Wealth Management.","On January 13, 2009, Citi Smith became a member of Morgan Stanley Wealth Management.",0.19235739996656775
1881e18a55963203e25f,en-uz,"With the Athletica, she joined former North Carolina Tar Heel standouts Lori Chalupny, Kendall Fletcher and Kristina Larsen.","Athletica bilan u sobiq Shimoliy Karolina Tar Heel ko'zga ko'ringan Lori Chalupny, Kendall Fletcher va Kristina Larsenga qo'shildi.","Athletica va o'zning o'zning Karolina Karolina Tar Heel standouts Lori Chalupny, Kendall Fletcher va Kristina Larsenga o'zilgan.",0.44115299999248236
1881e18a55963203e25f,uz-en,"Athletica bilan u sobiq Shimoliy Karolina Tar Heel ko'zga ko'ringan Lori Chalupny, Kendall Fletcher va Kristina Larsenga qo'shildi.","With the Athletica, she joined former North Carolina Tar Heel standouts Lori Chalupny, Kendall Fletcher and Kristina Larsen.","Athletica was joined by Lori Chalupny, Kendall Fletcher and Kristina Lars, who were joined by the former Chimolya Karolina Tar Heel.",0.39396000001579523
52ff902d3c74617739a3,en-uz,"""Paint the Town Red"" debuted at number 20 on the UK Singles Chart on August 17, 2023.","""Paint the Town Red"" 2023-yil 17-avgustda Buyuk Britaniyaning Singles Chart -da 20-o‘rinda debyut qildi.","""Paint the Town Red"" 20-yil 17-avustda UK Singles Chartda 20-yilda debutasi.",0.2804374999832362
52ff902d3c74617739a3,uz-en,"""Paint the Town Red"" 2023-yil 17-avgustda Buyuk Britaniyaning Singles Chart -da 20-o‘rinda debyut qildi.","""Paint the Town Red"" debuted at number 20 on the UK Singles Chart on August 17, 2023.","Paint the Town Red debuted on August 17, 2023 at the British Singles Chart.",0.22106400004122406
23f38d010a04dce2d55c,en-uz,Music video,Musiqiy video,Muzik video,0.05542880005668849
23f38d010a04dce2d55c,uz-en,Musiqiy video,Music video,Music video,0.0439785000635311
c51f0f49d112f6f52a1a,en-uz,Heaney studied English Language and Literature at Queen's University Belfast starting in 1957.,Heaney 1957-yildan boshlab Belfastdagi Queen's Universityda ingliz tili va adabiyoti bo'yicha tahsil oldi.,Heaney 1957-yilda Belfast kunyish universitetida anglischi va literaturi o'ynagan.,0.2583279999671504
c51f0f49d112f6f52a1a,uz-en,Heaney 1957-yildan boshlab Belfastdagi Queen's Universityda ingliz tili va adabiyoti bo'yicha tahsil oldi.,Heaney studied English Language and Literature at Queen's University Belfast starting in 1957.,Heaney graduated from 1957 to Queen's University in Belfast for English education and education.,0.22108839999418706
f52e6835a603c67f070e,en-uz,"Bangalore Saroja Devi (born 7 January 1938) is an Indian actress who has acted in Kannada, Tamil, Telugu and Hindi movies.","Bangalore Saroja Devi (1938-yil 7-yanvarda tugʻilgan) - hind aktrisasi, Kannada, Tamil, Telugu va Hind filmlarida rol oʻynagan.","Bangalore Saroja Devi (1938-yil 7-janarda tug'ilgan) - Hindistani aktrisi, Kanada, Tamil, Telugu va Hindistani filmlarda o'ynagan.",0.4561800000956282
f52e6835a603c67f070e,uz-en,"Bangalore Saroja Devi (1938-yil 7-yanvarda tugʻilgan) - hind aktrisasi, Kannada, Tamil, Telugu va Hind filmlarida rol oʻynagan.","Bangalore Saroja Devi (born 7 January 1938) is an Indian actress who has acted in Kannada, Tamil, Telugu and Hindi movies.","Bangalore Saroja Devi (born January 7, 1938) is an Indian actress who plays a role in the Cannes, Tamil, Telugu and Indian films.",0.3664345000870526
2e46dcc96e91e443fd2c,en-uz,"Edward G. Robinson (born Emanuel Goldenberg; December 12, 1893 – January 26, 1973) was a Romanian-American actor of stage and screen, who was popular during the Hollywood's Golden Age.",Edvard G. Robinson (tug'ilgan Emanuel Goldenberg ; 1893 yil 12 dekabr – 1973-yil 26-yanvar) — Gollivudning Oltin Asrida mashhur boʻlgan rumin-amerikalik sahna va ekran aktyori.,Edward G. Robinson (1893-yil 12-december - 1973-yil 26-janay) - hollywood-yolda Golden Age o'ynagan o'ynagan o'ynagan o'ynagan o'ynagan o'ynagan o'ynagan o'ynagan o'ynagan o'ynagan o'ynagan o'ynagan o'ynagan o'ynagan o'ynagan o'ynagan o',0.873721299925819
2e46dcc96e91e443fd2c,uz-en,Edvard G. Robinson (tug'ilgan Emanuel Goldenberg ; 1893 yil 12 dekabr – 1973-yil 26-yanvar) — Gollivudning Oltin Asrida mashhur boʻlgan rumin-amerikalik sahna va ekran aktyori.,"Edward G. Robinson (born Emanuel Goldenberg; December 12, 1893 – January 26, 1973) was a Romanian-American actor of stage and screen, who was popular during the Hollywood's Golden Age.","Edvard G. Robinson (born Emanuel Goldenberg; December 12, 1893 – January 26, 1973) was a Roman American actor and screenwriter who was born in Oltin Asrida, Gollywood.",0.4274331000633538
506e1654577e28140bcc,en-uz,WNBA career,WNBA karyerasi,WNBA kariyer,0.07364109996706247
506e1654577e28140bcc,uz-en,WNBA karyerasi,WNBA career,WNBA career,0.06289900001138449
c888d49cb026fa0b2eca,en-uz,CONMEBOL Copa América Femenina,CONMEBOL Copa America Femenina,CONMEBOL Copa América Femenina,0.10824219998903573
c888d49cb026fa0b2eca,uz-en,CONMEBOL Copa America Femenina,CONMEBOL Copa América Femenina,CONMEBOL Copa America Women,0.0903369999723509
92654f1f328af4d548aa,en-uz,"While Belle was young, her father left for California April 10, 1850 on the Flint River Company wagon train.",Belle yoshligida otasi 1850-yil 10-aprelda Flint River kompaniyasi vagon poyezdida Kaliforniyaga jo‘nab ketdi.,"Belle o'zilgan, 1850-yil 10-aprilda Flint River Company vagon treniya Kaliforniya o'zilgan.",0.3093646999914199
92654f1f328af4d548aa,uz-en,Belle yoshligida otasi 1850-yil 10-aprelda Flint River kompaniyasi vagon poyezdida Kaliforniyaga jo‘nab ketdi.,"While Belle was young, her father left for California April 10, 1850 on the Flint River Company wagon train.","Belle was born on April 10, 1850, when Flint River Company joined California on a wagon station.",0.2281157000688836
70be4c661579586a2a67,en-uz,"In 2017, Roland Gumpert joined forces with Aiways, a Chinese company based in Shanghai and specialist in alternative energies, and founded his new company called “RG”, initials of Roland Gumpert, based in Ingolstadt in Germany.","2017-yilda Roland Gumpert Xitoyning Shanxay shahrida joylashgan, muqobil energiya bo'yicha mutaxassis Aiways kompaniyasi bilan hamkorlik qildi va Germaniyaning Ingolshtadt shahrida joylashgan Roland Gumpertning bosh harflari bo'lgan ""RG"" deb nomlangan yangi kompaniyasiga asos soldi.","2017-yilda Roland Gumpert Shanghai-yilda tug'ilgan, alternatyal energialarda specialist olan Aiways, xining kompaniya va ingmaniya Ingolstadt-yilda ""Roland Gumpert"" intifalasi ""RG"" o'ynasichi o'ynasichi o'ynasichi o'ynasichi o'ynasichi o'ynasichi o'ynasichi o",0.8843166999286041
70be4c661579586a2a67,uz-en,"2017-yilda Roland Gumpert Xitoyning Shanxay shahrida joylashgan, muqobil energiya bo'yicha mutaxassis Aiways kompaniyasi bilan hamkorlik qildi va Germaniyaning Ingolshtadt shahrida joylashgan Roland Gumpertning bosh harflari bo'lgan ""RG"" deb nomlangan yangi kompaniyasiga asos soldi.","In 2017, Roland Gumpert joined forces with Aiways, a Chinese company based in Shanghai and specialist in alternative energies, and founded his new company called “RG”, initials of Roland Gumpert, based in Ingolstadt in Germany.","In 2017, Roland Gumpert was a member of the company Aiways, a company that was a member of the company, which was named ""RG"" for the German German German German German German German German German German German German German German German German German German German German German German German German German German German German German German German German German German German German German German German German German German German German German German German German German German German German German German German German German German German German",0.9162752999691293
e10bba9d107313f85c4e,en-uz,"In men's doubles, Aspelin won the 2007 US Open and the Silver medal at the 2008 Summer Olympics.",Erkaklar o'rtasidagi juftlik bahslarida Aspelin 2007-yilgi US Open va 2008-yilgi Yozgi Olimpiya o'yinlarida kumush medalni qo'lga kiritdi.,U masoliyiyiyiyiyiyiyiyiyiyiyiyiyiyiyiyiyiyiyiyiyiyiyiyiyiyiyiyiyiyiyiyiyiyiyiyiyiyiyiyiyiyiyiyiyiyiyiyiyiyiyiyiyiyiyiyiyiyiyiyiyiyiyiyiyiyiyiyiyiyiyiyiyiyiyiyiyiyiyiyiyiyiyiyiyiyiyiyiyiyiyiy,0.8723010000539944
e10bba9d107313f85c4e,uz-en,Erkaklar o'rtasidagi juftlik bahslarida Aspelin 2007-yilgi US Open va 2008-yilgi Yozgi Olimpiya o'yinlarida kumush medalni qo'lga kiritdi.,"In men's doubles, Aspelin won the 2007 US Open and the Silver medal at the 2008 Summer Olympics.",The men were also awarded the same medal as Aspelin won the 2007 US Open and the 2008 Youth Olympics.,0.25991550006438047
35729c1815870f469e50,en-uz,She went on to play for World Class Soccer from 1999 to 2003.,U 1999-yildan 2003-yilgacha World Class Soccer uchun o'ynashni davom ettirdi.,U 1999-yildan 2003-yilda World Class futbolda oynagan.,0.17277990002185106
35729c1815870f469e50,uz-en,U 1999-yildan 2003-yilgacha World Class Soccer uchun o'ynashni davom ettirdi.,She went on to play for World Class Soccer from 1999 to 2003.,He played for World Class Soccer from 1999 to 2003.,0.12854689999949187
c244483d804d98571241,en-uz,"The Sudirman Cup is an international badminton mixed team competition contested by member countries of the Badminton World Federation (BWF), the sport's global governing body.",Sudirman kubogi - bu sportning global boshqaruv organi bo'lgan Butunjahon Badminton Federatsiyasiga (BWF) a'zo davlatlar tomonidan o'tkaziladigan xalqaro badminton aralash jamoaviy musobaqasi.,Sudirman Cup - sporting global g'olida o'zasi Badminton World Federation (BWF) q'yoliga o'zilgan o'ziy o'ziy o'ziy o'ziy o'ziy o'ziy o'ziy o'ziy o'ziy o'ziy o'ziy o'ziy o'ziy o'ziy o'z,0.8779804999940097
c244483d804d98571241,uz-en,Sudirman kubogi - bu sportning global boshqaruv organi bo'lgan Butunjahon Badminton Federatsiyasiga (BWF) a'zo davlatlar tomonidan o'tkaziladigan xalqaro badminton aralash jamoaviy musobaqasi.,"The Sudirman Cup is an international badminton mixed team competition contested by member countries of the Badminton World Federation (BWF), the sport's global governing body.","Sudirman Cup is a competition for the worldwide competition of this sport, which is a competition for the Badminton Federation of Butunjahon (BWF) in the field of competitions.",0.4449146999977529
c6075c48f652625ccf64,en-uz,"In December 2005, Little Rimando married her longtime boyfriend, Nick Rimando.",2005-yil dekabr oyida Little Rimando o'zining uzoq yillik sevgilisi Nick Rimando bilan oila qurdi.,2005-yilda 2005-yilda Little Rimando o'zilgan o'zari bo'zari Nick Rimando o'zari.,0.3086630000034347
c6075c48f652625ccf64,uz-en,2005-yil dekabr oyida Little Rimando o'zining uzoq yillik sevgilisi Nick Rimando bilan oila qurdi.,"In December 2005, Little Rimando married her longtime boyfriend, Nick Rimando.","In December 2005, Little Rimando was born with Nick Rimando, his old girlfriend.",0.19079579995013773
7cf3b5add509444adc80,en-uz,"Early in his career, he started playing in appearance roles like Shathru (1985), Mizhineerppoovukal (1986) in Malayalam.","Faoliyatining boshida u Malayalam tilida Shathru (1985), Mizhineerppoovukal (1986) kabi filmlarda rollar ijro eta boshlagan.","U kariyerini o'zilgan, Malalajada Shathru (1985), Mizhineerppoovukal (1986) va o'zilgan rollar o'zilgan.",0.3994695999426767
7cf3b5add509444adc80,uz-en,"Faoliyatining boshida u Malayalam tilida Shathru (1985), Mizhineerppoovukal (1986) kabi filmlarda rollar ijro eta boshlagan.","Early in his career, he started playing in appearance roles like Shathru (1985), Mizhineerppoovukal (1986) in Malayalam.","In the aftermath of the death, she played roles in Malaysian films as Shathru (1985), Mizhineerppoovukal (1986) and other.",0.3664417000254616
3149a325c7753b692074,en-uz,"Moselle is part of the current region of Grand Est and is surrounded by the French departments of Meurthe-et-Moselle and Bas-Rhin, as well as Germany (states of Saarland and Rhineland-Palatinate) and Luxembourg in the north.","Moselle hozirgi Grand Est hududining bir qismi bo'lib, Fransiyaning Merte-et-Moselle va Bas-Rhin departamentlari, shuningdek Germaniya ( Saarland va Reynland-Pfalz shtatlari) va shimolda Lyuksemburg bilan o'ralgan.","Moselle - Grand Est o'yash regionida o'yash, Meurthe-et-Moselle va Bas-Rhin fransiyik departmanlar, va Germanya (Sarland va Rhineland-Palatinate valti) va Luksemburg q'yilgan o'yash.",0.644486700068228
3149a325c7753b692074,uz-en,"Moselle hozirgi Grand Est hududining bir qismi bo'lib, Fransiyaning Merte-et-Moselle va Bas-Rhin departamentlari, shuningdek Germaniya ( Saarland va Reynland-Pfalz shtatlari) va shimolda Lyuksemburg bilan o'ralgan.","Moselle is part of the current region of Grand Est and is surrounded by the French departments of Meurthe-et-Moselle and Bas-Rhin, as well as Germany (states of Saarland and Rhineland-Palatinate) and Luxembourg in the north.","Moselle is part of the Grand Est district, with the departments of Merte et Moselle and Bas-Rhin in France, the other Germany (Sarland and Reynland-Pfalz states) and also Luxembourg.",0.4797817000653595
585b6fd03d6015086d99,en-uz,"Before Junior Eurovision, she won the fourth season of The Voice Kids Ukraine and was a finalist in Children's New Wave 2015.","""Junior Eurovision""dan oldin u ""The Voice Kids Ukraine"" ko'rsatuvining to'rtinchi mavsumida g'olib bo'lgan va ""Bolalar uchun yangi to'lqin 2015"" tanlovida finalchi bo'ldi.","Junior Euroviziyogi o'ynagan, o'ynagan ""The Voice Kids Ukraine"" 4-iy sezonini o'ynagan va 2015-yilda ""Children's New Wave"" finalistini o'ynagan.",0.4890053999843076
585b6fd03d6015086d99,uz-en,"""Junior Eurovision""dan oldin u ""The Voice Kids Ukraine"" ko'rsatuvining to'rtinchi mavsumida g'olib bo'lgan va ""Bolalar uchun yangi to'lqin 2015"" tanlovida finalchi bo'ldi.","Before Junior Eurovision, she won the fourth season of The Voice Kids Ukraine and was a finalist in Children's New Wave 2015.","She was from Junior Eurovision and played in the third round of the ""The Voice Kids Ukraine"" series and won the final in the ""New World Cup 2015"" series.",0.4079650000203401
fdafc17d63de9f2d2095,en-uz,"Mathew Clark (born October 17, 1990) is an American-born Canadian former professional ice hockey defenseman.",Mathew Clark (Metyu Klark) (1990-yil 17-oktyabrda tug'ilgan) - amerikalik-kanadalik sobiq professional xokkey himoyachisi.,Mathew Clark (1990-yil 17-oktorda tug'ilgan) - amerikaliyada tug'ilgan Kanada-yog'ilgan bir professional jash hoki savidan.,0.40011179994326085
fdafc17d63de9f2d2095,uz-en,Mathew Clark (Metyu Klark) (1990-yil 17-oktyabrda tug'ilgan) - amerikalik-kanadalik sobiq professional xokkey himoyachisi.,"Mathew Clark (born October 17, 1990) is an American-born Canadian former professional ice hockey defenseman.","Mathew Clark (born October 17, 1990) is an American-Canadian professional hockey player.",0.22155619994737208
8185ba1c3009396ecdc4,en-uz,"In 1935, he joined the Ateliergemeinschaft Klosterstraße [de], a service of the Reichskulturkammer, which provided studio space for approved artists.","1935-yilda u Ateliergemeinschaft Klosterstraße kompaniyasiga qo'shildi, tasdiqlangan rassomlar uchun studiya maydonini taqdim etgan Reichskulturkammer xizmati.","1935-yilda, Reichskulturkammering o'zilgan Ateliergemeinschaft Klosterstraße [de], o'zilgan, o'zagan o'zagan o'zagan o'zaganlar o'zagan studio o'zagan.",0.5928516000276431
8185ba1c3009396ecdc4,uz-en,"1935-yilda u Ateliergemeinschaft Klosterstraße kompaniyasiga qo'shildi, tasdiqlangan rassomlar uchun studiya maydonini taqdim etgan Reichskulturkammer xizmati.","In 1935, he joined the Ateliergemeinschaft Klosterstraße [de], a service of the Reichskulturkammer, which provided studio space for approved artists.","In 1935 he joined the Ateliergemeinschaft Klosterstraße company, establishing a Reichskulturkammer that offered his study facilities for the researchers.",0.3785382000496611
168316404cc3650c001d,en-uz,Bayram played youth football for PCP and Baronie before moving to the youth academy of NAC Breda.,Bayram NAC Breda yoshlar akademiyasiga o'tishdan oldin PCP va Baroni jamoalarining yoshlar toifasida futbol o'ynagan.,Bayram NAC Breda youth akademiya o'ynashida PCP va Baronie o'ynashida youth futbolini o'ynashida.,0.39474409993272275
168316404cc3650c001d,uz-en,Bayram NAC Breda yoshlar akademiyasiga o'tishdan oldin PCP va Baroni jamoalarining yoshlar toifasida futbol o'ynagan.,Bayram played youth football for PCP and Baronie before moving to the youth academy of NAC Breda.,"Bayram was born with the NAC Breda School of Youth Academy, playing football in the PCP and Baroni Schools.",0.35532299999613315
4356bc7b07eb94213846,en-uz,"In 1999, the privatization of KrAZ began.",1999-yilda KrAZni xususiylashtirish jarayoni boshlandi.,1999-yilda KrAZ privatizasi o'ynilgan.,0.22406989999581128
4356bc7b07eb94213846,uz-en,1999-yilda KrAZni xususiylashtirish jarayoni boshlandi.,"In 1999, the privatization of KrAZ began.","In 1999, Krazni started his office.",0.17051259998697788
fd897a2020d2ae58f0c8,en-uz,"In September 2019, Apple announced that it would invest $250 million in Corning, in an effort to develop and manufacture the glass needed for many of its products, including the iPhone, Apple Watch, and iPad.","2019-yil sentabr oyida Apple oʻzining koʻplab mahsulotlari, jumladan iPhone, Apple Watch va iPad uchun zarur boʻlgan oynani ishlab chiqish va ishlab chiqarish maqsadida Corning kompaniyasiga 250 million dollar sarmoya kiritishini eʼlon qildi.","2019-yil septembrida Apple Corningda 250 milyon dollar o'ynagan, iPhone, Apple Watch va iPad o'ynagan o'ynagan o'ynagan o'ynagan o'ynagan o'ynagan o'ynagan o'ynagan o'ynagan o'ynagan o'ynagan o'ynagan o'ynagan o'ynagan o'ynagan o'ynagan o'ynagan o'yn",1.1923769999993965
fd897a2020d2ae58f0c8,uz-en,"2019-yil sentabr oyida Apple oʻzining koʻplab mahsulotlari, jumladan iPhone, Apple Watch va iPad uchun zarur boʻlgan oynani ishlab chiqish va ishlab chiqarish maqsadida Corning kompaniyasiga 250 million dollar sarmoya kiritishini eʼlon qildi.","In September 2019, Apple announced that it would invest $250 million in Corning, in an effort to develop and manufacture the glass needed for many of its products, including the iPhone, Apple Watch, and iPad.","In September 2019, Apple announced a $250 million deal with Corning Company, which has been a member of the company, including the Apple Watch, the iPhone, and iPad.",0.405521500040777
2d0c191b7c7bd175796d,en-uz,Coppola in 2003,Coppola 2003-yil,Coppola 2003-yilda,0.10547269997186959
2d0c191b7c7bd175796d,uz-en,Coppola 2003-yil,Coppola in 2003,Coppola 2003,0.0666769000235945
86987e19ccb0e7df7d1d,en-uz,The Per Wendel Award (Per Wendel-priset) is a Swedish award given to a journalist by the newspaper Expressen.,Per Wendel mukofoti ( Per Wendel-priset ) Expressen gazetasi tomonidan jurnalistga beriladigan Shvetsiya mukofotidir.,Per Wendel nagrad (Per Wendel-priset) - Expressen gazetiya jurnalistida o'zilgan İsveçlik nagrad.,0.36271939997095615
86987e19ccb0e7df7d1d,uz-en,Per Wendel mukofoti ( Per Wendel-priset ) Expressen gazetasi tomonidan jurnalistga beriladigan Shvetsiya mukofotidir.,The Per Wendel Award (Per Wendel-priset) is a Swedish award given to a journalist by the newspaper Expressen.,Per Wendel-priset is a Swedish association with Expressen newspaper journalist.,0.24042059993371367
d933c9a8eae133f1110e,en-uz,"Moriya is located in southwestern Ibaraki Prefecture, bordering on Chiba Prefecture to the southwest.","Moriya Ibaraki prefekturasining janubi-g'arbiy qismida joylashgan bo'lib, janubi-g'arbda Chiba prefekturasi bilan chegaradosh.","Moriya Ibaraki prefekturi, Chiba prefekturi o'zagida bo'ilgan, o'zagida bo'zagan bo'zagan bo'zagan.",0.4325681000482291
d933c9a8eae133f1110e,uz-en,"Moriya Ibaraki prefekturasining janubi-g'arbiy qismida joylashgan bo'lib, janubi-g'arbda Chiba prefekturasi bilan chegaradosh.","Moriya is located in southwestern Ibaraki Prefecture, bordering on Chiba Prefecture to the southwest.","Moriya is located in the January-June district of the Ibaraki prefecture, and in January-June is located in the Chiba prefecture.",0.3753886000486091
3c7a42ea592393a52767,en-uz,Brunson in 2006,Brunson 2006-yil,Brunson 2006-yilda,0.09395150002092123
3c7a42ea592393a52767,uz-en,Brunson 2006-yil,Brunson in 2006,Brunson 2006,0.06431530008558184
65d9034fe23f2527d6b3,en-uz,"BBC Radio 4, focusing on current affairs, science, history, factual and other speech-based programming, including drama and comedy; and BBC Radio 5 Live, broadcasting 24-hour news, sport and discussion programmes.","BBC Radio 4, dolzarb voqealar, ilm-fan, tarix, faktlarga asoslangan va boshqa nutqqa asoslangan dasturlarga, jumladan drama va komediyaga qaratilgan; va BBC Radio 5 Live 24 soatlik yangiliklar, sport va muhokama dasturlarini efirga uzatadi.","BBC Radio 4, drama va komedi va, o'ziy, o'ziy va o'ziy va o'ziy va o'ziy va o'ziy va o'ziy va o'ziy va o'ziy va o'ziy va o'ziy va o'ziy va o'ziy va o'ziy va o'ziy va o'ziy va o'ziy va o",0.8936892000492662
65d9034fe23f2527d6b3,uz-en,"BBC Radio 4, dolzarb voqealar, ilm-fan, tarix, faktlarga asoslangan va boshqa nutqqa asoslangan dasturlarga, jumladan drama va komediyaga qaratilgan; va BBC Radio 5 Live 24 soatlik yangiliklar, sport va muhokama dasturlarini efirga uzatadi.","BBC Radio 4, focusing on current affairs, science, history, factual and other speech-based programming, including drama and comedy; and BBC Radio 5 Live, broadcasting 24-hour news, sport and discussion programmes.","BBC Radio 4 has been broadcast in the series, including the series, the series, the series, the series, the series, the series, the series, the series, the series, the series, the series, the series, the series, the series, the series, the series, the series, the series, the series, the series, the series, the series, the series, the series, the series, the series, the series, the series",0.9931655999971554
6574c056f004a7bee0f4,en-uz,"Other neighboring municipalities are Vantaa, Kerava, Tuusula, Järvenpää, Mäntsälä and Pornainen.","Boshqa qo'shni shaharlar Vantaa, Kerava, Tuusula, Järvenpää, Mäntsälä va Pornainendir .",U'ziyiyiyiyiyiyiyiyiyiyiyiyiyiyiyiyiyiyiyiyiyiyiyiyiyiyiyiyiyiyiyiyiyiyiyiyiyiyiyiyiyiyiyiyiyiyiyiyiyiyiyiyiyiyiyiyiyiyiyiyiyiyiyiyiyiyiyiyiyiyiyiyiyiyiyiyiyiyiyiyiyiyiyiyiyiyiyiyiyiyiyiy,0.8696340000024065
6574c056f004a7bee0f4,uz-en,"Boshqa qo'shni shaharlar Vantaa, Kerava, Tuusula, Järvenpää, Mäntsälä va Pornainendir .","Other neighboring municipalities are Vantaa, Kerava, Tuusula, Järvenpää, Mäntsälä and Pornainen.","The city's main towns are Vantaa, Kerava, Tuusula, Järvenpää, Mäntsälä and Pornainend.",0.31374359992332757
1878a4817fec6e02cf83,en-uz,2012: Igor Moukhin.,2012-yil: Igor Muxin.,2012-yil: Igor Moukhin.,0.09723369998391718
1878a4817fec6e02cf83,uz-en,2012-yil: Igor Muxin.,2012: Igor Moukhin.,2012: Igor Muxin.,0.08782689995132387
b3fdb638f8ba7179fdd4,en-uz,"It aired in the Philippines on GMA Network in 2005, during which it received a peak viewership rating of 41.5% and an average viewership rating of 36.1%, making it one of the highest rated programs of all time in the country.","U 2005-yilda Filippinda GMA tarmog'ida efirga uzatildi. Shu vaqt mobaynida u eng yuqori: 41,5% va o'rtacha 36,1% tomoshabinlar reytingini oldi. Bu natija uni mamlakatdagi barcha davrlardagi eng yuqori reytingli dasturlardan biriga aylantirdi.","U 2005-yilda Filipinlerda GMA Networkda o'zilgan, o'zda 41.5% o'ziy o'ziy o'ziy o'ziy o'ziy o'ziy o'ziy o'ziy o'ziy o'ziy o'ziy o'ziy o'ziy o'ziy o'ziy o'ziy o'ziy o'z",0.8687700000591576
b3fdb638f8ba7179fdd4,uz-en,"U 2005-yilda Filippinda GMA tarmog'ida efirga uzatildi. Shu vaqt mobaynida u eng yuqori: 41,5% va o'rtacha 36,1% tomoshabinlar reytingini oldi. Bu natija uni mamlakatdagi barcha davrlardagi eng yuqori reytingli dasturlardan biriga aylantirdi.","It aired in the Philippines on GMA Network in 2005, during which it received a peak viewership rating of 41.5% and an average viewership rating of 36.1%, making it one of the highest rated programs of all time in the country.","It was extended to the GMA in the Philippines in 2005, with a total of four in the previous year: 41.5% and 36.1% of the total number of people. This number was divided into one of the number of countries that had been ranked for the first time in the year.",0.573157100006938
1e1e4e8e550c58a0451b,en-uz,"In 1951, Lockhart married John F. Maloney.",1951-yilda Lockhart John F. Maloneyga turmushga chiqqan.,1951-yilda Lockhart John F. Maloneyga o'ynagan.,0.18977290007751435
1e1e4e8e550c58a0451b,uz-en,1951-yilda Lockhart John F. Maloneyga turmushga chiqqan.,"In 1951, Lockhart married John F. Maloney.","In 1951, Lockhart married John F. Maloney.",0.1522462998982519
a5049a9458b478db1f24,en-uz,May I go to the fountain?,Favvoraga bora olamanmi?,U fontiya qaygan?,0.09164629993028939
a5049a9458b478db1f24,uz-en,Favvoraga bora olamanmi?,May I go to the fountain?,Can you be a favorite?,0.08136969991028309
ea6ffb13dc92d6337284,en-uz,"On 19 December 2011, United Overseas Bank launched its free mobile UOB Mobile application.",2011-yil 19-dekabrda United Overseas Bank oʻzining bepul mobil UOB Mobile ilovasini ishga tushirdi.,2011-yil 19-decemberda United Overseas Bank UOB Mobile o'zilgan mobil applikasi bo'ilgan.,0.26294690009672195
ea6ffb13dc92d6337284,uz-en,2011-yil 19-dekabrda United Overseas Bank oʻzining bepul mobil UOB Mobile ilovasini ishga tushirdi.,"On 19 December 2011, United Overseas Bank launched its free mobile UOB Mobile application.","On 19 December 2011, United Overseas Bank launched the UOB Mobile mobile.",0.2182279999833554
0a960d333be9d6567574,en-uz,Lubański in 1981.,Lubański 1981-yilda.,Lubański 1981-yilda.,0.11419250001199543
0a960d333be9d6567574,uz-en,Lubański 1981-yilda.,Lubański in 1981.,Lübnan in 1981.,0.09036719996947795
8035b62705ee0360e95d,en-uz,"In 2020, Drysdale became the seventh 17-year-old defenceman to play for Team Canada at the World Juniors since 1991.",2020-yilda Drysdale 1991-yildan beri World Juniors Kanada jamoasida o'ynagan yettinchi 17 yoshli himoyachiga aylandi.,2020-yilda Drysdale 1991-yildan bu yana World Juniorsda Kanadaya Teamga o'ynagan yedim 17-yolda o'ynagan o'ynagan.,0.4151025000028312
8035b62705ee0360e95d,uz-en,2020-yilda Drysdale 1991-yildan beri World Juniors Kanada jamoasida o'ynagan yettinchi 17 yoshli himoyachiga aylandi.,"In 2020, Drysdale became the seventh 17-year-old defenceman to play for Team Canada at the World Juniors since 1991.",In 2020 Drysdale was the seventh-year-old player in World Juniors Canada since 1991.,0.2354860999621451
2dfa29aa50a78ab0cfd3,en-uz,"Shinichi Izumi (泉), the protagonist of the series Parasyte Konata Izumi (泉), protagonist of Lucky Star Kota Izumi, a character in My Hero Academia Koushiro ""Izzy"" Izumi, a character in Digimon Adventure Shion Izumi, a character in Gantz Ako Izumi, a character in Negima!","Shinichi Izumi (泉), Parasyte anime serialidagi bosh qahramon Konata Izumi (泉), Lucky Star bosh qahramoni Kota Izumi, My Hero Academia qahramoni Koushiro ""Izzy"" Izumi, Digimon Adventure qahramoni Shion Izumi, Gantz qahramoni Ako Izumi, Negima!","Shinichi Izumi (泉), Parasyte Konata Izumi (泉) seriali protagonist, Lucky Star Kota Izumi protagonist, My Hero Academia Koushiro ""Izzy"" Izumi, Digimon Adventure Shion Izumi, Gantz Ako Izumi, Negima o'zadi o'zadi o'zadi!",0.7012306000106037
2dfa29aa50a78ab0cfd3,uz-en,"Shinichi Izumi (泉), Parasyte anime serialidagi bosh qahramon Konata Izumi (泉), Lucky Star bosh qahramoni Kota Izumi, My Hero Academia qahramoni Koushiro ""Izzy"" Izumi, Digimon Adventure qahramoni Shion Izumi, Gantz qahramoni Ako Izumi, Negima!","Shinichi Izumi (泉), the protagonist of the series Parasyte Konata Izumi (泉), protagonist of Lucky Star Kota Izumi, a character in My Hero Academia Koushiro ""Izzy"" Izumi, a character in Digimon Adventure Shion Izumi, a character in Gantz Ako Izumi, a character in Negima!","Shinichi Izumi (泉), Parasyte anime series hero Konata Izumi (泉), Lucky Star hero Kota Izumi, My Hero Academia hero Koushiro ""Izzy"" Izumi, Digimon Adventure hero Shion Izumi, Gantz hero Ako Izumi, Negima!",0.5965706999413669
6724e9ad1897486e0e7e,en-uz,"15 August 2001 Estádio Olímpico Monumental, Porto Alegre, Brazil Paraguay 1–0 2–0 2002 FIFA World Cup qualification","2001-yil, 15-avgust Estádio Olímpico Monumental, Porto Alegre, Braziliya Paragvay 1 – 0 2–0 2002-yilgi FIFA Jahon chempionati saralashi","2001-yil 15-avgust Estádio Olímpico Monumental, Porto Alegre, Braziliya Paraguay 1–0 2–0 2002-yil FIFA World Cup kwalifiyatida",0.4209559999871999
6724e9ad1897486e0e7e,uz-en,"2001-yil, 15-avgust Estádio Olímpico Monumental, Porto Alegre, Braziliya Paragvay 1 – 0 2–0 2002-yilgi FIFA Jahon chempionati saralashi","15 August 2001 Estádio Olímpico Monumental, Porto Alegre, Brazil Paraguay 1–0 2–0 2002 FIFA World Cup qualification","2001 15 August Estádio Olímpico Monumental, Porto Alegre, Brazil Paraguay 1–0 2–0 2002 FIFA World Cup",0.2998979000840336
5dc45556029e7a0ed51a,en-uz,"She would play the first six years of her career with the Sparks from 1999 to 2004, playing alongside Lisa Leslie.",U 1999-yildan 2004-yilgacha faoliyatining dastlabki olti yilini Liza Lesli bilan birga Sparks bilan o'ynagan.,U 1999-yildan 2004-yilda Sparksga kariyerinin o'zilgan o'ziyini o'ziyini Lisa Lesliega o'ziydi.,0.3842372000217438
5dc45556029e7a0ed51a,uz-en,U 1999-yildan 2004-yilgacha faoliyatining dastlabki olti yilini Liza Lesli bilan birga Sparks bilan o'ynagan.,"She would play the first six years of her career with the Sparks from 1999 to 2004, playing alongside Lisa Leslie.","She played Sparks with Liza Lesli, who was a girlfriend from 1999 to 2004.",0.1922393999993801
