direction,source,reference,prediction,latency_seconds
uz-en,Aristokratens Buffalo uyasi onlayn o'ynash mumkin ozod yoki real pul.,Aristokratens Buffalo slot is available to play online free or real money.,Aristocratus Buffalo is a real or real player who can play online.,0.3195959000149742
uz-en,"U va do'stlar Atlantika Siti shahrida kazino o'ynagan va hatto bir oz pul qo'lga kiritdi, JP Massar uni Xitoy restoranda bir n blackjack haqida yaqin stol gaplashib eshitib qachon, lekin uning Fortunes o'zgardi.","He and friends played casinos in Atlantic City and even won some money, but his fortunes changed when JP Massar overheard him talking about blackjack on an n your nearby table in a Chinese restaurant.","You and the fans of the Atlantic City casino have been playing and playing a lot of games, JP Massar has been able to play a n blackjack table in a free restaurant, and other Fortunes has been playing.",0.6913484999677166
uz-en,"Kafedra o’qituvchilari AQSH, Moskva, Sankt-Peterburg, Samara, Toshkentda o’tkazilgan xalqaro konferentsiyalarda ma’ruzalar bilan qatnashdilar.","Teachers of the department participated in international conferences in the USA, Moscow, Samara, St. Petersburg and Tashkent.","The department has been presented in the various conferences held in the region of AQSH, Moscow, St Petersburg, Samara, and other countries.",0.44859549996908754
uz-en,"Ushbu uslub tobora ko'proq qo'llanilmoqda va samaradorligini isbotladi, nega uni o'zlashtirmaysiz?",This technique is more and more used and has proven its effectiveness so why don't you adopt it?,"What is the case that you have been presented and asked for a partner, why do you not want to make it?",0.36571309994906187
en-uz,- Journalism.,- Shaxsiy sahifalar.,- Gazetiyizm.,0.09794010000769049
en-uz,Inquisitive minds want to know.,Noma'lum aqllar bilishni xohlashadi.,Inquisitiv menti bildi.,0.13598649995401502
en-uz,"The dashboard provides access to GPS navigation, GSM, 3G/4G, bluetooth and WiFi connectivity.","Qurilma paneli GPS-navigatsiya, GSM, 3G / 4G, bluetooth va WiFi ulanishlariga kirishni ta'minlaydi.","Dashboard GPS navigation, GSM, 3G/4G, bluetooth va WiFi konektivityni qaslashini bo'ladi.",0.4974485000129789
uz-en,FISAning shtab-kvartirasi 1922-yilda Shveysariyaning Lozanna shahrida tashkil etilgan[1].,"FISA established its headquarters in Lausanne, Switzerland in 1922.[2]",The establishment of the FISA was established in 1922 in the Swiss city of Lozana[1].,0.33666939998511225
en-uz,"The Pet Place editors have asked me to give this question some thought, and after thinking long and hard I'm ready to speak my mind.","Pet Place muharrirlari mendan ushbu savolga bir oz o'ylab ko'rishingizni so'rashdi va uzoq va qattiq o'ylab, fikrlarimni aytishga tayyorman.",Pet Place editörlar bu o'zni o'zdan o'zdan o'zdan o'zdan o'zdan o'zdan o'zdan o'zdan o'zdan o'zdan o'zdan o'zdan o'zdan o'zdan o'zdan o'zdan o'zdan o'zdan o'zdan o'zdan o'zdan o,1.5123277000384405
uz-en,"Agar siz ma'lum bir mavzu yoki hisobot turi uchun taqdimot papkasini yaratgan bo'lsangiz, uni jamoadoshlaringiz bilan osongina baham ko'rishingiz mumkin.","If you have created a presentation folder for a specific topic or report type, you can easily share it with your teammates.","If you want to create a new version or a new version of the software, you can find a look at your own ideas.",0.3955296999774873
uz-en,"Chunki sizning mijozlaringiz uchun amaliy bo'lishdan tashqari, raqamli yozuvlar siz uchun ham foydalidir va hayotingizni engillashtiradi!","Because in addition to being practical for your customers, digital signage is also useful for you and will make your life easier!","If you are a good guy for your thoughts, the good things are all useful for you and they are not enough!",0.43438019999302924
en-uz,"Analytics helps you track the number of unique visitors, the most viewed content, and the time spent on the site by each user.","Analytics sizga noyob tashrif buyuruvchilar sonini, eng ko'p ko'rilgan kontentni va har bir foydalanuvchi tomonidan saytda sarflangan vaqtni kuzatishga yordam beradi.","Analytics sizning unikal o'zari, o'z o'zari o'zari, va o'zari o'zari o'zari o'zari o'zari o'zari o'zari o'zari o'zari o'zari o'zari o'zari o'zari o'zari o'zari o'zari o'zari o'zari",1.475212199962698
uz-en,Hozirgi IAW komissiyalari quyidagi mavzular bilan shugʻullanadi: Adolat va inson huquqlari; Demokratiya; Tinchlik; Zoʻravonlikni bartaraf etish va salomatlik.,The current IAW Commissions deal with the topics: Justice and Human Rights; Democracy; Peace; Elimination of Violence and Health.,The IAW committees are based on the following principles: Adolacy and education; Democracy; Socialism; Socialism and Socialism.,0.458660600008443
en-uz,I think maybe black!,Men balki qora deb o'ylayman!,Biz ko'zga ko'z!,0.12862820003647357
uz-en,Axborot va asosiy xususiyatlar:,Information and main features:,Other and other features:,0.0812887999927625
en-uz,"During a meeting on a race track in China, the founders of the company decided to create an electric mobility solution for their home country, Thailand.","Xitoyda poyga yo'lidagi uchrashuvda, kompaniya asoschilari o'zlarining vatandoshlari – Tailand uchun elektr harakatchanlik echimini yaratishga qaror qilishdi.","Qinasda bir yarış tahtada bir o'zda, o'z o'zlar o'zlar, o'zlar o'zlar o'zlar, o'zlar o'zlar o'zlar o'zlar o'zlar o'zlar o'zlar o'zlar o'zlar o'zlar o'zlar o'zlar o'zlar o'zlar",1.485085399937816
en-uz,Scientific theme of the department:,Kafedraning ilmiy mavzusi:,O'ziyiyiyiyiyiyiyiyiyiyiyiyiyiyiyiyiyiyiyiyiyiyiyiyiyiyiyiyiyiyiyiyiyiyiyiyiyiyiyiyiyiyiyiyiyiyiyiyiyiyiyiyiyiyiyiyiyiyiyiyiyiyiyiyiyiyiyiyiyiyiyiyiyiyiyiyiyiyiyiyiyiyiyiyiyiyiyiyiyiyiyiy,1.5024547999491915
uz-en,Ko'proq odamlar bunga qarashlari va voqeaning bu tomonini tushunishlari kerak.,More people ought to check this out and understand this side of the story.,The present rooms are free and the most popular is the use of this system.,0.22320389992091805
en-uz,"In addition, Sketch offers a full set of educational recourses.","Bundan tashqari, Sketch ta'lim manbalarining to'liq to'plamini taklif etadi.","Sketch o'z, o'z o'z o'z o'z o'z o'z o'z o'z o'z o'z o'z o'z o'z o'z o'z o'z o'z o'z o'z o'z o'z o'z o'z o'z o'z o'z o'z o'z o'z o",1.4191763999406248
uz-en,Koptok[tahrir],Group B[edit],Copenhagen[edit],0.08336290006991476
uz-en,Omon qolish uchun barcha organizmlar o'zlarining atrof-muhitlari to'g'risida ma'lumot olish uchun o'zlarining his-tuyg'ulariga ishonishlari kerak.,"In order to survive, all organisms must rely on their senses to acquire information about their environment.",All organisms for the purpose of the human body need to use their emotions to help the atrophic muscles that are used.,0.40636379993520677
uz-en,"Timsoh ko'zlari va burun yo'llari boshning tepasida joylashgan bo'lib, hayvon suv ostida qolganda ko'rish va nafas olish imkoniyatini beradi.","- Crocodile eyes and nasal passages are at the top of the head, allowing the animal to see and breathe while remaining underwater.","The skin and nose lungs are found in the skin, the skin can be found in the body and breathing system.",0.3361294000642374
uz-en,"uchun oylik to'lov Adobe Illustrator Siz tanlagan obuna rejasiga qarab $20,99 dan $52,99 gacha o'zgaradi.",The monthly payment for Adobe Illustrator varies from $20.99 to $52.99 depending on the subscription plan you choose.,"For the game tool Adobe Illustrator you can buy $20,99 to $52,99 for a price of $209.",0.3536793999373913
en-uz,"The bite of a crocodile can reach 2 tons of force, enough to break the bones of a large mammal (horse, ox, zebra, etc.).","Timsohning ısırığı 2 tonna kuchga etadi, bu katta sutemizuvchilarning suyaklarini (ot, ho'kiz, zebra va boshqalar) sindirish uchun etarli.","Bir krokodilni bo'zish 2 tonni o'zni bo'zadi, o'z bir hamzadi (qorsa, o'z, zebra, o'z) bo'zadi bo'zadi.",0.7332167000276968
en-uz,It is filled with private agricultural firms involved in the harvesting and export of agricultural products in the regions.,Uni hududlarda qishloq xo'jaligi mahsulotlari yig'ish va eksport qilish bilan shug'ullanadigan xususiy agrofirmalar to'ldiradi.,O'zlar bo'zlar bo'zlar va o'zlar bo'zlar bo'zlar bo'zlar bo'zlar bo'zlar bo'zlar bo'zlar bo'zlar bo'zlar bo'zlar bo'zlar bo'zlar bo'zlar bo'zlar bo'zlar bo'zlar bo'zlar bo'zlar bo'zlar bo',1.473216199898161
uz-en,Mijozlarning fikr-mulohazalari va tajribasi asosida veb-seminarlar va boshqa loyihalarga o'zgartirishlar kiritish uchun siz nashr etilgan tarkibning qanchalik samarali ekanligini baholashingiz kerak.,You need to evaluate how effective the published content is in order to make changes to webinars and other projects based on customer feedback and experience.,"To create ideas and ideas for your friends and to create websites and other applications, you need to find a key view of the user's system.",0.4310304999817163
en-uz,Here your Fonzarelli is personalised to suit your lifestyle.,Bu erda sizning Fonzarelli sizning turmush tarzingizga moslashtirilgan.,Burda Fonzarelli sizga qolida bo'zingiz uchun bo'zingiz.,0.27932939992751926
en-uz,My dear compatriots!,Aziz va qadrli vatandoshlarim!,Qiyim kompatriotlar!,0.16691170004196465
en-uz,-Digital software control gives accurate control over the temperature and the whole heating process;,-Raqamli dasturiy ta'minot nazorati haroratni va butun isitish jarayonini aniq boshqarish imkonini beradi;,-Digital software kontrolni temperaturni va o'z o'z o'zni o'zni o'zni o'zni o'zni o'zni o'zni o'zni o'zni o'zni o'zni o'zni o'zni o'zni o'zni o'zni o'zni o'zni o'zni o'z,1.559491700027138
uz-en,"Bundan tashqari, u ekran piksellari bo'yicha siljitish va aylantirish, bitmapni kuzatish, ob'ektlar ustidan ranglarni bo'yash va tutqichlar bilan gradientlarni tahrirlash uchun kalitlarga ega.","Moreover, it has keys to move and rotate by screen pixels, bitmap tracing, color painting over objects, and edit gradients with handles.","In addition, it is designed to silite and adjust the screen pixels, to cover the end, to make objects clear from the background and to make them free from the background.",0.57198949996382
uz-en,"o’qitish, jamoalarni tashkil etish, kadrlarni attestatsiyadan o’tkazish, tashkiliy rivojlanish bo’yicha loyihalarni rejalashtiradi va amalga oshiradi;","plan and implement projects of training, team building, certification training, organizational development;","The organization, the organization of the programmes, the organization of the certificates of staff, the organization of the programmes of the organization, the organization of the organization, the organization of the organization, the organization of the organization, the organization of the organization, the organization of the organization, the organization of the organization, the organization of the organization, the organization of the organization, the organization of the organization, the organization of the organization, the organization of the organization,",1.525052300072275
uz-en,Yaxshi yangilik-biz sizga aynan shunday qilishga yordam bera olamiz!,"Well, the good news is – we're able to help you do exactly that!",We are very happy to be able to do the same with you!,0.2157207999844104
uz-en,"Elektron pochta manzillari ro'yxatini yaratish uchun oldindan yozib olingan veb-seminar yoki interaktiv prezentatsiya yarating, uni auditoriyangiz bilan baham ko'ring va ro'yxatdan o'tishni talab qiladigan parametrni yoqing.",Create a pre-recorded webinar or interactive presentation to generate a list of email addresses by sharing it with your audience and enabling the option that requires registration.,"Creating a web seminar or interactive presentation that works to create a network of electronic ports, make sure that the audience is able to get a look at and make the parameter that makes it easy to get a look at the network.",0.6957383999833837
uz-en,Siz kelajakdagi mijozingizning ko'zlarini jalb qilmoqchimisiz?,You want to attract the eyes of your future customer?,Do you want to find the best ways to get rid of your life?,0.20848139992449433
uz-en,- Xalqaro IT rivojlanish,- International IT Development,- The public IT service,0.07830609998200089
uz-en,Bu inson tanasining turli funktsiyalarini tartibga solish uchun javob beradigan kimyoviy moddalar.,These are chemicals responsible for regulating various functions of the human body.,These are chemical models that use to solve the functional functions of the system.,0.2606491999467835
en-uz,"- Almost immediate availability of heat when energizing the Inductive Heater, due to its very low thermal inertia, eliminating the long heating periods necessary for other heating systems to reach the regime temperature.","- Induktiv isitgichni quvvatlantirishda issiqlikning deyarli darhol mavjudligi, uning juda past termal inertsiyasi tufayli, boshqa isitish tizimlari uchun rejim haroratiga erishish uchun zarur bo'lgan uzoq isitish davrlarini yo'q qiladi.","- Induktiv o'zlar, o'z o'z o'z o'z o'z o'z o'z o'z o'z o'z o'z o'z o'z o'z o'z o'z o'z o'z o'z o'z o'z o'z o'z o'z o'z o'z o'z o'z o'",1.4435775999445468
en-uz,This is an interesting and controversial topic.,Bu qiziqarli va munozarali mavzu.,"Bu, o'z va o'zli o'z.",0.1864252999657765
en-uz,"He and friends played casinos in Atlantic City and even won some money, but his fortunes changed when JP Massar overheard him talking about blackjack on an n your nearby table in a Chinese restaurant.","U va do'stlar Atlantika Siti shahrida kazino o'ynagan va hatto bir oz pul qo'lga kiritdi, JP Massar uni Xitoy restoranda bir n blackjack haqida yaqin stol gaplashib eshitib qachon, lekin uning Fortunes o'zgardi.",O va o'zlar Atlantic City'ni kasinoya ko'z va o'z o'z o'z o'z o'z o'z o'z o'z o'z o'z o'z o'z o'z o'z o'z o'z o'z o'z o'z o'z o'z o'z o'z o'z o'z o',1.4202249000081792
en-uz,"Teachers of the department participated in international conferences in the USA, Moscow, Samara, St. Petersburg and Tashkent.","Kafedra o’qituvchilari AQSH, Moskva, Sankt-Peterburg, Samara, Toshkentda o’tkazilgan xalqaro konferentsiyalarda ma’ruzalar bilan qatnashdilar.","O'ziy o'ziylar USA, Moskov, Samara, St. Petersburg va Tashkentda qosiylar konferanslarda qo'zdi.",0.5234743000473827
uz-en,Skuterda qo'lqop bo'limi va USB zaryadlash portlari mavjud.,The scooter has a glove compartment and USB charge ports.,The scooter has connectivity and USB connectivity ports.,0.2453415000345558
en-uz,The options are endless!,Variantlar cheksiz!,Opsiyalar ko'zli!,0.125735699897632
en-uz,"Knowing Autism Its definition has been used to describe various types of mental disorders, however, premature childhood autism, as it was called by child psychologist Leo Kanner in 1943, describes an infrequent set of symptoms.","Autizmni bilish Uning ta'rifi turli xil ruhiy kasalliklarni tavsiflash uchun ishlatilgan, ammo 1943 yilda bolalar psixologi Leo Kanner tomonidan chaqirilganidek, erta yoshdagi otizm autizmning kam sonli alomatlarini tavsiflaydi.",O'zizli tanishini o'zizli o'zli o'zli o'zli o'zli o'zli o'zli o'zli o'zli o'zli o'zli o'zli o'zli o'zli o'zli o'zli o'zli o'zli o'zli o'zli o'zli o',1.5060958000831306
en-uz,"These structures are more mobile, close to regions and possess practical skills in exporting products.","Ushbu tuzilmalar ko'proq mobil aloqa, hududlarga yaqin va mahsulotlarni eksport qilishda amaliy ko'nikmalarga ega.","Bu strukturlar, o'zlarga o'z, o'zlar o'zlar va o'zlar o'zlarga o'zlar o'zlar.",0.604722100077197
en-uz,"You have not allowed to copy an image, text or an info from this page.","Siz tasvirni ko'chirib olish uchun ruxsat yo'q, matn yoki bu sahifada bir info.","Siz bu sayta o'z, o'z, o'z o'z o'z o'z o'z o'z o'z o'z o'z o'z o'z o'z o'z o'z o'z o'z o'z o'z o'z o'z o'z o'z o'z o'z o'z o'z o'z o'",1.5863594999536872
en-uz,"Besides, Visme offers an HTML5 download feature for offline presentations, which is useful when you are hosting a presentation in places where you aren’t sure about Wi-Fi access.","Bundan tashqari, Visme oflayn taqdimotlar uchun HTML5-ni yuklab olish xususiyatini taqdim etadi, bu Wi-Fi-ga ishonchingiz komil bo'lmagan joylarda taqdimot o'tkazayotganda foydalidir.","Biz, Visme offline presentasi için HTML5 download funksiyoni bo'ladi, bu Wi-Fi-ga qasib olgan bir yerlarda bir presentasi bo'ladi bo'ladi bo'ladi.",0.9852748999837786
en-uz,"Do not forget about the uniqueness of life forms, Despite the youth.","hayot noyob shakllari haqida unutmang, uning yoshligiga qaramay.",U'ziyni o'ziyni o'ziyni o'ziyni o'ziyni o'ziyni o'ziyni o'ziyni o'ziyni o'ziyni o'ziyni o'ziyni o'ziyni o'ziyni o'ziyni o'ziyni o'ziyni o'ziyni o'ziyni,1.6868861999828368
uz-en,"Ayollar yurak xuruji, ich qotishi yoki varikoz tomirlaridan aziyat chekishi mumkin.","Women can suffer from heart attacks, constipation, or varicose veins.","The hair can be a very good choice for the hair, the hair or the varicose tomber.",0.3106274000601843
en-uz,"- Due to the working system, the heater is anti-pollutant.",- Ishlash tizimi tufayli isitgich ifloslanishga qarshi.,"- O'z sistemni bo'z, o'z o'z anti-pollutant.",0.3239940000930801
en-uz,"It is one of the oldest, largest and most influential organizations in its field.","U oʻz sohasidagi eng qadimgi, eng yirik va eng nufuzli tashkilotlardan biridir.","Bu, o'zda o'z, o'z va o'z o'z o'z o'z o'z o'z o'z o'z o'z o'z o'z o'z o'z o'z o'z o'z o'z o'z o'z o'z o'z o'z o'z o'z o'z o'z o'z",1.596621899981983
uz-en,Biz kutubxonani faqat eukaryotik hujayralarda topdik.,We found the library only in eukaryotic cells.,We gathered in the eukaryotic fields of the country.,0.2548686000518501
en-uz,"We'd like to tell you more about Eva Lovia Porn and everything that we have to offer, so if those details are something you're interested in, continue reading.","Sizga Eva loviya Porno va biz taqdim etadigan barcha narsalar haqida ko'proq ma'lumot bermoqchimiz, shuning uchun agar bu tafsilotlar sizni qiziqtiradigan narsa bo'lsa, o'qishni davom eting.",Biz Eva Lovia Porn va biz o'zdan o'zdan o'zdan o'zdan o'zdan o'zdan o'zdan o'zdan o'zdan o'zdan o'zdan o'zdan o'zdan o'zdan o'zdan o'zdan o'zdan o'zdan o'zdan o'zdan o'zdan o'zdan,1.6366714999312535
en-uz,You need to be a part of a contest for one of the finest websites on the internet.,Siz Internetdagi eng zo'r saytlardan biri uchun tanlovda qatnashishingiz kerak.,Siz internetda o'z internetda o'z internetlardan o'zni o'zni o'zni o'zni o'zni o'zni o'zni o'zni o'zni o'zni o'zni o'zni o'zni o'zni o'zni o'zni o'zni o'zni o'zni o'zni o,1.5663654000964016
uz-en,- Iqtisodiyot nazariyasi,- The theory of Economics,- Economic development,0.08712219994049519
uz-en,Eng yaxshi biri (yoki yomon) Al Franchesko hech qilingan qarorlar Blackjack jamoasi o'yin dunyoga Ken Uston joriy etish edi.,One of the best (or worst) decisions Al Francesco ever made was to introduce Ken Uston to the world of blackjack team play.,One of the most important (some) is that Al Franchesko has been able to play blackjack games with Ken Uston.,0.5144070000387728
uz-en,Xizmatdan AIVA mobile tarmog‘ida ro‘yxatdan o‘tish bilan Rossiya hududida foydalanish mumkin.,The service is available on the territory of Russia during registration in AIVA mobile network.,"From the way to the way, the AIVA mobile device can be used in the Russian language.",0.32576949999202043
en-uz,"We have digestive, circulatory and nervous systems similar to those of other vertebrates.","Bizda boshqa umurtqali hayvonlarnikiga o'xshash ovqat hazm qilish, qon aylanish va asab tizimlari mavjud.","Biz digestiv, qarkulatori va nerv sistemini o'z vertebratlarga o'zli.",0.39790660003200173
en-uz,"The Contemporary Resort Hotel and the Polynesian Village Resort were also completed in time for the park's opening on October 1, 1971.[21][22] The Palm and Magnolia golf courses near the Magic Kingdom had opened a few weeks before, while Fort Wilderness opened one month later.","Contemporary Resort mehmonxonasi va Polineziya qishlogʻi kurorti ham 1971-yil 1-oktabrda bogʻning ochilishi vaqtida qurib bitkazildi[14][15] Sehrli qirollik yaqinidagi Palm va Magnolia golf maydonlari bir necha hafta oldin ochilgan, Fort Wilderness esa bir oydan keyin ochilgan.",Contemporary Resort Hotel va Polynesian Village Resort o'z 1 oktobrov 1971 o'zni o'zni o'zni o'zni o'zni o'zni o'zni o'zni o'zni o'zni o'zni o'zni o'zni o'zni o'zni o'zni o'zni o'zni o'z,1.5723102000774816
en-uz,"In order to avoid future student loan issues, this thing must be strictly done.","Kelajak talaba kredit masalalarini oldini olish maqsadida, bu narsa qat'iy amalga oshirilishi lozim.","U'ziy student boryolar problemini o'zish, bu o'z o'z o'zish o'zish o'zish o'zish o'zish o'zish o'zish o'zish o'zish o'zish o'zish o'zish o'zish o'zish o'zish o'zish o'zish o'zish o",1.5314108999446034
uz-en,Bu Hindiston birinchi marta 2020 yil mart oyidan beri chet ellik sayyohlarning mamlakatga kirishiga ruxsat berdi ...,"The European Commission criticized Cyprus for granting these passports, claiming that “European...","This is a great opportunity for India to use chet flights since March 1, 2020 ...",0.29369339998811483
en-uz,The scooter has a glove compartment and USB charge ports.,Skuterda qo'lqop bo'limi va USB zaryadlash portlari mavjud.,Scooter o'zli o'zli o'zli o'zli o'zli o'zli o'zli o'zli o'zli o'zli o'zli o'zli o'zli o'zli o'zli o'zli o'zli o'zli o'zli o'zli o'zli o'zli o'zli o,1.556663499912247
en-uz,"Studies have shown that salt consumption produces dopamine, a substance that controls the taste center of the human brain.","Tadqiqotlar shuni ko’rsatdiki, tuzni iste’mol qilish inson miyasida ta’m markazini boshqaruvchi dopamin moddasini ishlab chiqaradi.","U'zlar, sosiyni o'zingizni dopamin, o'zni o'zingizni o'zingizni o'zingizni o'zingizni o'zingizni o'zingizni o'zingizni o'zingizni o'zingizni o'zingizni o'zingizni o'zingizni o'zingizni o'zingizni o'zingizni",1.5202810000628233
uz-en,"Kelajak talaba kredit masalalarini oldini olish maqsadida, bu narsa qat'iy amalga oshirilishi lozim.","In order to avoid future student loan issues, this thing must be strictly done.","If you think there are a lot of credit rates, this is a good way to use the credit card.",0.31388219993095845
en-uz,The scooter has a large storage space under the buddy seat that provides space for two helmets.,Skuter ikki do'sti uchun dubulg'a uchun joy ajratadigan do'stlar o'rindig'i ostida katta saqlash joyiga ega.,"Scooter, o'z o'zlar bo'zlar bo'zlar bo'zlar bo'zlar bo'zlar bo'zlar bo'zlar bo'zlar bo'zlar bo'zlar bo'zlar bo'zlar bo'zlar bo'zlar bo'zlar bo'zlar bo'zlar bo'zlar bo'zlar bo'zlar bo'zlar bo",1.4863036000169814
uz-en,AQShda mualliflik huquqini himoya qiluvchi va pirat dasturiy ta'minotga qarshi kurashga qaratilgan bir qator qonunlar mavjud.,There are a number of laws in the USA that protect the copyright and are aimed at combating pirate software.,The system operates a security system and provides a security system that is connected with a security system that is connected with piracy.,0.4105641999049112
en-uz,"Users are not allowed to copy, or modify the app, any part of the app, or our trademarks in any way.","Ilovani, ilovaning biron bir qismini yoki bizning savdo belgilarimizni hech qanday tarzda nusxalash yoki o’zgartirishga ruxsat berilmagan.","U'zalar, o'z, o'z, o'z, o'z, o'z, o'z, o'z, o'z, o'z, o'z, o'z, o'z, o'z, o'z, o'z, o'z, o'z, o'z, o'z, o'z, o'z, o'z, o'",1.57137210003566
uz-en,Qaraldi: 30-sentabr 2021-yil.,"Retrieved September 30, 2021.",Date: 30th January 2021.,0.1208854999858886
uz-en,Uni hududlarda qishloq xo'jaligi mahsulotlari yig'ish va eksport qilish bilan shug'ullanadigan xususiy agrofirmalar to'ldiradi.,It is filled with private agricultural firms involved in the harvesting and export of agricultural products in the regions.,"In these areas, the main markets are used to export and export products.",0.46604349999688566
en-uz,"From now on, you take a ticket when you enter the store, then you look for your item and once you are called you go to the cashier to pay.","Bundan buyon siz do'konga kirganingizda chiptani olasiz, keyin buyumingizni qidirasiz va sizni chaqirgandan so'ng siz to'lash uchun kassaga borasiz.","Siz bu o'zdan, siz bu o'zdan o'zdan o'zdan o'zdan o'zdan o'zdan o'zdan o'zdan o'zdan o'zdan o'zdan o'zdan o'zdan o'zdan o'zdan o'zdan o'zdan o'zdan o'zdan o'zdan o'zdan o'",1.6027549999998882
uz-en,Qaraldi: 11-may 2014-yil.,Retrieved 5 May 2014.,Posted: 11 May 2014.,0.078778300085105
en-uz,- Total security for the operator and the entire process.,- Operator va butun jarayon uchun umumiy xavfsizlik.,- Operator va o'z o'z o'z o'z o'z o'z o'z o'z o'z o'z o'z o'z o'z o'z o'z o'z o'z o'z o'z o'z o'z o'z o'z o'z o'z o'z o'z o'z o'z o'z o,1.4429384999675676
en-uz,Use the online webcam service and make money.,Onlayn veb-kamera xizmatidan foydalaning va pul ishlang.,Onlin webcam servisini va o'zlar bo'zingiz.,0.205044100061059
uz-en,Onlayn veb-kamera xizmatidan foydalaning va pul ishlang.,Use the online webcam service and make money.,Online webcams are used and used from the system.,0.17475699994247407
en-uz,- Select the account that you want to change.,- O'zgartirmoqchi bo'lgan hisobni tanlang. ...,- Siz o'zingiz uchun o'zingiz.,0.16499299998395145
uz-en,Flirtymania eng yaxshi suhbat xizmatiga ega.,Flirtymania has the best chatting services.,Flirtemania is a very important relationship system.,0.14664450008422136
en-uz,Let’s say you created several presentations but changed your Twitter and Instagram IDs during the rebranding process.,"Aytaylik, siz bir nechta prezentatsiyalar yaratdingiz, ammo rebrending jarayonida Twitter va Instagram identifikatorlaringizni o'zgartirdingiz.",Biz siz o'zlar sizni o'zlar va o'zlar bo'zish bo'zish bo'zish bo'zish bo'zish bo'zish bo'zish bo'zish bo'zish bo'zish bo'zish bo'zish bo'zish bo'zish bo'zish bo'zish bo'zish bo'zish bo'zish bo',1.422702799900435
uz-en,"Biz, albatta, atrofida sizga mazmunan eng katta miqdorda berish imkoniyatiga ega bo'lish haqida g'amxo'rlik, va katta ma'lumotlar bazasi va arxiv orqali qarab anglatadi orzu XXX Naim bilan sizni qo'shilmoq uchun.","We genuinely care about being able to give you the largest amount of content around, and that means looking through a huge database and archive to hook you up with the XXX bliss you desire.","We are, in fact, happy to be able to get your personal information in a close place with you, and in a close place to the site and archive you can get in the XXX Name.",0.5586486000102013
en-uz,At least three people have been killed and seven others injured as a result of the quake on...,"Evropa Komissiyasi Kiprni ushbu pasportlarni bergani uchun tanqid qilib, ""Evropa ...",Yoxonga o'z bo'zli va o'zli o'zli o'zli o'zli o'zli o'zli o'zli o'zli o'zli o'zli o'zli o'zli o'zli o'zli o'zli o'zli o'zli o'zli o'zli o'zli o'z,1.4632461000001058
en-uz,- Center of supplying information security,- Axborot xavfsizligini ta’minlash markazi,- Bilgi o'zishni o'zishni o'zish,0.38188900006935
en-uz,"Uncertain pricing policy, ignorance of the foreign market conditions sharply reduces the competitiveness of agricultural products compared with competing suppliers from other countries.","- noaniq narx siyosati, tashqi bozor kon'yunkturasini bilmaslik boshqa mamlakatlar raqobat etkazib beruvchilar bilan taqqoslaganda qishloq xo'jaligi mahsulotlarining raqobatbardoshligini keskin kamaytiradi.","U'ziy o'ziy, o'ziy o'ziy ko'zalarni o'ziy o'ziy o'ziy o'ziy o'ziy o'ziy o'ziy o'ziy o'ziy o'ziy o'ziy o'ziy o'ziy o'ziy o'ziy o'ziy o'ziy o'ziy o",1.7652845000848174
uz-en,Volta kompaniyadagi birinchi elektr scooterdir.,The Volta is the first electric scooter from the company.,Volta is the first electric scooter in the company.,0.18747180001810193
uz-en,Tuman tez orada drenaj kanallarini qurishni boshladi va Disney birinchi yoʻllar va Sehrli qirollikni qurdi.,"The district soon began construction of drainage canals, and Disney built the first roads and the Magic Kingdom.",Tom also created drainage channels there and Disney created the first works and the Healthy Garden.,0.3678504000417888
uz-en,Bunday qiyinchiliklar deyarli barcha holatlarda yuzaga keladi.,Such difficulties arise almost in all cases.,The rules of the law are used in certain cases.,0.19242849992588162
uz-en,"Slayd kutubxonangizga o'ting, u erdagi ma'lumotlarni to'g'rilang va u har bir taqdimotingizdagi eski markerlarni avtomatik ravishda almashtiradi.","Go to your slide library, correct the information there, and it will automatically replace the old markers in each of your presentations.","With the slide box, it is automatically reactivated by the old markers to turn up the new features and make a different presentation.",0.5183013000059873
en-uz,This font helps create a grunge effect in any illustration or photograph.,Ushbu shrift har qanday rasm yoki fotosuratda grunj effektini yaratishga yordam beradi.,"Bu font, o'z ilustrasi va foto'da grunge efektini yaratmish va.",0.35292660002596676
en-uz,You don’t need to view each presentation to update this information.,Ushbu ma'lumotni yangilash uchun har bir taqdimotni ko'rishingiz shart emas.,Siz bu o'z bilan o'zingiz uchun o'z o'zingiz uchun o'zingizingiz uchun o'zingiz.,0.5084222999867052
uz-en,Ba'zi turlarda 70-80 tish mavjud.,Some species have 70 to 80 teeth.,There are 70-80 pieces in the main routes.,0.19408809999004006
uz-en,Dissertatsiya mavzusi: “Ikkinchi jahon urushi yillarida O`zbekiston iqtisodiyotida transforsatsion jarayonlar”.,"A Theme of the Dissertation: ""Transformation processes in the economy of Uzbekistan during the Second World War"".",The subject of the dissertation is: “The second group is transformered in the European system for the first time.”,0.4327163000125438
en-uz,Part 1: How to get administrator privileges in Windows 10 without password,1-qism: Windows 10 da administrator huquqlarini parolsiz qanday olish mumkin,Qossiy 1: Windows 10'da o'zli o'zli o'zli o'zli o'zli o'zli o'zli o'zli o'zli o'zli o'zli o'zli o'zli o'zli o'zli o'zli o'zli o'zli o'zli o'zli o'zli o'z,1.9122277999995276
uz-en,Xarid qilishdan oldin uni sinab ko'rish uchun 7 kun davomida Bepul sinov versiyasidan foydalanishingiz mumkin.,You may use the Free Trial version for 7 days to test it before purchasing.,You can use the 7 different Bepul sinov version to use the software.,0.2517287000082433
uz-en,Siz mavzulardan biridan tayyor slayd bilan boshlashingiz mumkin.,You can start with a ready-made slide from one of the topics.,You can use the other slide from one of the shots.,0.208374600042589
en-uz,"The International Alliance of Women, formerly the International Woman Suffrage Alliance, is historically the most important international organization within the bourgeois-liberal women's movement.","Xalqaro Ayollar Ittifoqi, ilgari Xalqaro Ayollar Saylov Alyansi, tarixan burjua-liberal ayollar harakati ichidagi eng muhim xalqaro tashkilotdir.",U'zlarlar U'zlar U'zlar U'zlar U'zlar U'zlar U'zlar U'zlar U'zlar U'zlar U'zlar U'zlar U'zlar U'zlar U'zlar U'zlar U'zlar U'zlar U'zlar U'zlar U'zlar U'zlar U'zlar U',1.5031522000208497
en-uz,"Osteoblasts acting on the production of bone matrix Types, main characteristics and functions of bone tissue cells Osteoblasts Characteristics: are located on the surface, forming columnar or cuboid shaped cell laminae.","Suyak matritsasini ishlab chiqarishda ishtirok etuvchi osteoblastlar Suyak to'qimalari hujayralarining turlari, asosiy xususiyatlari va funktsiyalari Osteoblastlar Xarakteristikasi: yuzada joylashgan bo'lib, ustunli yoki kuboid shaklidagi hujayrali laminani hosil qiladi.",Osteoblastlar o'z matrixini o'zingizda o'zingizda o'zingizlar o'zingizlar o'zingizlar o'zingizlar o'zingizlar o'zingizlar o'zingizlar o'zingizlar o'zingizlar o'zingizlar o'zingizlar o'zingizlar o'zingizlar o'zingizlar o'zingiz,1.4729560000123456
en-uz,- to attract large foreign wholesalers and network trading systems to the exchange commodity market;,- birja tovarlari bozoriga yirik xorijiy toptancılar va tarmoq savdo tizimlarini jalb qilish;,- borsa o'zlar va netga o'zlar o'zlar o'zlar o'zlar o'zlar o'zlar o'zlar o'zlar o'zlar o'zlar o'zlar o'zlar o'zlar o'zlar o'zlar o'zlar o'zlar o'zlar o'zlar o'zlar o'zlar o,1.3949721000390127
uz-en,"Agar biz sizga boshqacha aytmasak, har qanday tugatishdan keyin (a) ushbu shartlarda sizga berilgan huquqlar va litsenziyalar tugaydi; (b) ilovadan foydalanishni to’xtatishingiz va (agar kerak bo’lsa) uni qurilmangizdan o’chirib tashlashingiz kerak.","Unless we tell users otherwise, upon any termination, (a) the rights and licenses granted to users in these terms will end; (b) users must stop using the app, and (if needed) delete it from their device.","If we do not agree with you, we will have any (a) licenses and licenses that are provided with you in any other form; (b) to provide information about the information provided by the user and to provide information about the information provided by the user (or the information provided by the user).",0.8966572000645101
en-uz,Such as the vitamin section or other items?,Vitamin bo'limi yoki boshqa narsalar kabi?,Vitamin o'zni va o'z o'zlar?,0.20576100004836917
uz-en,Kymco o'nlab yillar davomida ko'plab mamlakatlarda mashhur skuter markasi bo'lib kelgan.,Kymco has been a popular scooter brand in many countries for many decades.,Kymco has a popular scooter brand in all-time commercial services.,0.2583320999983698
en-uz,"Pets can give us a tremendous amount of love, affection and devotion.","Uy hayvonlari bizga katta miqdordagi sevgi, mehr va sadoqat bag'ishlay oladi.","Qotlar bizning o'z, o'z va o'z o'z o'z o'z o'z o'z o'z o'z o'z o'z o'z o'z o'z o'z o'z o'z o'z o'z o'z o'z o'z o'z o'z o'z o'z o'z o'z o",1.497616900014691
en-uz,Fayzizoda Foods has had a strong foothold in the production of chips and sugar products for many years.,Fayzizoda Foods ko’p yillar davomida chiplar va shakar mahsulotlarini ishlab chiqarishda kuchli mavqega ega.,Fayzizoda Foods q'piz va şekerli o'zlar uchun o'z o'zlar bo'zlar bo'zlar.,0.5016282999422401
en-uz,"- In the search box on the taskbar, type Computer Management and select it from the list.","- Vazifalar panelidagi qidiruv maydoniga ""Kompyuter boshqaruvi"" ni kiriting va uni ro'yxatdan tanlang.","- Taskbarda o'z bo'zda, Computer Management ko'p o'zdan o'zini ko'p.",0.45528530003502965
en-uz,How do I change the administrator on my computer?,Kompyuterim nomini qanday o'zgartirishim mumkin?,Qiyim kompüterimda administratorni ko'zingiz?,0.2114148000255227
en-uz,This cell division occurs in two ways: through mitosis and meiosis.,Bu hujayralar bo'linishi ikki shaklda sodir bo'ladi: mitoz va meioz orqali.,Bu qelliy o'zli o'zli o'zli o'zli o'zli o'zli o'zli o'zli o'zli o'zli o'zli o'zli o'zli o'zli o'zli o'zli o'zli o'zli o'zli o'zli o'zli o'zli o'z,1.4443404999328777
uz-en,Skuter ikki do'sti uchun dubulg'a uchun joy ajratadigan do'stlar o'rindig'i ostida katta saqlash joyiga ega.,The scooter has a large storage space under the buddy seat that provides space for two helmets.,The scooter will be able to use the software to help double the device for the same device.,0.2781197000294924
en-uz,"However, due to lack of inspiration, it can be difficult to find a use for digital signage and yet the possibilities of this technology are almost endless (if you use the right software!).","Biroq, ilhom etishmasligi sababli, undan foydalanishni topish qiyin bo'lishi mumkin raqamli Tabela va shunga qaramay ushbu texnologiyaning imkoniyatlari deyarli cheksizdir (agar kerakli dasturiy ta'minotdan foydalansangiz!).","Yox, inspirasi bo'zdan, digital sikatalar uchun bir o'zini bulishish va bu tekniqning o'zlar o'zlar o'zlar (onning o'zlar o'zlar o'zlar o'zlar!).",0.8922458000015467
uz-en,Uolt Disney 1966-yil 15-dekabrda majmuani dastlabki rejalashtirish paytida vafot etdi.,"Walt Disney died on December 15, 1966, during the initial planning of the complex.","Uolt Disney was born on December 15, 1966, in a real-world part of the world.",0.37251830007880926
en-uz,But it’s better not to risk installing such files and learn about all the negative consequences related to their use.,Ammo bunday fayllarni o'rnatishni xavf ostiga qo'ymaslik va ulardan foydalanish bilan bog'liq barcha salbiy oqibatlar haqida bilib olish yaxshiroqdir.,Bu dosyalar ko'zish va o'zlar uchun oluliy o'zlar bilan o'zlar bilan o'zlar bilan o'zlar.,0.5060383999953046
en-uz,"Well, the good news is – we're able to help you do exactly that!",Yaxshi yangilik-biz sizga aynan shunday qilishga yordam bera olamiz!,"Bu, o'z bilan o'z - biz sizga o'z o'z o'z o'z o'z o'z o'z o'z o'z o'z o'z o'z o'z o'z o'z o'z o'z o'z o'z o'z o'z o'z o'z o'z o'z o'z o'z o",1.4059983999468386
en-uz,"Moreover, you will get all the functions available in Illustrator.","Bundan tashqari, siz Illustrator da mavjud bo'lgan barcha funksiyalarga ega bo'lasiz.",Illustratorda sizga o'zlar bo'zlar bo'zlar.,0.25741970003582537
uz-en,"Shuningdek, siz dorixonangizdagi har qanday o'g'irlikni oldini olish uchun kuzatuv kameralaringizni ko'rsatadigan ekran qo'yishingiz mumkin.",You can also put a screen that will display your surveillance cameras to deter any theft in your drugstore.,"In addition, you can install a screen that will show your camera to make sure you want to be a good player.",0.43454630009364337
en-uz,"But have they all heard of Henry Ford, who started it all?",Ammo hamma buni boshlagan Genri Ford haqida eshitganmi?,"Ama o'zlar Henry Ford, o'z o'zni o'zni o'zni o'zni o'zni o'zni o'zni o'zni o'zni o'zni o'zni o'zni o'zni o'zni o'zni o'zni o'zni o'zni o'zni o'zni o'zni",1.4905896000564098
uz-en,"Suyak o'sishi: bu nimaga va qanday paydo bo'lishiga bir nechta omillar ta'sir qiladi Suyak o'sishiga bevosita ta'sir qiluvchi muhim omillar mavjud, ular: genetik omil, ovqatlanish omillari, jismoniy omil va gormonal omillar.","Bone Growth: Several Factors Influence What It Is and How It Occurs There are important factors that directly influence bone growth, such as: genetic factor, nutritional factors, physical factor, and hormonal factors.","Water is a key omel that can be found in the body by water is a key omel that can be found in the body, such as genetic omel, ovarian omel, genetic omel and hormonal omel.",0.8346749000484124
uz-en,Tadbir yakunida ichki ishlar idoralari faxriylariga g‘amxo‘rlik ko‘rsatishga oid taklif va tavsiyalar ishlab chiqildi.,At the end of the event proposals and suggestions dealing with the care for veterans of internal affairs were worked out.,The public publication of the following documents provides information and advice on the relevant issues of the publication.,0.4057814000407234
uz-en,"Aytaylik, siz bir nechta prezentatsiyalar yaratdingiz, ammo rebrending jarayonida Twitter va Instagram identifikatorlaringizni o'zgartirdingiz.",Let’s say you created several presentations but changed your Twitter and Instagram IDs during the rebranding process.,"In fact, you create presentations at a time, and then you will be able to use your Twitter and Instagram IDs.",0.4279888999881223
en-uz,"No matter which program you installed, I recommend using these free tools to make the process of creating illustrations faster and more qualitative.","Qaysi dasturni o'rnatganingizdan qat'iy nazar, illyustratsiyalar yaratish jarayonini tezroq va sifatli qilish uchun ushbu bepul vositalardan foydalanishni tavsiya etaman.",Siz o'zli o'zli o'zli o'zli o'zli o'zli o'zli o'zli o'zli o'zli o'zli o'zli o'zli o'zli o'zli o'zli o'zli o'zli o'zli o'zli o'zli o'zli o'zli o',1.5701685000676662
en-uz,- get away from administrative pricing of agricultural products.,- qishloq xo'jalik mahsulotlarining ma'muriy bahosidan uzoqlashish.,- - o'zli o'zli o'zli o'zli o'zli o'zli o'zli o'zli o'zli o'zli o'zli o'zli o'zli o'zli o'zli o'zli o'zli o'zli o'zli o'zli o'zli o'zli o'zli o,1.4823331000516191
uz-en,Ichakni bilish (asosiy xususiyatlar) U ikki qismga bo'linadi: ingichka va qalin.,Knowing the gut (main characteristics) It is divided into two parts: thin and thick.,The main knowledge (special features) is the following: the main and the rest.,0.3118860999820754
en-uz,"Biting is annoying and can even be dangerous, but since birds are prey species, punishing them can be damaging - both physically and emotionally.","Tishlash zerikarli va hatto xavfli bo'lishi mumkin, ammo qushlar yirtqich turlari bo'lganligi sababli, ularni jazolash ham jismoniy, ham hissiy jihatdan zarar etkazishi mumkin.",Birishni o'zish va o'z o'zishni o'zishni o'zishni o'zishni o'zishni o'zishni o'zishni o'zishni o'zishni o'zishni o'zishni o'zishni o'zishni o'zishni o'zishni o'zishni o'zish,1.8776864999672398
en-uz,"If you use hacked versions, you become a criminal.","Agar siz buzilgan versiyalardan foydalansangiz, siz jinoyatchi bo'lasiz.","Siz hackli versiyalarni bo'zish, siz bir kriminaliy olish.",0.32074170000851154
en-uz,"In 1959, Walt Disney Productions began looking for land to house a second resort to supplement Disneyland in Anaheim, California, which had opened in 1955.",1959-yilda Walt Disney Productions Kaliforniyaning Anaxaym shahrida 1955-yilda ochilgan Disneylendni toʻldirish uchun ikkinchi kurortni joylashtirish uchun yer izlay boshladi.,1959-da Walt Disney Productions 1955-da bo'zdan bo'zdan bo'zdan bo'zdan bo'zdan bo'zdan bo'zdan bo'zdan bo'zdan bo'zdan bo'zdan bo'zdan bo'zdan bo'zdan bo'zdan bo'zdan bo'zdan bo'zdan bo'zdan bo'zdan bo'zdan,1.5907872000243515
en-uz,At least three people have been killed and seven others injured as a result of the quake on...,"Zilzila oqibatida kamida uch kishi halok bo'ldi, yana etti kishi jarohatlandi ...",Yoxonga o'z bo'zli va o'zli o'zli o'zli o'zli o'zli o'zli o'zli o'zli o'zli o'zli o'zli o'zli o'zli o'zli o'zli o'zli o'zli o'zli o'zli o'zli o'z,1.4836380000924692
en-uz,There is something for everyone at Flirtymania unlike Chat Hispano.,Flirtymaniyada Chat Hispanodan farqli o'laroq hamma uchun bir narsa bor.,Flirtymania-da Chatta Hispano-da o'z bo'zilgan o'z.,0.36113570001907647
en-uz,Teachers of the department,Kafedra professor o’qituvchilari,O'zalarlar,0.07635170000139624
en-uz,You can also just chat with people online and make money just talking to them!,"Shuningdek, siz shunchaki odamlar bilan Internetda suhbatlashishingiz va shunchaki ular bilan suhbatlashib pul ishlashingiz mumkin!",Siz o'z o'zning o'zning o'zning o'zning o'zning o'zning o'zning o'zning o'zning o'zning o'zning o'zning o'zning o'zning o'zning o'zning o'zning o'zning o'zning o'zning o'zning o'zning o'z,1.4645845000632107
uz-en,"Pet Place muharrirlari mendan ushbu savolga bir oz o'ylab ko'rishingizni so'rashdi va uzoq va qattiq o'ylab, fikrlarimni aytishga tayyorman.","The Pet Place editors have asked me to give this question some thought, and after thinking long and hard I'm ready to speak my mind.",Pet Place fans have been looking forward to a lot of money and have a very good and good time to make my ideas clear.,0.37889770010951906
en-uz,"information technologies, decision theory and probability theory;","Axborot texnologiyalari, ehtimolar nazariyasi va qaror qa’bul qilish nazariyasi;","- informatik tekniqi, o'zlar bo'zlar va o'zlar bo'zlar;",0.35987439996097237
uz-en,O'sha paytdan boshlab ular tirik mavjudotlarni shohliklarga ajratishning bir qismiga aylandi.,From then on they became part of the classification of living beings into kingdoms.,The first time the new system was developed was a part of the study of the new system.,0.28003530006390065
uz-en,Tez zaryadlovchidan foydalangan holda batareyani atigi 80 daqiqada zaryadlash mumkin.,The battery can be charged in just 80 minutes using a fast charger.,The battery capacity of the battery that is used in this device can be powered by 80 seconds.,0.33792479999829084
uz-en,Agar bilmoqchi bo'lsangiz Easy Multi Display-ni qanday o'rnatish kerak Easy Multi Display-dan boshlash uchun ushbu ko'rsatmalarga amal qiling ...,If you want to know how to install Easy Multi Display follow these instructions to get started with Easy Multi Display...,You can use Easy Multi Display with the help of the software to use Easy Multi Display with the help of the software ...,0.3532519000582397
uz-en,"- Qishloq xo'jaligi mahsulotlarini eksport qilishda yig'im-terimdan tortib to sertifikatlashtirish, transport va narxlashtirishga qadar bir qator muammolar tug'iladi.","When exporting agricultural products, a number of problems arise: from harvesting and storage to certification, transportation and pricing.","- The export of products of the company is based on a certification of the company, transportation and transportation processes.",0.3712773999432102
en-uz,"Because in addition to being practical for your customers, digital signage is also useful for you and will make your life easier!","Chunki sizning mijozlaringiz uchun amaliy bo'lishdan tashqari, raqamli yozuvlar siz uchun ham foydalidir va hayotingizni engillashtiradi!","Sizga o'zlar uchun o'zli olish, digital o'zli sizga o'zli va sizga o'zli o'zli o'zli o'zli o'zli o'zli o'zli o'zli o'zli o'zli o'zli o'zli o'zli o'zli o'zli o'zli o'",1.4453311999095604
uz-en,Kipr 45 nafar chet elliklarni Golden Visa investoridan mahrum qildi.,Four Russian tourists found dead in Albanian hotel sauna,Cyprus has 45 times been deprived of the Golden Visa investor for chatting.,0.27521039999555796
en-uz,- lack of terminal space for storing agricultural products for large wholesale deliveries;,- yirik ulgurji etkazib berish uchun qishloq xo'jaligi mahsulotlarini saqlash uchun terminal maydoni etishmasligi;,- o'z o'z o'z o'z o'z o'z o'z o'z o'z o'z o'z o'z o'z o'z o'z o'z o'z o'z o'z o'z o'z o'z o'z o'z o'z o'z o'z o'z o'z o'z o'z o,1.476924700080417
en-uz,You can also put a screen that will display your surveillance cameras to deter any theft in your drugstore.,"Shuningdek, siz dorixonangizdagi har qanday o'g'irlikni oldini olish uchun kuzatuv kameralaringizni ko'rsatadigan ekran qo'yishingiz mumkin.",Siz farmakovnikda o'zni o'zni o'zni o'zni o'zni o'zni o'zni o'zni o'zni o'zni o'zni o'zni o'zni o'zni o'zni o'zni o'zni o'zni o'zni o'zni o'zni o'zni o,1.4449788000201806
en-uz,These are chemicals responsible for regulating various functions of the human body.,Bu inson tanasining turli funktsiyalarini tartibga solish uchun javob beradigan kimyoviy moddalar.,"Bu kemikallar, q'mishni bo'zingizni ko'zingizni ko'zingizdir.",0.35983410000335425
en-uz,Why not display on one of your screens in the center of your drugstore some information about your products on sale?,Nimaga dorixonangizning markazidagi ekranlaringizdan birida sizning sotuvga qo'yilgan mahsulotlaringiz haqidagi ba'zi ma'lumotlarni namoyish qilmaysiz?,Siz farmasyondni qondurda sizga o'zlarga o'zlarga o'zlarga o'zlarga o'zlar bo'zlar?,0.5687495999736711
uz-en,- “O’zbekistonda zamonaviy ijtimoiy-siyosiy modernizatsiya jarayoni: holati va rivojlanish istiqbollari”,"- ""Modern processes of socio-political modernization in Uzbekistan: state and development prospects""",- “The modernization of the system-science of the system: the quality and the quality of the system”,0.35017389990389347
uz-en,Men sizning veb -saytingizni juda yaxshi ko'raman ..,I really love your website..,But I want to make your website a good way ..,0.15461100009270012
en-uz,We try hard to give you great quality information that will help you and your pet.,Sizga va uy hayvoningizga yordam beradigan sifatli ma'lumotlarni taqdim etishga astoydil harakat qilamiz.,Biz siz va sizga ko'lish va sizga o'zli o'zli o'zli o'zli o'zli o'zli o'zli o'zli o'zli o'zli o'zli o'zli o'zli o'zli o'zli o'zli o'zli o'zli o'zli o'zli o'z,1.4245212000096217
uz-en,U quyidagi afzalliklarga ega:,It has the following advantages:,There are different types of cookies:,0.10212399996817112
uz-en,"HLQ induksion isitish uskunasi quvur liniyasi, idish, issiqlik almashtirgich, kimyoviy reaktor va qozon uchun mo'ljallangan.","HLQ Induction Heating Equipment is designed for Pipeline, Vessel, Heat Exchanger, Chemical Reactor and Boiler.","HLQ induction is designed for the induction line, the line, the line, the chemical reactor and the zone.",0.43323049996979535
uz-en,"Aytish mumkinki, umurtqa pog'onasining beshta asosiy mintaqasi bor: bachadon bo'yni, torakal, lomber, sakral va koksikal.","It can be said that there are five main regions of the spine: cervical, thoracic, lumbar, sacral and coccygeal.","In addition, there is a new function in the body of the body: the body, the body, the body, the secret and the body.",0.4266243999591097
en-uz,VLC Media Player Setup will then launch.,Keyin VLC Media Player Setup ishga tushadi.,VLC Media Player Setup o'z o'zingiz.,0.19998990010935813
en-uz,Some stores have opted for this system which works well.,Ba'zi do'konlar yaxshi ishlaydigan ushbu tizimni tanladilar.,Birisi mağazalar bu sistemni o'zingizga o'zdi.,0.2428135999944061
en-uz,You will never sit on a slots games and see that it takes your money down.,"Siz o'tirib hech qachon uyalar o'yinlar va uni pastga sizning pul oladi, deb ko'rish.",Siz slot o'zni o'zingiz va o'zni o'zingizini o'zingiz.,0.34464610007125884
uz-en,"Biz tug'ilgan mavsum bizning hayotimizga ham, sog'ligimizga ham ta'sir qiladi, bu qanday ishlaydi?",The season we are born affects both our lives and healthHow does it work?,"We have a very good relationship with our own, our own, and what does this happen?",0.25834339996799827
uz-en,NQi GT – bu aqlli telefonga ulangan haqiqiy aqlli skuter.,The NQi GT is a true smart scooter that connects to a smart phone.,NQi GT – a real-time scooter that is used with this smart phone.,0.26025479997042567
en-uz,"You can choose templates based on keywords: anatomy, business, sales, etc.","Siz shablonlarni kalit so'zlar asosida tanlashingiz mumkin: anatomiya, biznes, sotish va hk.","Siz qapsiyotlar bo'zdan qapsiyotlar bo'zashash: anatomi, bizat, o'zlar, va o'z.",0.5115819999482483
uz-en,"Axborot texnologiyalari, ehtimolar nazariyasi va qaror qa’bul qilish nazariyasi;","information technologies, decision theory and probability theory;","The development of new technologies, the development of conditions and the development of new technologies;",0.2342944999691099
en-uz,Terms of Service,Foydalanish shartlari,Sharingni ko'rlar,0.10305869998410344
en-uz,"When you make your first deposit, you will receive a 100% match bonus up to £50.","Bundan tashqari, siz birinchi depozit qo'yganingizda yana 180 ta bepul aylanishlarni olasiz.",Siz sizni o'z o'z o'z o'z o'z o'z o'z o'z o'z o'z o'z o'z o'z o'z o'z o'z o'z o'z o'z o'z o'z o'z o'z o'z o'z o'z o'z o'z o'z o'z o',1.4125719000585377
uz-en,Bizning mijozimiz Easy Multi Display yordamida ommaviy axborot vositalarini namoyish etish qanchalik sodda ekanligini yaxshi ko'radi.,Our customer just love how simple it is to showcase their media with Easy Multi Display.,Our mission is to make easy Multi Display process with the help of the software to create a full-fledged system.,0.352203999995254
uz-en,2020-yilda Disney World 6500 xodimni ishdan boʻshatdi va COVID-19 pandemiyasi davrida qayta ochilgandan soʻng atigi 25% quvvat bilan ishladi.[6][7],"In 2020, Disney World laid off 6,500 employees and only operated at 25% capacity after reopening during the COVID-19 pandemic.[8][9]","In 2020, Disney World launched a 6500-year-old system, and the COVID-19 pandemic was reduced to 25% in total.[6][7]",0.4991903000045568
uz-en,"Bu, albatta, biz uni bilamiz, deb onlayn XXX kontent kelajagi, va Eva loviya Porno u erda har bir boshqa joy nusxa ko'chirish uchun kerakli bo'lgan standartini belgilash uchun qidirmoqda.","It really is the future of XXX content online as we know it, and Eva Lovia Porn is looking to set the standard that every other place out there is likely to want to copy.","This, however, is the only way we know, is to use the standard of the XXX content line on the internet, and Eva Lovely Porn is a different type of color to make it more popular.",0.598635800066404
en-uz,"- Monitoring the accounting and dynamics of the Company’s shareholders, shares and other securities.","- Aksiyadorlar, aksiyalar va Jamiyatning boshqa qimmatli qog’ozlarining hisobi va harakati monitoringini amalga oshirish.","- Şirketin aksiyalar, aksiyalar va o'zlar bilan bilan bilan bilan bilan bilan bilan bilan bilan bilan bilan bilan bilan bilan bilan bilan bilan bilan bilan bilan bilan bilan bilan bilan bilan bilan bilan bilan bilan bilan bilan bilan bilan bilan bilan bilan bilan bilan bilan bilan bilan bilan bilan bilan bilan bilan bilan bilan bilan bilan bilan bilan bilan bilan bilan bilan bilan bilan bilan bilan bilan bilan bilan bilan bilan bilan bilan bilan bilan bilan bilan bilan bilan bilan bilan bilan bilan bilan bilan",1.4345732000656426
uz-en,- qadoqlash.,- packaging.,- Catering.,0.07401400001253933
uz-en,"Bizda boshqa umurtqali hayvonlarnikiga o'xshash ovqat hazm qilish, qon aylanish va asab tizimlari mavjud.","We have digestive, circulatory and nervous systems similar to those of other vertebrates.","We have a lot of experience with other wild animals, with specialized and healthy systems.",0.2598401999566704
en-uz,"If you need multiple presentations for different purposes with a similar look, themes are perfect for you.","Agar sizga o'xshash ko'rinishga ega turli xil maqsadlar uchun bir nechta taqdimotlar kerak bo'lsa, mavzular siz uchun juda mos keladi.",Siz o'z o'z o'z o'z o'z o'z o'z o'z o'z o'z o'z o'z o'z o'z o'z o'z o'z o'z o'z o'z o'z o'z o'z o'z o'z o'z o'z o'z o'z o'z o'z o,1.4090112999547273
uz-en,"U Mfntvfnbr davomida rivojlandi va o'zgarmagan yangi jamoa tashkil, U futbolchilar o'nlab uchun juda yaxshi daromad berdi esa.","He formed a new team that has evolved and changed over the arene, while he gave a very nice income for dozens of players.","U MMntvfnbr is a very popular and popular game, U football is a great opportunity to play.",0.32821109995711595
en-uz,Four Russian tourists found dead in Albanian hotel sauna,Kipr 45 nafar chet elliklarni Golden Visa investoridan mahrum qildi.,Albanian o'zalar sauna'da 4 rus turist bo'zadi,0.20849600003566593
en-uz,Some of the services available for our enterprise customers:,Korxonamiz mijozlari uchun mavjud bo'lgan ba'zi xizmatlar:,Biz korporatiyalar bizli qonseralarimizni o'zlar:,0.2358038000529632
uz-en,"Nihoyat Kaplan qo'yish, JP Massar va uning do'sti, John Chang, MIT jamoasi - birgalikda eng keng hech Blackjack futbolchilar tomonidan amalga So'zga.","Finally put Kaplan, JP Massar and his friend, John Chang, together the most widely spoken made by blackjack players ever - MIT team.","New York City, Japan, Japan, Japan, Japan, Japan, Japan, Japan, Japan, Japan, Japan, Japan, Japan, Japan, Japan, Japan, Japan, Japan, Japan, Japan, Japan, Japan, Japan, Japan, Japan, Japan, Japan, Japan, Japan, Japan, Japan, Japan, Japan, Japan, Japan, Japan, Japan, Japan, Japan, Japan, Japan, Japan, Japan, Japan, Japan, Japan, Japan",1.4303186999168247
en-uz,The platform may be used for attracting potential customers.,Platforma potentsial mijozlarni jalb qilish uchun ishlatilishi mumkin.,Platform potansiyel klientini o'zishishni o'zishni o'zishni o'zishni o'zishni o'zishni o'zishni o'zishni o'zishni o'zishni o'zishni o'zishni o'zishni o'zishni o'zishni o'zishni o'zishni o',1.3513284999644384
uz-en,- Kombinat haqida ma’lumot;,- Information about the enterprise,- to make the combination;,0.1025012000463903
uz-en,"Tadqiqotlar shuni ko’rsatdiki, tuzni iste’mol qilish inson miyasida ta’m markazini boshqaruvchi dopamin moddasini ishlab chiqaradi.","Studies have shown that salt consumption produces dopamine, a substance that controls the taste center of the human brain.","The tests were made clear, and they used dopamine mode to use the body when they were able to use the salt.",0.36300559993833303
en-uz,Learn more about Adobe Creative Cloud Free Trial.,haqida ko'proq ma'lumot oling Adobe Creative Cloud bepul sinov versiyasi.,Adobe Creative Cloud Free Trial-dan o'zingiz.,0.16866860003210604
en-uz,"He dislikes mushrooms and blaost, and wish that he could play the piano.","U qo'ziqorin va blaost yoqmasligini, va u pianino o'ynash mumkin, deb tilayman.","O'zlar va mashlar va o'zlar bo'zadi, va o'zlar klaviyonni ko'zadi.",0.47168459999375045
uz-en,Jazo sifatida siz 1000 dollardan boshlanadigan jarima to'lashingiz kerak yoki kamida 3 yilga qamoqqa olinishi mumkin.,"As punishment, you will have to pay a fine starting with $1000 or may be taken to prison for at least 3 years.","You can buy a price of $1,000 or you can buy a price of $3,000 for a time.",0.3288870999822393
en-uz,"- lack of terminals for storing, part-time, product packaging and reliable logistics;","- mahsulotni saqlash, qayta ishlash, qadoqlash va ishonchli logistika uchun terminallar yo'qligi;","- o'z, o'z, o'z o'z o'z o'z o'z o'z o'z o'z o'z o'z o'z o'z o'z o'z o'z o'z o'z o'z o'z o'z o'z o'z o'z o'z o'z o'z o'z o'z o'",1.4085617000237107
en-uz,"High efficiency to save energy,high efficiency and power far can be maintained","Energiyani tejash, yuqori mahsuldorlik va elektr quvvatini tejash uchun yuqori samaradorlik ta'minlanishi mumkin","Energiyalarni o'zishishni,yoliyalar va o'zishni o'zishni o'zishni o'zishni o'zishni o'zishni o'zishni o'zishni o'zishni o'zishni o'zishni o'zishni o'zishni o'zishni o'zishni o'zish",1.4325132999802008
en-uz,Our company provides installation and commissioning scheme.,Kompaniyamiz o'rnatish va ishga tushirish sxemasini taqdim etadi.,Biz kompani montaj va komisioning shemini ko'p.,0.25487609999254346
uz-en,Yanvar oyida tug'ilganlar kollektor mutaxassisi va qarzlarni undirish va ko'chmas mulk agentlari bo'lishlari mumkin.,"People born in January can become collector specialists, and debt collection and real estate agents.",The participants in the game can also develop collector mutation and the processing and development of mulk agents.,0.3563274999614805
uz-en,"Tishlash zerikarli va hatto xavfli bo'lishi mumkin, ammo qushlar yirtqich turlari bo'lganligi sababli, ularni jazolash ham jismoniy, ham hissiy jihatdan zarar etkazishi mumkin.","Biting is annoying and can even be dangerous, but since birds are prey species, punishing them can be damaging - both physically and emotionally.","The heart may be very sensitive and very sensitive, but because the dogs are overwhelming, the heart may be damaged by the feeling.",0.5043278000084683
en-uz,"Women can suffer from heart attacks, constipation, or varicose veins.","Ayollar yurak xuruji, ich qotishi yoki varikoz tomirlaridan aziyat chekishi mumkin.","Qatishlar, tanish, o'z, va varikoz venalardan o'zingiz.",0.3249911000020802
en-uz,- problems of lending and financing in the procurement of agricultural products.,- Qishloq xo'jaligi mahsulotlarini xarid qilishda kreditlash va moliyalash muammolari.,- o'zli o'zli o'zli o'zli o'zli o'zli o'zli o'zli o'zli o'zli o'zli o'zli o'zli o'zli o'zli o'zli o'zli o'zli o'zli o'zli o'zli o'zli o'zli o',1.4477238999679685
uz-en,"Uning tashuvchilarida ko'plab alomatlar va infektsiyalar mavjud bo'lib, natijada immunitet tizimiga zarar etkaziladi.","Its carriers have numerous symptoms and infections, resulting in damage to the immune system.","In all cases, the disease has caused illusions and infections, which in the country has damaged the immune system.",0.42136080004274845
en-uz,We can say that it is the equivalent of human blood.,"Aytishimiz mumkinki, bu inson qoniga teng.",Biz o'zli o'zli o'zli o'zli o'zli o'zli o'zli o'zli o'zli o'zli o'zli o'zli o'zli o'zli o'zli o'zli o'zli o'zli o'zli o'zli o'zli o'zli o'zli o',1.4769732999848202
en-uz,"You can upload different color schemes and themes in the presentation design, and they will remain in the color selection list for easy access.",Taqdimot dizaynida turli xil rang sxemalari va mavzularini yuklashingiz mumkin va ular oson kirish uchun rang tanlash ro'yxatida qoladi.,"Siz presentasi dizaynda bo'zlar va tema bo'zlar ko'p, va o'z qaslash uchun bo'zlar bo'zlar bo'zlar bo'zlar bo'zlar bo'zlar bo'zlar bo'zlar.",0.8596239000326023
en-uz,"- 22nd, Konigstein, West Germany, 1970","- 22, Konigshteyn, Gʻarbiy Germaniya, 1970-yil","- 22nd, Konigstein, Ustay German, 1970",0.1943648000014946
en-uz,"Roy Disney died at age 78 on December 20, 1971, less than three months after the property opened.[23]","Roy Disney 1971-yil 20-dekabrda mulk ochilganidan uch oy oʻtmay, 78 yoshida vafot etdi.[16]","Roy Disney 20 decembr 1971, 78. o'zda, o'zni o'zdan o'zdan o'zdan o'zdan o'zdan o'zdan o'zdan o'zdan o'zdan o'zdan o'zdan o'zdan o'zdan o'zdan o'zdan o'zdan o'zdan o'zdan o'zdan o",1.4981095999246463
en-uz,Our website has become a valued online resource for pet information.,Bizning veb-saytimiz uy hayvonlari uchun ma'lumotlarning qimmatli onlayn-resursiga aylandi.,Biz internet internet internet internet internet internet internet internet internet internet internet internet internet internet internet internet internet internet internet internet internet internet internet internet internet internet internet internet internet internet internet internet internet internet internet internet internet internet internet internet internet internet internet internet internet internet internet internet internet internet internet internet internet internet internet internet internet internet internet internet internet internet internet internet internet internet internet internet internet internet internet internet internet internet internet internet internet internet internet internet internet internet internet internet internet internet internet internet internet internet internet internet internet internet,1.4563000000780448
uz-en,"Foydalanuvchilarning ta'kidlashicha, undan foydalanish juda oson va u kuchli tashkiliy/breadcrumb xususiyatlarini taqdim etadi.",Users claim that it is very easy to use and it provides powerful organizational/breadcrumb features.,"In addition to the software, it offers the software with a wide range of software/breadcrumbs and software features.",0.43204500002320856
en-uz,"It supports various formats, such as PDF, PNG, JPG, SVG, and Sketch making it even more flexible than Illustrator.","kabi turli formatlarni qo'llab-quvvatlaydi PDF, PNG, JPG, SVG va Sketch uni Illustrator ga qaraganda ancha moslashuvchan qiladi.","O'z PDF, PNG, JPG, SVG va Sketch va Illustrator va o'z o'z o'z o'z o'z o'z o'z o'z o'z o'z o'z o'z o'z o'z o'z o'z o'z o'z o'z o'z o'z o'z o'z o'z o",1.524127300013788
uz-en,Korxonamiz mijozlari uchun mavjud bo'lgan ba'zi xizmatlar:,Some of the services available for our enterprise customers:,The following are the most important applications for our coronary mice:,0.22107339999638498
uz-en,Shilimshiq terining tashqi qatlamidagi hujayralardan ajralib chiqadi.,Slime is secreted from cells in the very outside layer of the skin.,The study of the current area is not used for the purposes of the researchers.,0.28778119990602136
en-uz,Private webcam chats are very rare on online dating sites.,Onlayn tanishuv saytlarida shaxsiy veb-kamerali suhbatlar juda kam uchraydi.,Webcam chatlar online dating sitatlarda o'z bo'zdir.,0.2359508000081405
uz-en,Bu hujayralar bo'linishi ikki shaklda sodir bo'ladi: mitoz va meioz orqali.,This cell division occurs in two ways: through mitosis and meiosis.,These are the most important things to do in the world: make myth and make myth.,0.31121150008402765
uz-en,U asosan veterinariya shifoxonalarida mushuklarni og'riqli yoki tajovuzkor bo'lganda tishlamasliklari uchun ishlatiladi.,It is primarily used in veterinary hospitals to prevent cats from biting when they are in pain or when they acting aggressive.,The veterinary medicine is used to treat the disease or treat the disease in the body.,0.26007750001735985
en-uz,"The resort's fourth theme park, Disney's Animal Kingdom, opened in 1998.",Dam olish maskanining toʻrtinchi tematik parki Disneyʼs Animal Kingdom 1998-yilda ochilgan.,"Resortda 4-th tema park, Disney's Animal Kingdom, 1998-da o'zdi.",0.3236504999222234
uz-en,"- Minglab fermerlar, dehqon va fermer xo'jaliklari ishlab chiqaradigan qishloq xo'jaligi mahsulotlarini kichik hajmda ishlab chiqarish.","Small commodity production of agricultural products produced by thousands of farms, dekhkan farms and subsidiary plots.","- The main farmers, farmers and farmers can work in a small area of the country's economy.",0.36918299994431436
en-uz,The mass of the tubes in coils must be 80 kg to 300 kg.,Quvurlar massalari o’ramlarda 80 kgdan 300 kggacha bo’ladi.,Tomblar ko'llarda masasi 80 kg va 300 kg bo'ladi.,0.3248842000029981
uz-en,"Visme-da siz o'zingizning biznes qayd yozuvingizda to'liq brend to'plamini yaratishingiz mumkin: ranglar, shriftlar, logotip va boshqalar.","In Visme, you can create a complete brand kit in your business account: colors, fonts, logo, etc.","In the web you can create a brand group that is perfect for your business business: rows, letters, logos and applications.",0.40313550003338605
en-uz,Some species have 70 to 80 teeth.,Ba'zi turlarda 70-80 tish mavjud.,Birish o'zalar 70 va 80 o'zalar bo'zadi.,0.25348220008891076
uz-en,"2002-yilda Universitet rektorining 13-dekabrdagi buyrug’i bilan ""Iqtisod” kafedrasi deb yuritila boshlandi.","In 2002, by the resolution of the rector of the university on December 13, it was called the department of ""Economics"".","In 2002, the ""Economy"" Department of the University of New York established the 13th Dec. of the University Director.",0.39361919998191297
uz-en,"Zot ayniqsa faol emas, ammo yurish va o'ynash vaqtini yaxshi ko'radi.",The breed is not particularly active but enjoys walks and play time.,"It is the same thing that Zot has made, but it is the same thing that he has made and the same thing that he has made.",0.4774892999557778
uz-en,InstaForeks Savdo Hisob haqida ma'lumot,InstaForex Trading Account Information,InstaForeks is a free account,0.12295330001506954
en-uz,Related articles.,Tegishli maqolalar.,Karta o'zlar.,0.11712129996158183
uz-en,Kranial asablar: sezgir va motor funktsiyalari Ular nimani anglatadi kranial nervlar odamlarning periferik asab tizimini tashkil qiladi.,Cranial Nerves: Sensory and Motor Functions What They Are The cranial nerves make up the peripheral nervous system of humans.,Cranic nerves: the brain and motor functions are the peripheral nerves of the brain nerve.,0.3882273000199348
en-uz,"Read this article and learn how to get a legal version of Adobe Illustrator CS2 that allows creating banners, business cards, and website designs.","Ushbu maqolani o'qing va bannerlar, tashrif qog'ozlari va veb-sayt dizaynlarini yaratish imkonini beruvchi Adobe Illustrator CS2 ning qonuniy versiyasini qanday olishni o'rganing.","Bu makalini ko'p, banerlar, bizlik kartlar va web sitesi designlarini ko'p Adobe Illustrator CS2 yasal versiyoni ko'p ko'p ko'p ko'p ko'p ko'p ko'p ko'p ko'p ko'p ko'p ko'p ko'p ko'p ko'p ko'p ko'p ko'p ko'p ko",1.5584803000092506
en-uz,"Move items you want in on the, in the same way as you collect items in your warehouse.","Siz istagan ma'lumotlar ko'chirish, Agar omborida ma'lumotlar to'plash bilan bir xil tarzda.",Siz o'zli o'zli o'zli o'zli o'zli o'zli o'zli o'zli o'zli o'zli o'zli o'zli o'zli o'zli o'zli o'zli o'zli o'zli o'zli o'zli o'zli o'zli o'zli o',1.4869773000245914
uz-en,Siz boshlashingiz kerak bo'lgan hamma narsa ...,What you need to get started...,The most important thing you need to know is ...,0.1447791000828147
uz-en,Spook futbolchi uchun tez signal berdi va jamoa bank qildi.,Spook gave a quick signal to the player and team did bank.,Spook is a sign for football and a bank of the world.,0.18739279999863356
en-uz,[edit] Evolution of the TeliaSonera Branding,Norvegiya[tahrir],[edit] TeliaSonera Branding-i y'zish,0.21466349996626377
en-uz,Lighting: Lighting will help to make your theme more dramatic.,3. chiroqlar: Yoritish sizning mavzusi ko'proq dramatik qilish yordam beradi.,Yoschish: Yoschish sizni tema bo'zadi.,0.2363906999817118
en-uz,E-Series chassis comes in four different form factors.,E-Series shassi to'rt xil ariza omillar keladi.,E-Series chassis 4 farmatik form faktorda o'zadi.,0.24178799998480827
en-uz,"We recommend leaving this as the default setting, then click Next.","Biz buni odatiy sozlash sifatida qoldirishni tavsiya etamiz, so'ng bosing Keyingi.","Biz bu default ayatlari bo'zingiz, o'z o'z o'zingiz bo'zingiz.",0.3865377999609336
uz-en,"1996-yillarda iqtisodiy yo’nalishlari bo’yicha yangi fakultet tashkil qilinishi sababli kafedra tarkibidan ""Aloqa korxonalarning iqtisodiyoti” kafedrasi ajraldi.","In 1996, due to the constitution of a new faculty in the field of economics, the department of ""Economics of communication companies"" separated from the former department.","In 1996, the Faculty of Public Studies was awarded the ""The Department of Health Care"" in the Department of Health Care.",0.37893430003896356
en-uz,"- Crocodile eyes and nasal passages are at the top of the head, allowing the animal to see and breathe while remaining underwater.","Timsoh ko'zlari va burun yo'llari boshning tepasida joylashgan bo'lib, hayvon suv ostida qolganda ko'rish va nafas olish imkoniyatini beradi.","- Crocodile o'zlar va nasal o'zlar, o'z o'zda bo'zingizda o'z va o'zingizni o'zingizni o'zingizni o'zingiz.",0.772327100043185
uz-en,"Ushbu yorqin plashli struktura turli xil rasmlar uchun mos keladi, lekin menimcha, u bannerlar va taklifnomalar uchun juda mos keladi.",This bright plaid structure is suitable for various illustrations but I think that it is ideal for banners and invitations.,"This is a simple structure that is designed for all types of tracks, but it is also designed for menus, banners and applications.",0.4111236999742687
en-uz,We may update our Terms and Conditions from time to time.,- Biz vaqti-vaqti bilan Shartlarimizni yangilashimiz mumkin.,Biz ko'zdan ko'zalarimizi va ko'zalarimizi o'zdan o'zdan o'zdan o'zdan o'zdan o'zdan o'zdan o'zdan o'zdan o'zdan o'zdan o'zdan o'zdan o'zdan o'zdan o'zdan o'zdan o'zdan o'zdan o'z,1.447016999940388
en-uz,"InstaForex makes sure that forex trading is accessible to traders of all experience and skill levels, and provides its clients with the latest advanced software and information technology.","InstaForeks Forex Trading barcha tajriba va mahorat darajadagi savdogarlar uchun qulay ekanligiga ishonch hosil qiladi, va eng yangi zamonaviy dasturiy ta'minot va axborot texnologiyalari bilan o'z mijozlariga taqdim.",InstaForex forex ticaretini o'z va yobiy bilan traderlar uchun o'z va o'z bilan o'zingiz va o'zni o'zni o'zni o'zni o'zni o'zni o'zni o'zni o'zni o'zni o'zni o'zni o'zni o'zni o'zni o',1.5171309999423102
en-uz,"Retrieved March 8, 2021.",Qaraldi: 8-mart 2021-yil.,Xamirlik 8 mart 2021.,0.12798230000771582
en-uz,"Soon, Keitel was named by Hitler to be his deputy supreme commander of the German Armed Forces, with broad powers in terms of arming, equipping and disciplining soldiers.","1945-yil aprel va may oylarida, Berlin jangi paytida Keytel Sovet qoʻshinlarini orqaga qaytarish va Berlinni ozod qilish uchun qarshi hujumga chaqirdi.","Keitel Hitler o'z, o'z, o'z, o'z o'z o'z o'z o'z o'z o'z o'z o'z o'z o'z o'z o'z o'z o'z o'z o'z o'z o'z o'z o'z o'z o'z o'z o'z o'z o'",1.4955568000441417
en-uz,"Send us a note via the Contact Us page, and we get something together for you.","Biz bilan bog'laning sahifasi orqali bizga eslatma yuborish, va biz siz uchun birgalikda bir narsa olish.",Bizning Contact Us sayfanni bo'zingiz va sizga bizga bir şey ko'ziz.,0.32552279997617006
en-uz,The NQi GT is a true smart scooter that connects to a smart phone.,NQi GT – bu aqlli telefonga ulangan haqiqiy aqlli skuter.,NQi GT smart telefonga ko'zli o'zli scooterdir.,0.29508609999902546
en-uz,"Cat lovers want to do the right thing, protect their cat but at the same time minimize risk of problems to their cat and avoid unnecessary expenses.","Mushukni sevadiganlar to'g'ri ish qilishni, mushuklarini himoya qilishni xohlashadi, lekin shu bilan birga mushuk uchun muammolar xavfini kamaytiradi va keraksiz xarajatlardan qochishadi.",Qatlar ko'zni ko'zni ko'zni ko'zni ko'zni ko'zni ko'zni ko'zni ko'zni ko'zni ko'zni ko'zni ko'zni ko'zni ko'zni ko'zni ko'zni ko'zni ko'zni ko'zni ko'zni ko'zni ko'zni,1.479456500033848
en-uz,b) the farmer himself finds a local or at best a foreign buyer.,b) fermer o'zi mahalliy yoki eng yaxshi xorijiy xaridorni topadi.,b) o'z o'z o'z o'z o'z o'z o'z o'z o'z o'z o'z o'z o'z o'z o'z o'z o'z o'z o'z o'z o'z o'z o'z o'z o'z o'z o'z o'z o'z o'z o'z,1.4608130000997335
uz-en,Bu hamma joyda mushukni sevuvchilar tomonidan tez-tez so'raladigan savol.,This is a question commonly asked by cat lovers everywhere.,This is a very important way to get the best of the best in the world.,0.2436313999351114
en-uz,Vaccine über alles: Stores in Germany’s Hesse now can ban...,To'liq emlangan chet elliklar AQShga 8 -noyabrdan boshlab kirishi mumkin,Vaksin over alles: Hesse-da Sakland-da bu...,0.2392972999950871
uz-en,1990-yillarning boshlarida kurort kengaytirish uchun ruxsat izlayotgan edi.,"In the early 1990s, the resort was seeking permits for expansion.","In the 1990s, the public was looking forward to the development of a resort.",0.24180730001535267
uz-en,"Taqdimot Internetda o'tkaziladi, shuning uchun siz yuklagan tanlangan shriftlar o'z joyida qoladi.","The presentation is hosted on the Internet, so the selected fonts you have uploaded remain in place.","The book is available on the Internet, so the letters you know about are available on the site.",0.29123990004882216
en-uz,I really love your website..,Men sizning veb -saytingizni juda yaxshi ko'raman ..,Sizga internet internet internetini ko'zim.,0.16183200001250952
uz-en,"- Chiqish kuchini, chiqish chastotasini va chiqish kuchlanishini ko'rsatish.","- Display of output power,output frequency,and output voltage.","- Make a good kitchen, a good chastot and a good kitchen.",0.22773180005606264
en-uz,This disease can manifest itself in two ways: classical dengue and hemorrhagic dengue.,Ushbu kasallik o'zini ikki shaklda namoyon qilishi mumkin: klassik deng va gemorragik deng.,Bu o'z o'zni o'zni o'zni o'zni o'zni o'zni o'zni o'zni o'zni o'zni o'zni o'zni o'zni o'zni o'zni o'zni o'zni o'zni o'zni o'zni o'zni o'zni o'z,1.507234500022605
en-uz,"To ensure that your presentation has a unique and attractive format, Visme offers 100+ presentation templates and themes with a clean, creative and modern design.","Sizning taqdimotingiz o'ziga xos va jozibali formatga ega bo'lishini ta'minlash uchun Visme toza, ijodiy va zamonaviy dizaynga ega 100 dan ortiq taqdimot shablonlari va mavzularini taklif etadi.","Sizki presentasi unikal va o'zli formatda bo'zingiz va, Visme 100+ presentasi şablonlar va tema, o'z, o'z va modern o'zga bo'zingiz.",0.7341697999509051
uz-en,Barcha korxonalar shikoyatlar olishadi.,All businesses get complaints.,The barcha corks are a variety of shots.,0.17566050007008016
en-uz,- all necessary directories are basis updated regularly;,- barcha kerakli ma'lumotlar muntazam ravishda yangilanib turadi;,- o'z kataloglar o'zda o'zda o'zda o'zda o'zda o'zda o'zda o'zda o'zda o'zda o'zda o'zda o'zda o'zda o'zda o'zda o'zda o'zda o'zda o'zda o'zda o'zda o,1.4340325000230223
uz-en,"Fabian Strategy - Chunki imtiyozlar Crowd nazorat va jabhasidir (n Rhet yilda raqiblari ko'proq zarar), Bu hayvon bo'lishi mumkin avtomatik miltiq deb.","Fabian Strategy - Because of the benefits Crowd Control and Frontlines (more damage to opponents in n Rhet), this is an automatic rifle that may be an animal.","Fabian Strategy - The most important tests are crowd and crowd (and the most important results are the Rhet), this is an automatic method that can be used to overcome the life.",0.6741153000621125
uz-en,Volta E100 – bu Tailanddan kelgan elektr scooter ishlab chiqaruvchisi tomonidan ishlab chiqarilgan elektr scooter.,The Volta S150 is an electric scooter from an electric scooter manufacturer from Thailand.,Volta E100 – this is a electric scooter that is used to provide electric scooter production from Thailand.,0.32687819993589073
uz-en,- yirik ulgurji etkazib berish uchun qishloq xo'jaligi mahsulotlarini saqlash uchun terminal maydoni etishmasligi;,- lack of terminal space for storing agricultural products for large wholesale deliveries;,- the use of the terminal for the use of the electronic equipment for the purposes of the use of electronic equipment;,0.3443773000035435
uz-en,"Ba'zi hollarda, shilimshiq hosil qiluvchi hujayralarni joylashishi uning qanday baliq ekanligini aniqlaydi.","In some cases, the placement of these slime-producing cells determines what species of fish it is.","In some cases, the treatment of the illness is a simple way to make sure the use of the illnesses is better.",0.4218150998931378
en-uz,Knowing the gut (main characteristics) It is divided into two parts: thin and thick.,Ichakni bilish (asosiy xususiyatlar) U ikki qismga bo'linadi: ingichka va qalin.,U'zini (yollar) tanishingiz: o'z va o'z.,0.31690930004697293
en-uz,"Most stars belong to the main sequence, which consists of ordinary hydrogen-burning stars.","Ulardan eng keng tarqalganlari L va T boʻlib, bu sinflarga eng sovuq kichik massali yulduzlar va jigarrang mittilar kiradi.","U'zalar, o'zalar, o'zalar, o'zalar o'zalarga o'zalar.",0.44209030002821237
uz-en,"Siz o'tirib hech qachon uyalar o'yinlar va uni pastga sizning pul oladi, deb ko'rish.",You will never sit on a slots games and see that it takes your money down.,You are looking for some of the best games and you can find it just like you.,0.25816850003320724
en-uz,The IAW pays particular attention to the universal ratification and implementation without reservation of the Convention on the Elimination of All Forms of Discrimination Against Women (CEDAW) and its Optional Protocol.,IAW Ayollarga nisbatan kamsitishning barcha shakllariga barham berish toʻgʻrisidagi konventsiyani (CEDAW) va uning Fakultativ Protokolini shartsiz ratifikatsiya qilish va amalga oshirishga alohida eʼtibor beradi.,"IAW, QDDD-ga o'z o'z o'z o'z o'z o'z o'z o'z o'z o'z o'z o'z o'z o'z o'z o'z o'z o'z o'z o'z o'z o'z o'z o'z o'z o'z o'z o'z o'",1.5485996000934392
uz-en,To'liq emlangan chet elliklar AQShga 8 -noyabrdan boshlab kirishi mumkin,Vaccine über alles: Stores in Germany’s Hesse now can ban...,The full-fledged chet can be used from 8 to 8 months ago,0.25245220004580915
uz-en,"Moslashtiriladigan Visme shablonlari maqsadga muvofiq taqdimotlar uchun juda mos keladi: almashish, taqqoslash, vaqt jadvallari, hisobotlar va jadvallar, ma'lumotlar, ierarxiya va ko'rsatmalar.","Customizable Visme templates are ideal for presentations that fit the purpose: sharing, comparison, timeline, reports and charts, information, hierarchy and instructions.","The most popular Visme templates are available for the use of software applications: design, design, technical rules, rules and rules, software, hierarchy and rules.",0.5105577000649646
en-uz,"Birds are sensitive creatures and have the same basic five senses we do: sight, hearing, touch, taste, and smell.","Qushlar sezgir mavjudotlardir va biz sezadigan beshta asosiy sezgi mavjud: ko'rish, eshitish, teginish, ta'm va hid.",Birchlar o'zli yaratatlar va biz o'zli o'zli o'zli o'zli o'zli o'zli o'zli o'zli o'zli o'zli o'zli o'zli o'zli o'zli o'zli o'zli o'zli o'zli o'zli o'zli o'z,1.5146773000014946
uz-en,"InstaForeks Forex Trading barcha tajriba va mahorat darajadagi savdogarlar uchun qulay ekanligiga ishonch hosil qiladi, va eng yangi zamonaviy dasturiy ta'minot va axborot texnologiyalari bilan o'z mijozlariga taqdim.","InstaForex makes sure that forex trading is accessible to traders of all experience and skill levels, and provides its clients with the latest advanced software and information technology.","InstaForeks Forex Trading is a good idea for all-time and long-term trading, and the latest software provides a great deal of security and security technologies.",0.48234620003495365
en-uz,"- ""Modern processes of socio-political modernization in Uzbekistan: state and development prospects""",- “O’zbekistonda zamonaviy ijtimoiy-siyosiy modernizatsiya jarayoni: holati va rivojlanish istiqbollari”,"- ""Uzbekistanda sosyo-politik modernizasyonni modern proseslar: o'z va o'zlik potspektsiyallar""",0.46594100003130734
uz-en,Sagdullayeva Dilbar – mustaqil izlanuvchi.,Sagdullaeva Dilbar is an independent researcher.,The language of the day – the current followers.,0.1514649000018835
uz-en,"a SLA bir jackpot uchun boost imkoniyatlarini bilan sizga yordam beradi birinchi Maslahat, bo'sh mashinalari.","The first tip that will help you with a boost chances for a sla a jackpot, is a blank machines.","The first SLA to be able to do with you the boost programs for a jackpot, the first machine to be able to do with you.",0.4707256000256166
uz-en,"Siz tasvirni ko'chirib olish uchun ruxsat yo'q, matn yoki bu sahifada bir info.","You have not allowed to copy an image, text or an info from this page.","You need to check the picture, but you can find an information in this page.",0.24579939991235733
en-uz,"Since he has redefined the magic genre of intelligent, modern audiences, He has become synonymous with the art of psychological manipulation.","U aqlli sehrli janriga qayta nomladi buyon, zamonaviy tomoshabinlar, U psixologik manipulyatsiyasi san'ati bilan sinonim aylandi.","O'z, o'z, modern o'zlar o'z xariqini bo'zadi, o'z o'z o'z o'z o'z o'z o'z o'z o'z o'z o'z o'z o'z o'z o'z o'z o'z o'z o'z o'z o'z o'z o'z o",1.4958671999629587
uz-en,"Shuningdek, siz shunchaki odamlar bilan Internetda suhbatlashishingiz va shunchaki ular bilan suhbatlashib pul ishlashingiz mumkin!",You can also just chat with people online and make money just talking to them!,"Well, you can communicate with your rooms on the Internet and use a free chat with your rooms!",0.2931251000845805
en-uz,"Well, the good news is – we're able to help you do exactly that!","Biz, albatta, atrofida sizga mazmunan eng katta miqdorda berish imkoniyatiga ega bo'lish haqida g'amxo'rlik, va katta ma'lumotlar bazasi va arxiv orqali qarab anglatadi orzu XXX Naim bilan sizni qo'shilmoq uchun.","Bu, o'z bilan o'z - biz sizga o'z o'z o'z o'z o'z o'z o'z o'z o'z o'z o'z o'z o'z o'z o'z o'z o'z o'z o'z o'z o'z o'z o'z o'z o'z o'z o'z o",1.462734500062652
en-uz,Such difficulties arise almost in all cases.,Bunday qiyinchiliklar deyarli barcha holatlarda yuzaga keladi.,Bu problemlar ko'zda o'zda o'zlar.,0.2100126000586897
en-uz,This listing applies to 7-slots (4507RE) Cisco Catalyst 4500 e Serie Chassis.,Bu listing uchun amal qiladi 7-uyalar (4507R-E) Cisco Catalyst 4500 e Serie Yurish qismini.,Bu listing 7-slotlar (4507RE) Cisco Catalyst 4500 e Serie Chassis-ni o'zadi.,0.4126382999820635
en-uz,But knowing that there are 108 genetic locations associated with schizophrenia isn’t necessarily that useful unless you know what these genetic variants actually do.,"Lekin bor ekanini bilish 108 shizofreniya bilan bog'liq genetik joylari Agar siz bu genetik varyantlar aslida nima qilayotganingizni bilmasangiz, albatta, bu foydali emas.","Şizofreniya bo'zingizni 108 genetik lokasyonlar bo'zingizini bilish, siz bu genetik variantlar bo'zingizini bilish va o'zingiz o'zingiz o'zingizini bo'zingiz.",0.836667999974452
uz-en,"Miya ta’mni sezganda, uni tatib ko’rishga intilish kuchayadi.","When the brain feels the taste, the desire to taste it increases.","In my mind, she was a great guy for the rest of the world.",0.22544840001501143
en-uz,If you want to know how to install Easy Multi Display follow these instructions to get started with Easy Multi Display...,Agar bilmoqchi bo'lsangiz Easy Multi Display-ni qanday o'rnatish kerak Easy Multi Display-dan boshlash uchun ushbu ko'rsatmalarga amal qiling ...,Easy Multi Display ko'zini ko'zish va Easy Multi Display ko'zini ko'zish ko'zish ko'zini ko'zish...,0.5089599000057206
en-uz,Fa e-book version of this guide:,Ushbu qo'llanmaning Fa e-kitob versiya:,Fa e-book versiyoni bu rehber:,0.14828289998695254
en-uz,These tools allow you to import third-party content and then edit it using the available templates.,"Ushbu vositalar sizga uchinchi tomon tarkibini import qilishga, so'ngra uni mavjud andozalar yordamida tahrirlashga imkon beradi.",Bu o'zlar sizga o'zlar o'zlar o'zlar o'zlar o'zlar o'zlar o'zlar o'zlar o'zlar o'zlar o'zlar o'zlar o'zlar o'zlar o'zlar o'zlar o'zlar o'zlar o'zlar o'zlar o'zlar o'zlar,1.4418167000403628
uz-en,"- 22, Konigshteyn, Gʻarbiy Germaniya, 1970-yil","- 22nd, Konigstein, West Germany, 1970","- 22, Kingston, Germany, 1970s",0.1333058999152854
en-uz,"In Visme, you can create a complete brand kit in your business account: colors, fonts, logo, etc.","Visme-da siz o'zingizning biznes qayd yozuvingizda to'liq brend to'plamini yaratishingiz mumkin: ranglar, shriftlar, logotip va boshqalar.","Visme-da siz sizni bizlik hesabda o'z marka kitini ko'zash: o'zlar, o'zlar, logotip, va o'z.",0.5827366999583319
en-uz,[edit] Estonia,Operatsiyalar[tahrir],[edit] Estoniya,0.09396570001263171
en-uz,"Required parameters of parts to be heated: specific heat capacity, weight, starting temperature and end temperature, heating time;","Isitish uchun qismlarning talab qilinadigan parametrlari: solishtirma issiqlik quvvati, og'irligi, boshlang'ich harorati va oxirgi harorati, isitish vaqti;",Yatishni o'zishni o'zishni o'zishni o'zishni o'zishni o'zishni o'zishni o'zishni o'zishni o'zishni o'zishni o'zishni o'zishni o'zishni o'zishni o'zishni o'zishni o'zishni o,1.4575713999802247
en-uz,"It would be terrible for them, so why not put a screen above your counter to display the number of the customers' tickets?","Bu ular uchun dahshatli bo'lar edi, nega mijozlarning chiptalari sonini ko'rsatish uchun peshtaxtangizning ustiga ekran qo'ymasangiz bo'ladi?","Bu o'zlar bo'zli, bu'z sizga o'zlar bilan o'zlar bo'zingiz uchun o'z bilan o'zingiz uchun o'z bilan o'zingiz uchun o'zingiz uchun o'zingiz uchun o'zingiz uchun o'zingiz uchun o'zingiz uchun o'zingiz?",1.14186840003822
en-uz,Ken Ustons Law.,Ken Ustons qonun.,Ken Ustons.,0.07817360002081841
en-uz,- The theory of Economics,- Iqtisodiyot nazariyasi,- Ekonomik teoriyni,0.09514900005888194
en-uz,Keitel played an important role in foiling the 20 July plot in 1944.,Keytel 1944-yil 20-iyuldagi muvaffaqiyatsiz fitnadan keyin muhim rol oʻynadi.,Keitel 1944-da 20-yuliy plotni bo'zishda o'zli bo'zli.,0.3797451000427827
uz-en,IAW Ayollarga nisbatan kamsitishning barcha shakllariga barham berish toʻgʻrisidagi konventsiyani (CEDAW) va uning Fakultativ Protokolini shartsiz ratifikatsiya qilish va amalga oshirishga alohida eʼtibor beradi.,The IAW pays particular attention to the universal ratification and implementation without reservation of the Convention on the Elimination of All Forms of Discrimination Against Women (CEDAW) and its Optional Protocol.,The IAW Convention on the Protection of Human Rights (CEDAW) and its Facultative Protocol may be ratified and implemented without a condition.,0.4707697000121698
uz-en,Adabiyotlar[tahrir],External links[edit],Their owners[edit],0.09822859999258071
uz-en,Ularni bugunoq oling va sizni qiziqtirgan odamlarga yuboring!,Get them today and send it to people you are interested in!,Be your friends today and get your friends in the room!,0.167813100037165
uz-en,Boshqaruvchilar uchun dasturlar:,Programs for management:,Services for the use of:,0.09209649998228997
uz-en,Bepul aylantirish bonus o'yini shu bilan o'ynaydi g'ildirak va Buffalo bazasi o'yin sifatida to'lash.,Free Spins bonus game is played with the same wheel and pay as Buffalo base game.,Please enter the bonus bonus to play and play the game based on Buffalo.,0.23222530004568398
uz-en,Ushbu maqolada men ushbu savolga murojaat qilmoqchiman.,"In this article, I'd like to address this question.",I am not able to use this system in this case.,0.17468459997326136
uz-en,Koʻrsatilgan filmda EPCOT roli taʼkidlangan.,The role of EPCOT was emphasized in the film that was played.,"In the film, EPCOT played a role.",0.15862070000730455
en-uz,"Supermarkets in Hesse, Germany have been granted permission to deny the unvaccinated the right to...","Yangi Janubiy Uels Premerining so'zlariga ko'ra, iqtisodiyotni tiklashga yordam berish vaqti keldi ...","Hesse, Germany'da supermarketlar, o'zli o'zli o'zli o'zli o'zli o'zli o'zli o'zli o'zli o'zli o'zli o'zli o'zli o'zli o'zli o'zli o'zli o'zli o'zli o'zli o'zli o",1.469337199931033
uz-en,Sketch - bu ijodiy foydalanuvchilar uchun ishlab chiqilgan vektor chizish uchun professional dastur.,Sketch is a professional program software for vector drawing developed for creative users.,Sketch - a professional tool for the vector engine that is designed for this system.,0.28021829994395375
en-uz,"The seminars are conducted by leading experts and consultants, as well as top managers of the most successful companies in Russia and Europe.","Seminarlar yetakchi ekspertlar va konsultantlar, hamda Rossiya va Yevropaning eng muvafaqqiyatli kompaniyalaridan top-menedjerlar tomonidan o’tkaziladi.",Seminarylar Rusya va Evropa'da o'z o'zlar va o'zlar va konsultantlar va o'zlar o'zlar o'zlar o'zlar.,0.6184380000922829
uz-en,"Veb-sayt silk kabi silliq ishlaydi va har qanday mobil qurilmada Opera, Safari, Firefox yoki Chrome-dan foydalansangiz, videolarimizda hech qanday muammo bo'lmaydi.","The website runs smooth as silk, and so long as you're using Opera, Safari, Firefox or Chrome on any mobile device, you'll have no issues running our videos.","Web-page can be downloaded and operated from Opera, Safari, Firefox or Chrome in any mobile installation, not to mention any of our videos.",0.48737469990737736
en-uz,"Before I go any further, let me introduce myself for those of you that don't know me.","Oldinga borishdan oldin, meni tanimaganlaringizga o'zimni tanishtirishga ijozat bering.",Birdan o'zdan o'zdan o'zdan o'zdan o'zdan o'zdan o'zdan o'zdan o'zdan o'zdan o'zdan o'zdan o'zdan o'zdan o'zdan o'zdan o'zdan o'zdan o'zdan o'zdan o'zdan o'zdan o'zdan o,1.5683745000278577
en-uz,Movies for children.,bolalar uchun filmlar.,Qiyishlar uchun filmlar.,0.1251048999838531
uz-en,"Visme diagrammaning individual elementlarini avtomatik ravishda jonlantiradi, shunda ular sizning auditoriyangiz e'tiborini jalb qiladi.",Visme automatically animates individual chart elements so that they attract the attention of your audience.,"The individual elements of the visual diagram is automatically processed, which will help you to control your audit.",0.3474232000298798
uz-en,Siz foydalanuvchi ruxsatlarini o'rnatishingiz mumkin: ma'murlar guruhiga tahrirlash uchun ruxsat va jamoangizdagi doimiy foydalanuvchilar guruhiga faqat ko'rish uchun ruxsat berish.,You can set user permissions: grant editing access to a group of administrators and view-only access to a group of regular users in your team.,You can read the following tips: the most important is to try to try and try to try the most important way to get rid of the damage.,0.4509940999560058
en-uz,"Once inside, the customer will be able to tell you about the promotion he saw in the window.","Ichkariga kirgandan so'ng, mijoz sizga derazada ko'rgan aksiya haqida aytib bera oladi.","Bir o'z, o'z o'z o'z o'z o'z o'z o'z o'z o'z o'z o'z o'z o'z o'z o'z o'z o'z o'z o'z o'z o'z o'z o'z o'z o'z o'z o'z o'z o'z o'z",1.546843499992974
uz-en,Dasturning ihtisoslashtirilgan qismi kunduzgi seminarlar shaklida shakllantirilgan.,The specialized part of the program is organized in the form of in-classroom seminars.,The majority of the researchers in the field are organizing consulting seminars.,0.28018090000841767
uz-en,"Blackjack Aktsiyalar yetakchi yollash echimlar bo'ladi, turizm, eksperimental marketing va logistika mutaxassisi, Buyuk Britaniyada operatsiyalari bilan, Irlandiya va Yaqin Sharq, va aeroportida o'z a'zo orqali (more...)","Blackjack Promotions is a leading recruitment solutions, tourism, experimental marketing and logistics specialist, with operations in the UK, Ireland and the Middle East, and through its membership in the Airport (more...)","Blackjack Actions include a lot of travel teams, tourism, experimental marketing and logistics, operations in the UK, Ireland and South Africa, and the airport (more...)",0.6124880000716075
uz-en,22 Motors iFlow skuterini 2018 yilda Indian Auto Expo ko'rgazmasida taqdim etdi.,22 Motors presented the iFlow scooter at the Indian Auto Expo in 2018.,22 Motors presented the iFlow scooter at the Indian Auto Expo in 2018.,0.2747449000598863
uz-en,Ammo hamma buni boshlagan Genri Ford haqida eshitganmi?,"But have they all heard of Henry Ford, who started it all?",What is the best idea for the General Ford?,0.14034090004861355
en-uz,"Is this the case, APNs backpack completely different.","Bu holatda, APNlar xalta butunlay boshqacha.","Bu o'z, APN-lar ko'zlar ko'zli bo'zli.",0.30059440003242344
uz-en,Keyin VLC Media Player Setup ishga tushadi.,VLC Media Player Setup will then launch.,The key is VLC Media Player Setup.,0.15811299998313189
en-uz,"The natural history of fish is rich and diverse, going back about 468 million years more than our own.","Baliqning tabiiy tarixi boy va rang-barang bo'lib, bu biznikidan 468 million yil ko'proq davom etadi.",Tiyishin dabiyiyiyiyiyiyiyiyiyiyiyiyiyiyiyiyiyiyiyiyiyiyiyiyiyiyiyiyiyiyiyiyiyiyiyiyiyiyiyiyiyiyiyiyiyiyiyiyiyiyiyiyiyiyiyiyiyiyiyiyiyiyiyiyiyiyiyiyiyiyiyiyiyiyiyiyiyiyiyiyiyiyiyiyiyiyiyiyiyiy,1.4816160999471322
en-uz,"Social, legal and financial aspects of interaction with sponsors","- Hamkorlar bilan o’zaro ta’sirda bo’lishning ijtimoiy, huquqiy va moliyaviy aspektlari;","Sponsorlarga ko'zishish, yasal va finansal aspeklar",0.23952239996287972
uz-en,Ushbu shrift har qanday rasm yoki fotosuratda grunj effektini yaratishga yordam beradi.,This font helps create a grunge effect in any illustration or photograph.,This script can create a grunge effect in both graphics and photos.,0.2103415000019595
en-uz,"Walt Disney died on December 15, 1966, during the initial planning of the complex.",Uolt Disney 1966-yil 15-dekabrda majmuani dastlabki rejalashtirish paytida vafot etdi.,"Walt Disney, kompleksni o'zli planlamalarda 15 decembr 1966, o'zdi.",0.33752800000365824
uz-en,"Agar ha, keyin etarli omadli bo'ladi.","If yes, then you are lucky enough.","But, there is a very long time.",0.13051479996647686
uz-en,"Esingizda bo'lsin: Agar sizga kerak bo'lgan Eva loviya porno bo'lsa, buni hech kim bizdan yaxshiroq qilmaydi.","Remember: if it's Eva Lovia porn that you need, no one does it better than we do.","Please note: If you want to play Eva Loviya porn with a little bit of love, then who doesn't want to go from us.",0.44935939996503294
uz-en,"Ushbu vositalar sizga uchinchi tomon tarkibini import qilishga, so'ngra uni mavjud andozalar yordamida tahrirlashga imkon beradi.",These tools allow you to import third-party content and then edit it using the available templates.,"These products can be used to import your personal data to you, and they can be used to transfer your personal data to the process.",0.3838949999772012
uz-en,- Ishlash tizimi tufayli isitgich ifloslanishga qarshi.,"- Due to the working system, the heater is anti-pollutant.",- The price of the price is free for the liquidation of the price of the price.,0.2615551999770105
en-uz,"Retrieved September 30, 2021.",Qaraldi: 30-sentabr 2021-yil.,Xamirli: 30 xxxxxxxxxxxxxxxxxxxxxxxxxxxxxxxxxxxxxxxxxxxxxxxxxxxxxxxxxxxxxxxxxxxxxxxxxxxxxxxxxxxxxxxxx,1.3677172000752762
en-uz,Group B[edit],Koptok[tahrir],B-grupi[edit],0.09824750002007931
en-uz,"If you have created a presentation folder for a specific topic or report type, you can easily share it with your teammates.","Agar siz ma'lum bir mavzu yoki hisobot turi uchun taqdimot papkasini yaratgan bo'lsangiz, uni jamoadoshlaringiz bilan osongina baham ko'rishingiz mumkin.",Siz o'z o'z o'z o'z o'z o'z o'z o'z o'z o'z o'z o'z o'z o'z o'z o'z o'z o'z o'z o'z o'z o'z o'z o'z o'z o'z o'z o'z o'z o'z o'z o,1.4345570000587031
uz-en,Uy hayvonlari egalarining ko'pgina xatolari ushbu muayyan vaziyatda yoki muammoda tajribaning etishmasligi bilan bog'liq.,Many of the mistakes pet owners make is due to a lack of experience in that particular situation or problem.,These animals are also used in the field of medical examination or treatment for the purposes of their own animals.,0.34647140000015497
uz-en,Zamonaviy ahborot tizimlari bilan ta’minlash masalalasi ayniqsa katta ahamiyatga ega.,The issue of retrofitting modern information systems is of particular importance.,The most important thing is that the people of the world are not able to do so.,0.2578001000219956
en-uz,This is not true.,Bu haqiqat emas.,Bu o'z.,0.07919059996493161
en-uz,Managers can upload this data as reports in Excel or as an interactive line graph based on an updated data table.,Menejerlar ushbu ma'lumotlarni Excelda hisobot sifatida yoki yangilangan ma'lumotlar jadvali asosida interaktiv chiziqli grafik sifatida yuklashlari mumkin.,Manageri bu data Excel-da bilan bilan bilan bilan bilan bilan bilan bilan bilan bilan bilan bilan bilan bilan bilan bilan bilan bilan bilan bilan bilan bilan bilan bilan bilan bilan bilan bilan bilan bilan bilan bilan bilan bilan bilan bilan bilan bilan bilan bilan bilan bilan bilan bilan bilan bilan bilan bilan bilan bilan bilan bilan bilan bilan bilan bilan bilan bilan bilan bilan bilan bilan bilan bilan bilan bilan bilan bilan bilan bilan bilan bilan bilan bilan bilan bilan bilan bilan bilan bilan bilan bilan bilan bilan bilan bilan bilan,1.4766133000375703
uz-en,- Bo’sh ish o’rinlari haqida ma’lumot.,- Information about the addresses of the enterprise,- The book is about the previous ones.,0.12593820004258305
uz-en,"Ilovaning o’zi va unga tegishli barcha savdo belgilari, mualliflik huquqi, ma’lumotlar bazasi huquqlari va boshqa intellektual mulk huquqlari hali ham INVEST START UP LLC kompaniyasiga tegishli.","The app itself, this website and all the trade marks, copyright, database rights and other intellectual property rights related to it, still belong to JoiPlay.","All the information provided by the company, including the information provided by the company, the information provided by the company, the information provided by the company, the information provided by the company, the information provided by the company, the information provided by the company, the information provided by the company, the information provided by the company, the information provided by the company, the information provided by the company, the information provided by the company, the information provided by the company, the information",1.4725530000869185
en-uz,More people ought to check this out and understand this side of the story.,Ko'proq odamlar bunga qarashlari va voqeaning bu tomonini tushunishlari kerak.,Biraz o'zlar bu o'zdan o'zdan o'zdan o'zdan o'zdan o'zdan o'zdan o'zdan o'zdan o'zdan o'zdan o'zdan o'zdan o'zdan o'zdan o'zdan o'zdan o'zdan o'zdan o'zdan o'zdan o'zdan,1.4216442999895662
uz-en,"U erda siz radiallar, statistik ko'rinishlar, termometrlar, progress barlari, gistogrammalar, chiziqli grafikalar va boshqalarni topasiz.","There you will find radials, statistical views, thermometers, progress bars, histograms, line graphs and more.","In this case you are a lot of radials, statistical data, thermometers, progress bars, graphics, graphics and applications.",0.44988510000985116
en-uz,Another good tip you want to follow is to play games with high limit slots.,Agar amal qilmoqchi bo'lgan yana bir yaxshi maslahat yuqori chegarasi uyalar bilan o'yin o'ynash uchun emas.,Sizga o'zish uchun bir o'z o'z o'z o'z o'z o'z o'z o'z o'z o'z o'z o'z o'z o'z o'z o'z o'z o'z o'z o'z o'z o'z o'z o'z o'z o'z o'z o'z o'z,1.4540644999360666
uz-en,"Kreditlar odatda, ma'lum bir foiz stavkasi bilan bog'liq.",Loans are normally associated with a specific interest rate.,"In the room of loans, the money is a small stock.",0.20403439993970096
uz-en,Siz ushbu tutun cho'tkasini ko'plab fotosuratlar yoki illyustratsiya janrlarida ishlatishingiz mumkin.,You may use this smoke brush in many photography or illustration genres.,You can use photos or illustration images in your home.,0.17682509997393936
uz-en,Dizayn chindan ham scooterni zamonaviy buyumga aylantirishi mumkin bo'lgan noyobdir.,The design is truly unique which could make the scooter a fashionable item.,The design is a key way to adapt all scooters to the system.,0.2288834999781102
uz-en,Flirtymaniyada Chat Hispanodan farqli o'laroq hamma uchun bir narsa bor.,There is something for everyone at Flirtymania unlike Chat Hispano.,"In Flirtmania, Chat has a link to different people from Spain.",0.2070831999881193
uz-en,Kafedraning ilmiy mavzusi:,Scientific theme of the department:,The Department of Sciences:,0.0874012999702245
en-uz,"A Theme of the Dissertation: ""Transformation processes in the economy of Uzbekistan during the Second World War"".",Dissertatsiya mavzusi: “Ikkinchi jahon urushi yillarida O`zbekiston iqtisodiyotida transforsatsion jarayonlar”.,Yuxiriyiyiyiyiyiyiyiyiyiyiyiyiyiyiyiyiyiyiyiyiyiyiyiyiyiyiyiyiyiyiyiyiyiyiyiyiyiyiyiyiyiyiyiyiyiyiyiyiyiyiyiyiyiyiyiyiyiyiyiyiyiyiyiyiyiyiyiyiyiyiyiyiyiyiyiyiyiyiyiyiyiyiyiyiyiyiyiyiyiyiyiy,1.4325966000324115
uz-en,"Mopedni Shanxay bojxonasi bo'yoq ranglari, vosita va / yoki batareya xususiyatlari va tashqi ko'rinishi kabi maxsus talablarni qondirish uchun sozlashi mumkin.","The moped can be customized by Shanghai Customs to meet special demands such as paint colors, motor and/or battery specifications and exterior.","The motorcycle can be used to control the current quality of the battery, the battery and / or battery features and the current quality of the battery.",0.49703570001292974
en-uz,"You may not worry about your experience since the program is suitable both, for beginners and professionals.","Tajribangiz haqida qayg'urmasligingiz mumkin, chunki dastur yangi boshlanuvchilar uchun ham, professionallar uchun ham mos keladi.","Siz, program, o'zlar va o'zlar uchun o'zga o'zingiz uchun o'zingizga o'zingizga o'zingizga o'zingizga o'zingiz.",0.6694674999453127
en-uz,"Its carriers have numerous symptoms and infections, resulting in damage to the immune system.","Uning tashuvchilarida ko'plab alomatlar va infektsiyalar mavjud bo'lib, natijada immunitet tizimiga zarar etkaziladi.","U o'zlar bo'zlar va o'zlar, immunot sistemini o'zingizga o'zlar.",0.41539529990404844
en-uz,"A strain of the influenza virus, also known as H5N1, usually infects poultry or wild birds and has spread to more than 30 countries in Africa, Asia, Europe and the Middle East.","H5N1 nomi bilan ham tanilgan gripp virusining shtammi odatda parranda yoki yovvoyi qushlarni yuqtiradi va Afrika, Osiyo, Evropa va Yaqin Sharqning 30 dan ortiq mamlakatlariga tarqaldi.","Gripa virusni H5N1 va o'z, o'z o'z o'z o'z o'z o'z o'z o'z o'z o'z o'z o'z o'z o'z o'z o'z o'z o'z o'z o'z o'z o'z o'z o'z o'z o'z o'z o",1.4889468000037596
uz-en,"savdo ega bo'lish bilan bir qatorda, 107 valyuta asboblar, Siz ham oltin va kumush fyuchers va AQSh qimmatli qog'ozlar, shuningdek shartnoma bo'yicha CFD'leri savdo mumkin.","In addition to being able to trade 107 currency instruments, you can also trade CFDs on futures and US stocks as well as contracts on gold and silver.","In a system of a large number of different currencies, 107 currencies are available, you can also be free and free CFDs that are available to users and other cryptocurrencies.",0.5991978000383824
uz-en,"Vikipediya foydalanuvchilarining oʻz shaxsiy sahifalari mavjud, lekin ulardan faqat ensiklopediyada ish bilan bogʻliq maʼlumotlarni joylashtirish uchun foydalanish mumkin.",Wikipedia should not offer first-hand news reports on breaking stories.,"Wikipedia has a strong interest in the use of this software, and it can be used to develop new technologies in the new encyclopedia.",0.3841554999817163
en-uz,This is a question commonly asked by cat lovers everywhere.,Bu hamma joyda mushukni sevuvchilar tomonidan tez-tez so'raladigan savol.,"Bu, ko'tlar o'zlar o'zda o'zga o'zga o'z.",0.35878949996549636
en-uz,-Easy installation and maintenance;,- Oson o'rnatish va texnik xizmat ko'rsatish;,-Yagli montaj va o'zish;,0.16252639994490892
en-uz,"Fabian Strategy - Because of the benefits Crowd Control and Frontlines (more damage to opponents in n Rhet), this is an automatic rifle that may be an animal.","Fabian Strategy - Chunki imtiyozlar Crowd nazorat va jabhasidir (n Rhet yilda raqiblari ko'proq zarar), Bu hayvon bo'lishi mumkin avtomatik miltiq deb.","Fabian Strategi - Tazirlik kontrol va Frontline (Rhet-da rakiblara o'z o'z o'z) o'zlar bo'zadi, bu bir o'z o'zadi o'zadi.",0.8050214000977576
uz-en,Disney Signature Experiences prezidenti lavozimida ishlagan Jeff Vahle keyinchalik kurort prezidenti lavozimini egalladi.[22],"Jeff Vahle, who served as president of Disney Signature Experiences subsequently took over as president of the resort.[30]","The presidential office of the Disney Signature Experiences was held by Jeff Valle, who was the president of the international resort.[12]",0.40120560000650585
en-uz,Vending machine online game.,Savdo avtomati onlayn o'yin.,Makina o'zlari online o'z.,0.1446833999361843
en-uz,The electrical system is optimized for racing and offers 300 amps capacity.,Elektr tizimi poyga uchun optimallashtirilgan va 300 amper sig'imini taklif etadi.,Elektrik sistemi ko'zlar uchun optimizdir va 300 amps kapasitasi bo'zadi.,0.3245675000362098
uz-en,"Ushbu maqolani o'qing va bannerlar, tashrif qog'ozlari va veb-sayt dizaynlarini yaratish imkonini beruvchi Adobe Illustrator CS2 ning qonuniy versiyasini qanday olishni o'rganing.","Read this article and learn how to get a legal version of Adobe Illustrator CS2 that allows creating banners, business cards, and website designs.","The software is designed to create new versions of Adobe Illustrator CS2 and the software is designed to create new versions of Adobe Illustrator CS2 and banner, new web designs and web designs.",0.6286597000434995
uz-en,"- Hamkorlar bilan o’zaro ta’sirda bo’lishning ijtimoiy, huquqiy va moliyaviy aspektlari;","Social, legal and financial aspects of interaction with sponsors","- The importance, the importance and the importance of the use of the products in the field;",0.33357000001706183
en-uz,Many users often start looking for Adobe Illustrator crack or Adobe Illustrator torrent not to pay for the subscription.,Ko'p foydalanuvchilar ko'pincha qidira boshlaydi Adobe Illustrator yorilishi yoki Adobe Illustrator torrent obuna uchun pul to'lamaslik.,Birazlar abonlar abonash uchun o'zingiz uchun abonash uchun abonash va abonash va abonash va abonash va abonash va abonash va abonash va abonash va abonash va abonash va abonash va abonash va abonash va abonash va abonash.,1.2236688999691978
uz-en,"Sizning taqdimotingiz o'ziga xos va jozibali formatga ega bo'lishini ta'minlash uchun Visme toza, ijodiy va zamonaviy dizaynga ega 100 dan ortiq taqdimot shablonlari va mavzularini taklif etadi.","To ensure that your presentation has a unique and attractive format, Visme offers 100+ presentation templates and themes with a clean, creative and modern design.","Visme offers more than 100 templates and templates of presentation in the form of the product, the product and software design to make your presentation more than a few and more.",0.5342099999543279
uz-en,"Ba'zi rang sxemalari g'oyalar: kichkina, pushti va snaryadlar; kichkina, ildiz va bla; kichkina, ko'rib va Turkuaz; rod, apelsin va snaryadlar; O'tkazish, snaryadlar va pushti; yoki kichik, ko'rib va chuqur yashil.","Some color schemes ideas: small, pink and gull; small, root and bla; small, browse and turquoise; rod, orange and gull; blue, gull and pink; or small, browse and deep green.","Some scenes are: shades, shades and shades; shades, shades and shades; shades, shades and shades; shades, shades and shades; shades, shades and shades; shades, shades and shades; or shades, shades and shades.",1.0397779999766499
en-uz,"He formed a new team that has evolved and changed over the arene, while he gave a very nice income for dozens of players.","U Mfntvfnbr davomida rivojlandi va o'zgarmagan yangi jamoa tashkil, U futbolchilar o'nlab uchun juda yaxshi daromad berdi esa.",O'z arena bo'zingiz va bo'zingiz uchun o'z o'z o'z o'z o'z o'z o'z o'z o'z o'z o'z o'z o'z o'z o'z o'z o'z o'z o'z o'z o'z o'z o'z o'z o'z o'z o',1.502250099903904
en-uz,"For example, to heat thermal oil of 1 ton from 20oC to 200oC within an hour, the power calculation is as follows:","Masalan, 1 tonna termal moyni bir soat ichida 20oC dan 200oC gacha qizdirish uchun quvvatni hisoblash quyidagicha bo'ladi:","Yox, 20oC va 200oC o'zni 1 tonni topil olili o'zingizingizni, o'z bilan o'z bilan o'zingiz:",0.592211699928157
uz-en,Endi Easy Multi Display-ni muvaffaqiyatli o'rnatdingiz!,You have now successfully installed Easy Multi Display!,"Now, make easy Multi Display a good way!",0.15647529996931553
uz-en,"Alohida e’tibor quyidagilarga qaratuladi: tashkillashtirish nazariyasi, tashkiliy ahloq, korporativ ijtimoiy ma’suliyat, strategic menedjment, hayot faoliyati havfsizligi, innovatsion menedjment, loyihalarni boshqarish va boshqalar.","During the educational process, special attention is paid to: organizational theory, organizational behavior, corporate social responsibility, strategic management, life safety, innovation management, project management, etc.","The program includes different rules: current management, business management, corporate management, strategic management, software integrity, innovation management, management and management of applications.",0.4916096000233665
en-uz,"Yuichiro Nagai (永井 雄一郎, Nagai Yuichiro, born February 14, 1979) is a former Japanese football player.",Yuichiro Nagai (yaponcha: 永井 雄一郎; 14-fevral 1979-yilda tugʻilgan) — yaponiyalik futbolchi.,"Yuichiro Nagai (Yuichiro Yuichiro, 14 shkurt 1979) Japon futbollari bo'z.",0.40544390003196895
uz-en,"Batareya monitoridan tortib GPS-ga tarixni tomosha qilishgacha bo'lgan barcha narsalar, NIU ilovasi haydovchini NQi GT-ning qayerda joylashganligi va sog'lig'i bilan aloqada bo'lib turadi.","Everything from battery monitoring to GPS to ride history, the NIU app keeps the driver connected and up-to-date with the whereabouts and health of the NQi GT.","Other things that can be done by the battery monitor with GPS, the NIU is the most important thing to do with the NQi GT in the process of repair and repair of the battery.",0.6390510000055656
uz-en,Skuter tejamkor bo'lish uchun yaratilgan va o'rtacha kunlik foydalanish bilan haftasiga atigi $ 1 AUD iste'mol qiladi.,The scooter is designed to be economical and consumes just about $1 AUD per week with average daily usage.,The scooter is created for a long-term life and the average price of the week is $1 AUD.,0.33417419996112585
uz-en,Faqat mikroskop ixtiro qilinganidan keyin turli xil tirik mavjudotlarni aniqlash mumkin bo'ldi.,Only after the invention of the microscope was it possible to identify a wide variety of living things.,The microscope can be used for the purposes of the microscope.,0.2905789000215009
en-uz,Developers deleted this version from the website long ago since its functionality is very outdated and doesn’t correspond to the modern requirements of graphic designers.,"Ishlab chiquvchilar ushbu versiyani veb-saytdan ancha oldin o'chirib tashlashdi, chunki uning funksionalligi juda eskirgan va grafik dizaynerlarning zamonaviy talablariga javob bermaydi.",Grafik tasarımlar o'zlar uchun modern ko'zalarni ko'zingiz va o'zingizlik bo'zdan bu versiyoni o'zdan o'zdan o'zdan o'zdan o'zdan o'zdan o'zdan o'zdan o'zdan o'zdan o'zdan o'zdan o'zdan o'zdan o'zdan o',1.4487320999614894
en-uz,"Made in the form of a cone with aluminum radiator, the Akfa Lighting lamps have the appearance of modern lighting fixture of new generation.",Alyuminiy radiatorli konus shaklida ishlangan Akfa Lighting chiroqlari yangi avlodli zamonaviy yoritish asbobi ko’rinishiga ega.,Akfa qosirga qosirga qosirga qosirga qosirga qosirga qosirga qosirga qosirga qosirga qosirga qosirga qosirga qosirga qosirga qosirga qosirga qosirga qosirga qosirga qosirga qosirga qosirga q,1.470833000028506
uz-en,Yuichiro Nagai (yaponcha: 永井 雄一郎; 14-fevral 1979-yilda tugʻilgan) — yaponiyalik futbolchi.,"Yuichiro Nagai (永井 雄一郎, Nagai Yuichiro, born February 14, 1979) is a former Japanese football player.",Yuichiro Nagai (Japanese: 永井 雄一郎; born 14 February 1979) was an international football player.,0.4322353999596089
uz-en,"Uston yaxshi ish va vaqt mahalliy San-Fransisko Playboy tirik edi, va u juda yengil bo'ldi.","Uston was a local San Francisco playboy with a good job and time to spare, and he was very light.","The old and most expensive San Francisco Playboy was released by Uston, and it was noted.",0.32587689999490976
uz-en,raqamli imzo echimi biz bilan oson.,digital signage solution with us is easy.,We have a good signature.,0.10406080004759133
uz-en,"Obunani tanlab, siz eng ijodiy g'oyalarni hayotga tatbiq etish uchun Adobe kompaniyasi tomonidan ishlab chiqilgan barcha dasturlardan foydalanish imkoniyatiga ega bo'lasiz.","Choosing subscription, you get the possibility to use all the programs developed by Adobe Company to bring to life the most creative ideas.","In addition, you will be able to use the software from the other programs that Adobe has operated to practice the new software.",0.3859301999909803
en-uz,There’s another good example in the alcohol literature.,alkogol adabiyotida yana bir yaxshi misol bor.,Alkol literatürda bir o'z o'z o'z.,0.21189250005409122
uz-en,"Evropa Komissiyasi Kiprni ushbu pasportlarni bergani uchun tanqid qilib, ""Evropa ...",At least three people have been killed and seven others injured as a result of the quake on...,The European Commission calls on the country to be a member of the European Commission for the purposes of the European Parliament and the Council for the purposes of the European Parliament and the Council for the purposes of the European Parliament and the Council for the purposes of the European Parliament and the Council for the purposes of the European Parliament and the Council for the purposes of the European Par,1.4273463001009077
en-uz,"Moreover, it has keys to move and rotate by screen pixels, bitmap tracing, color painting over objects, and edit gradients with handles.","Bundan tashqari, u ekran piksellari bo'yicha siljitish va aylantirish, bitmapni kuzatish, ob'ektlar ustidan ranglarni bo'yash va tutqichlar bilan gradientlarni tahrirlash uchun kalitlarga ega.","O'z, o'z, o'z o'zlar bo'zingiz va o'zingiz o'zingiz o'zingiz o'zingiz o'zingiz o'zingiz o'zingiz o'zingiz o'zingiz o'zingiz o'zingiz o'zingiz o'zingiz o'zingiz o'zingiz o'zingiz o'zingiz o'zingiz o'z",1.4711686000227928
en-uz,digital signage solution with us is easy.,raqamli imzo echimi biz bilan oson.,Digital sikatli o'zimizga o'z.,0.18842780007980764
en-uz,-High heat efficiency; Save more energy;,- Yuqori issiqlik samaradorligi; Ko'proq energiya tejash;,-Yagli o'zli o'zli; Yagli o'zli o'zli o'zli;,0.389929800061509
en-uz,in Russian and foreign commercial banks;,rossiyalik va horijiy tijorat banklarda;,Rus va yunan komersial banklarda;,0.14004480000585318
uz-en,Skuterda foydalanuvchi uchun qulay raqamli boshqaruv paneli mavjud.,The scooter is available in many colors.,The scooter has a very friendly operating panel for use.,0.18279059999622405
uz-en,"Bizning platformamizdagi video chatlarga kelsak, hech qachon shaxsiy hayotingiz haqida qayg'urmang.",Never worry about your privacy when it comes to video chats on our platform.,"If you want to chat with our platform with videos, we are looking forward to having a lot of fun.",0.31742019997909665
en-uz,Human resources form the main and most valuable asset of any company.,Inson resurslari har qanday tashkilotning eng asosiy va eng qimmatli aktivini tashkil etadi.,"Human resurslar, o'z o'z o'z o'z o'z o'z o'z o'z o'z o'z o'z o'z o'z o'z o'z o'z o'z o'z o'z o'z o'z o'z o'z o'z o'z o'z o'z o'z o'z o'z o",1.438748100074008
uz-en,N.R.Maxkamova O’zbekiston Respublikasi Fanlar akademiyasi Tarix instituti va O’zbekiston Milliy universiteti qoshidagi Iqtisoslashgan Kengashlarning a'zosi bo’lib faoliyat ko’rsatgan.,N.R. Makhkamova is also a member of the Specialized Council at the Institute of History of the Academy of Sciences of Uzbekistan and the National University of Uzbekistan.,N.R.Maxkamova is a member of the National University of America and the Institute of History of the Academy of Fine Arts.,0.40344140003435314
uz-en,"Bundan tashqari, siz Illustrator da mavjud bo'lgan barcha funksiyalarga ega bo'lasiz.","Moreover, you will get all the functions available in Illustrator.","In addition, you can also use the other features that Illustrator has.",0.23772670002654195
uz-en,"ANPING COUNTY HANGTONG WIREMESH CO.,LTDishlab chiqarishga ixtisoslashgan,","ANPING COUNTY HANGTONG WIREMESH CO.,LTD is specialized in producing ,","ANPING COUNTY HANGTONG WIREMESH CO.,LTDISLAB,",0.3529259000206366
en-uz,How to Register in ExpertOption Start the Trading Interface in 1 Click Registration on the platform is a simple process consisting of just a few clicks.,Foydalanuvchi ma’lumotlarini tekshirish KYC siyosati (Know Your Mijoz) talablariga hamda jinoiy daromadlarni legallashtirishga qarshi xalqaro qoidalarga (Pul yuvishga qarshi kurash) muvofiq majburiy tartib hisoblanadi.,"ExpertOption-da qo'zish va 1 Click-da Trading Interface-ni ko'zish: Platformda ko'zish, o'z o'z o'zish o'zish o'zish o'zish o'zish o'zish o'zish o'zish o'zish o'zish o'zish o'zish o'zish o'zish o'",1.498429000028409
en-uz,Skip the alternatives: create your account here and come back any time you want to beat your meat to the greatest girl in the game.,Shu bilan bir qatorda o'tish: bu yerda hisobingizni yaratish va o'yin eng buyuk qiz uchun go'sht ura istagan har qanday vaqt qaytib keladi.,Alternatiflar bo'zish: sizga bu'z bilan bo'zish va sizga o'zni o'zish bo'zish bo'zish bo'zish bo'zish bo'zish bo'zish bo'zish bo'zish bo'zish bo'zish bo'zish bo'zish bo'zish bo'zish bo'zish bo'zish bo',1.448226400068961
uz-en,"Agar siz buzilgan versiyalardan foydalansangiz, siz jinoyatchi bo'lasiz.","If you use hacked versions, you become a criminal.","If you are free of the version, you are free of charge.",0.19753230002243072
en-uz,"The team wants to ensure that even if you want to stream what we have, it's flawless and simple.","Jamoa bizda mavjud bo'lgan narsalarni oqishni istasangiz ham, bu beg'ubor va sodda bo'lishini ta'minlashni xohlaydi.","Ekmi, bizning o'zni x'sirishishish va o'zishishni x'irishishish va o'zishishni o'zishishni o'zishni o'zishni o'zishni o'zishni o'zishni o'zishni o'zishni o'zishni o'zishni o'zishni o'zish",1.451289499993436
uz-en,"GCC mamlakatlari Birlashgan Arab Amirliklari, Saudiya Arabistoni, Qatar, Ummon, Kuvayt va ...","If the vaccination rate reaches more than 85% in early 2022, there will be few infections and none...","GCC services are provided by the United Arab Emirates, Saudi Arabia, Qatar, Umun, Kuwait and ...",0.349451299989596
uz-en,Ken Ustons qonun.,Ken Ustons Law.,Ken Ustons.,0.07779330003540963
uz-en,Ma'lumotlarni CRM yoki elektron marketing platformasiga yuklash uchun siz o'zingizning shaklingiz natijalarini asboblar panelida ko'rishingiz mumkin.,You can view the results of your form in the toolbar to upload data to the CRM or e-marketing platform.,"To install your applications with CRM or electronic marketing platforms, you can put your own content on the panel of the pages.",0.3880035999463871
uz-en,Foydalanish shartlari,Terms of Service,Their ownership,0.0683628999395296
en-uz,The Irreverent Vet speaks out about his true thoughts.,Irreverent Vet o'zining haqiqiy fikrlari haqida gapiradi.,Irreverent Vet o'z o'z o'z o'z o'z o'z o'z o'z o'z o'z o'z o'z o'z o'z o'z o'z o'z o'z o'z o'z o'z o'z o'z o'z o'z o'z o'z o'z o'z o'z,1.421017299988307
uz-en,"Bu holatda, APNlar xalta butunlay boshqacha.","Is this the case, APNs backpack completely different.","In this case, APNs are used to be free.",0.17867990001104772
en-uz,"- They have flaky, dry and very hard skin.","- Ular qashshoq, quruq va juda qattiq teriga ega.","- Onlar qoy, o'z va o'z ko'z.",0.2109614999499172
uz-en,"Ushbu tuzilmalar ko'proq mobil aloqa, hududlarga yaqin va mahsulotlarni eksport qilishda amaliy ko'nikmalarga ega.","These structures are more mobile, close to regions and possess practical skills in exporting products.","These products are used for mobile sales, mobile sales and commercial exports.",0.2368078000145033
en-uz,"Adobe Illustrator CS2 is a vector graphics software widely used by designers in various spheres, like digital graphics, illustrations and printing.","Adobe Illustrator CS2 raqamli grafika, illyustratsiyalar va bosib chiqarish kabi turli sohalarda dizaynerlar tomonidan keng qo'llaniladigan vektor grafik dasturidir.","Adobe Illustrator CS2 vektor grafiklar, digital grafiklar, ilustrasyonlar va basmish va bu o'zlarda designlar o'zlar bo'zga o'zingiz.",0.6261252000695094
en-uz,"IAW maintained a clear pro-Western stance throughout the Cold War.[8] The organization's traditional colour, used to symbolize women's rights and women's suffrage, is yellow.[9]",Sovuq urush davomida IAW Gʻarb tarafdori boʻlgan.[5] Tashkilotning ayollar huquqlari va ayollarning saylov huquqini ifodalash uchun ishlatiladigan anʼanaviy rangi sariqdir.[6],"IAW ko'lda o'z-zazdan bo'ladi bo'ladi.[8][9] Organizasyonun traditsiyel bo'ladi, bo'ladi bo'ladi bo'ladi bo'ladi bo'ladi bo'ladi bo'ladi bo'ladi bo'ladi bo'ladi bo'ladi bo'ladi bo'ladi bo'ladi bo'",1.4774909999687225
en-uz,- 2.8 Wikipedia is not a crystal ball,Vikipediya — lugʻat emas[manbasini tahrirlash],- 2.8 Wikipedia kristal to'zni o'zdi,0.19009799999184906
en-uz,You have now successfully installed Easy Multi Display!,Endi Easy Multi Display-ni muvaffaqiyatli o'rnatdingiz!,Siz siz Easy Multi Display ko'zli ko'zli ko'zli!,0.2420380999101326
en-uz,The knowledge of this type of life came from discoveries that took place over many years.,Ushbu turdagi hayot haqidagi bilim ko'p yillar davomida kashfiyotlardan kelib chiqqan.,Bu o'z o'z o'z o'z o'z o'z o'z o'z o'z o'z o'z o'z o'z o'z o'z o'z o'z o'z o'z o'z o'z o'z o'z o'z o'z o'z o'z o'z o'z o'z o'z o,1.4331681999610737
en-uz,- Select the arrow next to Local Users and Groups to expand it.,- Uni kengaytirish uchun Mahalliy foydalanuvchilar va guruhlar yonidagi o'qni tanlang.,- Lokallar va gruplar bo'zlari bo'zlari bo'zlari bo'zlari bo'zlari.,0.41780109994579107
uz-en,Ba'zi qushlar deyarli har qanday javobni o'zlarining xatti-harakatlari uchun yordam sifatida qabul qilishadi.,Some birds perceive almost any response as reinforcement for their behavior.,Some people can use the method for the use of the software for the purposes of the process.,0.30740319995675236
uz-en,Brend o'zining to'qsoninchi yillarida birinchi elektr skuterini ishlab chiqardi.,The brand produced it’s first electric scooter in the nineties.,Brend made his first electric scooter in the first few years of its life.,0.26503909996245056
uz-en,"Biz bilan bog'laning sahifasi orqali bizga eslatma yuborish, va biz siz uchun birgalikda bir narsa olish.","Send us a note via the Contact Us page, and we get something together for you.","We can send you to us with a great deal of money, and we make a lot of money for you.",0.34226419997867197
uz-en,- Qimmatli qog’ozlar bozorida Jamiyat faoliyatini tashkil etish va amalga oshirish.,- Arrangement and realization of the Company activities in the securities market.,- The most important types of clothing are used and used in the body.,0.2708134000422433
uz-en,- Ixtisoslashtirilgan reestr tuzuvchilar va fond bozorining boshqa ishtirokchilari bilan faol o’zaro hamkorlik qilish.,- Active cooperation with specialized registrars and other stock market participants.,- The extension system can be used in the process of reducing the amount of water and the amount of funds.,0.36342149996198714
en-uz,"Customizable Visme templates are ideal for presentations that fit the purpose: sharing, comparison, timeline, reports and charts, information, hierarchy and instructions.","Moslashtiriladigan Visme shablonlari maqsadga muvofiq taqdimotlar uchun juda mos keladi: almashish, taqqoslash, vaqt jadvallari, hisobotlar va jadvallar, ma'lumotlar, ierarxiya va ko'rsatmalar.","Customize visme şablonlar: o'zni o'zingiz uchun presentasi: o'z, o'z, o'z, o'z, o'z, o'z, o'z, o'z, o'z, o'z, o'z, o'z.",1.0772054999833927
uz-en,"Yaxshi, Bu shunchaki sizga qarab qilingan provayder haqida o'z keng tadqiqot qilish bilan mumkin bo'lishi mumkin.","Well, it can simply be possible by making your own extensive research about the provider that you are eyeing on.","Yes, this can help you to try the same as the provider who is happy with you.",0.29906760004814714
uz-en,"U aqlli sehrli janriga qayta nomladi buyon, zamonaviy tomoshabinlar, U psixologik manipulyatsiyasi san'ati bilan sinonim aylandi.","Since he has redefined the magic genre of intelligent, modern audiences, He has become synonymous with the art of psychological manipulation.",The main character of the old magic genre is the synonym of the psychological manipulation arts of the U.,0.3349178999196738
uz-en,Platforma potentsial mijozlarni jalb qilish uchun ishlatilishi mumkin.,The platform may be used for attracting potential customers.,The platform can be used for the use of potential media.,0.17875909991562366
uz-en,URL manzilini olgan har bir kishi loyihani hatto hisob qaydisiz ham veb-sayt sifatida ko'rishi mumkin.,Anyone who gets the URL can view the project as a website even without an account.,Any other user line of the URL can be used for the use of the entire website.,0.2650992999551818
en-uz,Retrieved 5 May 2014.,Qaraldi: 11-may 2014-yil.,Xamirish 5 May 2014.,0.11111579998396337
uz-en,1-qism: Windows 10 da administrator huquqlarini parolsiz qanday olish mumkin,Part 1: How to get administrator privileges in Windows 10 without password,1st: Windows 10 can use administrators without password,0.17635319998953491
en-uz,"In this way, you can avoid yourself from the unexpected fees that you may be facing in the future.","Shu tarzda, shu ravishda, shunday qilib, Agar kelajakda qaragan bo'lishi mumkin kutilmagan to'lovlari o'zingizni oldini olish mumkin.","Bu yoldan, siz o'zda o'zingizga o'zli o'zli o'zli o'zli o'zli o'zli o'zli o'zli o'zli o'zli o'zli o'zli o'zli o'zli o'zli o'zli o'zli o'zli o'zli o'zli",1.5180699999909848
en-uz,"Therefore do not be afraid to humans, (but) fear Me.","Shuning uchun odamlar uchun qo'rqmanglar, (lekin) Mendan qo'rqinglar.","Bu halda, o'z o'zni qorxish, (bu) o'zni qorxish.",0.3869516000850126
uz-en,Hayot suvda vujudga keldi va unda hayot bo'lmaydi.,Life arose in water and without it there is no life.,Life is a life in the house and it doesn't work.,0.20223270007409155
uz-en,"- Aksiyadorlar, aksiyalar va Jamiyatning boshqa qimmatli qog’ozlarining hisobi va harakati monitoringini amalga oshirish.","- Monitoring the accounting and dynamics of the Company’s shareholders, shares and other securities.","- Actors, actions and activities are able to monitor the behavior and movement of other critical groups.",0.32415630004834384
uz-en,Ba'zan elementlari bo'lishi mumkin.,Sometimes there may be elements of the.,It can be used to identify the basic elements.,0.15132140007335693
uz-en,"Yangi Janubiy Uels Premerining so'zlariga ko'ra, iqtisodiyotni tiklashga yordam berish vaqti keldi ...","Supermarkets in Hesse, Germany have been granted permission to deny the unvaccinated the right to...",The new January Uels Premerine is a new way to make the system more efficient ...,0.3179453999036923
en-uz,"We therefore recommend that users do not jailbreak or root their phone, which is the process of removing software restrictions and limitations imposed by the official operating system of their device.","Shuning uchun telefoningizni jailbreak yoki root-ga o’tkazmaslikni tavsiya qilamiz, bu sizning qurilmangizning rasmiy operatsion tizimi tomonidan o’rnatilgan dasturiy cheklovlar va cheklovlarni olib tashlash jarayonidir.","Biz buzh'da, o'zlar telefonlarni jailbreak va rootish va, bu, o'z o'z o'z o'z o'z o'z o'z o'z o'z o'z o'z o'z o'z o'z o'z o'z o'z o'z o'z o'z o'z o'z o'z o'z",1.4808232999639586
en-uz,"Kymco provides access to a big network of public charge locations such as restaurants, cafes and stores where it is possible to charge the battery for free.","Kymco, batareyani bepul zaryadlash mumkin bo'lgan restoranlar, kafelar va do'konlar kabi katta miqdordagi jamoat to'lov joylariga kirishni ta'minlaydi.","Kymco, batarya bo'zdan batarya bo'zdan batarya bo'zdan batarya bo'zdan batarya bo'zdan batarya bo'zdan batarya bo'zdan batarya bo'zdan batarya bo'zdan batarya bo'zdan batarya bo'zdan batarya bo'zdan batarya bo'zdan",1.4957812000066042
en-uz,The current IAW Commissions deal with the topics: Justice and Human Rights; Democracy; Peace; Elimination of Violence and Health.,Hozirgi IAW komissiyalari quyidagi mavzular bilan shugʻullanadi: Adolat va inson huquqlari; Demokratiya; Tinchlik; Zoʻravonlikni bartaraf etish va salomatlik.,IAW kommissiyalar: Adalya va İnsan Haklar; Demokrasi; Barbar; Bizolsiy va o'zli bo'zli.,0.5249749000649899
uz-en,Bu haqiqat emas.,This is not true.,This is the case.,0.0817731999559328
uz-en,Bizning veb-saytimiz uy hayvonlari uchun ma'lumotlarning qimmatli onlayn-resursiga aylandi.,Our website has become a valued online resource for pet information.,Our website is dedicated to the full online resource of applications for animals.,0.24459350004326552
en-uz,"When exporting agricultural products, a number of problems arise: from harvesting and storage to certification, transportation and pricing.","- Qishloq xo'jaligi mahsulotlarini eksport qilishda yig'im-terimdan tortib to sertifikatlashtirish, transport va narxlashtirishga qadar bir qator muammolar tug'iladi.","Uqlalar bilan o'zishishingizda, o'z o'zishingiz o'zishingiz: o'zishish va o'zishishdan o'zishish, o'zishish va o'zishishingizga.",0.8630790000315756
uz-en,- barcha kerakli ma'lumotlar muntazam ravishda yangilanib turadi;,- all necessary directories are basis updated regularly;,- the use of the most common material in the field;,0.1915309999603778
en-uz,- Information about the addresses of the enterprise,- Bo’sh ish o’rinlari haqida ma’lumot.,- Şirketin adreslari bilan o'zlar,0.16145720006898046
uz-en,Ba'zi do'konlar yaxshi ishlaydigan ushbu tizimni tanladilar.,Some stores have opted for this system which works well.,Some doctors know how to use this method.,0.14558090001810342
uz-en,Uston suv uchun bir baliq kabi o'ynashni boshladi.,Uston began to play like a fish to water.,Uston has been playing a lot for the summer.,0.16399290005210787
uz-en,ishlab chiqarish sohasi va xizmatlar sohasidagi tashkilotlarda.,organizations in the sphere of production and services.,The main main chat and services are in any system.,0.16282220010180026
uz-en,- Biz vaqti-vaqti bilan Shartlarimizni yangilashimiz mumkin.,We may update our Terms and Conditions from time to time.,- We can use our terms in the course of the day.,0.21194549999199808
uz-en,Kompaniya ekologik toza harakatchanlikka bag'ishlangan.,The company is dedicated to environmentally friendly mobility.,The company is responsible for the use of ecological powder.,0.1776437999214977
