pair_id,en,uz,source,source_version,source_line,license,commercial_status,source_url,labse_score,token_overlap,english_function_words_in_uz,char_similarity,local_reject,local_reject_reason,llm_label,llm_confidence,llm_reason,selection_stage,final_llm_confidence,v2_label,v2_confidence,v2_reason,auditor_model,final_rank
4107931ac8bfda461525,He answered the question.,Savolga javob berdi.,Tatoeba,v2026-07-08,485,CC BY 2.0 FR,attribution_required,https://object.pouta.csc.fi/OPUS-Tatoeba/v2026-07-08/moses/en-uz.txt.zip,0.95737994,0.0,0,0.311111,False,,correct,1.0,,v1_reused_after_local_filter,1.0,,,,,0.980820973
3e135f6830c7f12cbc70,My telephone number is 9876-5432.,Telefon raqamim 9876-5432.,Tatoeba,v2026-07-08,445,CC BY 2.0 FR,attribution_required,https://object.pouta.csc.fi/OPUS-Tatoeba/v2026-07-08/moses/en-uz.txt.zip,0.96961343,0.0,0,0.677966,False,,correct,1.0,,v1_reused_after_local_filter,1.0,,,,,0.9863260435
85671e932419a6afe0f1,I live in a rural area.,Qishloq joyida yashayman.,Tatoeba,v2026-07-08,273,CC BY 2.0 FR,attribution_required,https://object.pouta.csc.fi/OPUS-Tatoeba/v2026-07-08/moses/en-uz.txt.zip,0.93207514,0.0,0,0.375,False,,,,,v2_new_audit,1.0,correct,1.0,,qwen3.6-plus,0.9694338130000001
2df2625431afcf7917bf,This is my passport.,Bu mening pasportim.,Tatoeba,v2026-07-08,477,CC BY 2.0 FR,attribution_required,https://object.pouta.csc.fi/OPUS-Tatoeba/v2026-07-08/moses/en-uz.txt.zip,0.9278013,0.0,0,0.55,False,,,,,v2_new_audit,1.0,correct,1.0,,qwen3.6-plus,0.967510585
c51bf73dfa3f74693cef,Didn't you see my birds?,Sen mening qushlarimni ko'rmadingmi?,Tatoeba,v2026-07-08,214,CC BY 2.0 FR,attribution_required,https://object.pouta.csc.fi/OPUS-Tatoeba/v2026-07-08/moses/en-uz.txt.zip,0.9287585,0.0,0,0.2,False,,,,,v2_new_audit,1.0,correct,1.0,,qwen3.6-plus,0.9679413250000001
25c7f18db13d570cb03b,What do you believe in?,Nimaga ishonasan?,Tatoeba,v2026-07-08,358,CC BY 2.0 FR,attribution_required,https://object.pouta.csc.fi/OPUS-Tatoeba/v2026-07-08/moses/en-uz.txt.zip,0.90205556,0.0,0,0.25,False,,,,,v2_new_audit,1.0,correct,1.0,,qwen3.6-plus,0.955925002
17278438533e571da6e3,I dreamt a strange dream.,G'ayritabiiy tush ko'rdim.,Tatoeba,v2026-07-08,316,CC BY 2.0 FR,attribution_required,https://object.pouta.csc.fi/OPUS-Tatoeba/v2026-07-08/moses/en-uz.txt.zip,0.8464834,0.0,0,0.196078,False,,,,,v2_new_audit,1.0,correct,1.0,,qwen3.6-plus,0.93091753
4c0d263fc2db84d4aaf6,Spring came.,Bahor keldi.,Tatoeba,v2026-07-08,396,CC BY 2.0 FR,attribution_required,https://object.pouta.csc.fi/OPUS-Tatoeba/v2026-07-08/moses/en-uz.txt.zip,0.93570757,0.0,0,0.25,False,,,,,v2_new_audit,1.0,correct,1.0,,qwen3.6-plus,0.9710684065
cf3b1f08fe4bbd0ed785,I'm dangerous.,Men xavfliman.,Tatoeba,v2026-07-08,346,CC BY 2.0 FR,attribution_required,https://object.pouta.csc.fi/OPUS-Tatoeba/v2026-07-08/moses/en-uz.txt.zip,0.96599865,0.0,0,0.357143,False,,correct,1.0,,v1_reused_after_local_filter,1.0,,,,,0.9846993924999999
3075edf6e6703496e0a6,You will see.,Ko'rasiz.,Tatoeba,v2026-07-08,294,CC BY 2.0 FR,attribution_required,https://object.pouta.csc.fi/OPUS-Tatoeba/v2026-07-08/moses/en-uz.txt.zip,0.9143046,0.0,0,0.272727,False,,,,,v2_new_audit,1.0,correct,1.0,,qwen3.6-plus,0.96143707
24e49622c4d572e8c16c,Where's our son?,O‘g‘limiz qayerda?,Tatoeba,v2026-07-08,479,CC BY 2.0 FR,attribution_required,https://object.pouta.csc.fi/OPUS-Tatoeba/v2026-07-08/moses/en-uz.txt.zip,0.95062125,0.0,0,0.176471,False,,,,,v2_new_audit,1.0,correct,1.0,,qwen3.6-plus,0.9777795625
c4e0371e6e23e7719f57,You can't eat money.,Pul yeyolmaysan.,Tatoeba,v2026-07-08,473,CC BY 2.0 FR,attribution_required,https://object.pouta.csc.fi/OPUS-Tatoeba/v2026-07-08/moses/en-uz.txt.zip,0.87232536,0.0,0,0.277778,False,,,,,v2_new_audit,1.0,correct,1.0,,qwen3.6-plus,0.942546412
0afc286db5f646187e24,I won't die.,O‘lmayman.,Tatoeba,v2026-07-08,270,CC BY 2.0 FR,attribution_required,https://object.pouta.csc.fi/OPUS-Tatoeba/v2026-07-08/moses/en-uz.txt.zip,0.92524755,0.0,0,0.272727,False,,,,,v2_new_audit,1.0,correct,1.0,,qwen3.6-plus,0.9663613974999999
870db8b6777c73d66c68,How much money do you want?,Qancha pul istaysan?,Tatoeba,v2026-07-08,7,CC BY 2.0 FR,attribution_required,https://object.pouta.csc.fi/OPUS-Tatoeba/v2026-07-08/moses/en-uz.txt.zip,0.9040363,0.0,0,0.297872,False,,,,,v2_new_audit,1.0,correct,1.0,,qwen3.6-plus,0.956816335
e693a4933262b881eb09,How did you accomplish this?,Siz buni qanday bajardingiz?,Tatoeba,v2026-07-08,427,CC BY 2.0 FR,attribution_required,https://object.pouta.csc.fi/OPUS-Tatoeba/v2026-07-08/moses/en-uz.txt.zip,0.92584217,0.0,0,0.178571,False,,,,,v2_new_audit,1.0,correct,1.0,,qwen3.6-plus,0.9666289765
ba064d47e5d47a4b3c6c,The coffee is cold.,Kofe sovuq.,Tatoeba,v2026-07-08,172,CC BY 2.0 FR,attribution_required,https://object.pouta.csc.fi/OPUS-Tatoeba/v2026-07-08/moses/en-uz.txt.zip,0.84864086,0.0,0,0.266667,False,,,,,v2_new_audit,1.0,correct,1.0,,qwen3.6-plus,0.931888387
bd55c2c86ff34dee3776,You will help.,Yordam berasiz.,Tatoeba,v2026-07-08,288,CC BY 2.0 FR,attribution_required,https://object.pouta.csc.fi/OPUS-Tatoeba/v2026-07-08/moses/en-uz.txt.zip,0.8956888,0.0,0,0.344828,False,,,,,v2_new_audit,1.0,correct,1.0,,qwen3.6-plus,0.9530599599999999
964fd24dd9777b01c1ce,I don't have all the facts.,Menda hamma faktlar yo'q.,Tatoeba,v2026-07-08,236,CC BY 2.0 FR,attribution_required,https://object.pouta.csc.fi/OPUS-Tatoeba/v2026-07-08/moses/en-uz.txt.zip,0.9638327,0.0,0,0.384615,False,,correct,1.0,,v1_reused_after_local_filter,1.0,,,,,0.983724715
9d24954641d35de68c53,I want to be a teacher.,O'qituvchi bo'lmoq istayman.,Tatoeba,v2026-07-08,282,CC BY 2.0 FR,attribution_required,https://object.pouta.csc.fi/OPUS-Tatoeba/v2026-07-08/moses/en-uz.txt.zip,0.909091,0.0,0,0.196078,False,,,,,v2_new_audit,1.0,correct,1.0,,qwen3.6-plus,0.95909095
8854bb8d8dfa27d1c84a,I have one friend.,Mening bir do'stim bor.,Tatoeba,v2026-07-08,380,CC BY 2.0 FR,attribution_required,https://object.pouta.csc.fi/OPUS-Tatoeba/v2026-07-08/moses/en-uz.txt.zip,0.92073464,0.0,0,0.195122,False,,,,,v2_new_audit,1.0,correct,1.0,,qwen3.6-plus,0.964330588
7b1f78f794b4dfb05233,Do you have a house?,Sizning uyingiz bormi?,Tatoeba,v2026-07-08,310,CC BY 2.0 FR,attribution_required,https://object.pouta.csc.fi/OPUS-Tatoeba/v2026-07-08/moses/en-uz.txt.zip,0.9203493,0.0,0,0.095238,False,,,,,v2_new_audit,1.0,correct,1.0,,qwen3.6-plus,0.964157185
67279e306ffa148658aa,I'm a translator.,Men tarjimon.,Tatoeba,v2026-07-08,179,CC BY 2.0 FR,attribution_required,https://object.pouta.csc.fi/OPUS-Tatoeba/v2026-07-08/moses/en-uz.txt.zip,0.9593457,0.0,0,0.4,False,,correct,1.0,,v1_reused_after_local_filter,1.0,,,,,0.9817055650000001
72a95ed00ed7f0e07907,Where are my watches?,Mening soatlarim qani?,Tatoeba,v2026-07-08,122,CC BY 2.0 FR,attribution_required,https://object.pouta.csc.fi/OPUS-Tatoeba/v2026-07-08/moses/en-uz.txt.zip,0.8439493,0.0,0,0.325581,False,,,,,v2_new_audit,1.0,correct,1.0,,qwen3.6-plus,0.929777185
4c03d9dbf1704983a177,This is not a cat. This is a dog.,Bu mushuk emas. Bu it.,Tatoeba,v2026-07-08,234,CC BY 2.0 FR,attribution_required,https://object.pouta.csc.fi/OPUS-Tatoeba/v2026-07-08/moses/en-uz.txt.zip,0.9537653,0.0,1,0.218182,False,,correct,1.0,,v1_reused_after_local_filter,1.0,,,,,0.979194385
8125da7e4deb13778c22,"Greetings, old friend!","Salam, eski do'stim!",Tatoeba,v2026-07-08,237,CC BY 2.0 FR,attribution_required,https://object.pouta.csc.fi/OPUS-Tatoeba/v2026-07-08/moses/en-uz.txt.zip,0.89928806,0.0,0,0.190476,False,,,,,v2_new_audit,1.0,correct,1.0,,qwen3.6-plus,0.954679627
91e86d88d23164f6402c,I went to school yesterday.,Men kecha maktabga bordim.,Tatoeba,v2026-07-08,69,CC BY 2.0 FR,attribution_required,https://object.pouta.csc.fi/OPUS-Tatoeba/v2026-07-08/moses/en-uz.txt.zip,0.91022223,0.0,0,0.339623,False,,,,,v2_new_audit,1.0,correct,1.0,,qwen3.6-plus,0.9596000035
d98a25e30463bb3bc1ab,What did the doctor tell you?,Shifokor sizga nima aytib berdi?,Tatoeba,v2026-07-08,264,CC BY 2.0 FR,attribution_required,https://object.pouta.csc.fi/OPUS-Tatoeba/v2026-07-08/moses/en-uz.txt.zip,0.9659512,0.0,0,0.295082,False,,correct,1.0,,v1_reused_after_local_filter,1.0,,,,,0.98467804
844cf3211ba8afab3f6a,I changed the baby's nappy.,Chaqaloqning tagligini o'zgartirdim.,Tatoeba,v2026-07-08,315,CC BY 2.0 FR,attribution_required,https://object.pouta.csc.fi/OPUS-Tatoeba/v2026-07-08/moses/en-uz.txt.zip,0.87786186,0.0,0,0.31746,False,,,,,v2_new_audit,1.0,correct,1.0,,qwen3.6-plus,0.945037837
1dbbb6e600396c644a98,There are some magazines in my room.,Mening xonamda bir qancha jurnallar bor.,Tatoeba,v2026-07-08,330,CC BY 2.0 FR,attribution_required,https://object.pouta.csc.fi/OPUS-Tatoeba/v2026-07-08/moses/en-uz.txt.zip,0.84060013,0.0,0,0.210526,False,,,,,v2_new_audit,1.0,correct,1.0,,qwen3.6-plus,0.9282700585
8f6d93063be166f83063,You and Tom will be safe here.,Sen va Tom bu yerda xavfsiz bo'lasizlar.,Tatoeba,v2026-07-08,495,CC BY 2.0 FR,attribution_required,https://object.pouta.csc.fi/OPUS-Tatoeba/v2026-07-08/moses/en-uz.txt.zip,0.9407927,0.142857,0,0.4,False,,,,,v2_new_audit,1.0,correct,1.0,,qwen3.6-plus,0.9590710150000001
3449e9d1124abb4033fe,I've lost my passport!,Men pasportimni yo'qotib qo'ydim!,Tatoeba,v2026-07-08,258,CC BY 2.0 FR,attribution_required,https://object.pouta.csc.fi/OPUS-Tatoeba/v2026-07-08/moses/en-uz.txt.zip,0.9313196,0.0,0,0.363636,False,,,,,v2_new_audit,1.0,correct,1.0,,qwen3.6-plus,0.96909382
e824d697841edd6378b4,Life on Earth may be expensive.,Dunyoda hayot qimmat bo'la oladi.,Tatoeba,v2026-07-08,342,CC BY 2.0 FR,attribution_required,https://object.pouta.csc.fi/OPUS-Tatoeba/v2026-07-08/moses/en-uz.txt.zip,0.84983665,0.0,0,0.1875,False,,,,,v2_new_audit,1.0,correct,1.0,,qwen3.6-plus,0.9324264925
75ca12d67150cf44b2d2,I sometimes go to the cinema.,Ba'zan kinoteatrga boraman.,Tatoeba,v2026-07-08,338,CC BY 2.0 FR,attribution_required,https://object.pouta.csc.fi/OPUS-Tatoeba/v2026-07-08/moses/en-uz.txt.zip,0.9567305,0.0,0,0.25,False,,correct,1.0,,v1_reused_after_local_filter,1.0,,,,,0.980528725
3069a7f40a4bec860f55,You will listen.,Siz tinglaysiz.,Tatoeba,v2026-07-08,292,CC BY 2.0 FR,attribution_required,https://object.pouta.csc.fi/OPUS-Tatoeba/v2026-07-08/moses/en-uz.txt.zip,0.89710736,0.0,0,0.193548,False,,,,,v2_new_audit,1.0,correct,1.0,,qwen3.6-plus,0.953698312
98a2c7696a7c718b1fde,Every colour has a meaning.,Har bir rangning ma'nosi bor.,Tatoeba,v2026-07-08,314,CC BY 2.0 FR,attribution_required,https://object.pouta.csc.fi/OPUS-Tatoeba/v2026-07-08/moses/en-uz.txt.zip,0.96107924,0.0,0,0.285714,False,,correct,1.0,,v1_reused_after_local_filter,1.0,,,,,0.982485658
a64c453cbf4cc4789cde,You are eating.,Sen yeyapsan.,Tatoeba,v2026-07-08,403,CC BY 2.0 FR,attribution_required,https://object.pouta.csc.fi/OPUS-Tatoeba/v2026-07-08/moses/en-uz.txt.zip,0.94055456,0.0,0,0.357143,False,,,,,v2_new_audit,1.0,correct,1.0,,qwen3.6-plus,0.9732495520000001
c978d6ff566d3afc3784,Open your books.,Kitoblaringizni oching.,Tatoeba,v2026-07-08,337,CC BY 2.0 FR,attribution_required,https://object.pouta.csc.fi/OPUS-Tatoeba/v2026-07-08/moses/en-uz.txt.zip,0.886881,0.0,0,0.25641,False,,,,,v2_new_audit,1.0,correct,1.0,,qwen3.6-plus,0.94909645
e29572804069e17dbd34,She can speak.,U gapira oladi.,Tatoeba,v2026-07-08,335,CC BY 2.0 FR,attribution_required,https://object.pouta.csc.fi/OPUS-Tatoeba/v2026-07-08/moses/en-uz.txt.zip,0.94620854,0.0,0,0.344828,False,,,,,v2_new_audit,1.0,correct,1.0,,qwen3.6-plus,0.975793843
3377bbbf833f1402173f,We are eating.,Biz yeyapmiz.,Tatoeba,v2026-07-08,406,CC BY 2.0 FR,attribution_required,https://object.pouta.csc.fi/OPUS-Tatoeba/v2026-07-08/moses/en-uz.txt.zip,0.9371774,0.0,0,0.296296,False,,,,,v2_new_audit,1.0,correct,1.0,,qwen3.6-plus,0.97172983
aa1525fa0d37bf233a87,I saw a rabbit in the forest.,O'rmonda bir quyon ko'rdim.,Tatoeba,v2026-07-08,376,CC BY 2.0 FR,attribution_required,https://object.pouta.csc.fi/OPUS-Tatoeba/v2026-07-08/moses/en-uz.txt.zip,0.9000317,0.0,0,0.357143,False,,,,,v2_new_audit,1.0,correct,1.0,,qwen3.6-plus,0.955014265
7a807f88bba793035258,Where are my clocks?,Mening soatlarim qani?,Tatoeba,v2026-07-08,125,CC BY 2.0 FR,attribution_required,https://object.pouta.csc.fi/OPUS-Tatoeba/v2026-07-08/moses/en-uz.txt.zip,0.8506441,0.0,0,0.285714,False,,,,,v2_new_audit,1.0,correct,1.0,,qwen3.6-plus,0.932789845
0b40e051dec8aed53526,I speak Uzbek.,Men o'zbekcha gapiraman.,Tatoeba,v2026-07-08,324,CC BY 2.0 FR,attribution_required,https://object.pouta.csc.fi/OPUS-Tatoeba/v2026-07-08/moses/en-uz.txt.zip,0.9261818,0.0,0,0.315789,False,,,,,v2_new_audit,1.0,correct,1.0,,qwen3.6-plus,0.96678181
44324a1913fb5392fa9d,Tom owns a recording studio.,Tomning ovoz yozish studiyasi bor.,Tatoeba,v2026-07-08,503,CC BY 2.0 FR,attribution_required,https://object.pouta.csc.fi/OPUS-Tatoeba/v2026-07-08/moses/en-uz.txt.zip,0.8557615,0.0,0,0.483871,False,,,,,v2_new_audit,1.0,correct,1.0,,qwen3.6-plus,0.935092675
72c2474b07b4c0d42388,Your house is big.,Sening uying katta.,Tatoeba,v2026-07-08,212,CC BY 2.0 FR,attribution_required,https://object.pouta.csc.fi/OPUS-Tatoeba/v2026-07-08/moses/en-uz.txt.zip,0.9636388,0.0,0,0.324324,False,,correct,1.0,,v1_reused_after_local_filter,1.0,,,,,0.9836374600000001
29f0dd5b8bc00dcb4c87,We all thought that Tom might kill himself.,Biz hammamiz Tom o'zini o'ldirishi mumkin deb o'ylagandik.,Tatoeba,v2026-07-08,467,CC BY 2.0 FR,attribution_required,https://object.pouta.csc.fi/OPUS-Tatoeba/v2026-07-08/moses/en-uz.txt.zip,0.9365581,0.125,0,0.277228,False,,,,,v2_new_audit,1.0,correct,1.0,,qwen3.6-plus,0.958951145
5f3ec1d518303b80a97c,I am very smart.,Men juda aqlliman.,Tatoeba,v2026-07-08,456,CC BY 2.0 FR,attribution_required,https://object.pouta.csc.fi/OPUS-Tatoeba/v2026-07-08/moses/en-uz.txt.zip,0.9422466,0.0,0,0.294118,False,,,,,v2_new_audit,1.0,correct,1.0,,qwen3.6-plus,0.97401097
5ddfefa6f72ae74eae05,How old are you?,Yoshingiz nechada?,Tatoeba,v2026-07-08,161,CC BY 2.0 FR,attribution_required,https://object.pouta.csc.fi/OPUS-Tatoeba/v2026-07-08/moses/en-uz.txt.zip,0.905229,0.0,0,0.176471,False,,,,,v2_new_audit,1.0,correct,1.0,,qwen3.6-plus,0.9573530499999999
7f314e778a82e5e5c63c,We eat.,Biz yeyapmiz.,Tatoeba,v2026-07-08,405,CC BY 2.0 FR,attribution_required,https://object.pouta.csc.fi/OPUS-Tatoeba/v2026-07-08/moses/en-uz.txt.zip,0.95203173,0.0,0,0.3,False,,,,,v2_new_audit,1.0,correct,1.0,,qwen3.6-plus,0.9784142785
4eb2db3f5012ad9cab72,This is beautiful.,Bu go'zal.,Tatoeba,v2026-07-08,252,CC BY 2.0 FR,attribution_required,https://object.pouta.csc.fi/OPUS-Tatoeba/v2026-07-08/moses/en-uz.txt.zip,0.916782,0.0,0,0.285714,False,,,,,v2_new_audit,1.0,correct,1.0,,qwen3.6-plus,0.9625519
69e39c55fbba96ecaaea,Do you love your mother?,Onangizni sevasizmi?,Tatoeba,v2026-07-08,411,CC BY 2.0 FR,attribution_required,https://object.pouta.csc.fi/OPUS-Tatoeba/v2026-07-08/moses/en-uz.txt.zip,0.9445373,0.0,0,0.227273,False,,,,,v2_new_audit,1.0,correct,1.0,,qwen3.6-plus,0.975041785
3795617489acd4d9e70f,His eyes were dark.,Uning ko'zlari qora edi.,Tatoeba,v2026-07-08,344,CC BY 2.0 FR,attribution_required,https://object.pouta.csc.fi/OPUS-Tatoeba/v2026-07-08/moses/en-uz.txt.zip,0.8728075,0.0,0,0.232558,False,,,,,v2_new_audit,1.0,correct,1.0,,qwen3.6-plus,0.942763375
033efbd49b6fa4592706,Emily is English.,Emili ingliz.,Tatoeba,v2026-07-08,341,CC BY 2.0 FR,attribution_required,https://object.pouta.csc.fi/OPUS-Tatoeba/v2026-07-08/moses/en-uz.txt.zip,0.89400285,0.0,0,0.733333,False,,,,,v2_new_audit,1.0,correct,1.0,,qwen3.6-plus,0.9523012825
73bf5f2ec09094bc7c9f,Life's a ruin without you.,Sensiz hayot barbod.,Tatoeba,v2026-07-08,109,CC BY 2.0 FR,attribution_required,https://object.pouta.csc.fi/OPUS-Tatoeba/v2026-07-08/moses/en-uz.txt.zip,0.8717973,0.0,0,0.347826,False,,,,,v2_new_audit,1.0,correct,1.0,,qwen3.6-plus,0.9423087849999999
09b5fd76c3188bb861c1,It is my dog.,U mening itim.,Tatoeba,v2026-07-08,244,CC BY 2.0 FR,attribution_required,https://object.pouta.csc.fi/OPUS-Tatoeba/v2026-07-08/moses/en-uz.txt.zip,0.8867368,0.0,0,0.37037,False,,,,,v2_new_audit,1.0,correct,1.0,,qwen3.6-plus,0.94903156
25f3f45e039d82e90f12,He avoided danger.,U xavfdan qutildi.,Tatoeba,v2026-07-08,434,CC BY 2.0 FR,attribution_required,https://object.pouta.csc.fi/OPUS-Tatoeba/v2026-07-08/moses/en-uz.txt.zip,0.850986,0.0,0,0.388889,False,,,,,v2_new_audit,1.0,correct,1.0,,qwen3.6-plus,0.9329436999999999
e855dd277fdca1ddc0e4,He went to Ashkhabad.,U Ashxobodga bordi.,Tatoeba,v2026-07-08,392,CC BY 2.0 FR,attribution_required,https://object.pouta.csc.fi/OPUS-Tatoeba/v2026-07-08/moses/en-uz.txt.zip,0.8697007,0.0,0,0.4,False,,,,,v2_new_audit,1.0,correct,1.0,,qwen3.6-plus,0.941365315
51c6c9ebc1377aaca495,She is here.,U bu yerda.,Tatoeba,v2026-07-08,347,CC BY 2.0 FR,attribution_required,https://object.pouta.csc.fi/OPUS-Tatoeba/v2026-07-08/moses/en-uz.txt.zip,0.9251947,0.0,0,0.434783,False,,,,,v2_new_audit,1.0,correct,1.0,,qwen3.6-plus,0.966337615
82b4901a40b974f6fb06,I don't like owing money to my friends.,Do‘stlarimdan qarzdor bo‘lishni yoqtirmayman.,Tatoeba,v2026-07-08,490,CC BY 2.0 FR,attribution_required,https://object.pouta.csc.fi/OPUS-Tatoeba/v2026-07-08/moses/en-uz.txt.zip,0.8598417,0.0,0,0.119048,False,,,,,v2_new_audit,1.0,correct,1.0,,qwen3.6-plus,0.936928765
cadd7d04b1aa2cdb6b73,Who rules the world?,Dunyoni kim boshqaradi?,Tatoeba,v2026-07-08,514,CC BY 2.0 FR,attribution_required,https://object.pouta.csc.fi/OPUS-Tatoeba/v2026-07-08/moses/en-uz.txt.zip,0.93945384,0.0,0,0.186047,False,,,,,v2_new_audit,1.0,correct,1.0,,qwen3.6-plus,0.972754228
b8d5abd34931ce5c2ca4,Do you have a house?,Sening uying bormi?,Tatoeba,v2026-07-08,308,CC BY 2.0 FR,attribution_required,https://object.pouta.csc.fi/OPUS-Tatoeba/v2026-07-08/moses/en-uz.txt.zip,0.91741306,0.0,0,0.153846,False,,,,,v2_new_audit,1.0,correct,1.0,,qwen3.6-plus,0.962835877
57f8406c24f4933df10d,Didn't you see my birds?,Siz mening qushlarimni ko'rmadingizmi?,Tatoeba,v2026-07-08,213,CC BY 2.0 FR,attribution_required,https://object.pouta.csc.fi/OPUS-Tatoeba/v2026-07-08/moses/en-uz.txt.zip,0.9314891,0.0,0,0.193548,False,,,,,v2_new_audit,1.0,correct,1.0,,qwen3.6-plus,0.969170095
9f5597208f9aab5539d3,How much money do you want?,Qancha pul xohlaysan?,Tatoeba,v2026-07-08,5,CC BY 2.0 FR,attribution_required,https://object.pouta.csc.fi/OPUS-Tatoeba/v2026-07-08/moses/en-uz.txt.zip,0.9204629,0.0,0,0.333333,False,,,,,v2_new_audit,1.0,correct,1.0,,qwen3.6-plus,0.964208305
15a1f30c25bcb6d4ba6b,He will never acquiesce.,U hech qachon rozi bo'lmaydi.,Tatoeba,v2026-07-08,431,CC BY 2.0 FR,attribution_required,https://object.pouta.csc.fi/OPUS-Tatoeba/v2026-07-08/moses/en-uz.txt.zip,0.92306674,0.0,0,0.264151,False,,,,,v2_new_audit,1.0,correct,1.0,,qwen3.6-plus,0.965380033
aeaa9f0f192d1ba458a4,I was lucky.,Men omadli edim.,Tatoeba,v2026-07-08,66,CC BY 2.0 FR,attribution_required,https://object.pouta.csc.fi/OPUS-Tatoeba/v2026-07-08/moses/en-uz.txt.zip,0.9415979,0.0,0,0.214286,False,,,,,v2_new_audit,1.0,correct,1.0,,qwen3.6-plus,0.973719055
fe0a00662b0b39f2cd79,I've seen her before.,Men oldin uni ko'rgan edim.,Tatoeba,v2026-07-08,275,CC BY 2.0 FR,attribution_required,https://object.pouta.csc.fi/OPUS-Tatoeba/v2026-07-08/moses/en-uz.txt.zip,0.9294787,0.0,0,0.208333,False,,,,,v2_new_audit,1.0,correct,1.0,,qwen3.6-plus,0.968265415
1ebca1817c34560370ec,I will go to the school tomorrow.,Men ertaga maktabga boraman.,Tatoeba,v2026-07-08,322,CC BY 2.0 FR,attribution_required,https://object.pouta.csc.fi/OPUS-Tatoeba/v2026-07-08/moses/en-uz.txt.zip,0.9405753,0.0,0,0.229508,False,,,,,v2_new_audit,1.0,correct,1.0,,qwen3.6-plus,0.973258885
f1ae8aedd8c6c9f6b443,I decided to be a doctor.,Shifokor bo'lishga qaror qildim.,Tatoeba,v2026-07-08,65,CC BY 2.0 FR,attribution_required,https://object.pouta.csc.fi/OPUS-Tatoeba/v2026-07-08/moses/en-uz.txt.zip,0.9278155,0.0,0,0.315789,False,,,,,v2_new_audit,1.0,correct,1.0,,qwen3.6-plus,0.967516975
6b4b8dbe424a3204d133,You are eating.,Siz yeyapsiz.,Tatoeba,v2026-07-08,404,CC BY 2.0 FR,attribution_required,https://object.pouta.csc.fi/OPUS-Tatoeba/v2026-07-08/moses/en-uz.txt.zip,0.93600833,0.0,0,0.285714,False,,,,,v2_new_audit,1.0,correct,1.0,,qwen3.6-plus,0.9712037485
2e39d8bb6e25e91374f0,This shop does not sell women's clothing.,Bu do‘konda ayollar kiyimlari sotilmaydi.,Tatoeba,v2026-07-08,494,CC BY 2.0 FR,attribution_required,https://object.pouta.csc.fi/OPUS-Tatoeba/v2026-07-08/moses/en-uz.txt.zip,0.92458355,0.0,0,0.243902,False,,,,,v2_new_audit,1.0,correct,1.0,,qwen3.6-plus,0.9660625975
839bff3e7d5d3a6946a2,Social media waste your time.,Ijtimoiy tarmoqlar vaqtingizni yo‘qotadi.,Tatoeba,v2026-07-08,470,CC BY 2.0 FR,attribution_required,https://object.pouta.csc.fi/OPUS-Tatoeba/v2026-07-08/moses/en-uz.txt.zip,0.8863436,0.0,0,0.342857,False,,,,,v2_new_audit,1.0,correct,1.0,,qwen3.6-plus,0.94885462
e8a94b373f9ce1822dff,That is beautiful.,Bu go'zal.,Tatoeba,v2026-07-08,238,CC BY 2.0 FR,attribution_required,https://object.pouta.csc.fi/OPUS-Tatoeba/v2026-07-08/moses/en-uz.txt.zip,0.89922404,0.0,0,0.214286,False,,,,,v2_new_audit,1.0,correct,1.0,,qwen3.6-plus,0.9546508180000001
226a9d2b1cbbba075d8c,Do you have a house?,Uying bormi?,Tatoeba,v2026-07-08,307,CC BY 2.0 FR,attribution_required,https://object.pouta.csc.fi/OPUS-Tatoeba/v2026-07-08/moses/en-uz.txt.zip,0.9266762,0.0,0,0.125,False,,,,,v2_new_audit,1.0,correct,1.0,,qwen3.6-plus,0.96700429
211522c710d6817bc1b9,Where's our daughter?,Qizimiz qayerda?,Tatoeba,v2026-07-08,480,CC BY 2.0 FR,attribution_required,https://object.pouta.csc.fi/OPUS-Tatoeba/v2026-07-08/moses/en-uz.txt.zip,0.95573837,0.0,0,0.27027,False,,correct,1.0,,v1_reused_after_local_filter,1.0,,,,,0.9800822665
a8fe1043d612d467c0bd,"I need a spoon, a fork, and a knife. Thank you.","Menga qoshiq, vilka va pichoq kerak. Rahmat.",Tatoeba,v2026-07-08,226,CC BY 2.0 FR,attribution_required,https://object.pouta.csc.fi/OPUS-Tatoeba/v2026-07-08/moses/en-uz.txt.zip,0.921362,0.0,0,0.351648,False,,,,,v2_new_audit,1.0,correct,1.0,,qwen3.6-plus,0.9646129
a5f4cd5c501027aaa77a,They spent all the money.,Ular hamma pulni sarflashdi.,Tatoeba,v2026-07-08,508,CC BY 2.0 FR,attribution_required,https://object.pouta.csc.fi/OPUS-Tatoeba/v2026-07-08/moses/en-uz.txt.zip,0.9390845,0.0,0,0.264151,False,,,,,v2_new_audit,1.0,correct,1.0,,qwen3.6-plus,0.972588025
c638eefaa6629519ce60,The water was hot.,Suv issiq edi.,Tatoeba,v2026-07-08,375,CC BY 2.0 FR,attribution_required,https://object.pouta.csc.fi/OPUS-Tatoeba/v2026-07-08/moses/en-uz.txt.zip,0.9361385,0.0,0,0.125,False,,,,,v2_new_audit,1.0,correct,1.0,,qwen3.6-plus,0.971262325
4b04cc3dc373d500ec4c,The problem isn't ours.,Muammo bizning emas.,Tatoeba,v2026-07-08,320,CC BY 2.0 FR,attribution_required,https://object.pouta.csc.fi/OPUS-Tatoeba/v2026-07-08/moses/en-uz.txt.zip,0.9720266,0.0,0,0.27907,False,,correct,1.0,,v1_reused_after_local_filter,1.0,,,,,0.98741197
5f109f96178f674ec27c,Look into my eyes.,Ko'zlarimning ichiga qara.,Tatoeba,v2026-07-08,169,CC BY 2.0 FR,attribution_required,https://object.pouta.csc.fi/OPUS-Tatoeba/v2026-07-08/moses/en-uz.txt.zip,0.94564074,0.0,0,0.227273,False,,,,,v2_new_audit,1.0,correct,1.0,,qwen3.6-plus,0.9755383329999999
72ae19fa083d266ec558,My grandpa was an archeologist.,Mening bobom arxeolog edi.,Tatoeba,v2026-07-08,394,CC BY 2.0 FR,attribution_required,https://object.pouta.csc.fi/OPUS-Tatoeba/v2026-07-08/moses/en-uz.txt.zip,0.90538883,0.0,0,0.421053,False,,,,,v2_new_audit,1.0,correct,1.0,,qwen3.6-plus,0.9574249735
5123144a60c7518a03ea,The temperature was above zero last week.,O'tgan hafta harorat noldan yuqori edi.,Tatoeba,v2026-07-08,422,CC BY 2.0 FR,attribution_required,https://object.pouta.csc.fi/OPUS-Tatoeba/v2026-07-08/moses/en-uz.txt.zip,0.908178,0.0,0,0.25,False,,,,,v2_new_audit,1.0,correct,1.0,,qwen3.6-plus,0.9586801
b88a9b86a647d6e4bfcf,This command is an alias of `xzgrep --extended-regexp`.,Ushbu buyruq taxallus `xzgrep --extended-regexp`.,tldr-pages,v2026-07-07,520,CC BY 4.0 (upstream pages; verify OPUS package metadata),attribution_and_metadata_review_required,https://object.pouta.csc.fi/OPUS-tldr-pages/v2026-07-07/moses/en-uz.txt.zip,0.95156753,0.333333,0,0.634615,False,,,,,v2_new_audit,1.0,correct,1.0,,qwen3.6-plus,0.9448720885
1bb4396df6066d83c049,Android service manager.,Android xizmatlar boshqaruvchisi.,tldr-pages,v2026-07-07,16,CC BY 4.0 (upstream pages; verify OPUS package metadata),attribution_and_metadata_review_required,https://object.pouta.csc.fi/OPUS-tldr-pages/v2026-07-07/moses/en-uz.txt.zip,0.94834447,0.333333,0,0.491228,False,,,,,v2_new_audit,0.98,correct,0.98,,qwen3.6-plus,0.9344217115
a79af483fd974e9af364,This command is an alias of `grep --recursive`.,Ushbu buyruq taxallus `grep --recursive`.,tldr-pages,v2026-07-07,628,CC BY 4.0 (upstream pages; verify OPUS package metadata),attribution_and_metadata_review_required,https://object.pouta.csc.fi/OPUS-tldr-pages/v2026-07-07/moses/en-uz.txt.zip,0.9545423,0.25,0,0.568182,False,,correct,1.0,,v1_reused_after_local_filter,1.0,,,,,0.9545440350000001
7ada61b9ab45c4ee7bb1,This command is an alias of `run-mailcap --action=view`.,Ushbu buyruq taxallus `run-mailcap --action=view`.,tldr-pages,v2026-07-07,189,CC BY 4.0 (upstream pages; verify OPUS package metadata),attribution_and_metadata_review_required,https://object.pouta.csc.fi/OPUS-tldr-pages/v2026-07-07/moses/en-uz.txt.zip,0.94970113,0.4,0,0.641509,False,,,,,v2_new_audit,1.0,correct,1.0,,qwen3.6-plus,0.9373655085000001
4cc1c41fc5965c5fdc0e,"Joshua Ryan Owen (born August 28, 1981), known professionally as Jake Owen, is an American country music singer, songwriter, and actor.","Joshua Ryan Owen (1981-yil 28-avgustda tug'ilgan), professional sifatida Jake Owen sifatida tanilgan, amerikalik kantri musiqasi qo'shiqchisi, qo'shiq muallifi va aktyori.",wikimedia,v20260327,641228,Upstream Wikimedia terms vary; commonly CC BY-SA/GFDL,attribution_sharealike_legal_review_required,https://object.pouta.csc.fi/OPUS-wikimedia/v20260327/moses/en-uz.txt.zip,0.96566665,0.263158,0,0.535948,False,,correct,1.0,,v1_reused_after_local_filter,1.0,,,,,0.9582341925
c1c2d85142ef7db58377,"He married Frances Potter, daughter of a merchant, September 18, 1890.",U 1890 yil 18 sentyabrda savdogarning qizi Frensis Potterga uylandi.,wikimedia,v20260327,927448,Upstream Wikimedia terms vary; commonly CC BY-SA/GFDL,attribution_sharealike_legal_review_required,https://object.pouta.csc.fi/OPUS-wikimedia/v20260327/moses/en-uz.txt.zip,0.9573455,0.0,0,0.333333,False,,correct,1.0,,v1_reused_after_local_filter,1.0,,,,,0.980805475
f713546418c4ca6d5cfe,Head coach: Mark Wotte,Bosh murabbiy: Mark Wotte,wikimedia,v20260327,992761,Upstream Wikimedia terms vary; commonly CC BY-SA/GFDL,attribution_sharealike_legal_review_required,https://object.pouta.csc.fi/OPUS-wikimedia/v20260327/moses/en-uz.txt.zip,0.95883685,0.5,0,0.595745,False,,correct,1.0,,v1_reused_after_local_filter,1.0,,,,,0.9314765825
f7d1743f91a03e62010b,Both the films were commercial successes.,Ikkala film ham tijorat muvaffaqiyatlari bo`lgan.,wikimedia,v20260327,352878,Upstream Wikimedia terms vary; commonly CC BY-SA/GFDL,attribution_sharealike_legal_review_required,https://object.pouta.csc.fi/OPUS-wikimedia/v20260327/moses/en-uz.txt.zip,0.95159876,0.0,0,0.244444,False,,,,,v2_new_audit,1.0,correct,1.0,,qwen3.6-plus,0.978219442
fbf0e70f56f1e3c9ecbb,"In the summer of 2019, at the initiative of the Association of the French aerospace industry, the Paris Air Show-2019 was held in Paris.",2019-yilning yozida Fransiya aerokosmik sanoati assotsiatsiyasi tashabbusi bilan Parijda Parij havo ko‘rgazmasi-2019 bo‘lib o‘tdi.,wikimedia,v20260327,867960,Upstream Wikimedia terms vary; commonly CC BY-SA/GFDL,attribution_sharealike_legal_review_required,https://object.pouta.csc.fi/OPUS-wikimedia/v20260327/moses/en-uz.txt.zip,0.9492359,0.0,0,0.330827,False,,,,,v2_new_audit,1.0,correct,1.0,,deepseek-v4-flash,0.977156155
7381a57d89a6758617f5,The Greek Embassy in Oslo opened in 1980 and the Norwegian Embassy in Athens opened in 1974.,"Osloda Gretsiya elchixonasi 1980-yilda, Norvegiyaning Afinadagi elchixonasi 1974-yilda ochilgan.",wikimedia,v20260327,865176,Upstream Wikimedia terms vary; commonly CC BY-SA/GFDL,attribution_sharealike_legal_review_required,https://object.pouta.csc.fi/OPUS-wikimedia/v20260327/moses/en-uz.txt.zip,0.94854736,0.0,0,0.37234,False,,,,,v2_new_audit,0.95,correct,0.95,Natural and complete translation.,deepseek-v4-flash,0.954346312
a529937124f00c0e7c51,Pielisjärvi is a former municipality in the region of North Karelia in Finland.,Pielisjärvi Finlyandiyaning Shimoliy Kareliya mintaqasida joylashgan sobiq munisipalitetdir .,wikimedia,v20260327,1033404,Upstream Wikimedia terms vary; commonly CC BY-SA/GFDL,attribution_sharealike_legal_review_required,https://object.pouta.csc.fi/OPUS-wikimedia/v20260327/moses/en-uz.txt.zip,0.94529736,0.142857,0,0.430233,False,,,,,v2_new_audit,0.95,correct,0.95,准确。,deepseek-v4-flash,0.938598112
d8d3bf2d0d75db251a0a,"In the summer of 2017, Lazio prevented Milinković-Savić from playing at the 2017 UEFA European Under-21 Championship.","2017-yilning yozida ""Lazio"" Milinković-Savićni 2017-yilgi UEFA U-21 Yevropa chempionatida o'ynashiga to'sqinlik qildi.",wikimedia,v20260327,244261,Upstream Wikimedia terms vary; commonly CC BY-SA/GFDL,attribution_sharealike_legal_review_required,https://object.pouta.csc.fi/OPUS-wikimedia/v20260327/moses/en-uz.txt.zip,0.96193993,0.25,0,0.468085,False,,correct,1.0,,v1_reused_after_local_filter,1.0,,,,,0.9578729685
02a2737464699ef27d49,"In mid-2015, it was announced that Bute would take part in a title fight against IBF super-middleweight champion James DeGale.",2015-yilning o'rtalarida Bute supero'rta vazn toifasida IBF chempioni James DeGalega qarshi chempionlik jangida ishtirok etishi e'lon qilindi.,wikimedia,v20260327,928471,Upstream Wikimedia terms vary; commonly CC BY-SA/GFDL,attribution_sharealike_legal_review_required,https://object.pouta.csc.fi/OPUS-wikimedia/v20260327/moses/en-uz.txt.zip,0.9561472,0.142857,0,0.328358,False,,correct,1.0,,v1_reused_after_local_filter,1.0,,,,,0.9659805400000001
12f912e7ea3370cffb65,"They first appeared in the 1972 Summer Olympics in Munich, West Germany.",Ular birinchi marta 1972-yilda G'arbiy Germaniyaning Myunxen shahrida bo'lib o'tgan yozgi Olimpia o'yinlarida paydo bo'lgan.,wikimedia,v20260327,384700,Upstream Wikimedia terms vary; commonly CC BY-SA/GFDL,attribution_sharealike_legal_review_required,https://object.pouta.csc.fi/OPUS-wikimedia/v20260327/moses/en-uz.txt.zip,0.9430883,0.0,0,0.244898,False,,,,,v2_new_audit,0.95,correct,0.95,'Olimpia o'yinlari'应为'Olimpiya o'yinlari'，拼写略有瑕疵。,deepseek-v4-flash,0.951889735
67620fbdc7261fe36631,"Having started out at local side GKP Gorzów Wielkopolski, Kownacki joined Lech Poznań in 2005, coming through the youth ranks and making it to the first team in December 2013.",Mahalliy GKP Gorzów Wielkopolski jamoasida faoliyatini boshlagan Kownacki 2005-yilda Lech Poznańga qo'shilgan. 2013-yil dekabr oyida yosh toifadagi jamoadan asosiy jamoaga oʻtdi.,wikimedia,v20260327,761995,Upstream Wikimedia terms vary; commonly CC BY-SA/GFDL,attribution_sharealike_legal_review_required,https://object.pouta.csc.fi/OPUS-wikimedia/v20260327/moses/en-uz.txt.zip,0.9523287,0.241379,0,0.351275,False,,,,,v2_new_audit,1.0,correct,1.0,,qwen3.6-plus,0.954410015
115cb729354e58d1fd12,"Some credit unions, including PenFed, also issue American Express cards.","Ayrim kredit uyushmalari, jumladan PenFed ham American Express kartalarini chiqaradi.",wikimedia,v20260327,227058,Upstream Wikimedia terms vary; commonly CC BY-SA/GFDL,attribution_sharealike_legal_review_required,https://object.pouta.csc.fi/OPUS-wikimedia/v20260327/moses/en-uz.txt.zip,0.9548811,0.3,0,0.56051,False,,correct,1.0,,v1_reused_after_local_filter,1.0,,,,,0.949696495
101b3c09e4f839589fe7,Chiruvolu is a village in Krishna district of the Indian state of Andhra Pradesh.,Chiruvolu — Hindistonning Andxra Pradesh shtatining Krishna tumanidagi qishloq hisoblanib.,wikimedia,v20260327,1050554,Upstream Wikimedia terms vary; commonly CC BY-SA/GFDL,attribution_sharealike_legal_review_required,https://object.pouta.csc.fi/OPUS-wikimedia/v20260327/moses/en-uz.txt.zip,0.9546817,0.214286,0,0.409357,False,,correct,1.0,,v1_reused_after_local_filter,1.0,,,,,0.9581781650000001
f162e9e425bd65960f45,"An Islamic flag is a flag either representing an Islamic Caliphate or religious order, state, civil society, military force or other entity associated with Islam.","Islom bayrogʻi Islom xalifaligini yoki diniy tartibni, davlatni, fuqarolik jamiyatini, harbiy kuchni yoki Islom bilan bogʻliq boʻlgan boshqa tashkilotni ifodalovchi bayroqdir.",wikimedia,v20260327,1148380,Upstream Wikimedia terms vary; commonly CC BY-SA/GFDL,attribution_sharealike_legal_review_required,https://object.pouta.csc.fi/OPUS-wikimedia/v20260327/moses/en-uz.txt.zip,0.94281703,0.0,0,0.172107,False,,,,,v2_new_audit,1.0,correct,1.0,Comprehensive and accurate translation.,deepseek-v4-flash,0.9742676634999999
c08961dd9b1c6d7de7d5,"In 2016, Oramas played in 23 games for the Diablos, registering a 7-4 record and 4.60 ERA in 20 appearances.","2016-yilda Oramas Diablos safida 23 ta o‘yinda maydonga tushib, 20 ta o‘yinda 7-4 ta rekord va 4,60 ERA qayd etgan.",wikimedia,v20260327,580857,Upstream Wikimedia terms vary; commonly CC BY-SA/GFDL,attribution_sharealike_legal_review_required,https://object.pouta.csc.fi/OPUS-wikimedia/v20260327/moses/en-uz.txt.zip,0.95948493,0.2,0,0.457399,False,,correct,1.0,,v1_reused_after_local_filter,1.0,,,,,0.9617682185
ce3102e425cc04c41d67,"In 2006, he graduated from the U.S. Naval Test Pilot School, and served as a P-3 Orion and P-8 Poseidon test pilot at NAS Patuxent River.",2006-yilda u AQSh harbiy-dengiz kuchlari sinov uchuvchilar maktabini tamomlagan va NAS Patuxent daryosida P-3 Orion va P-8 Poseidon sinov uchuvchisi sifatida xizmat qilgan.,wikimedia,v20260327,74386,Upstream Wikimedia terms vary; commonly CC BY-SA/GFDL,attribution_sharealike_legal_review_required,https://object.pouta.csc.fi/OPUS-wikimedia/v20260327/moses/en-uz.txt.zip,0.9588237,0.269231,0,0.394822,False,,correct,1.0,,v1_reused_after_local_filter,1.0,,,,,0.9545475649999999
f8c2dba00fcbea1a9091,Coupe de France: 2004–05,Fransiya kubogi: 2004–05,wikimedia,v20260327,142467,Upstream Wikimedia terms vary; commonly CC BY-SA/GFDL,attribution_sharealike_legal_review_required,https://object.pouta.csc.fi/OPUS-wikimedia/v20260327/moses/en-uz.txt.zip,0.9799957,0.0,0,0.541667,False,,correct,1.0,,v1_reused_after_local_filter,1.0,,,,,0.990998065
150b92e324780d892bbe,She rose to fame with her role as Donna Pinciotti in the Fox sitcom That '70s Show (1998–2006).,U Fox That '70s Show (1998-2006) sitcomidagi Donna Pinciotti roli bilan shuhrat qozondi.,wikimedia,v20260327,552419,Upstream Wikimedia terms vary; commonly CC BY-SA/GFDL,attribution_sharealike_legal_review_required,https://object.pouta.csc.fi/OPUS-wikimedia/v20260327/moses/en-uz.txt.zip,0.9586224,0.352941,1,0.338798,False,,correct,1.0,,v1_reused_after_local_filter,1.0,,,,,0.94608598
eae87adab637878421ed,Jassy in 2016.,Jassy 2016-yilda.,wikimedia,v20260327,736817,Upstream Wikimedia terms vary; commonly CC BY-SA/GFDL,attribution_sharealike_legal_review_required,https://object.pouta.csc.fi/OPUS-wikimedia/v20260327/moses/en-uz.txt.zip,0.95292556,0.5,0,0.709677,False,,correct,1.0,,v1_reused_after_local_filter,1.0,,,,,0.9288165020000001
98b0fb5618547f350570,"In 2010, Chambers married actor Armie Hammer.",2010-yilda Chambers aktyor Armie Hammerga turmushga chiqdi.,wikimedia,v20260327,935504,Upstream Wikimedia terms vary; commonly CC BY-SA/GFDL,attribution_sharealike_legal_review_required,https://object.pouta.csc.fi/OPUS-wikimedia/v20260327/moses/en-uz.txt.zip,0.9609329,0.333333,0,0.615385,False,,correct,1.0,,v1_reused_after_local_filter,1.0,,,,,0.949086505
019b4b1ffabb9c1a85cb,"Known for her work in television acting and presenting, her accolades include two Emmy Awards, two Golden Globe Awards and nominations for a Screen Actors Guild Award.","Televizion aktyorlik va taqdimot sohasidagi faoliyati bilan tanilgan. Uning mukofotlari orasida ikkita Emmy mukofoti, ikkita Oltin globus mukofoti va Screen Actors Guild mukofotiga nomzodligi qo'yilgan.",wikimedia,v20260327,137553,Upstream Wikimedia terms vary; commonly CC BY-SA/GFDL,attribution_sharealike_legal_review_required,https://object.pouta.csc.fi/OPUS-wikimedia/v20260327/moses/en-uz.txt.zip,0.9501085,0.148148,0,0.03794,False,,,,,v2_new_audit,1.0,correct,1.0,Accurate translation.,deepseek-v4-flash,0.962734025
a8b2108172d1ab418f95,The 9000 was replaced by the Saab 9-5.,9000 Saab 9-5 bilan almashtirildi.,wikimedia,v20260327,835340,Upstream Wikimedia terms vary; commonly CC BY-SA/GFDL,attribution_sharealike_legal_review_required,https://object.pouta.csc.fi/OPUS-wikimedia/v20260327/moses/en-uz.txt.zip,0.9534609,0.166667,0,0.388889,False,,correct,1.0,,v1_reused_after_local_filter,1.0,,,,,0.962390705
b5db61e380c22b8573a1,"In March 1974, Dale Anderson was convicted in U.S. District Court on several counts, including 32 counts of extortion, tax evasion, and conspiracy.","1974-yil mart oyida Deyl Anderson AQSh okrug sudi tomonidan bir nechta ayblovlar, jumladan 32 ta tovlamachilik, soliq to'lashdan bo'yin tovlash va fitna uyushtirishda aybdor deb topildi.",wikimedia,v20260327,348002,Upstream Wikimedia terms vary; commonly CC BY-SA/GFDL,attribution_sharealike_legal_review_required,https://object.pouta.csc.fi/OPUS-wikimedia/v20260327/moses/en-uz.txt.zip,0.944026,0.045455,0,0.276276,False,,,,,v2_new_audit,0.95,correct,0.95,Natural and accurate translation.,deepseek-v4-flash,0.9477662
849e4046d878b89cda89,"In 1918, the first new medical school building was opened, and the original medical school campus was completed in 1927.",1918-yilda birinchi yangi tibbiyot maktabi binosi ochilgan va 1927-yilda tibbiyot maktabining asl kampusi qurib bitkazilgan.,wikimedia,v20260327,620995,Upstream Wikimedia terms vary; commonly CC BY-SA/GFDL,attribution_sharealike_legal_review_required,https://object.pouta.csc.fi/OPUS-wikimedia/v20260327/moses/en-uz.txt.zip,0.95176315,0.0,0,0.204918,False,,,,,v2_new_audit,1.0,correct,1.0,,qwen3.6-plus,0.9782934175
5113eec4d5eaba8e889d,"Its administrative center was the urban-type settlement of Brusyliv, and it additionally consisted of 36 villages.","Uning ma'muriy markazi Brusiliv shahar tipidagi aholi punkti bo'lib, u qo'shimcha ravishda 36 qishloqdan iborat edi.",wikimedia,v20260327,812935,Upstream Wikimedia terms vary; commonly CC BY-SA/GFDL,attribution_sharealike_legal_review_required,https://object.pouta.csc.fi/OPUS-wikimedia/v20260327/moses/en-uz.txt.zip,0.94813323,0.0,0,0.269565,False,,,,,v2_new_audit,0.95,correct,0.95,The translation is natural and accurate.,deepseek-v4-flash,0.9541599534999999
259fa9d5bee27eaac13c,His first solo album came out in 2009 from PS Classics.,Uning birinchi yakkaxon albomi 2009-yilda PS Classics dan chiqdi.,wikimedia,v20260327,961021,Upstream Wikimedia terms vary; commonly CC BY-SA/GFDL,attribution_sharealike_legal_review_required,https://object.pouta.csc.fi/OPUS-wikimedia/v20260327/moses/en-uz.txt.zip,0.9640369,0.2,0,0.466667,False,,correct,1.0,,v1_reused_after_local_filter,1.0,,,,,0.9638166050000001
73fd6ec2a4696992609e,"He made his NHL debut in the 2001-02 season, and split the next two seasons between the Lightning and AHL affiliate, the Springfield Falcons.",U NHLdagi debyutini 2001-02-yilgi mavsumda qildi va keyingi ikki mavsumni Lightning va AHL filiali Springfield Falcons o'rtasida taqsimladi.,wikimedia,v20260327,334194,Upstream Wikimedia terms vary; commonly CC BY-SA/GFDL,attribution_sharealike_legal_review_required,https://object.pouta.csc.fi/OPUS-wikimedia/v20260327/moses/en-uz.txt.zip,0.9644538,0.173913,0,0.498221,False,,correct,1.0,,v1_reused_after_local_filter,1.0,,,,,0.96661291
5c027855e74d21fc0db1,"Over 14500 thousand students, including 880 foreign students from 23 countries, and more than 1155 lecturers (142 Dr. Sc. and 625 Cand.","14500 mingdan ortiq talabalar, shu jumladan 23 davlatdan 880 nafar chet ellik talabalar va 1155 dan ortiq o'qituvchilar (142 fan doktori va 625 ta fan nomzodi).",wikimedia,v20260327,302185,Upstream Wikimedia terms vary; commonly CC BY-SA/GFDL,attribution_sharealike_legal_review_required,https://object.pouta.csc.fi/OPUS-wikimedia/v20260327/moses/en-uz.txt.zip,0.9552321,0.0,0,0.338983,False,,correct,1.0,,v1_reused_after_local_filter,1.0,,,,,0.9798544450000001
03b7ad55e275ef281d98,"Tlaquepaque (Spanish pronunciation: [tlakeˈpake]), officially San Pedro Tlaquepaque, is a city and the surrounding municipality in the Mexican state of Jalisco.","Tlaquepaque (Spanish pronunciation: [tlakeˈpake]), rasmiy nomi San-Pedro Tlaquepaque, Meksikaning Jalisco shtatidagi shahar va uning atrofidagi munitsipalitetdir.",wikimedia,v20260327,661691,Upstream Wikimedia terms vary; commonly CC BY-SA/GFDL,attribution_sharealike_legal_review_required,https://object.pouta.csc.fi/OPUS-wikimedia/v20260327/moses/en-uz.txt.zip,0.9682312,0.409091,0,0.565217,False,,correct,1.0,,v1_reused_after_local_filter,1.0,,,,,0.94479494
062e32e6c281c69c3908,"Loren was born in Marbella, Province of Málaga, Andalusia, and represented CD Peña Los Compadres, UD Marbella and CD Vázquez Cultural as a youth.","Loren Andalusiyaning Malaga provintsiyasi, Marbella shahrida tug'ilgan va yoshligida CD Peña Los Compadres, UD Marbella va CD Vázquez Cultural kompaniyalari vakili bo'lgan.",wikimedia,v20260327,492083,Upstream Wikimedia terms vary; commonly CC BY-SA/GFDL,attribution_sharealike_legal_review_required,https://object.pouta.csc.fi/OPUS-wikimedia/v20260327/moses/en-uz.txt.zip,0.95382816,0.518519,1,0.586751,False,,correct,1.0,,v1_reused_after_local_filter,1.0,,,,,0.9273707720000001
5aafb8d1a89dd7433d53,"Darželiai (Varėna) is a village in Varėna district municipality, in Alytus County, in southeastern Lithuania.",Darželiai (Varėna) — Litvaning janubi- sharqidagi Alitus okrugidagi Varena tumani munisipalitetidagi qishloq.,wikimedia,v20260327,801373,Upstream Wikimedia terms vary; commonly CC BY-SA/GFDL,attribution_sharealike_legal_review_required,https://object.pouta.csc.fi/OPUS-wikimedia/v20260327/moses/en-uz.txt.zip,0.951624,0.333333,0,0.458716,False,,,,,v2_new_audit,1.0,correct,1.0,,qwen3.6-plus,0.9448975000000001
d3b55e2f9a2cf6e4b514,All 108 passengers and 10 crew members died.,Barcha 108 nafar yo‘lovchi va 10 ekipaj aʼzosi halok bo‘ldi.,wikimedia,v20260327,1100767,Upstream Wikimedia terms vary; commonly CC BY-SA/GFDL,attribution_sharealike_legal_review_required,https://object.pouta.csc.fi/OPUS-wikimedia/v20260327/moses/en-uz.txt.zip,0.9737537,0.0,1,0.384615,False,,correct,1.0,,v1_reused_after_local_filter,1.0,,,,,0.988189165
4443f3fb1b9bd25c471f,Samuel renewed his contract with Caxias do Sul on 16 December 2004 for another year.,Samuel 2004-yilning 16-dekabrida Caxias do Sul bilan shartnomasini yana bir yilga uzaytirdi.,wikimedia,v20260327,179026,Upstream Wikimedia terms vary; commonly CC BY-SA/GFDL,attribution_sharealike_legal_review_required,https://object.pouta.csc.fi/OPUS-wikimedia/v20260327/moses/en-uz.txt.zip,0.9559375,0.307692,0,0.409091,False,,correct,1.0,,v1_reused_after_local_filter,1.0,,,,,0.9494026750000001
01f82e663722719c38bc,"The game was released on 27 January 2009 for the PlayStation 2, Nintendo DS and Wii platforms and contains features such as playing as Coraline, interacting with other characters, and playing minigames.","Oʻyin 2009-yil 27-yanvarda PlayStation 2, Nintendo DS va Wii platformalari uchun chiqarilgan boʻlib, unda Coraline rolini oʻynash, boshqa qahramonlar bilan muloqot qilish va mini oʻyinlar oʻynash kabi imkoniyatlar mavjud.",wikimedia,v20260327,594997,Upstream Wikimedia terms vary; commonly CC BY-SA/GFDL,attribution_sharealike_legal_review_required,https://object.pouta.csc.fi/OPUS-wikimedia/v20260327/moses/en-uz.txt.zip,0.94591165,0.172414,0,0.241135,False,,,,,v2_new_audit,0.98,correct,0.98,翻译完整准确，游戏术语处理得当。,deepseek-v4-flash,0.9494188425000001
3f59af592745d8550ad6,"At the Hungarian Open in July 2011, Babos realized her first WTA match-win, defeating Anna-Giulia Remondina, but lost in the next round to Roberta Vinci.","2011- yil iyul oyida bo'lib o'tgan Vengriya ochiq chempionatida Babos o'zining birinchi WTA o'yinida Anna-Juliya Remondinani mag'lub etdi, ammo keyingi bosqichda Roberta Vinchiga yutqazdi.",wikimedia,v20260327,325937,Upstream Wikimedia terms vary; commonly CC BY-SA/GFDL,attribution_sharealike_legal_review_required,https://object.pouta.csc.fi/OPUS-wikimedia/v20260327/moses/en-uz.txt.zip,0.9526447,0.153846,0,0.392962,False,,,,,v2_new_audit,1.0,correct,1.0,,qwen3.6-plus,0.9633055150000001
a13df6a2f8e85fec830f,Blanco's father Tito was also a footballer.,Blanconing otasi Tito ham futbolchi bo'lgan.,wikimedia,v20260327,696484,Upstream Wikimedia terms vary; commonly CC BY-SA/GFDL,attribution_sharealike_legal_review_required,https://object.pouta.csc.fi/OPUS-wikimedia/v20260327/moses/en-uz.txt.zip,0.9421536,0.142857,0,0.45977,False,,,,,v2_new_audit,1.0,correct,1.0,Accurate translation.,deepseek-v4-flash,0.9596834200000001
29a6ba4cc79cc4a4101e,"In art, Ivana Brlić-Mažuranić is remembered as the best Croatian writer for children.",Badiiy adabiyotda Ivana Brlić-Majuranich bolalar uchun eng yaxshi xorvat yozuvchisi sifatida esga olinadi.,wikimedia,v20260327,341072,Upstream Wikimedia terms vary; commonly CC BY-SA/GFDL,attribution_sharealike_legal_review_required,https://object.pouta.csc.fi/OPUS-wikimedia/v20260327/moses/en-uz.txt.zip,0.955369,0.133333,0,0.376963,False,,correct,1.0,,v1_reused_after_local_filter,1.0,,,,,0.96658275
cb5d959edbb47dfedb40,US Open: 2R (2018),AQSh ochiq chempionati: 2R (2018),wikimedia,v20260327,336189,Upstream Wikimedia terms vary; commonly CC BY-SA/GFDL,attribution_sharealike_legal_review_required,https://object.pouta.csc.fi/OPUS-wikimedia/v20260327/moses/en-uz.txt.zip,0.9610755,0.333333,0,0.627451,False,,correct,1.0,,v1_reused_after_local_filter,1.0,,,,,0.9491506749999999
6feb65cbe4bd289415f6,"Danielle McCray (born October 8, 1987) is an American professional basketball player.",Danielle McCray (1987 yil 8 oktyabrda tug'ilgan) - amerikalik professional basketbolchi.,wikimedia,v20260327,175217,Upstream Wikimedia terms vary; commonly CC BY-SA/GFDL,attribution_sharealike_legal_review_required,https://object.pouta.csc.fi/OPUS-wikimedia/v20260327/moses/en-uz.txt.zip,0.9766295,0.3,0,0.612717,False,,correct,1.0,,v1_reused_after_local_filter,1.0,,,,,0.959483275
4f4de3e6a87f204ab054,Hertsa and the Hertsa region were part of the Moldavia historical region (administratively in Dorohoi County).,Hertsa va Hertsa viloyati Moldaviya tarixiy viloyati tarkibiga kirgan (maʼmuriy jihatdan Doroxoy okrugi ).,wikimedia,v20260327,800045,Upstream Wikimedia terms vary; commonly CC BY-SA/GFDL,attribution_sharealike_legal_review_required,https://object.pouta.csc.fi/OPUS-wikimedia/v20260327/moses/en-uz.txt.zip,0.951367,0.125,0,0.537037,False,,,,,v2_new_audit,1.0,correct,1.0,,qwen3.6-plus,0.96561515
fd74b7afc4707dff8cf3,"However only two of the medals are solo medals, one a silver won in Oslo's Holmenkollen ski festival in 2000 in the sprint, and the other, also a silver, won in the mass start in Oberhof in 2004.","Biroq, medallarning faqat ikkitasi yakka tartibdagi medallar bo'lib, biri 2000-yilda Oslodagi Holmenkollen chang'i festivalida sprintda qo'lga kiritilgan kumush, ikkinchisi esa 2004-yilda Oberhofdagi ommaviy startda qo'lga kiritilgan kumush.",wikimedia,v20260327,444101,Upstream Wikimedia terms vary; commonly CC BY-SA/GFDL,attribution_sharealike_legal_review_required,https://object.pouta.csc.fi/OPUS-wikimedia/v20260327/moses/en-uz.txt.zip,0.9660156,0.027778,0,0.022936,False,,correct,1.0,,v1_reused_after_local_filter,1.0,,,,,0.98192922
e8cb669a480c494cffbc,This policy wasn't changed until 1978.,Bu siyosat 1978-yilgacha o'zgartirilmadi.,wikimedia,v20260327,1252368,Upstream Wikimedia terms vary; commonly CC BY-SA/GFDL,attribution_sharealike_legal_review_required,https://object.pouta.csc.fi/OPUS-wikimedia/v20260327/moses/en-uz.txt.zip,0.95573854,0.0,0,0.177215,False,,correct,1.0,,v1_reused_after_local_filter,1.0,,,,,0.980082343
bcfe4db5991a26d270ac,McKesson Canada is a wholly owned subsidiary of McKesson Corporation.,McKesson Kanada McKesson korporatsiyasining toʻliq shoʻʻba korxonasi hisoblanadi.,wikimedia,v20260327,113007,Upstream Wikimedia terms vary; commonly CC BY-SA/GFDL,attribution_sharealike_legal_review_required,https://object.pouta.csc.fi/OPUS-wikimedia/v20260327/moses/en-uz.txt.zip,0.943349,0.2,1,0.466667,False,,,,,v2_new_audit,0.99,correct,0.99,Accurate translation.,deepseek-v4-flash,0.95000705
e5e4501895b6998eefc4,Piryatin Airport,Piryatin aeroporti,wikimedia,v20260327,819574,Upstream Wikimedia terms vary; commonly CC BY-SA/GFDL,attribution_sharealike_legal_review_required,https://object.pouta.csc.fi/OPUS-wikimedia/v20260327/moses/en-uz.txt.zip,0.9731982,0.5,0,0.882353,False,,correct,1.0,,v1_reused_after_local_filter,1.0,,,,,0.93793919
8cfaf59b9e19d43ad4ee,In 1830 he took part in preparations for the November Uprising against Russian rule in Poland.,1830-yilda Polshada rus hukmronligiga qarshi noyabr qoʻzgʻoloniga tayyorgarlikda qatnashdi.,wikimedia,v20260327,598074,Upstream Wikimedia terms vary; commonly CC BY-SA/GFDL,attribution_sharealike_legal_review_required,https://object.pouta.csc.fi/OPUS-wikimedia/v20260327/moses/en-uz.txt.zip,0.9508975,0.0,0,0.237838,False,,,,,v2_new_audit,0.95,correct,0.95,The translation is accurate and natural.,deepseek-v4-flash,0.9554038749999999
c6045d6b53f14f5259c4,"Trevor Jamaal Keels (born August 26, 2003) is an American professional basketball player for the New York Knicks of the National Basketball Association (NBA), on a two-way contract with the Westchester Knicks of the NBA G League.","Trevor Jamaal Kils (2003-yil, 26-avgustda tug'ilgan) - Milliy Basketbol Assotsiatsiyasining (NBA) New-York Knicks jamoasining amerikalik professional basketbolchisi, NBA G ligasining Westchester Knicks bilan ikki tomonlama shartnomasi bor.",wikimedia,v20260327,427365,Upstream Wikimedia terms vary; commonly CC BY-SA/GFDL,attribution_sharealike_legal_review_required,https://object.pouta.csc.fi/OPUS-wikimedia/v20260327/moses/en-uz.txt.zip,0.9571929,0.305556,0,0.222222,False,,correct,1.0,,v1_reused_after_local_filter,1.0,,,,,0.9501812049999999
ccac779314c2259c9c3c,The Fintail series replaced the Ponton series.,Fintail seriyasi Ponton seriyasini almashtirdi.,wikimedia,v20260327,118350,Upstream Wikimedia terms vary; commonly CC BY-SA/GFDL,attribution_sharealike_legal_review_required,https://object.pouta.csc.fi/OPUS-wikimedia/v20260327/moses/en-uz.txt.zip,0.9593649,0.285714,0,0.580645,False,,correct,1.0,,v1_reused_after_local_filter,1.0,,,,,0.9531428049999999
6db14c153f9686a0dcfb,"Two minutes later, Coman passed the ball to Giroud in the Portugal box who struck it low but his shot was saved by Rui Patrício.","Ikki daqiqadan so'ng Coman to'pni Portugaliya darvozasi tomon yo'llagan Giroudga uzatdi, ammo uning zarbasini Rui Patrício qaytardi.",wikimedia,v20260327,424312,Upstream Wikimedia terms vary; commonly CC BY-SA/GFDL,attribution_sharealike_legal_review_required,https://object.pouta.csc.fi/OPUS-wikimedia/v20260327/moses/en-uz.txt.zip,0.9577396,0.153846,0,0.338462,False,,correct,1.0,,v1_reused_after_local_filter,1.0,,,,,0.9655982200000001
3b3b1d88710bea1ea6f4,"Meanwhile, he started acting and had roles in TV series Dinle Sevgili (2011–12) and Hayatımın Rolü (2012).",Ayni paytda u aktyorlik faoliyatini boshlagan va “ Dinle Sevgili” (2011–12) va “Hayatımın Rolü” (2012) seriallarida rollarni ijro etgan.,wikimedia,v20260327,240657,Upstream Wikimedia terms vary; commonly CC BY-SA/GFDL,attribution_sharealike_legal_review_required,https://object.pouta.csc.fi/OPUS-wikimedia/v20260327/moses/en-uz.txt.zip,0.9558822,0.352941,0,0.53719,False,,correct,1.0,,v1_reused_after_local_filter,1.0,,,,,0.9448528900000001
e94d1c83602da4519d3d,"Qunnerit lies to the west, Sammisoq to the north and the smaller Avatdlerssuaq and Saningassoq to the east.","G'arbda Qunnerit, shimolda Sammisoq, sharqda kichikroq Avatdlerssuaq va Saningassoq joylashgan.",wikimedia,v20260327,1022081,Upstream Wikimedia terms vary; commonly CC BY-SA/GFDL,attribution_sharealike_legal_review_required,https://object.pouta.csc.fi/OPUS-wikimedia/v20260327/moses/en-uz.txt.zip,0.9488236,0.222222,0,0.554455,False,,,,,v2_new_audit,0.95,correct,0.95,Accurate and natural translation.,deepseek-v4-flash,0.9322484200000001
89bad4dd83bbe5a5ec9a,He made his acting debut in 2003 with S. Shankar's Boys.,U 2003-yilda S. Shankarning Boys filmida aktyorlik debyut qilgan.,wikimedia,v20260327,490093,Upstream Wikimedia terms vary; commonly CC BY-SA/GFDL,attribution_sharealike_legal_review_required,https://object.pouta.csc.fi/OPUS-wikimedia/v20260327/moses/en-uz.txt.zip,0.9419688,0.2,0,0.396694,False,,,,,v2_new_audit,1.0,correct,1.0,,deepseek-v4-flash,0.95388596
d847d785b6b3d724d666,Johnson attended the University of Kansas where she played for the Jayhawks from 2006–2009.,Johnson Kanzas universitetida tahsil olgan va u yerda 2006-2009-yillarda Jayhawks uchun o'ynagan.,wikimedia,v20260327,413375,Upstream Wikimedia terms vary; commonly CC BY-SA/GFDL,attribution_sharealike_legal_review_required,https://object.pouta.csc.fi/OPUS-wikimedia/v20260327/moses/en-uz.txt.zip,0.9581646,0.153846,0,0.468085,False,,correct,1.0,,v1_reused_after_local_filter,1.0,,,,,0.96578947
e3b0b6a1a99f96645316,From 2002 to 2004 he worked as the technical secretary for the Kiev municipal Federation of Football.,2002-yildan 2004-yilgacha Kiyev shahar futbol federatsiyasining texnik kotibi bo'lib ishlagan.,wikimedia,v20260327,1124654,Upstream Wikimedia terms vary; commonly CC BY-SA/GFDL,attribution_sharealike_legal_review_required,https://object.pouta.csc.fi/OPUS-wikimedia/v20260327/moses/en-uz.txt.zip,0.9639167,0.0,0,0.389744,False,,correct,1.0,,v1_reused_after_local_filter,1.0,,,,,0.983762515
1b64712fe1b4b3ea5c37,Artukainen served as a main airport of Turku until the new airport was built in the municipality of Rusko in 1955. The location became part of Turku in 1957.,Artukainen 1955-yilda Rusko munitsipalitetida yangi aeroport qurilgunga qadar Turkuning asosiy aeroporti bo'lib xizmat qilgan.Joy 1957-yilda Turkuning bir qismiga aylandi.,wikimedia,v20260327,846475,Upstream Wikimedia terms vary; commonly CC BY-SA/GFDL,attribution_sharealike_legal_review_required,https://object.pouta.csc.fi/OPUS-wikimedia/v20260327/moses/en-uz.txt.zip,0.9584246,0.074074,0,0.27439,False,,correct,1.0,,v1_reused_after_local_filter,1.0,,,,,0.9738836700000001
48795f8fa3a5191f2f9e,2008 financial crisis,2008-yilgi moliyaviy inqiroz,wikimedia,v20260327,507714,Upstream Wikimedia terms vary; commonly CC BY-SA/GFDL,attribution_sharealike_legal_review_required,https://object.pouta.csc.fi/OPUS-wikimedia/v20260327/moses/en-uz.txt.zip,0.96048534,0.0,0,0.367347,False,,correct,1.0,,v1_reused_after_local_filter,1.0,,,,,0.982218403
b73b8322b55e3cf77dc4,Novo-Troitsk is located 85 km south of Turochak (the district's administrative centre) by road.,Novo-Troitsk avtomobil yoʻlida Turochakdan (tuman maʼmuriy markazi) 85 km janubda joylashgan.,wikimedia,v20260327,832027,Upstream Wikimedia terms vary; commonly CC BY-SA/GFDL,attribution_sharealike_legal_review_required,https://object.pouta.csc.fi/OPUS-wikimedia/v20260327/moses/en-uz.txt.zip,0.9626353,0.214286,0,0.43617,False,,correct,1.0,,v1_reused_after_local_filter,1.0,,,,,0.961757285
b0b3704c866884e08f74,He was named one of FIBA's 50 Greatest Players in 1991.,U 1991-yilda FIBAning 50 ta eng zo'r o'yinchilaridan biri deb topilgan.,wikimedia,v20260327,806245,Upstream Wikimedia terms vary; commonly CC BY-SA/GFDL,attribution_sharealike_legal_review_required,https://object.pouta.csc.fi/OPUS-wikimedia/v20260327/moses/en-uz.txt.zip,0.9448975,0.0,0,0.333333,False,,,,,v2_new_audit,1.0,correct,1.0,The translation is accurate and natural.,deepseek-v4-flash,0.9752038749999999
aebd06a2644e34334780,"In an interview from 1996, Kurdish writer Yaşar Kemal described his visit to a large Afshar Turkmen village in Diyarbakır.",1996-yildagi intervyusida kurd yozuvchisi Yaşar Kamol Diyarbakirdagi katta Afshar turkman qishlog'iga qilgan tashrifini tasvirlab bergan.,wikimedia,v20260327,462908,Upstream Wikimedia terms vary; commonly CC BY-SA/GFDL,attribution_sharealike_legal_review_required,https://object.pouta.csc.fi/OPUS-wikimedia/v20260327/moses/en-uz.txt.zip,0.9573798,0.142857,0,0.432432,False,,correct,1.0,,v1_reused_after_local_filter,1.0,,,,,0.96653521
254dd6b7f6dc90f2e66d,"February 11, 2010 – RA No. 9355 found unconstitutional by the Supreme Court, Dinagat Islands reverts as part of Surigao del Norte.","2010-yil 11-fevral - 9355-sonli RA Oliy sud tomonidan konstitutsiyaga zid deb topildi, Dinagat orollari Surigao del Nortening bir qismi sifatida qaytadi.",wikimedia,v20260327,294730,Upstream Wikimedia terms vary; commonly CC BY-SA/GFDL,attribution_sharealike_legal_review_required,https://object.pouta.csc.fi/OPUS-wikimedia/v20260327/moses/en-uz.txt.zip,0.9415708,0.222222,0,0.466431,False,,,,,v2_new_audit,0.95,correct,0.95,Accurate translation.,deepseek-v4-flash,0.92898466
15b91e8952277ba42233,Amari Miquel Miller (born 4 November 2002) is an English professional footballer who plays as a winger for Premier League club Leeds United.,"Amari Miquel Miller (2002-yil, 4-noyabrda tug'ilgan) - ingliz professional futbolchisi, Premier League Leeds United klubida vinger sifatida o'ynaydi.",wikimedia,v20260327,458695,Upstream Wikimedia terms vary; commonly CC BY-SA/GFDL,attribution_sharealike_legal_review_required,https://object.pouta.csc.fi/OPUS-wikimedia/v20260327/moses/en-uz.txt.zip,0.96216136,0.380952,0,0.567474,False,,correct,1.0,,v1_reused_after_local_filter,1.0,,,,,0.944877412
05cf59a711f5defb368a,She last played in the Turkish Women's First Football League for Ataşehir Belediyesi in Istanbul with jersey number 17.,U oxirgi marta Turkiya ayollar futbol birinchi ligasida Istanbuldagi Atashehir Belediyesi jamoasida 17-raqamli forma bilan o‘ynagan.,wikimedia,v20260327,178325,Upstream Wikimedia terms vary; commonly CC BY-SA/GFDL,attribution_sharealike_legal_review_required,https://object.pouta.csc.fi/OPUS-wikimedia/v20260327/moses/en-uz.txt.zip,0.9553945,0.052632,0,0.38247,False,,correct,1.0,,v1_reused_after_local_filter,1.0,,,,,0.974664325
de5ac6c38107d751a7c9,"""He was a vital piece of our team.",“U jamoamizning muhim qismi edi.,wikimedia,v20260327,449323,Upstream Wikimedia terms vary; commonly CC BY-SA/GFDL,attribution_sharealike_legal_review_required,https://object.pouta.csc.fi/OPUS-wikimedia/v20260327/moses/en-uz.txt.zip,0.9579343,0.0,0,0.121212,False,,correct,1.0,,v1_reused_after_local_filter,1.0,,,,,0.981070435
7c034eaf1fced47716d3,"On 6 September 2019, Transavia Airlines Flight 1041 attempted to take off from Taxiway D instead of Runway 18C at Amsterdam Airport Schiphol.",2019-yil 6-sentabr kuni Transavia Airlines aviakompaniyasining 1041-reysi Amsterdamning Schiphol aeroportida 18C uchish-qo‘nish yo‘lagi o‘rniga D taksi yo‘lagidan uchishga urindi.,wikimedia,v20260327,583939,Upstream Wikimedia terms vary; commonly CC BY-SA/GFDL,attribution_sharealike_legal_review_required,https://object.pouta.csc.fi/OPUS-wikimedia/v20260327/moses/en-uz.txt.zip,0.9413731,0.25,0,0.3375,False,,,,,v2_new_audit,0.95,correct,0.95,Accurate and natural translation.,deepseek-v4-flash,0.926117895
33f790048a7a0791bb59,He was a Visiting Professor at the University of Minnesota in 1995.,1995-yilda Minnesota universitetida tashrif buyuruvchi professor bo'lgan.,wikimedia,v20260327,346838,Upstream Wikimedia terms vary; commonly CC BY-SA/GFDL,attribution_sharealike_legal_review_required,https://object.pouta.csc.fi/OPUS-wikimedia/v20260327/moses/en-uz.txt.zip,0.955529,0.181818,0,0.3,False,,correct,1.0,,v1_reused_after_local_filter,1.0,,,,,0.96180625
62dcd565d76b9c9a690c,"In December 1922, he was appointed Head of the Organizational Department of the Taganrog District Committee of the Russian Communist Party (Bolsheviks).",1922-yil dekabrda u Rossiya Kommunistik partiyasi (bolsheviklar) Taganrog tuman qo'mitasining tashkiliy bo'limi mudiri etib tayinlandi.,wikimedia,v20260327,13989,Upstream Wikimedia terms vary; commonly CC BY-SA/GFDL,attribution_sharealike_legal_review_required,https://object.pouta.csc.fi/OPUS-wikimedia/v20260327/moses/en-uz.txt.zip,0.9504569,0.047619,0,0.327526,False,,,,,v2_new_audit,1.0,correct,1.0,,deepseek-v4-flash,0.972943705
ec8c3b58e27e37e3bb61,"After a spell with Sheffield Steelers, Forney signed for EIHL counterparts Belfast Giants in 2015.","Sheffield Stilers bilan o'yindan so'ng, Forney 2015-yilda EIHL hamkasbi Belfast Giants bilan shartnoma imzoladi.",wikimedia,v20260327,383274,Upstream Wikimedia terms vary; commonly CC BY-SA/GFDL,attribution_sharealike_legal_review_required,https://object.pouta.csc.fi/OPUS-wikimedia/v20260327/moses/en-uz.txt.zip,0.941761,0.357143,0,0.52381,False,,,,,v2_new_audit,0.98,correct,0.98,Accurate and natural translation.,deepseek-v4-flash,0.9290781499999999
7c3af74125595fe92a62,"Grabian is a village and a former municipality in the Fier County, western Albania.",Grabian - Albaniyaning g'arbiy qismidagi Fier okrugidagi qishloq va sobiq munitsipalitet.,wikimedia,v20260327,856084,Upstream Wikimedia terms vary; commonly CC BY-SA/GFDL,attribution_sharealike_legal_review_required,https://object.pouta.csc.fi/OPUS-wikimedia/v20260327/moses/en-uz.txt.zip,0.9626969,0.142857,0,0.197674,False,,correct,1.0,,v1_reused_after_local_filter,1.0,,,,,0.968927905
085a8066305815235175,She won a League and Cup double with Linköping in 2009.,U 2009-yilda Linköping bilan Liga va Kubokda dublni qoʻlga kiritdi.,wikimedia,v20260327,491289,Upstream Wikimedia terms vary; commonly CC BY-SA/GFDL,attribution_sharealike_legal_review_required,https://object.pouta.csc.fi/OPUS-wikimedia/v20260327/moses/en-uz.txt.zip,0.9513636,0.181818,0,0.278689,False,,,,,v2_new_audit,1.0,correct,1.0,,qwen3.6-plus,0.95993182
ffdc1a4dbef0df955172,"In 1570, Oleszyce became property of Voivode of Ruthenia, Hieronim Sieniawski, who in 1576 established here a town named Hieronimow, based on Magdeburg rights.","1570-yilda Oleszyce Ruteniya vodiysi Ieronim Sieniawskining mulkiga aylandi, u 1576-yilda bu yerda Magdeburg huquqlariga asoslangan Ieronimov nomli shaharchani tashkil etdi.",wikimedia,v20260327,1181567,Upstream Wikimedia terms vary; commonly CC BY-SA/GFDL,attribution_sharealike_legal_review_required,https://object.pouta.csc.fi/OPUS-wikimedia/v20260327/moses/en-uz.txt.zip,0.9533839,0.090909,0,0.421687,False,,correct,1.0,,v1_reused_after_local_filter,1.0,,,,,0.969931855
72d28e4ec1d1668fe0d1,"Estádio Joaquim Américo Guimarães, known commonly as Arena da Baixada, is a stadium located in Curitiba, the state capital of Paraná, Brazil.","Estádio Joaquim Américo Guimarães, odatda Arena da Baixada nomi bilan tanilgan, Braziliyaning Parana shtati poytaxti Kuritiba shahrida joylashgan stadion.",wikimedia,v20260327,373282,Upstream Wikimedia terms vary; commonly CC BY-SA/GFDL,attribution_sharealike_legal_review_required,https://object.pouta.csc.fi/OPUS-wikimedia/v20260327/moses/en-uz.txt.zip,0.9556812,0.4,0,0.501695,False,,correct,1.0,,v1_reused_after_local_filter,1.0,,,,,0.94005654
2dfa29aa50a78ab0cfd3,"Shinichi Izumi (泉), the protagonist of the series Parasyte Konata Izumi (泉), protagonist of Lucky Star Kota Izumi, a character in My Hero Academia Koushiro ""Izzy"" Izumi, a character in Digimon Adventure Shion Izumi, a character in Gantz Ako Izumi, a character in Negima!","Shinichi Izumi (泉), Parasyte anime serialidagi bosh qahramon Konata Izumi (泉), Lucky Star bosh qahramoni Kota Izumi, My Hero Academia qahramoni Koushiro ""Izzy"" Izumi, Digimon Adventure qahramoni Shion Izumi, Gantz qahramoni Ako Izumi, Negima!",wikimedia,v20260327,619977,Upstream Wikimedia terms vary; commonly CC BY-SA/GFDL,attribution_sharealike_legal_review_required,https://object.pouta.csc.fi/OPUS-wikimedia/v20260327/moses/en-uz.txt.zip,0.9571103,0.547619,0,0.398438,False,,correct,1.0,,v1_reused_after_local_filter,1.0,,,,,0.925937735
27927b5cd4f22eb5546d,"Bal-ri (Korean: 발리) is an administrative division, or village, located in Onyang, Ulju County, Ulsan, South Korea.","Bal-ri (koreyscha: 발리) — Janubiy Koreyaning Ulsan, Ulju okrugi, Onyang shahrida joylashgan maʼmuriy boʻlinma yoki qishloq hisoblanadi.",wikimedia,v20260327,1052635,Upstream Wikimedia terms vary; commonly CC BY-SA/GFDL,attribution_sharealike_legal_review_required,https://object.pouta.csc.fi/OPUS-wikimedia/v20260327/moses/en-uz.txt.zip,0.9594753,0.294118,0,0.33871,False,,correct,1.0,,v1_reused_after_local_filter,1.0,,,,,0.952352085
0eddfc0fc98905030316,"In August 2015, Rodić signed with Krylia Sovetov.",2015-yilning avgustida Rodić Krilya Sovetov bilan shartnoma imzoladi.,wikimedia,v20260327,870217,Upstream Wikimedia terms vary; commonly CC BY-SA/GFDL,attribution_sharealike_legal_review_required,https://object.pouta.csc.fi/OPUS-wikimedia/v20260327/moses/en-uz.txt.zip,0.97449887,0.285714,0,0.474576,False,,correct,1.0,,v1_reused_after_local_filter,1.0,,,,,0.9599530915
8456f0268d9600231577,"On 6 September 2015, he made his debut for the club, scoring in a 3–0 home win over Ternana.",2015-yil 6-sentyabrda u klubdagi debyutini o‘tkazdi va o‘z maydonida “Ternana” ustidan 3:0 hisobida g‘alaba qozondi.,wikimedia,v20260327,677105,Upstream Wikimedia terms vary; commonly CC BY-SA/GFDL,attribution_sharealike_legal_review_required,https://object.pouta.csc.fi/OPUS-wikimedia/v20260327/moses/en-uz.txt.zip,0.941803,0.0625,0,0.317308,False,,,,,v2_new_audit,0.96,correct,0.96,翻译准确，比分和细节都清楚。,deepseek-v4-flash,0.94956135
a2ffa333d48d5ac8fe74,Peterborough United,Peterborough Yunayted,wikimedia,v20260327,169596,Upstream Wikimedia terms vary; commonly CC BY-SA/GFDL,attribution_sharealike_legal_review_required,https://object.pouta.csc.fi/OPUS-wikimedia/v20260327/moses/en-uz.txt.zip,0.95216537,0.5,0,0.9,False,,,,,v2_new_audit,1.0,correct,1.0,,qwen3.6-plus,0.9284744165000001
572e90863b43e76b1c2e,"It is approximately 57 kilometers to the northeast of Mito, the prefectural capital.",Bu prefektura poytaxti Mito shahridan taxminan 57 kilometr shimoli-sharqda joylashgan.,wikimedia,v20260327,835936,Upstream Wikimedia terms vary; commonly CC BY-SA/GFDL,attribution_sharealike_legal_review_required,https://object.pouta.csc.fi/OPUS-wikimedia/v20260327/moses/en-uz.txt.zip,0.9406879,0.083333,0,0.341176,False,,,,,v2_new_audit,1.0,correct,1.0,Accurate translation,deepseek-v4-flash,0.9649762550000001
3e57418ce2e1a1047e22,"In 2006, she died at the age of 84.",2006-yilda u 84 yoshida vafot etdi.,wikimedia,v20260327,317575,Upstream Wikimedia terms vary; commonly CC BY-SA/GFDL,attribution_sharealike_legal_review_required,https://object.pouta.csc.fi/OPUS-wikimedia/v20260327/moses/en-uz.txt.zip,0.9513056,0.0,0,0.257143,False,,,,,v2_new_audit,1.0,correct,1.0,,qwen3.6-plus,0.97808752
3fdfe9d716c5343ca90e,He served as a flight engineer and Soyuz commander on the ISS-6 and ISS-13 backup crews.,"U ISS-6 va ISS-13 zaxira ekipajlarida bort muhandisi va ""Soyuz"" komandiri bo'lib xizmat qilgan.",wikimedia,v20260327,62452,Upstream Wikimedia terms vary; commonly CC BY-SA/GFDL,attribution_sharealike_legal_review_required,https://object.pouta.csc.fi/OPUS-wikimedia/v20260327/moses/en-uz.txt.zip,0.94478804,0.1875,0,0.240437,False,,,,,v2_new_audit,0.98,correct,0.98,翻译准确，专有名词处理得当。,deepseek-v4-flash,0.9474046180000001
d9e95a7bfcaa48dfe62f,"Until 1925, the city was the traditional residence of the Qajar crown princes.",1925-yilgacha shahar Qajar toj knyazlarining an'anaviy qarorgohi bo'lgan.,wikimedia,v20260327,1279917,Upstream Wikimedia terms vary; commonly CC BY-SA/GFDL,attribution_sharealike_legal_review_required,https://object.pouta.csc.fi/OPUS-wikimedia/v20260327/moses/en-uz.txt.zip,0.95528775,0.083333,0,0.291391,False,,correct,1.0,,v1_reused_after_local_filter,1.0,,,,,0.9715461875
44be358f2c92c0ce7a85,"On 10 March 2004, the airport was renamed after the former president of Azerbaijan, Heydar Aliyev.",2004-yil 10-martda aeroport Ozarbayjonning sobiq prezidenti Haydar Aliyev sharafiga qayta nomlandi.,wikimedia,v20260327,1101805,Upstream Wikimedia terms vary; commonly CC BY-SA/GFDL,attribution_sharealike_legal_review_required,https://object.pouta.csc.fi/OPUS-wikimedia/v20260327/moses/en-uz.txt.zip,0.95974827,0.071429,0,0.416244,False,,correct,1.0,,v1_reused_after_local_filter,1.0,,,,,0.9747438215
a35553c7b95242f63aa7,"– Sanhe, Hebei, China","– Sanhe, Hebei, Xitoy",wikimedia,v20260327,711905,Upstream Wikimedia terms vary; commonly CC BY-SA/GFDL,attribution_sharealike_legal_review_required,https://object.pouta.csc.fi/OPUS-wikimedia/v20260327/moses/en-uz.txt.zip,0.9839866,0.666667,0,0.809524,False,,correct,1.0,,v1_reused_after_local_filter,1.0,,,,,0.9261272700000001
0a960d333be9d6567574,Lubański in 1981.,Lubański 1981-yilda.,wikimedia,v20260327,873260,Upstream Wikimedia terms vary; commonly CC BY-SA/GFDL,attribution_sharealike_legal_review_required,https://object.pouta.csc.fi/OPUS-wikimedia/v20260327/moses/en-uz.txt.zip,0.984449,0.666667,0,0.756757,False,,correct,1.0,,v1_reused_after_local_filter,1.0,,,,,0.92633535
a40ba310cdb868fcf6ba,"May 25, 2016) and Matilde.",2016-yil 25-may) va Matilde.,wikimedia,v20260327,585404,Upstream Wikimedia terms vary; commonly CC BY-SA/GFDL,attribution_sharealike_legal_review_required,https://object.pouta.csc.fi/OPUS-wikimedia/v20260327/moses/en-uz.txt.zip,0.9816626,0.666667,0,0.592593,False,,correct,1.0,,v1_reused_after_local_filter,1.0,,,,,0.9250814700000001
e60b3e867b17e1cfb697,"Slovenj Gradec, Slovenia","Slovenj Gradec, Sloveniya",wikimedia,v20260327,667490,Upstream Wikimedia terms vary; commonly CC BY-SA/GFDL,attribution_sharealike_legal_review_required,https://object.pouta.csc.fi/OPUS-wikimedia/v20260327/moses/en-uz.txt.zip,0.990228,0.666667,0,0.979592,False,,correct,1.0,,v1_reused_after_local_filter,1.0,,,,,0.9289359
1732d316fefd9d7ab1a0,Partizan and Vojvodina,Partizan va Vojvodina,wikimedia,v20260327,721216,Upstream Wikimedia terms vary; commonly CC BY-SA/GFDL,attribution_sharealike_legal_review_required,https://object.pouta.csc.fi/OPUS-wikimedia/v20260327/moses/en-uz.txt.zip,0.9820669,0.666667,0,0.930233,False,,correct,1.0,,v1_reused_after_local_filter,1.0,,,,,0.925263405
26bb394411966fc36499,FA WSL Cup: 2015,FA WSL kubogi: 2015,wikimedia,v20260327,114497,Upstream Wikimedia terms vary; commonly CC BY-SA/GFDL,attribution_sharealike_legal_review_required,https://object.pouta.csc.fi/OPUS-wikimedia/v20260327/moses/en-uz.txt.zip,0.98471385,0.666667,0,0.8,False,,correct,1.0,,v1_reused_after_local_filter,1.0,,,,,0.9264545325
27a05ad68a3bbaabe36e,Chelsea and Brentford (1983–1991),Chelsea va Brentford (1983-1991),wikimedia,v20260327,159626,Upstream Wikimedia terms vary; commonly CC BY-SA/GFDL,attribution_sharealike_legal_review_required,https://object.pouta.csc.fi/OPUS-wikimedia/v20260327/moses/en-uz.txt.zip,0.98591167,0.666667,0,0.923077,False,,correct,1.0,,v1_reused_after_local_filter,1.0,,,,,0.9269935515000001
5e8a8c51c627199be185,Return to IFK Norrköping,IFK Norrköping safiga qaytish,wikimedia,v20260327,615643,Upstream Wikimedia terms vary; commonly CC BY-SA/GFDL,attribution_sharealike_legal_review_required,https://object.pouta.csc.fi/OPUS-wikimedia/v20260327/moses/en-uz.txt.zip,0.9682508,0.6,0,0.528302,False,,correct,1.0,,v1_reused_after_local_filter,1.0,,,,,0.92571286
427e2e4bcf299dbcdd1b,Jodie Marie Comer (/ˈkoʊmər/ KOH-mər; born 11 March 1993) is an English actress.,Jodie Marie Comer ( /ˈkoʊmər/ KOH-mər ; 1993-yil 11-martda tug'ilgan) - ingliz aktrisasi.,wikimedia,v20260327,541026,Upstream Wikimedia terms vary; commonly CC BY-SA/GFDL,attribution_sharealike_legal_review_required,https://object.pouta.csc.fi/OPUS-wikimedia/v20260327/moses/en-uz.txt.zip,0.9724479,0.6,0,0.662722,False,,correct,1.0,,v1_reused_after_local_filter,1.0,,,,,0.9276015550000001
9af086cb78b10edfa0cd,"Girke, Felix and Alula Pankhurst.","Girke, Feliks va Alula Pankhurst.",wikimedia,v20260327,1186654,Upstream Wikimedia terms vary; commonly CC BY-SA/GFDL,attribution_sharealike_legal_review_required,https://object.pouta.csc.fi/OPUS-wikimedia/v20260327/moses/en-uz.txt.zip,0.96776843,0.6,0,0.909091,False,,correct,1.0,,v1_reused_after_local_filter,1.0,,,,,0.9254957935000001
e1de833e861fb9561a7e,Head coach: Emmanuel Kwasi Afranie,Bosh murabbiy: Emmanuel Kwasi Afranie,wikimedia,v20260327,713190,Upstream Wikimedia terms vary; commonly CC BY-SA/GFDL,attribution_sharealike_legal_review_required,https://object.pouta.csc.fi/OPUS-wikimedia/v20260327/moses/en-uz.txt.zip,0.97257906,0.6,0,0.732394,False,,correct,1.0,,v1_reused_after_local_filter,1.0,,,,,0.9276605770000002
c888d49cb026fa0b2eca,CONMEBOL Copa América Femenina,CONMEBOL Copa America Femenina,wikimedia,v20260327,657765,Upstream Wikimedia terms vary; commonly CC BY-SA/GFDL,attribution_sharealike_legal_review_required,https://object.pouta.csc.fi/OPUS-wikimedia/v20260327/moses/en-uz.txt.zip,0.9897938,0.6,0,0.966667,False,,correct,1.0,,v1_reused_after_local_filter,1.0,,,,,0.93540721
d205b1f41135963a60bc,Head coach: Sergio Guenza No.,Bosh murabbiy: Sergio Guenza No.,wikimedia,v20260327,717247,Upstream Wikimedia terms vary; commonly CC BY-SA/GFDL,attribution_sharealike_legal_review_required,https://object.pouta.csc.fi/OPUS-wikimedia/v20260327/moses/en-uz.txt.zip,0.97204494,0.6,0,0.688525,False,,correct,1.0,,v1_reused_after_local_filter,1.0,,,,,0.927420223
bc09be1b488ed8642f1f,Head coach: Srečko Katanec,Bosh murabbiy: Srečko Katanec,wikimedia,v20260327,1280206,Upstream Wikimedia terms vary; commonly CC BY-SA/GFDL,attribution_sharealike_legal_review_required,https://object.pouta.csc.fi/OPUS-wikimedia/v20260327/moses/en-uz.txt.zip,0.981927,0.6,0,0.654545,False,,correct,1.0,,v1_reused_after_local_filter,1.0,,,,,0.93186715
28f8bac8b5df244629b5,New York: Routledge and ECPR.,Nyu-York: Routledge va ECPR.,wikimedia,v20260327,284262,Upstream Wikimedia terms vary; commonly CC BY-SA/GFDL,attribution_sharealike_legal_review_required,https://object.pouta.csc.fi/OPUS-wikimedia/v20260327/moses/en-uz.txt.zip,0.98384213,0.6,0,0.842105,False,,correct,1.0,,v1_reused_after_local_filter,1.0,,,,,0.9327289585
2a38914bd8b92d542521,"Viktor Troicki (Serbian Cyrillic: Виктор Троицки, pronounced [ʋîktor troǐtskiː]; born 10 February 1986) is a Serbian former professional tennis player.","Viktor Troicki ( Serbian Cyrillic , pronounced [ʋîktor troǐtskiː] ; 1986-yil 10-fevralda tugʻilgan) serbiyalik sobiq professional tennischi .",wikimedia,v20260327,222462,Upstream Wikimedia terms vary; commonly CC BY-SA/GFDL,attribution_sharealike_legal_review_required,https://object.pouta.csc.fi/OPUS-wikimedia/v20260327/moses/en-uz.txt.zip,0.9770609,0.588235,0,0.69863,False,,correct,1.0,,v1_reused_after_local_filter,1.0,,,,,0.930853905
2286c122a98e1a7b0f21,The Apple A12X Bionic is a 64-bit system on a chip (SoC) designed by Apple Inc.,Apple A12X Bionic - bu Apple Inc tomonidan ishlab chiqilgan chip (SoC) ustidagi 64 bitli tizim hisoblanadi.,wikimedia,v20260327,1169288,Upstream Wikimedia terms vary; commonly CC BY-SA/GFDL,attribution_sharealike_legal_review_required,https://object.pouta.csc.fi/OPUS-wikimedia/v20260327/moses/en-uz.txt.zip,0.9700731,0.588235,1,0.462366,False,,correct,1.0,,v1_reused_after_local_filter,1.0,,,,,0.9277093949999999
fe197e54166cc49d7f7c,"These vehicles include the Mazda2/Demio, Mazda3/Axela, Mazda6/Atenza, and CX-5.","Ushbu transport vositalariga Mazda2/Demio, Mazda3/Axela, Mazda6/Atenza va CX-5 kiradi.",wikimedia,v20260327,118706,Upstream Wikimedia terms vary; commonly CC BY-SA/GFDL,attribution_sharealike_legal_review_required,https://object.pouta.csc.fi/OPUS-wikimedia/v20260327/moses/en-uz.txt.zip,0.98281384,0.583333,0,0.690909,False,,correct,1.0,,v1_reused_after_local_filter,1.0,,,,,0.9339329279999999
7607e9c91c3878c8d6d2,"In 2012, she appeared in Happy Madison Productions' That's My Boy as young Mary McGarricle.","2012-yilda u Happy Madison Productions ""That's My Boy"" filmida yosh Mary McGarricle sifatida paydo bo'ladi.",wikimedia,v20260327,124229,Upstream Wikimedia terms vary; commonly CC BY-SA/GFDL,attribution_sharealike_legal_review_required,https://object.pouta.csc.fi/OPUS-wikimedia/v20260327/moses/en-uz.txt.zip,0.96076,0.571429,0,0.676768,False,,correct,1.0,,v1_reused_after_local_filter,1.0,,,,,0.9251990999999999
6574c056f004a7bee0f4,"Other neighboring municipalities are Vantaa, Kerava, Tuusula, Järvenpää, Mäntsälä and Pornainen.","Boshqa qo'shni shaharlar Vantaa, Kerava, Tuusula, Järvenpää, Mäntsälä va Pornainendir .",wikimedia,v20260327,1034565,Upstream Wikimedia terms vary; commonly CC BY-SA/GFDL,attribution_sharealike_legal_review_required,https://object.pouta.csc.fi/OPUS-wikimedia/v20260327/moses/en-uz.txt.zip,0.96985567,0.571429,0,0.721311,False,,correct,1.0,,v1_reused_after_local_filter,1.0,,,,,0.9292921515
c3c9aab3ace57f4a82da,"25 December – Pyotr Babenko, editor of Liskinskaya gazeta.","25-dekabr - Pyotr Babenko, Liskinskaya gazeta muharriri.",wikimedia,v20260327,576811,Upstream Wikimedia terms vary; commonly CC BY-SA/GFDL,attribution_sharealike_legal_review_required,https://object.pouta.csc.fi/OPUS-wikimedia/v20260327/moses/en-uz.txt.zip,0.98365307,0.571429,0,0.736842,False,,correct,1.0,,v1_reused_after_local_filter,1.0,,,,,0.9355009814999999
f9aab75b2b22068f261a,"9 September 1513: Battle of Flodden (Flodden Field, Branxton).","1513-yil 9-sentyabr: Flodden jangi (Flodden Field, Branxton).",wikimedia,v20260327,467838,Upstream Wikimedia terms vary; commonly CC BY-SA/GFDL,attribution_sharealike_legal_review_required,https://object.pouta.csc.fi/OPUS-wikimedia/v20260327/moses/en-uz.txt.zip,0.96628976,0.571429,0,0.650407,False,,correct,1.0,,v1_reused_after_local_filter,1.0,,,,,0.927687492
36fd6cdc8d70bba91d98,Joy Mortel worked for Mindoro Guardian newspaper.,Joy Mortel Mindoro Guardian gazetasida ishlagan.,wikimedia,v20260327,575992,Upstream Wikimedia terms vary; commonly CC BY-SA/GFDL,attribution_sharealike_legal_review_required,https://object.pouta.csc.fi/OPUS-wikimedia/v20260327/moses/en-uz.txt.zip,0.96603775,0.571429,0,0.618557,False,,correct,1.0,,v1_reused_after_local_filter,1.0,,,,,0.9275740875
d64f8cb8a2c7091160f1,"21 August 2002 St. Jakob-Park, Basel Austria 1–1 3–2 Friendly 9.","2002-yil 21-avgust St. Jakob-Park, Bazel Austria 1–1 3–2 O'rtoqlik uchrashuvi 9.",wikimedia,v20260327,571979,Upstream Wikimedia terms vary; commonly CC BY-SA/GFDL,attribution_sharealike_legal_review_required,https://object.pouta.csc.fi/OPUS-wikimedia/v20260327/moses/en-uz.txt.zip,0.9649771,0.571429,0,0.694444,False,,correct,1.0,,v1_reused_after_local_filter,1.0,,,,,0.927096795
afad441a4790e2b0c8f1,Province of Fiume (Italian: Provincia di Fiume) (1924–1947).,Fiume provinsiyasi (ital. Provincia di Fiume ) (1924–1947).,wikimedia,v20260327,325253,Upstream Wikimedia terms vary; commonly CC BY-SA/GFDL,attribution_sharealike_legal_review_required,https://object.pouta.csc.fi/OPUS-wikimedia/v20260327/moses/en-uz.txt.zip,0.97933507,0.571429,0,0.773109,False,,correct,1.0,,v1_reused_after_local_filter,1.0,,,,,0.9335578815
fafcd29c00d6a5f56767,Kingsoft Office Suite Free 2012 was released in 2011.,Kingsoft Office Suite Free 2012 2011-yilda chiqarilgan.,wikimedia,v20260327,431181,Upstream Wikimedia terms vary; commonly CC BY-SA/GFDL,attribution_sharealike_legal_review_required,https://object.pouta.csc.fi/OPUS-wikimedia/v20260327/moses/en-uz.txt.zip,0.96077013,0.571429,0,0.685185,False,,correct,1.0,,v1_reused_after_local_filter,1.0,,,,,0.9252036585000001
b6446ccce65f290dfcb9,Chopra at Colors Indian Telly Awards in 2012,Chopra 2012-yilda Colors Indian Telly mukofotlarida,wikimedia,v20260327,266176,Upstream Wikimedia terms vary; commonly CC BY-SA/GFDL,attribution_sharealike_legal_review_required,https://object.pouta.csc.fi/OPUS-wikimedia/v20260327/moses/en-uz.txt.zip,0.96365416,0.571429,0,0.673684,False,,correct,1.0,,v1_reused_after_local_filter,1.0,,,,,0.926501472
6724e9ad1897486e0e7e,"15 August 2001 Estádio Olímpico Monumental, Porto Alegre, Brazil Paraguay 1–0 2–0 2002 FIFA World Cup qualification","2001-yil, 15-avgust Estádio Olímpico Monumental, Porto Alegre, Braziliya Paragvay 1 – 0 2–0 2002-yilgi FIFA Jahon chempionati saralashi",wikimedia,v20260327,74342,Upstream Wikimedia terms vary; commonly CC BY-SA/GFDL,attribution_sharealike_legal_review_required,https://object.pouta.csc.fi/OPUS-wikimedia/v20260327/moses/en-uz.txt.zip,0.9613287,0.571429,0,0.736,False,,correct,1.0,,v1_reused_after_local_filter,1.0,,,,,0.925455015
a435a162064a30126b37,"John J. Engel – Chairman, President & CEO of WESCO International Matthew J. Espe – Operating Partner of Advent International Bobby J. Griffin – Former President, International Operations of Ryder System, Inc.","John J. Engel – WESCO International kompaniyasi raisi, prezidenti va bosh direktori Matthew J. Espe - Advent International kompaniyasining operatsion hamkori Bobby J. Griffin - Ryder System, Incning xalqaro operatsiyalari sobiq prezidenti.",wikimedia,v20260327,496344,Upstream Wikimedia terms vary; commonly CC BY-SA/GFDL,attribution_sharealike_legal_review_required,https://object.pouta.csc.fi/OPUS-wikimedia/v20260327/moses/en-uz.txt.zip,0.96123725,0.571429,0,0.299776,False,,correct,1.0,,v1_reused_after_local_filter,1.0,,,,,0.9254138625
9246a765cd2dc5206469,"The other four players are his teammates Hans van Breukelen, Berry van Aerle, Gerald Vanenburg and Wim Kieft.","Qolgan to'rtta o'yinchisi uning jamoadoshari Hans van Breukelen, Berry van Aerle, Gerald Vanenburg va Wim Kieft.",wikimedia,v20260327,1355460,Upstream Wikimedia terms vary; commonly CC BY-SA/GFDL,attribution_sharealike_legal_review_required,https://object.pouta.csc.fi/OPUS-wikimedia/v20260327/moses/en-uz.txt.zip,0.9818477,0.555556,0,0.714932,False,,correct,1.0,,v1_reused_after_local_filter,1.0,,,,,0.936275865
d6ec92b490205af9f322,"""Unforgettable"" (featuring Swae Lee) – 3:53 ""Unforgettable"" (featuring Swae Lee) [Clean] – 3:53","""Unforgettable"" (Swae Li ishtirokida) - 3:53 ""Unforgettable"" (Swae Li ishtirokida) [Clean] – 3:53",wikimedia,v20260327,1213485,Upstream Wikimedia terms vary; commonly CC BY-SA/GFDL,attribution_sharealike_legal_review_required,https://object.pouta.csc.fi/OPUS-wikimedia/v20260327/moses/en-uz.txt.zip,0.97085536,0.555556,0,0.729167,False,,correct,1.0,,v1_reused_after_local_filter,1.0,,,,,0.9313293119999999
aa431b327a5ebe5c82c5,"July 15, 2022 Rizal Memorial Stadium, Manila Vietnam 1–0 4–0 2022 AFF Women's Championship","2022-yil 15-iyul Rizal Memorial Stadium, Manila Vetnam 1 – 0 4 – 0 2022 AFF Ayollar chempionati",wikimedia,v20260327,179861,Upstream Wikimedia terms vary; commonly CC BY-SA/GFDL,attribution_sharealike_legal_review_required,https://object.pouta.csc.fi/OPUS-wikimedia/v20260327/moses/en-uz.txt.zip,0.9630574,0.555556,0,0.756757,False,,correct,1.0,,v1_reused_after_local_filter,1.0,,,,,0.92782023
f586b8c810be73bc73b1,Diehl BGT Defence was founded in 2004 as result of the merger of Bodenseewerke Gerätetechnik GmbH and Diehl Munitionssysteme GmbH & Co. KG.,Diehl BGT Defence 2004-yilda Bodenseewerke Gerätetechnik GmbH va Diehl Munitionssysteme GmbH & Co. KG kompaniyalarining birlashishi natijasida tashkil etilgan.,wikimedia,v20260327,618721,Upstream Wikimedia terms vary; commonly CC BY-SA/GFDL,attribution_sharealike_legal_review_required,https://object.pouta.csc.fi/OPUS-wikimedia/v20260327/moses/en-uz.txt.zip,0.9852452,0.545455,0,0.644295,False,,correct,1.0,,v1_reused_after_local_filter,1.0,,,,,0.93881484
a3b6080aaee47bfb8ae8,"7 September 2012 CR & FC Grounds, Colombo, Sri Lanka Bangladesh 3–0 3–0 2012 SAFF Women's Championship","2012-yil 7- sentabr CR & FC Grounds, Kolombo, Shri-Lanka Bangladesh 3 – 0 3–0 2012-yil SAFF ayollar chempionati",wikimedia,v20260327,353312,Upstream Wikimedia terms vary; commonly CC BY-SA/GFDL,attribution_sharealike_legal_review_required,https://object.pouta.csc.fi/OPUS-wikimedia/v20260327/moses/en-uz.txt.zip,0.974113,0.545455,0,0.732394,False,,correct,1.0,,v1_reused_after_local_filter,1.0,,,,,0.93380535
08bcff47d739e17378a1,UOB Indonesia was founded on 31 August 1956 as PT Bank Buana Indonesia.,UOB Indonesia 1956-yil 31-avgustda PT Bank Buana Indonesia sifatida tashkil etilgan.,wikimedia,v20260327,567346,Upstream Wikimedia terms vary; commonly CC BY-SA/GFDL,attribution_sharealike_legal_review_required,https://object.pouta.csc.fi/OPUS-wikimedia/v20260327/moses/en-uz.txt.zip,0.9873909,0.545455,0,0.619355,False,,correct,1.0,,v1_reused_after_local_filter,1.0,,,,,0.9397804049999999
d844def0d9c4d6dca40d,In 2003 ownership of Rolls-Royce plc was passed to Rolls-Royce Group plc.,2003-yilda Rolls-Royce plc egalik huquqi Rolls-Royce Group plc kompaniyasiga oʻtdi.,wikimedia,v20260327,582688,Upstream Wikimedia terms vary; commonly CC BY-SA/GFDL,attribution_sharealike_legal_review_required,https://object.pouta.csc.fi/OPUS-wikimedia/v20260327/moses/en-uz.txt.zip,0.96105117,0.538462,0,0.602564,False,,correct,1.0,,v1_reused_after_local_filter,1.0,,,,,0.9286268265000001
e6c0d28625c979d566ab,"Carl Ray Kasell (/ˈkæsəl/; April 2, 1934 – April 17, 2018) was an American radio personality.","Carl Ray Kasell - radio boshlovchi,( /ˈ k æ s əl /; 1934-yil 2-aprel, 2018-yil 17-aprel) u amerikalik radio shaxsi bo'lgan edi.",wikimedia,v20260327,891433,Upstream Wikimedia terms vary; commonly CC BY-SA/GFDL,attribution_sharealike_legal_review_required,https://object.pouta.csc.fi/OPUS-wikimedia/v20260327/moses/en-uz.txt.zip,0.9700297,0.538462,0,0.272727,False,,correct,1.0,,v1_reused_after_local_filter,1.0,,,,,0.932667165
cda50de68d70b7c6293f,"Parmitano graduated from the Liceo Scientifico Statale ""Galileo Galilei"" in Catania, Italy, in 1995.","Parmitano 1995-yilda Italiyaning Catania shahridagi Liceo Scientifico Statale ""Galileo Galilei"" ni tamomlagan.",wikimedia,v20260327,654274,Upstream Wikimedia terms vary; commonly CC BY-SA/GFDL,attribution_sharealike_legal_review_required,https://object.pouta.csc.fi/OPUS-wikimedia/v20260327/moses/en-uz.txt.zip,0.9642683,0.538462,0,0.619048,False,,correct,1.0,,v1_reused_after_local_filter,1.0,,,,,0.930074535
ef98de63b84fd9fba019,The UFZ has been accredited under EMAS (Eco-Management and Audit System) since 2005.,UFZ 2005-yildan beri EMAS (Eco-Management and Audit System Eko-boshqaruv va audit tizimi ) ostida akkreditatsiya qilingan.,wikimedia,v20260327,27930,Upstream Wikimedia terms vary; commonly CC BY-SA/GFDL,attribution_sharealike_legal_review_required,https://object.pouta.csc.fi/OPUS-wikimedia/v20260327/moses/en-uz.txt.zip,0.9584445,0.538462,1,0.524272,False,,correct,1.0,,v1_reused_after_local_filter,1.0,,,,,0.9274538250000001
2b501bfeeceae2f32e9c,"In 2009, the original Gold Edition was released on GOG.com, and in 2018, it was re-released for Microsoft Windows as The Settlers II: Veni, Vidi, Vici - History Edition.","2009-yilda asl Gold Edition GOG.com saytida, 2018-yilda esa Microsoft Windows uchun The Settlers II: Veni, Vidi, Vici - History Edition nomi bilan qayta chiqarildi.",wikimedia,v20260327,12053,Upstream Wikimedia terms vary; commonly CC BY-SA/GFDL,attribution_sharealike_legal_review_required,https://object.pouta.csc.fi/OPUS-wikimedia/v20260327/moses/en-uz.txt.zip,0.95981777,0.535714,1,0.648649,False,,correct,1.0,,v1_reused_after_local_filter,1.0,,,,,0.9283465965000001
34b4d76749bbc2b09ec7,"Rebab - used in traditional performances such as Wayang Kulit Melayu, Mak Yong and Main Puteri.","Rebab - Wayang Kulit Melayu, Mak Yong va Main Puteri kabi an'anaviy chiqishlarda ishlatiladi.",wikimedia,v20260327,864084,Upstream Wikimedia terms vary; commonly CC BY-SA/GFDL,attribution_sharealike_legal_review_required,https://object.pouta.csc.fi/OPUS-wikimedia/v20260327/moses/en-uz.txt.zip,0.95821786,0.533333,0,0.553191,False,,correct,1.0,,v1_reused_after_local_filter,1.0,,,,,0.9278647369999999
fdc44a6e73df8c3ecff7,"Its Spanish-language edition, Santiago El Soñador en Entre Las Estrellas, was published simultaneously.","Uning ispan tilidagi nashri, Santiago El Soñador en Entre Las Estrellas, bir vaqtning o'zida nashr etilgan.",wikimedia,v20260327,815227,Upstream Wikimedia terms vary; commonly CC BY-SA/GFDL,attribution_sharealike_legal_review_required,https://object.pouta.csc.fi/OPUS-wikimedia/v20260327/moses/en-uz.txt.zip,0.9603119,0.533333,0,0.6,False,,correct,1.0,,v1_reused_after_local_filter,1.0,,,,,0.928807055
0f94d8cbc94098a45458,"Within Kuyavian-Pomeranian Voivodeship it lies in Brodnica County (Gmina Jabłonowo Pomorskie, Gmina Zbiczno).","Kuyavian-Pomeranian viloyati doirasida u Brodnica County (Jablonowo Pomorskie gmina, Zbiczno gmina) ga tegishli.",wikimedia,v20260327,1323123,Upstream Wikimedia terms vary; commonly CC BY-SA/GFDL,attribution_sharealike_legal_review_required,https://object.pouta.csc.fi/OPUS-wikimedia/v20260327/moses/en-uz.txt.zip,0.96207917,0.533333,0,0.696833,False,,correct,1.0,,v1_reused_after_local_filter,1.0,,,,,0.9296023265
a63381f99e2d332be56f,"Thoại Sơn borders Châu Thành to the north, Tri Tôn to the west, Long Xuyên to the east and Kiên Giang province to the south.","Thoại Sơn shimolda Châu Thành, g'arbda Tri Tôn, sharqda Long Xuyên va janubda Kiên Giang provinsiyasi bilan chegaradosh.",wikimedia,v20260327,918572,Upstream Wikimedia terms vary; commonly CC BY-SA/GFDL,attribution_sharealike_legal_review_required,https://object.pouta.csc.fi/OPUS-wikimedia/v20260327/moses/en-uz.txt.zip,0.9771674,0.53125,0,0.614754,False,,correct,1.0,,v1_reused_after_local_filter,1.0,,,,,0.9366003300000001
4ee88fc50fc343d1d4fe,"Her professional career spanned until 2010, playing for Jitex (Sweden), the Vermont Voltage, FC Indiana, the Boston Breakers, and Sky Blue FC.","Uning professional karyerasi 2010-yilgacha davom etdi, u Jitex (Shvetsiya), Vermont Voltage, FC Indiana, Boston Breakers va Sky Blue FC klublarida o'ynadi.",wikimedia,v20260327,398400,Upstream Wikimedia terms vary; commonly CC BY-SA/GFDL,attribution_sharealike_legal_review_required,https://object.pouta.csc.fi/OPUS-wikimedia/v20260327/moses/en-uz.txt.zip,0.9596144,0.52381,0,0.666667,False,,correct,1.0,,v1_reused_after_local_filter,1.0,,,,,0.9294454799999999
1cebe7663bb037211e59,The reunited Jonas Brothers appeared in two Amazon Prime Video documentaries named Jonas Brothers: Chasing Happiness and Jonas Brothers: Happiness Continues in 2019 and 2020.,Qayta birlashgan Jonas Brothers 2019 va 2020-yillarda Amazon Prime Videoning Jonas Brothers: Chasing Happiness va Jonas Brothers: Happiness Continues nomli ikkita hujjatli filmida suratga tushishdi.,wikimedia,v20260327,1134714,Upstream Wikimedia terms vary; commonly CC BY-SA/GFDL,attribution_sharealike_legal_review_required,https://object.pouta.csc.fi/OPUS-wikimedia/v20260327/moses/en-uz.txt.zip,0.952394,0.521739,0,0.672043,False,,,,,v2_new_audit,1.0,correct,1.0,,qwen3.6-plus,0.9264034
80b8fa2506ea87cb4b60,"On 19 June 2013 Seattle Reign FC released Tiffany Cameron and Lyndsey Patterson shortly after signing with Megan Rapinoe, Stephanie Cox and Kennya Cordner due NWSL rules.","2013-yil 19--iyunda Seattle Reign FC Tiffany Cameron va Lyndsey Pattersonni Megan Rapinoe, Stephanie Cox va Kennya Cordner bilan shartnoma imzolaganidan ko'p o'tmay, NWSL qoidalariga ko'ra uni ozod qildi.",wikimedia,v20260327,105437,Upstream Wikimedia terms vary; commonly CC BY-SA/GFDL,attribution_sharealike_legal_review_required,https://object.pouta.csc.fi/OPUS-wikimedia/v20260327/moses/en-uz.txt.zip,0.9541578,0.52,0,0.235294,False,,correct,1.0,,v1_reused_after_local_filter,1.0,,,,,0.9273710100000001
1f38437363655729aed5,"Today, there are several forms of agricultural production, including cooperatives such as UBPCs (Unidad Básica de Producción Cooperativa) and CPAs (Cooperativa de Producción Agropecuaria).","Bugungi kunda qishloq xo'jaligi ishlab chiqarishining bir nechta shakllari mavjud, ular orasida UBPCs (Unidad Básica de Producción Cooperativa) va CPAs (Cooperativa de Producción Agropecuaria) kabi kooperativlar mavjud.",wikimedia,v20260327,937593,Upstream Wikimedia terms vary; commonly CC BY-SA/GFDL,attribution_sharealike_legal_review_required,https://object.pouta.csc.fi/OPUS-wikimedia/v20260327/moses/en-uz.txt.zip,0.9614776,0.518519,0,0.019656,False,,correct,1.0,,v1_reused_after_local_filter,1.0,,,,,0.9308130200000001
08bb2b041c9987b7e796,Ryūgasaki Toride Kawachi,Ryugasaki Toride Kawachi,wikimedia,v20260327,851347,Upstream Wikimedia terms vary; commonly CC BY-SA/GFDL,attribution_sharealike_legal_review_required,https://object.pouta.csc.fi/OPUS-wikimedia/v20260327/moses/en-uz.txt.zip,0.9817963,0.5,0,0.958333,False,,correct,1.0,,v1_reused_after_local_filter,1.0,,,,,0.941808335
cb25af70d132b156ffb6,"She has since participated in other SM Entertainment projects, including Girls' Generation-Oh!GG and Got the Beat.","O'shandan beri u ""SM Entertainment"" kompaniyasining boshqa loyihalarida, jumladan ""Girls' Generation-Oh!GG"" va ""Got the Beat""da ishtirok etgan.",wikimedia,v20260327,405702,Upstream Wikimedia terms vary; commonly CC BY-SA/GFDL,attribution_sharealike_legal_review_required,https://object.pouta.csc.fi/OPUS-wikimedia/v20260327/moses/en-uz.txt.zip,0.9524069,0.5,1,0.575875,False,,,,,v2_new_audit,1.0,correct,1.0,,qwen3.6-plus,0.928583105
32adcc57954d54baa54d,Fethiye located in Muğla Province,Fethiye Muğla viloyatida joylashgan,wikimedia,v20260327,861539,Upstream Wikimedia terms vary; commonly CC BY-SA/GFDL,attribution_sharealike_legal_review_required,https://object.pouta.csc.fi/OPUS-wikimedia/v20260327/moses/en-uz.txt.zip,0.952675,0.5,0,0.5,False,,,,,v2_new_audit,1.0,correct,1.0,,qwen3.6-plus,0.9287037500000002
05da795ec6afeeaa390c,NWSL Championship: 2015,NWSL chempionati: 2015,wikimedia,v20260327,129819,Upstream Wikimedia terms vary; commonly CC BY-SA/GFDL,attribution_sharealike_legal_review_required,https://object.pouta.csc.fi/OPUS-wikimedia/v20260327/moses/en-uz.txt.zip,0.97967035,0.5,0,0.844444,False,,correct,1.0,,v1_reused_after_local_filter,1.0,,,,,0.9408516575000001
c28860557ac8a3c2a255,Protein deficiency,Protein yetishmovchiligi,wikimedia,v20260327,734956,Upstream Wikimedia terms vary; commonly CC BY-SA/GFDL,attribution_sharealike_legal_review_required,https://object.pouta.csc.fi/OPUS-wikimedia/v20260327/moses/en-uz.txt.zip,0.982241,0.5,0,0.571429,False,,correct,1.0,,v1_reused_after_local_filter,1.0,,,,,0.9420084500000001
ea6ffb13dc92d6337284,"On 19 December 2011, United Overseas Bank launched its free mobile UOB Mobile application.",2011-yil 19-dekabrda United Overseas Bank oʻzining bepul mobil UOB Mobile ilovasini ishga tushirdi.,wikimedia,v20260327,567376,Upstream Wikimedia terms vary; commonly CC BY-SA/GFDL,attribution_sharealike_legal_review_required,https://object.pouta.csc.fi/OPUS-wikimedia/v20260327/moses/en-uz.txt.zip,0.9484541,0.5,0,0.539683,False,,,,,v2_new_audit,1.0,correct,1.0,Accurate and natural.,deepseek-v4-flash,0.9268043450000001
8c99226683e456814d0c,Ridder with the Cincinnati Bearcats in 2021,2021-yilda Cincinnati Bearcats bilan Ridder,wikimedia,v20260327,1184432,Upstream Wikimedia terms vary; commonly CC BY-SA/GFDL,attribution_sharealike_legal_review_required,https://object.pouta.csc.fi/OPUS-wikimedia/v20260327/moses/en-uz.txt.zip,0.9463484,0.5,0,0.604651,False,,,,,v2_new_audit,1.0,correct,1.0,"Fragment translated correctly, natural in context.",deepseek-v4-flash,0.92585678
4efdd0101c1835ef90c4,Kaabong District 4.,Kaabong tumani 4.,wikimedia,v20260327,1240387,Upstream Wikimedia terms vary; commonly CC BY-SA/GFDL,attribution_sharealike_legal_review_required,https://object.pouta.csc.fi/OPUS-wikimedia/v20260327/moses/en-uz.txt.zip,0.96550333,0.5,0,0.666667,False,,correct,1.0,,v1_reused_after_local_filter,1.0,,,,,0.9344764985
42edb514f87df0d0323b,1934 (Series DA),1934-yil (DA seriyasi),wikimedia,v20260327,677311,Upstream Wikimedia terms vary; commonly CC BY-SA/GFDL,attribution_sharealike_legal_review_required,https://object.pouta.csc.fi/OPUS-wikimedia/v20260327/moses/en-uz.txt.zip,0.96434724,0.5,0,0.631579,False,,correct,1.0,,v1_reused_after_local_filter,1.0,,,,,0.933956258
ebe6857e03f3fd1f4e89,2023–24 AFC Cup,AFC kubogi 2023–24,wikimedia,v20260327,1104315,Upstream Wikimedia terms vary; commonly CC BY-SA/GFDL,attribution_sharealike_legal_review_required,https://object.pouta.csc.fi/OPUS-wikimedia/v20260327/moses/en-uz.txt.zip,0.9655793,0.5,0,0.424242,False,,correct,1.0,,v1_reused_after_local_filter,1.0,,,,,0.934510685
463a62c628d93c2958e3,Syracuse statistics,Syracuse statistikasi,wikimedia,v20260327,192313,Upstream Wikimedia terms vary; commonly CC BY-SA/GFDL,attribution_sharealike_legal_review_required,https://object.pouta.csc.fi/OPUS-wikimedia/v20260327/moses/en-uz.txt.zip,0.96449447,0.5,0,0.9,False,,correct,1.0,,v1_reused_after_local_filter,1.0,,,,,0.9340225115
0de02442a2bb5eaf597d,Attlee said:,Attlee dedi:,wikimedia,v20260327,74280,Upstream Wikimedia terms vary; commonly CC BY-SA/GFDL,attribution_sharealike_legal_review_required,https://object.pouta.csc.fi/OPUS-wikimedia/v20260327/moses/en-uz.txt.zip,0.96470845,0.5,0,0.75,False,,correct,1.0,,v1_reused_after_local_filter,1.0,,,,,0.9341188025
5689b3d06e26b26f80c5,History of Borgåsen,Borgåsen tarixi,wikimedia,v20260327,912074,Upstream Wikimedia terms vary; commonly CC BY-SA/GFDL,attribution_sharealike_legal_review_required,https://object.pouta.csc.fi/OPUS-wikimedia/v20260327/moses/en-uz.txt.zip,0.96526325,0.5,0,0.470588,False,,correct,1.0,,v1_reused_after_local_filter,1.0,,,,,0.9343684625
10eaf8b60e09afa4dc1f,Aliaksandra Aliaksandraŭna Sasnovich (Belarusian: Аляксандра Аляксандраўна Сасновіч; born 22 March 1994) is a Belarusian tennis player.,Aliaksandra Aliaksandraŭna Sasnovich ( Belarusian; 1994-yil 22-martda tug'ilgan) - belaruslik tennischi.,wikimedia,v20260327,323348,Upstream Wikimedia terms vary; commonly CC BY-SA/GFDL,attribution_sharealike_legal_review_required,https://object.pouta.csc.fi/OPUS-wikimedia/v20260327/moses/en-uz.txt.zip,0.9653232,0.5,0,0.476987,False,,correct,1.0,,v1_reused_after_local_filter,1.0,,,,,0.9343954400000001
2e0c7d626d41273a094a,"Districts of the village: Liso, Lisako, Aksilisa, Agorgor, Gaylorashi, Siseno.","Qishloq tumanlari: Liso, Lisako, Axilisa, Agorgor, Gaylorashi, Siseno.",wikimedia,v20260327,1319443,Upstream Wikimedia terms vary; commonly CC BY-SA/GFDL,attribution_sharealike_legal_review_required,https://object.pouta.csc.fi/OPUS-wikimedia/v20260327/moses/en-uz.txt.zip,0.96539557,0.5,0,0.77027,False,,correct,1.0,,v1_reused_after_local_filter,1.0,,,,,0.9344280065000001
89727006e8a24933d994,Head coach: Tamotsu Suzuki,Bosh murabbiy: Tamotsu Suzuki,wikimedia,v20260327,704741,Upstream Wikimedia terms vary; commonly CC BY-SA/GFDL,attribution_sharealike_legal_review_required,https://object.pouta.csc.fi/OPUS-wikimedia/v20260327/moses/en-uz.txt.zip,0.9655432,0.5,0,0.654545,False,,correct,1.0,,v1_reused_after_local_filter,1.0,,,,,0.9344944400000001
5a9109f038fee85175c4,Miller in 2014,Miller 2014-yil,wikimedia,v20260327,519047,Upstream Wikimedia terms vary; commonly CC BY-SA/GFDL,attribution_sharealike_legal_review_required,https://object.pouta.csc.fi/OPUS-wikimedia/v20260327/moses/en-uz.txt.zip,0.95486283,0.5,0,0.758621,False,,correct,1.0,,v1_reused_after_local_filter,1.0,,,,,0.9296882735
93e08f604f60076cf606,Çorum today,Bugungi Çorum,wikimedia,v20260327,1301322,Upstream Wikimedia terms vary; commonly CC BY-SA/GFDL,attribution_sharealike_legal_review_required,https://object.pouta.csc.fi/OPUS-wikimedia/v20260327/moses/en-uz.txt.zip,0.9536218,0.5,0,0.416667,False,,correct,1.0,,v1_reused_after_local_filter,1.0,,,,,0.9291298100000001
1878a4817fec6e02cf83,2012: Igor Moukhin.,2012-yil: Igor Muxin.,wikimedia,v20260327,897528,Upstream Wikimedia terms vary; commonly CC BY-SA/GFDL,attribution_sharealike_legal_review_required,https://object.pouta.csc.fi/OPUS-wikimedia/v20260327/moses/en-uz.txt.zip,0.95373696,0.5,0,0.8,False,,correct,1.0,,v1_reused_after_local_filter,1.0,,,,,0.929181632
d6effdc1e7696d7fa8a3,Kawagoe Tomisuhara,Kavagoe Tomisuhara,wikimedia,v20260327,937139,Upstream Wikimedia terms vary; commonly CC BY-SA/GFDL,attribution_sharealike_legal_review_required,https://object.pouta.csc.fi/OPUS-wikimedia/v20260327/moses/en-uz.txt.zip,0.9537532,0.5,0,0.944444,False,,correct,1.0,,v1_reused_after_local_filter,1.0,,,,,0.9291889400000001
7d3a10ff871d0d163c25,"Yonex Co., Ltd. (ヨネックス株式会社, Yonekkusu Kabushiki-gaisha) (TYO: 7906) is a Japanese sports equipment manufacturing company.","Yonex Co., Ltd. (yaponcha: ヨネックス株式会社, Yonekkusu Kabushiki-gaisha; TYO: 7906) - Yaponiyaning sport anjomlari ishlab chiqaruvchi kompaniyasi.",wikimedia,v20260327,476230,Upstream Wikimedia terms vary; commonly CC BY-SA/GFDL,attribution_sharealike_legal_review_required,https://object.pouta.csc.fi/OPUS-wikimedia/v20260327/moses/en-uz.txt.zip,0.9538921,0.5,0,0.707692,False,,correct,1.0,,v1_reused_after_local_filter,1.0,,,,,0.929251445
d6b10d39ac5032284a95,Gifu Prefecture,Gifu prefekturasi,wikimedia,v20260327,908345,Upstream Wikimedia terms vary; commonly CC BY-SA/GFDL,attribution_sharealike_legal_review_required,https://object.pouta.csc.fi/OPUS-wikimedia/v20260327/moses/en-uz.txt.zip,0.95398474,0.5,0,0.8125,False,,correct,1.0,,v1_reused_after_local_filter,1.0,,,,,0.929293133
864e79bf32e77af063b7,"Additional features included the XBRITE LCD, integrated Wireless Wide Area Network (WWAN) technology and Bluetooth technology.","Qo'shimcha funktsiyalar qatoriga XBRITE LCD, integratsiyalangan Wireless Wide Area Network (WWAN) texnologiyasi va Bluetooth texnologiyasi kiradi.",wikimedia,v20260327,687975,Upstream Wikimedia terms vary; commonly CC BY-SA/GFDL,attribution_sharealike_legal_review_required,https://object.pouta.csc.fi/OPUS-wikimedia/v20260327/moses/en-uz.txt.zip,0.96671194,0.5,0,0.698529,False,,correct,1.0,,v1_reused_after_local_filter,1.0,,,,,0.9350203730000001
812384aa0364409cb22e,Reus in 2018,Reus 2018-yilda,wikimedia,v20260327,52593,Upstream Wikimedia terms vary; commonly CC BY-SA/GFDL,attribution_sharealike_legal_review_required,https://object.pouta.csc.fi/OPUS-wikimedia/v20260327/moses/en-uz.txt.zip,0.9677276,0.5,0,0.666667,False,,correct,1.0,,v1_reused_after_local_filter,1.0,,,,,0.93547742
e7e0352bf1a0fa1b5116,Flash Europa 28,Flash Yevropa 28,wikimedia,v20260327,895075,Upstream Wikimedia terms vary; commonly CC BY-SA/GFDL,attribution_sharealike_legal_review_required,https://object.pouta.csc.fi/OPUS-wikimedia/v20260327/moses/en-uz.txt.zip,0.9841774,0.5,0,0.903226,False,,correct,1.0,,v1_reused_after_local_filter,1.0,,,,,0.9428798300000001
1467b397b4cbaf1c4f9b,Lokomotiv Moscow,Lokomotiv Moskow,wikimedia,v20260327,322176,Upstream Wikimedia terms vary; commonly CC BY-SA/GFDL,attribution_sharealike_legal_review_required,https://object.pouta.csc.fi/OPUS-wikimedia/v20260327/moses/en-uz.txt.zip,0.9641249,0.5,0,0.9375,False,,correct,1.0,,v1_reused_after_local_filter,1.0,,,,,0.9338562050000001
2f803e8d8d744aa53579,"Istanbul: ""Millennium"", 2010.","Istanbul: ""Mingyillik"", 2010-yil.",wikimedia,v20260327,1247793,Upstream Wikimedia terms vary; commonly CC BY-SA/GFDL,attribution_sharealike_legal_review_required,https://object.pouta.csc.fi/OPUS-wikimedia/v20260327/moses/en-uz.txt.zip,0.96379185,0.5,0,0.774194,False,,correct,1.0,,v1_reused_after_local_filter,1.0,,,,,0.9337063325000001
169378ac43b24849a948,"Mar 2011 ITF Metepec, Mexico Hard Teliana Pereira 4–6, 4–6 Loss 4.","2011 yil mart ITF Metepec, Meksika Qattiq Teliana Pereira 4–6, 4–6 Yo'qotish 4.",wikimedia,v20260327,308674,Upstream Wikimedia terms vary; commonly CC BY-SA/GFDL,attribution_sharealike_legal_review_required,https://object.pouta.csc.fi/OPUS-wikimedia/v20260327/moses/en-uz.txt.zip,0.9793023,0.5,0,0.744828,False,,correct,1.0,,v1_reused_after_local_filter,1.0,,,,,0.940686035
0dd82d9fc44266b4cf46,Borjan with Sivasspor in 2013,Borjan 2013-yilda Sivasspor bilan,wikimedia,v20260327,894186,Upstream Wikimedia terms vary; commonly CC BY-SA/GFDL,attribution_sharealike_legal_review_required,https://object.pouta.csc.fi/OPUS-wikimedia/v20260327/moses/en-uz.txt.zip,0.97908074,0.5,0,0.677419,False,,correct,1.0,,v1_reused_after_local_filter,1.0,,,,,0.940586333
34a7df7af23613ccf921,"9 October 2001 Gemeentelijk Stadion, Kontich, Belgium Belgium 3–2 5–2 4.","2001-yil 9-oktyabr Gemeentelijk Stadion, Kontich, Belgiya Belgiya 3 – 2 5–2 4.",wikimedia,v20260327,91331,Upstream Wikimedia terms vary; commonly CC BY-SA/GFDL,attribution_sharealike_legal_review_required,https://object.pouta.csc.fi/OPUS-wikimedia/v20260327/moses/en-uz.txt.zip,0.9789593,0.5,0,0.773333,False,,correct,1.0,,v1_reused_after_local_filter,1.0,,,,,0.9405316850000001
74a5448c5b19ea2cf707,Qayibov in 1896,Qayibov 1896-yilda,wikimedia,v20260327,1222717,Upstream Wikimedia terms vary; commonly CC BY-SA/GFDL,attribution_sharealike_legal_review_required,https://object.pouta.csc.fi/OPUS-wikimedia/v20260327/moses/en-uz.txt.zip,0.98432267,0.5,0,0.727273,False,,correct,1.0,,v1_reused_after_local_filter,1.0,,,,,0.9429452015
1e1e4e8e550c58a0451b,"In 1951, Lockhart married John F. Maloney.",1951-yilda Lockhart John F. Maloneyga turmushga chiqqan.,wikimedia,v20260327,896267,Upstream Wikimedia terms vary; commonly CC BY-SA/GFDL,attribution_sharealike_legal_review_required,https://object.pouta.csc.fi/OPUS-wikimedia/v20260327/moses/en-uz.txt.zip,0.9513953,0.5,0,0.612245,False,,,,,v2_new_audit,1.0,correct,1.0,,qwen3.6-plus,0.9281278850000001
8d662be9071ebc8327b0,"Micah signed with the W-League's Brisbane Roar FC, aged 16.",Micah 16 yoshida W-liganing Brisbane Roar FC bilan shartnoma imzolagan.,wikimedia,v20260327,89281,Upstream Wikimedia terms vary; commonly CC BY-SA/GFDL,attribution_sharealike_legal_review_required,https://object.pouta.csc.fi/OPUS-wikimedia/v20260327/moses/en-uz.txt.zip,0.9518709,0.5,0,0.553846,False,,,,,v2_new_audit,1.0,correct,1.0,,qwen3.6-plus,0.928341905
6d76eea0da033cec961a,Alexander Ivanov.,Aleksandr Ivanov.,wikimedia,v20260327,548397,Upstream Wikimedia terms vary; commonly CC BY-SA/GFDL,attribution_sharealike_legal_review_required,https://object.pouta.csc.fi/OPUS-wikimedia/v20260327/moses/en-uz.txt.zip,0.979902,0.5,0,0.882353,False,,correct,1.0,,v1_reused_after_local_filter,1.0,,,,,0.9409559000000001
a760d305750604623f74,Head coach: Oleg Kubarev,Bosh murabbiy: Oleg Kubarev,wikimedia,v20260327,992777,Upstream Wikimedia terms vary; commonly CC BY-SA/GFDL,attribution_sharealike_legal_review_required,https://object.pouta.csc.fi/OPUS-wikimedia/v20260327/moses/en-uz.txt.zip,0.9837314,0.5,0,0.627451,False,,correct,1.0,,v1_reused_after_local_filter,1.0,,,,,0.9426791300000001
0f2b533719508e8baf15,"Shannon Marie Kahololani ""Shannyn"" Sossamon (/ˈsɒsəmən/) is an American actress, director, and musician.","Shannon Mari Kahololani "" Shannyn "" Sossamon ( /ˈ s ɒ s əm ə n / ) - amerikalik aktrisa, rejissyor va musiqachi.",wikimedia,v20260327,308384,Upstream Wikimedia terms vary; commonly CC BY-SA/GFDL,attribution_sharealike_legal_review_required,https://object.pouta.csc.fi/OPUS-wikimedia/v20260327/moses/en-uz.txt.zip,0.95195043,0.5,0,0.759259,False,,,,,v2_new_audit,1.0,correct,1.0,,qwen3.6-plus,0.9283776935000001
c7d35e25bcbc57134436,"Pascal Dupuis and Sidney Crosby, October 2010.","Paskal Dupuis va Sidney Crosby, 2010-yil oktyabr.",wikimedia,v20260327,727706,Upstream Wikimedia terms vary; commonly CC BY-SA/GFDL,attribution_sharealike_legal_review_required,https://object.pouta.csc.fi/OPUS-wikimedia/v20260327/moses/en-uz.txt.zip,0.9531319,0.5,0,0.736842,False,,correct,1.0,,v1_reused_after_local_filter,1.0,,,,,0.928909355
1a9b4badb81458076946,236(1) 29 September 1988 ss.,236(1) 1988-yil 29- sentyabr ss.,wikimedia,v20260327,485630,Upstream Wikimedia terms vary; commonly CC BY-SA/GFDL,attribution_sharealike_legal_review_required,https://object.pouta.csc.fi/OPUS-wikimedia/v20260327/moses/en-uz.txt.zip,0.98460424,0.5,0,0.5,False,,correct,1.0,,v1_reused_after_local_filter,1.0,,,,,0.9430719080000001
42048a05852ff16a0504,Lokomotiv Moscow,Lokomotiv Moskva,wikimedia,v20260327,1291608,Upstream Wikimedia terms vary; commonly CC BY-SA/GFDL,attribution_sharealike_legal_review_required,https://object.pouta.csc.fi/OPUS-wikimedia/v20260327/moses/en-uz.txt.zip,0.98440814,0.5,0,0.8125,False,,correct,1.0,,v1_reused_after_local_filter,1.0,,,,,0.9429836630000001
186b09c0511cdd9f0614,Georgia statistics,Georgia statistikasi,wikimedia,v20260327,206410,Upstream Wikimedia terms vary; commonly CC BY-SA/GFDL,attribution_sharealike_legal_review_required,https://object.pouta.csc.fi/OPUS-wikimedia/v20260327/moses/en-uz.txt.zip,0.9826629,0.5,0,0.894737,False,,correct,1.0,,v1_reused_after_local_filter,1.0,,,,,0.942198305
e53839ca603e52a88a6e,FIFA U-20 World Cup: 2019,FIFA U-20 Jahon chempionati: 2019,wikimedia,v20260327,895952,Upstream Wikimedia terms vary; commonly CC BY-SA/GFDL,attribution_sharealike_legal_review_required,https://object.pouta.csc.fi/OPUS-wikimedia/v20260327/moses/en-uz.txt.zip,0.9829606,0.5,0,0.689655,False,,correct,1.0,,v1_reused_after_local_filter,1.0,,,,,0.9423322700000001
18a79f005e83326e7772,ITF finals,ITF finallari,wikimedia,v20260327,315201,Upstream Wikimedia terms vary; commonly CC BY-SA/GFDL,attribution_sharealike_legal_review_required,https://object.pouta.csc.fi/OPUS-wikimedia/v20260327/moses/en-uz.txt.zip,0.9866604,0.5,0,0.782609,False,,correct,1.0,,v1_reused_after_local_filter,1.0,,,,,0.94399718
2621dccfed00050ca441,Robert Horton - Rob's dad.,Robert Horton - Robning otasi.,wikimedia,v20260327,597192,Upstream Wikimedia terms vary; commonly CC BY-SA/GFDL,attribution_sharealike_legal_review_required,https://object.pouta.csc.fi/OPUS-wikimedia/v20260327/moses/en-uz.txt.zip,0.96790147,0.5,0,0.75,False,,correct,1.0,,v1_reused_after_local_filter,1.0,,,,,0.9355556615
c35e1cd8c1df75315680,Masters 1000 finals,Masters 1000 finali,wikimedia,v20260327,357343,Upstream Wikimedia terms vary; commonly CC BY-SA/GFDL,attribution_sharealike_legal_review_required,https://object.pouta.csc.fi/OPUS-wikimedia/v20260327/moses/en-uz.txt.zip,0.9932145,0.5,0,0.947368,False,,correct,1.0,,v1_reused_after_local_filter,1.0,,,,,0.946946525
21c4849261d9640b5544,Google One was launched in May 2018.,Google One 2018-yilning may oyida ishga tushirilgan.,wikimedia,v20260327,1143439,Upstream Wikimedia terms vary; commonly CC BY-SA/GFDL,attribution_sharealike_legal_review_required,https://object.pouta.csc.fi/OPUS-wikimedia/v20260327/moses/en-uz.txt.zip,0.9673004,0.5,0,0.477273,False,,correct,1.0,,v1_reused_after_local_filter,1.0,,,,,0.93528518
8eb8512a4df76b368c09,Indira (name),Indira (ismi),wikimedia,v20260327,1360355,Upstream Wikimedia terms vary; commonly CC BY-SA/GFDL,attribution_sharealike_legal_review_required,https://object.pouta.csc.fi/OPUS-wikimedia/v20260327/moses/en-uz.txt.zip,0.9856199,0.5,0,0.769231,False,,correct,1.0,,v1_reused_after_local_filter,1.0,,,,,0.9435289550000001
c1b75b24bae66efb4ce9,Mohanpura is 4 km from NH-54 (old NH-15) and lies between Sarhali and Naushehra Pannuan.,"Mohanpura NH-54 (eski NH-15) dan 4 km uzoqlikda, Sarhali va Naushehra Pannuan o'rtasida joylashgan.",wikimedia,v20260327,981852,Upstream Wikimedia terms vary; commonly CC BY-SA/GFDL,attribution_sharealike_legal_review_required,https://object.pouta.csc.fi/OPUS-wikimedia/v20260327/moses/en-uz.txt.zip,0.96885467,0.5,0,0.631016,False,,correct,1.0,,v1_reused_after_local_filter,1.0,,,,,0.9359846015000001
312cda750cc6143211fb,2005 CEV U19 European Championship,2005-yil CEV U19 Yevropa chempionati,wikimedia,v20260327,810516,Upstream Wikimedia terms vary; commonly CC BY-SA/GFDL,attribution_sharealike_legal_review_required,https://object.pouta.csc.fi/OPUS-wikimedia/v20260327/moses/en-uz.txt.zip,0.9766948,0.5,0,0.771429,False,,correct,1.0,,v1_reused_after_local_filter,1.0,,,,,0.9395126600000001
