pair_id,v2_label,v2_confidence,v2_reason,auditor_model
0c6142a1c8af58d79bb0,correct,1.0,,qwen3.6-plus
7f314e778a82e5e5c63c,correct,1.0,,qwen3.6-plus
289a372961358053210d,correct,1.0,,qwen3.6-plus
31f028489a479d2fba5c,correct,1.0,,qwen3.6-plus
fd06ebeaf8e6fda0260b,correct,1.0,,qwen3.6-plus
c16174058d34309f96e1,correct,1.0,,qwen3.6-plus
e342866ff93db5682e8e,correct,1.0,,qwen3.6-plus
9bbcda72ce17b067ce8a,correct,1.0,,qwen3.6-plus
24e49622c4d572e8c16c,correct,1.0,,qwen3.6-plus
53dc825848922cca46da,correct,1.0,,qwen3.6-plus
132c341dbf323bf7c796,correct,1.0,,qwen3.6-plus
a79b6909f9f547e8ec3f,correct,1.0,,qwen3.6-plus
34af39ff5fdb07e9953f,correct,1.0,,qwen3.6-plus
c3049c42e8b6a66b37a9,correct,1.0,,qwen3.6-plus
15ecde7555110fad4501,correct,1.0,,qwen3.6-plus
8e5e5d1f67a6d74cbab8,correct,1.0,,qwen3.6-plus
fadfb7d7e92172b6e5ab,wrong,0.9,Grammar error: 'Siz mening tushunayapsizmi?' should be 'Siz meni tushunyapsizmi?' or 'Menga tushunyapsizmi?'.,qwen3.6-plus
a618a1c443600aacf5d2,correct,1.0,,qwen3.6-plus
971309fec8ce92cd0301,correct,1.0,,qwen3.6-plus
e29572804069e17dbd34,correct,1.0,,qwen3.6-plus
5f109f96178f674ec27c,correct,1.0,,qwen3.6-plus
577b1361f682b0e8e2c7,correct,1.0,,qwen3.6-plus
2755be5b5fe56fa0633a,correct,1.0,,qwen3.6-plus
c599738d15e9edb63f0b,correct,1.0,,qwen3.6-plus
69e39c55fbba96ecaaea,correct,1.0,,qwen3.6-plus
d4348d8d34185e9159d8,correct,1.0,,qwen3.6-plus
3c6adbae2e6fd3a765ff,correct,1.0,,qwen3.6-plus
0cc79c14e50736c04152,correct,1.0,,qwen3.6-plus
1218ff845da1826bfcc7,correct,1.0,,qwen3.6-plus
0b4de9ad2d4005a48680,correct,1.0,,qwen3.6-plus
5f3ec1d518303b80a97c,correct,1.0,,qwen3.6-plus
aeaa9f0f192d1ba458a4,correct,1.0,,qwen3.6-plus
757dbd0355ac6c8bd119,correct,1.0,,qwen3.6-plus
8f6d93063be166f83063,correct,1.0,,qwen3.6-plus
1ebca1817c34560370ec,correct,1.0,,qwen3.6-plus
a64c453cbf4cc4789cde,correct,1.0,,qwen3.6-plus
08bb2bbd7fdf07a173b5,correct,1.0,,qwen3.6-plus
fd33b20a38c867b0552c,minor,0.9,Spelling: 'to'ldirip' should be 'to'ldirib',qwen3.6-plus
2ecce7432a65762e666a,correct,1.0,,qwen3.6-plus
cadd7d04b1aa2cdb6b73,correct,1.0,,qwen3.6-plus
0bc0603261765f9dc902,correct,1.0,,qwen3.6-plus
a5f4cd5c501027aaa77a,correct,1.0,,qwen3.6-plus
f4ad1ccad951858db92e,correct,1.0,,qwen3.6-plus
7ba77584104da12b77be,correct,1.0,,qwen3.6-plus
ead888092bd1500c8633,correct,1.0,,qwen3.6-plus
3377bbbf833f1402173f,correct,1.0,,qwen3.6-plus
288bada7ac6c8927bbd4,correct,1.0,,qwen3.6-plus
29f0dd5b8bc00dcb4c87,correct,1.0,,qwen3.6-plus
02507bcfdb84f545f908,wrong,0.9,Unnatural/archaic phrasing: 'ila o'lmaq istayiram' instead of 'bilan o'lmoqchiman',qwen3.6-plus
73cb745dd97aeb9ef041,correct,1.0,,qwen3.6-plus
c638eefaa6629519ce60,correct,1.0,,qwen3.6-plus
0ebc34878348d1f238b9,correct,1.0,,qwen3.6-plus
6b4b8dbe424a3204d133,correct,1.0,,qwen3.6-plus
d7084c8468a4b5428ded,correct,1.0,,qwen3.6-plus
4c0d263fc2db84d4aaf6,correct,1.0,,qwen3.6-plus
bc33adcbf9fbce9dd005,correct,1.0,,qwen3.6-plus
354caa32513db9507970,correct,1.0,,qwen3.6-plus
e9755683b2567066a713,correct,1.0,,qwen3.6-plus
315336c4c977e80ce7e1,correct,1.0,,qwen3.6-plus
377b7213b0ac93dee6e8,wrong,0.9,'tushungani yo'q' is grammatically incorrect; should be 'tushunmadi',qwen3.6-plus
c94fafeaab4be67148dc,correct,1.0,,qwen3.6-plus
cf176d3541b833724c19,correct,1.0,,qwen3.6-plus
0957b792762bb17febde,correct,1.0,,qwen3.6-plus
85671e932419a6afe0f1,correct,1.0,,qwen3.6-plus
49b675b2512df51d06a3,correct,1.0,,qwen3.6-plus
57f8406c24f4933df10d,correct,1.0,,qwen3.6-plus
3449e9d1124abb4033fe,correct,1.0,,qwen3.6-plus
bfc98833c82aa12d8343,correct,1.0,,qwen3.6-plus
01898f869ba4fd208f97,correct,1.0,,qwen3.6-plus
3207fd0728a0679b4a2b,correct,1.0,,qwen3.6-plus
516ff8ca7936a0abd3f0,correct,1.0,,qwen3.6-plus
fe0a00662b0b39f2cd79,correct,1.0,,qwen3.6-plus
37baf8ddd15c9022a719,correct,1.0,,qwen3.6-plus
bbb1e2d1bffaf80fbfb7,correct,1.0,,qwen3.6-plus
c51bf73dfa3f74693cef,correct,1.0,,qwen3.6-plus
c402bcdf3108e4f567f0,correct,1.0,,qwen3.6-plus
8445e8b33925a93d262d,correct,1.0,,qwen3.6-plus
290654dba9b451cd2066,correct,1.0,,qwen3.6-plus
f1ae8aedd8c6c9f6b443,correct,1.0,,qwen3.6-plus
2df2625431afcf7917bf,correct,1.0,,qwen3.6-plus
62a72e530c8708c58a12,correct,1.0,,qwen3.6-plus
226a9d2b1cbbba075d8c,correct,1.0,,qwen3.6-plus
0b40e051dec8aed53526,correct,1.0,,qwen3.6-plus
e693a4933262b881eb09,correct,1.0,,qwen3.6-plus
0afc286db5f646187e24,correct,1.0,,qwen3.6-plus
51c6c9ebc1377aaca495,correct,1.0,,qwen3.6-plus
b94c83c9de6e5262f887,correct,1.0,,qwen3.6-plus
26762f0387350b14363b,minor,0.8,Tense mismatch: 'eat' (simple) vs 'yeyapsiz' (present continuous),qwen3.6-plus
2e39d8bb6e25e91374f0,correct,1.0,,qwen3.6-plus
93b0701f20be79dd557d,correct,1.0,,qwen3.6-plus
66b842fb90d00ba18cc9,correct,1.0,,qwen3.6-plus
15a1f30c25bcb6d4ba6b,correct,1.0,,qwen3.6-plus
be8cc920a1934b8e8fee,correct,1.0,,qwen3.6-plus
067768f410649988574f,correct,1.0,,qwen3.6-plus
a8fe1043d612d467c0bd,correct,1.0,,qwen3.6-plus
8854bb8d8dfa27d1c84a,correct,1.0,,qwen3.6-plus
9f5597208f9aab5539d3,correct,1.0,,qwen3.6-plus
7b1f78f794b4dfb05233,correct,1.0,,qwen3.6-plus
e3440d4b1407e5e9f1bc,correct,1.0,,qwen3.6-plus
d45c6ad03a018c07fc8c,correct,1.0,,qwen3.6-plus
7b8e256db49775d2d6b5,correct,1.0,,qwen3.6-plus
22e0489f29203d8f7f06,correct,1.0,,qwen3.6-plus
d8d12a0d622f900dbf5d,correct,1.0,,qwen3.6-plus
8beea02a5c4c1a983b49,correct,1.0,,qwen3.6-plus
228a8d75ebc689115152,correct,1.0,,qwen3.6-plus
8836b6b438591fce07aa,wrong,0.9,Pronoun mismatch: 'it' translated as 'U' (he/she/it) instead of 'bu' (this/it),qwen3.6-plus
5b4f7bafcdfcd8182696,correct,1.0,,qwen3.6-plus
b8d5abd34931ce5c2ca4,correct,1.0,,qwen3.6-plus
4cd0b0c6b276a557a981,correct,1.0,,qwen3.6-plus
5e9a5f0fc5b414d1dc54,correct,1.0,,qwen3.6-plus
ff06aed462638bda4125,wrong,0.9,'Successor' mistranslated as 'davomchi' (continuer) instead of 'voris' or 'o'rinbosar',qwen3.6-plus
4eb2db3f5012ad9cab72,correct,1.0,,qwen3.6-plus
61f2087640aabb229a2d,correct,1.0,,qwen3.6-plus
376bafd6bd9adcee9d20,correct,1.0,,qwen3.6-plus
3318007e18ef6ee31a90,correct,1.0,,qwen3.6-plus
9347194cca27d5573cbc,correct,1.0,,qwen3.6-plus
b40d826c73ac351b9e4b,wrong,0.9,Missing negation: 'haven't found' translated as 'topmadilar' (didn't find) instead of 'topa olmadilar' or 'topishmadi',qwen3.6-plus
3075edf6e6703496e0a6,correct,1.0,,qwen3.6-plus
961934e141ff78692a1c,wrong,0.9,'Painting' mistranslated as 'bo'yash' (painting walls) instead of 'rassomchilik' or 'tasviriy san'at',qwen3.6-plus
e37e4a743c2f6d1f3818,correct,1.0,,qwen3.6-plus
53df9ae8f389d0e2f186,correct,1.0,,qwen3.6-plus
358c77de95bd2cf70298,correct,1.0,,qwen3.6-plus
5dcc2cbe4cd0773e3b3f,correct,1.0,,qwen3.6-plus
a3d0655314bfcb27ca22,correct,1.0,,qwen3.6-plus
61bdda3d1503b4712108,correct,1.0,,qwen3.6-plus
91e86d88d23164f6402c,correct,1.0,,qwen3.6-plus
ef7b1dbc4169e6f8a398,correct,1.0,,qwen3.6-plus
30a07208c8e43eabf8ff,minor,0.9,Missing preposition 'ga' after 'maktab' (should be 'maktabga yaqinida'),qwen3.6-plus
9d24954641d35de68c53,correct,1.0,,qwen3.6-plus
d089bf9c66e6d2178650,correct,1.0,,qwen3.6-plus
5d2c88eae53be4218b8c,correct,1.0,,qwen3.6-plus
f105b3a49405b91f9c24,correct,1.0,,qwen3.6-plus
f820dd08a636f08cd012,correct,1.0,,qwen3.6-plus
5123144a60c7518a03ea,correct,1.0,,qwen3.6-plus
5601e89e6cfd48a34526,correct,1.0,,qwen3.6-plus
3121f0067fb3704fa620,correct,1.0,,qwen3.6-plus
4057c4a084f430361c49,correct,1.0,,qwen3.6-plus
72ae19fa083d266ec558,correct,1.0,,qwen3.6-plus
5ddfefa6f72ae74eae05,correct,1.0,,qwen3.6-plus
e8d94e6ab2e0271bb04b,correct,1.0,,qwen3.6-plus
870db8b6777c73d66c68,correct,1.0,,qwen3.6-plus
13f8ce7e65a60786f4bc,correct,1.0,,qwen3.6-plus
e3cacc0b6ad261c56327,wrong,0.9,'Pragvada' is incorrect; should be 'Pragada' or 'Pragada',qwen3.6-plus
b301b121daf75b81de2b,correct,1.0,,qwen3.6-plus
c9ecfd9679b11462cea2,wrong,0.9,'bo'ldi' implies 'became'; should be 'edi' for 'was',qwen3.6-plus
25c7f18db13d570cb03b,correct,1.0,,qwen3.6-plus
3ac9f9230751d2550ac4,correct,1.0,,qwen3.6-plus
1073b8a38ecb1fcc7c8c,correct,1.0,,qwen3.6-plus
aa1525fa0d37bf233a87,correct,1.0,,qwen3.6-plus
8125da7e4deb13778c22,correct,1.0,,qwen3.6-plus
e8a94b373f9ce1822dff,correct,1.0,,qwen3.6-plus
5e9ba9a4f304b6c38aee,correct,1.0,,qwen3.6-plus
e1648d6588fcfc3b5fe8,correct,1.0,,qwen3.6-plus
5f2ccffc317afeb771cc,correct,1.0,,qwen3.6-plus
3069a7f40a4bec860f55,correct,1.0,,qwen3.6-plus
751dc7142b7786d5c546,correct,1.0,,qwen3.6-plus
b0af7a87d789c7a5d4c2,correct,1.0,,qwen3.6-plus
bd55c2c86ff34dee3776,correct,1.0,,qwen3.6-plus
8c0b096336ae4d722ca1,correct,1.0,,qwen3.6-plus
033efbd49b6fa4592706,correct,1.0,,qwen3.6-plus
46bacd6e1630ec40feef,correct,1.0,,qwen3.6-plus
9db6a451a2eda48df2c7,correct,1.0,,qwen3.6-plus
0d6b22f056e6208fda7c,correct,1.0,,qwen3.6-plus
11d51e4f9a48c52500f2,correct,1.0,,qwen3.6-plus
979c7958b68d87226dfe,correct,1.0,,qwen3.6-plus
6c9820df498c2415c241,correct,1.0,,qwen3.6-plus
c978d6ff566d3afc3784,correct,1.0,,qwen3.6-plus
09b5fd76c3188bb861c1,correct,1.0,,qwen3.6-plus
839bff3e7d5d3a6946a2,correct,1.0,,qwen3.6-plus
7821040aeb851156b6c6,correct,1.0,,qwen3.6-plus
7337ddccd01b3e88dc65,correct,1.0,,qwen3.6-plus
72fdd10ac5e114925dbc,correct,1.0,,qwen3.6-plus
8d2911b6b7f1080bfbab,correct,1.0,,qwen3.6-plus
844cf3211ba8afab3f6a,correct,1.0,,qwen3.6-plus
205d2995b26180f2d6fa,correct,1.0,,qwen3.6-plus
49b1602a74a7b64a920c,correct,1.0,,qwen3.6-plus
3795617489acd4d9e70f,correct,1.0,,qwen3.6-plus
1c3532a712e2de8a6116,correct,1.0,,qwen3.6-plus
c4e0371e6e23e7719f57,correct,1.0,,qwen3.6-plus
73bf5f2ec09094bc7c9f,correct,1.0,,qwen3.6-plus
e855dd277fdca1ddc0e4,correct,1.0,,qwen3.6-plus
498d2e8d89c29e261f06,correct,1.0,,qwen3.6-plus
76de6f7252bcf6d540ef,correct,1.0,,qwen3.6-plus
583a4d07501fcf0b7efd,correct,1.0,,qwen3.6-plus
57e776523b400e2af9d4,correct,1.0,,qwen3.6-plus
d013d26f68e97cd004e4,correct,1.0,,qwen3.6-plus
440a46da64429c7600d8,correct,1.0,,qwen3.6-plus
65ec62a268032006ffa8,correct,1.0,,qwen3.6-plus
84ae7e911813630d0bba,correct,1.0,,qwen3.6-plus
962de3fc294f61230fb3,wrong,0.9,"typo: 'Kelilar' should be 'Keling', 'gapalshamiz' should be 'gaplashamiz'",qwen3.6-plus
ddde1ba0b898595bd9cb,correct,1.0,,qwen3.6-plus
449c08fb3073cce1f2b6,correct,1.0,,qwen3.6-plus
38d0d34bdd9fb96165c4,correct,1.0,,qwen3.6-plus
82b4901a40b974f6fb06,correct,1.0,,qwen3.6-plus
c0f3c1ffbd0becea9c58,correct,1.0,,qwen3.6-plus
87b9b371577e31176536,correct,1.0,,qwen3.6-plus
44324a1913fb5392fa9d,correct,1.0,,qwen3.6-plus
67e3c5088d10a441b404,correct,1.0,,qwen3.6-plus
9dc8e9009e52342a7091,correct,1.0,,qwen3.6-plus
25f3f45e039d82e90f12,correct,1.0,,qwen3.6-plus
f52492b9dfd9866343f1,correct,1.0,,qwen3.6-plus
7a807f88bba793035258,correct,1.0,,qwen3.6-plus
e824d697841edd6378b4,correct,1.0,,qwen3.6-plus
db58c4f36d5221727651,correct,1.0,,qwen3.6-plus
ba064d47e5d47a4b3c6c,correct,1.0,,qwen3.6-plus
6a2d933f01de7ffe31f2,correct,1.0,,qwen3.6-plus
17278438533e571da6e3,correct,1.0,,qwen3.6-plus
42b9974840b6f609e47c,correct,1.0,,qwen3.6-plus
72a95ed00ed7f0e07907,correct,1.0,,qwen3.6-plus
13769c43b85c5bb0e7cb,correct,1.0,,qwen3.6-plus
1dbbb6e600396c644a98,correct,1.0,,qwen3.6-plus
a5049a9458b478db1f24,correct,1.0,,qwen3.6-plus
c9caadc42df8217a5634,correct,1.0,,qwen3.6-plus
796af2822bbc4f3d3a8c,correct,1.0,,qwen3.6-plus
09f4f8ed7e81e392c3e9,correct,1.0,,qwen3.6-plus
ca21cb5b4cfb007a4df8,correct,1.0,,qwen3.6-plus
ac66ae4a586fbf4d2085,correct,1.0,,qwen3.6-plus
03f3c8aeec2167aefba0,wrong,0.9,否定含义丢失，'kelmayman'应为'kelolmayman',qwen3.6-plus
3f8acf95749e4d849a86,correct,1.0,,qwen3.6-plus
500ea2c855a4cd81f10e,correct,1.0,,qwen3.6-plus
d7c00c3ebbaadcbfcaf8,correct,1.0,,qwen3.6-plus
7161a76a360ac8a0f624,correct,1.0,,qwen3.6-plus
88ecef282563c5661c89,correct,1.0,,qwen3.6-plus
1dcf53f2ebb9e29d5d2c,minor,0.9,句末缺少标点符号,qwen3.6-plus
be7fc1d81a1fbc92a582,wrong,0.9,'Pul yeyilmas'为被动/状态描述，未准确表达'You can't eat money',qwen3.6-plus
558d9e2702b83eb4531a,correct,1.0,,qwen3.6-plus
a207b1ef136cbe17307e,correct,1.0,,qwen3.6-plus
c351c8c8ef79c8cd6c18,correct,1.0,,qwen3.6-plus
4d9aa931bfd90e7c979e,correct,1.0,,qwen3.6-plus
37c95524036f86fc5d46,correct,1.0,,qwen3.6-plus
a6d996165427d615d08d,wrong,0.9,'holam nikida' is incorrect; should be 'xolamnikida' (aunt's house),qwen3.6-plus
3cb989772266f1ab40a8,correct,1.0,,qwen3.6-plus
a991a1f591d8c03af5ba,correct,1.0,,qwen3.6-plus
beeec637123169793da9,correct,1.0,,qwen3.6-plus
a054f708ed2a86ccb9d2,correct,1.0,,qwen3.6-plus
9629eb0aad1dd364a89e,correct,1.0,,qwen3.6-plus
435eb2adb3fc84c88c59,correct,1.0,,qwen3.6-plus
2e5f88195eb5cafa4abb,wrong,0.9,"'Biz oz kutamiz' is unnatural; should be 'Keling, bir oz kutamiz!' or 'Biroz kutaylik!'",qwen3.6-plus
db6dc9727dcde062e750,correct,1.0,,qwen3.6-plus
9a4c7ed79a8bcac72a06,wrong,0.9,Missing verb 'bor edi' or 'bor'; sentence is incomplete and grammatically incorrect,qwen3.6-plus
9484766f840d505bc5d6,correct,1.0,,qwen3.6-plus
1e36531eb11b5d2abf05,wrong,0.9,'qoya' means cliff/rock formation; should be 'tosh' (small stone/pebble),qwen3.6-plus
87ce2d34cc2a7f209fc5,correct,1.0,,qwen3.6-plus
20d84aba2d3a3bd3b9a6,wrong,0.9,'hohlayman' is misspelled; should be 'xohlayman',qwen3.6-plus
066ec678991deb1e0d80,correct,1.0,,qwen3.6-plus
0bbd1a441ed4a9824d4d,minor,0.8,Missing comma after 'Iltimos'; otherwise correct,qwen3.6-plus
a9faf7871322bda548e1,correct,1.0,,qwen3.6-plus
779c8bfe25877094c829,correct,1.0,,qwen3.6-plus
b0028d1da9ae1b88a5d6,correct,1.0,,qwen3.6-plus
cc3d0af5eb60683e95a6,correct,1.0,,qwen3.6-plus
370284a0bf6aa3ce2227,correct,1.0,,qwen3.6-plus
aa6fb5fc0a5bda1aa88e,correct,1.0,,qwen3.6-plus
c6475ba78782388ee628,correct,1.0,,qwen3.6-plus
110ab2903b9435c302fd,correct,1.0,,qwen3.6-plus
3e1b4c6ff713c5ae5f4b,correct,1.0,,qwen3.6-plus
60befcc91539a3bd75c0,correct,1.0,,qwen3.6-plus
dc647d3b67f26792bdec,correct,1.0,,qwen3.6-plus
86c7eaebd00acadb030c,wrong,0.9,Missing translation of 'You may not! Don't!',qwen3.6-plus
10bd2eff697d3a57abfd,correct,1.0,,qwen3.6-plus
99b6c1fe987075ff16dc,minor,0.8,'always an acceptable' simplified to 'yaxshi',qwen3.6-plus
ba329add7e430c61fb27,correct,1.0,,qwen3.6-plus
02aab06eda9cb2bdbbb6,correct,1.0,,qwen3.6-plus
ada10a2958bbf04c2237,correct,1.0,,qwen3.6-plus
070aa05d8724775356bd,correct,1.0,,qwen3.6-plus
5c83aaddefa9911d33a4,correct,1.0,,qwen3.6-plus
3a0e95aff9e4a42cbddb,correct,1.0,,qwen3.6-plus
bb47ccef9983c1161c52,correct,1.0,,qwen3.6-plus
ec3680367173e296ebdd,correct,1.0,,qwen3.6-plus
eafa2ea5ea99dc0cd67a,correct,1.0,,qwen3.6-plus
d5cf3671618ce3b74604,correct,1.0,,qwen3.6-plus
1f4139e85ad5af9d9340,wrong,0.9,'dancer' mistranslated as 'o'yinchi' (player),qwen3.6-plus
affd40c0f5ab2925db36,wrong,0.9,'light brown' mistranslated as 'oq-go'los' (blond),qwen3.6-plus
b64a1e1fa1e28caedaf9,correct,1.0,,qwen3.6-plus
b88a9b86a647d6e4bfcf,correct,1.0,,qwen3.6-plus
7ada61b9ab45c4ee7bb1,correct,1.0,,qwen3.6-plus
a8fd1d0c19dc826ceac9,wrong,0.95,Missing translation for 'of' and command flags; incomplete sentence.,qwen3.6-plus
1bb4396df6066d83c049,correct,0.98,,qwen3.6-plus
8b8d6f0fa8711d7034b1,wrong,0.95,Missing translation for 'of' and command flags; incomplete sentence.,qwen3.6-plus
b646a23c23d077fffb6c,wrong,0.95,Missing translation for 'of' and command flags; incomplete sentence.,qwen3.6-plus
cbc229fadf1cb46eaba6,wrong,0.95,Missing translation for 'of' and command flags; incomplete sentence.,qwen3.6-plus
2cfdc7f9e5f219bd5052,wrong,0.95,Missing translation for 'of' and command flags; incomplete sentence.,qwen3.6-plus
6511178fbee7e7854a11,wrong,0.95,Missing translation for 'of' and command flags; incomplete sentence.,qwen3.6-plus
87d99b347bd4841f6d5f,wrong,0.95,Missing translation for 'of' and command flags; incomplete sentence.,qwen3.6-plus
89cebdece8ce07beb106,wrong,0.95,Missing translation for 'of' and command flags; incomplete sentence.,qwen3.6-plus
379961b72672833f19bd,wrong,0.95,Missing translation for 'of' and command flags; incomplete sentence.,qwen3.6-plus
7b84af5d477b739c7672,wrong,0.95,Missing translation for 'of' and command flags; incomplete sentence.,qwen3.6-plus
8c624f56b51a51ea5e27,wrong,0.95,Missing translation for 'of' and command flags; incomplete sentence.,qwen3.6-plus
c7947f54efc8c0523472,wrong,0.95,Missing translation for 'of' and command flags; incomplete sentence.,qwen3.6-plus
f40cad86f3629f6cd445,wrong,0.95,Missing translation for 'of' and command flags; incomplete sentence.,qwen3.6-plus
48baec7e823dda5f06eb,wrong,0.95,Missing translation for 'of' and command flags; incomplete sentence.,qwen3.6-plus
3b13ef4854440374b23e,wrong,0.95,Missing translation for 'of' and command flags; incomplete sentence.,qwen3.6-plus
7edc34ad37e7e0cafbbc,wrong,0.95,Missing translation for 'of' and command flags; incomplete sentence.,qwen3.6-plus
45bdc794a84e10fb814a,wrong,0.95,Missing translation for 'of' and command flags; incomplete sentence.,qwen3.6-plus
58efdd5014ef29dfda67,wrong,0.95,Missing translation for 'of' and command flags; incomplete sentence.,qwen3.6-plus
df45bb5e7574c43a2996,wrong,0.95,Missing translation for 'of' and command flags; incomplete sentence.,qwen3.6-plus
243fb55a5c62afe69f61,wrong,0.95,Missing translation for 'of' and command flags; incomplete sentence.,qwen3.6-plus
c08af61fbf272621a720,wrong,0.95,Missing translation for 'of' and command flags; incomplete sentence.,qwen3.6-plus
5e88495a356cee471ca2,wrong,0.95,Missing translation for 'of' and command flags; incomplete sentence.,qwen3.6-plus
fe3e807b6e613d33a34e,wrong,0.95,Missing translation for 'of' and command flags; incomplete sentence.,qwen3.6-plus
0cb62a8580963a00bf62,wrong,0.95,Missing translation for 'of' and command flags; incomplete sentence.,qwen3.6-plus
3d5a32566b4c958a10e2,wrong,0.95,Missing 'of' equivalent; unnatural phrasing.,qwen3.6-plus
f8e6f3d7e86513aaa064,wrong,0.95,Missing 'of' equivalent; unnatural phrasing.,qwen3.6-plus
9c25e1c489efb1b461fa,wrong,0.95,Missing 'of' equivalent; unnatural phrasing.,qwen3.6-plus
4a79b11f54c1be39489d,wrong,0.95,Missing 'of' equivalent; unnatural phrasing.,qwen3.6-plus
671f913745bcf180aaee,wrong,0.95,Missing 'of' equivalent; unnatural phrasing.,qwen3.6-plus
fcc6a745db6647809f40,wrong,0.95,Missing 'of' equivalent; unnatural phrasing.,qwen3.6-plus
7ef772cd428f7bc42987,wrong,0.95,Missing 'of' equivalent; unnatural phrasing.,qwen3.6-plus
1e4b1a9f8567e3b7120a,wrong,0.95,Missing 'of' equivalent; unnatural phrasing.,qwen3.6-plus
d55271939261cdfaae91,wrong,0.95,Missing 'of' equivalent; unnatural phrasing.,qwen3.6-plus
d96fa8de4d63b3ded27c,wrong,0.95,Missing 'of' equivalent; unnatural phrasing.,qwen3.6-plus
1f27e3c48b1a075a65ff,wrong,0.95,Missing 'of' equivalent; unnatural phrasing.,qwen3.6-plus
131ec66fe29888d383f5,wrong,0.95,Missing 'of' equivalent; unnatural phrasing.,qwen3.6-plus
5e96fcfcac2e127ba8aa,wrong,0.95,Missing 'of' equivalent; unnatural phrasing.,qwen3.6-plus
554a1362ea6a4705c59d,wrong,0.95,Missing 'of' equivalent; unnatural phrasing.,qwen3.6-plus
bd568277171172daaf6d,wrong,0.95,Missing 'of' equivalent; unnatural phrasing.,qwen3.6-plus
e6133f5346d71823ef37,wrong,0.95,Missing 'of' equivalent; unnatural phrasing.,qwen3.6-plus
def85e900f721ee1a136,wrong,0.95,Missing 'of' equivalent; unnatural phrasing.,qwen3.6-plus
d00532f509c91bb7c696,wrong,0.95,Missing 'of' equivalent; unnatural phrasing.,qwen3.6-plus
8e4c29cee42c7e39b38e,wrong,0.95,Missing 'of' equivalent; unnatural phrasing.,qwen3.6-plus
2d0bf5c34103d83ffa79,wrong,0.95,Missing 'of' equivalent; unnatural phrasing.,qwen3.6-plus
5b88b3dd8e887a622ae4,wrong,0.95,Missing 'of' equivalent; unnatural phrasing.,qwen3.6-plus
09687d3f00b05340e8f9,wrong,0.95,Missing 'of' equivalent; unnatural phrasing.,qwen3.6-plus
4ba9936e6744de5effba,wrong,0.95,Missing 'of' equivalent; unnatural phrasing.,qwen3.6-plus
b6edc7883c6a3fd481ff,wrong,0.95,Missing 'of' equivalent; unnatural phrasing.,qwen3.6-plus
21694adc1c0a0f686ece,wrong,0.95,Missing 'of' equivalent; unnatural phrasing.,qwen3.6-plus
88485ce1e6c7bd7e4b1f,wrong,0.95,Missing 'of' translation; unnatural phrasing.,qwen3.6-plus
6bd0215adb213a940d19,wrong,0.95,Missing 'of' translation; unnatural phrasing.,qwen3.6-plus
3629fe316afee0318c05,wrong,0.95,Missing 'of' translation; unnatural phrasing.,qwen3.6-plus
f3314c0e40f2618fe80c,wrong,0.95,Missing 'of' translation; unnatural phrasing.,qwen3.6-plus
e808936c24901a79d4e8,wrong,0.95,Missing 'of' translation; unnatural phrasing.,qwen3.6-plus
ce85c4591beccb2f5853,wrong,0.95,Missing 'of' translation; unnatural phrasing.,qwen3.6-plus
22ab50048f98beb6025e,wrong,0.95,Missing 'of' translation; unnatural phrasing.,qwen3.6-plus
f1b0981346fc244a3cd4,wrong,0.95,Missing 'of' translation; unnatural phrasing.,qwen3.6-plus
3cb61bb636cfe8f818e0,wrong,0.95,Missing 'of' translation; unnatural phrasing.,qwen3.6-plus
b59243da6f2fb3abcda2,wrong,0.95,Missing 'of' translation; unnatural phrasing.,qwen3.6-plus
6863937c80693c6f7783,wrong,0.95,Missing 'of' translation; unnatural phrasing.,qwen3.6-plus
158f1d3db0d78b8afb1e,wrong,0.95,Missing 'of' translation; unnatural phrasing.,qwen3.6-plus
e6c541beff50b01b1783,wrong,0.95,Missing 'of' translation; unnatural phrasing.,qwen3.6-plus
b7a52d3f6c89321493ee,wrong,0.95,Missing 'of' translation; unnatural phrasing.,qwen3.6-plus
9916767f730639ed00d5,wrong,0.95,Missing 'of' translation; unnatural phrasing.,qwen3.6-plus
2ec00351ce8b6b377a3d,wrong,0.95,Missing 'of' translation; unnatural phrasing.,qwen3.6-plus
1b72bf260cc75dd8dde8,wrong,0.95,Missing 'of' translation; unnatural phrasing.,qwen3.6-plus
ecbad7de39e1c6446112,wrong,0.95,Missing 'of' translation; unnatural phrasing.,qwen3.6-plus
18076bea28989a3bff20,wrong,0.95,Missing 'of' translation; unnatural phrasing.,qwen3.6-plus
7831fd4ac73f68aeb0b4,wrong,0.95,Missing 'of' translation; unnatural phrasing.,qwen3.6-plus
763b4a2f05cf0e236948,wrong,0.95,Missing 'of' translation; unnatural phrasing.,qwen3.6-plus
80951df96250fe6d8890,wrong,0.95,Missing 'of' translation; unnatural phrasing.,qwen3.6-plus
93f2c63540c02588df19,wrong,0.95,Missing 'of' translation; unnatural phrasing.,qwen3.6-plus
8b58b687c35b150b6334,wrong,0.95,Missing 'of' translation; unnatural phrasing.,qwen3.6-plus
358d7c3a53356262810b,wrong,0.95,Missing 'of' translation; unnatural phrasing.,qwen3.6-plus
b8fc54c9191021657dee,wrong,0.95,"Uzbek sentence incomplete, missing 'hisoblanadi' or 'uchun' to express 'is an alias of'.",qwen3.6-plus
1184e8659e2d59e09e0b,wrong,0.95,"Uzbek sentence incomplete, missing 'hisoblanadi' or 'uchun' to express 'is an alias of'.",qwen3.6-plus
d511c4db5f5ec64e57fa,wrong,0.95,"Uzbek sentence incomplete, missing 'hisoblanadi' or 'uchun' to express 'is an alias of'.",qwen3.6-plus
a9d3ae8607b186b1ce64,wrong,0.95,"Uzbek sentence incomplete, missing 'hisoblanadi' or 'uchun' to express 'is an alias of'.",qwen3.6-plus
4ee11be02379929502cc,wrong,0.95,"Uzbek sentence incomplete, missing 'hisoblanadi' or 'uchun' to express 'is an alias of'.",qwen3.6-plus
3940db282fa684cb7199,wrong,0.95,"Uzbek sentence incomplete, missing 'hisoblanadi' or 'uchun' to express 'is an alias of'.",qwen3.6-plus
a535c847a9f5d2004567,wrong,0.95,"Uzbek sentence incomplete, missing 'hisoblanadi' or 'uchun' to express 'is an alias of'.",qwen3.6-plus
19b030d43d822a16d5b3,wrong,0.95,"Uzbek sentence incomplete, missing 'hisoblanadi' or 'uchun' to express 'is an alias of'.",qwen3.6-plus
8dfc5835d33f5a104a64,wrong,0.95,"Uzbek sentence incomplete, missing 'hisoblanadi' or 'uchun' to express 'is an alias of'.",qwen3.6-plus
5c41650b9059fd86cdec,wrong,0.95,"Uzbek sentence incomplete, missing 'hisoblanadi' or 'uchun' to express 'is an alias of'.",qwen3.6-plus
ff946c72913cb886cada,wrong,0.95,"Uzbek sentence incomplete, missing 'hisoblanadi' or 'uchun' to express 'is an alias of'.",qwen3.6-plus
e9de29a8bb7dc75a863e,wrong,0.95,"Uzbek sentence incomplete, missing 'hisoblanadi' or 'uchun' to express 'is an alias of'.",qwen3.6-plus
bdd84435fb95186cd386,wrong,0.95,"Uzbek sentence incomplete, missing 'hisoblanadi' or 'uchun' to express 'is an alias of'.",qwen3.6-plus
5ab74c5230e5d425ce9d,wrong,0.95,"Uzbek sentence incomplete, missing 'hisoblanadi' or 'uchun' to express 'is an alias of'.",qwen3.6-plus
bc04c3a87f78999c2b21,wrong,0.95,"Uzbek sentence incomplete, missing 'hisoblanadi' or 'uchun' to express 'is an alias of'.",qwen3.6-plus
2f94a26edb81bd441019,wrong,0.95,"Uzbek sentence incomplete, missing 'hisoblanadi' or 'uchun' to express 'is an alias of'.",qwen3.6-plus
9cf29b9343dbd3607423,wrong,0.95,"Uzbek sentence incomplete, missing 'hisoblanadi' or 'uchun' to express 'is an alias of'.",qwen3.6-plus
3a6555a740b81408b5d1,wrong,0.95,"Uzbek sentence incomplete, missing 'hisoblanadi' or 'uchun' to express 'is an alias of'.",qwen3.6-plus
943636187800e1554ea9,wrong,0.95,"Uzbek sentence incomplete, missing 'hisoblanadi' or 'uchun' to express 'is an alias of'.",qwen3.6-plus
6e32a07e6e6a12fb5f85,wrong,0.95,"Uzbek sentence incomplete, missing 'hisoblanadi' or 'uchun' to express 'is an alias of'.",qwen3.6-plus
bc48f05c31718b542e6b,wrong,0.95,"Uzbek sentence incomplete, missing 'hisoblanadi' or 'uchun' to express 'is an alias of'.",qwen3.6-plus
b32827c18a8c1ab53435,wrong,0.95,"Uzbek sentence incomplete, missing 'hisoblanadi' or 'uchun' to express 'is an alias of'.",qwen3.6-plus
4f7e460844177a367c11,wrong,0.95,"Uzbek sentence incomplete, missing 'hisoblanadi' or 'uchun' to express 'is an alias of'.",qwen3.6-plus
7681aa10aa588e01eaf2,wrong,0.95,"Uzbek sentence incomplete, missing 'hisoblanadi' or 'uchun' to express 'is an alias of'.",qwen3.6-plus
681ae15f583ef9c0a197,wrong,0.95,"Uzbek sentence incomplete, missing 'hisoblanadi' or 'uchun' to express 'is an alias of'.",qwen3.6-plus
e2a6ece0a6d589a0b54e,wrong,0.95,Missing verb 'hisoblanadi' or 'uchun'; unnatural phrasing.,qwen3.6-plus
7ab2eafcb035086fb8a4,wrong,0.95,Missing verb 'hisoblanadi' or 'uchun'; unnatural phrasing.,qwen3.6-plus
172ab1832b2dd9b5d2e3,wrong,0.95,Missing verb 'hisoblanadi' or 'uchun'; unnatural phrasing.,qwen3.6-plus
135a27f17be1547781ae,wrong,0.95,Missing verb 'hisoblanadi' or 'uchun'; unnatural phrasing.,qwen3.6-plus
e89c7f9b51d58fe4bf73,wrong,0.95,Missing verb 'hisoblanadi' or 'uchun'; unnatural phrasing.,qwen3.6-plus
66c6c6f82998a7afdb3b,wrong,0.95,Missing verb 'hisoblanadi' or 'uchun'; unnatural phrasing.,qwen3.6-plus
f32c4519b01a018918e7,wrong,0.95,Missing verb 'hisoblanadi' or 'uchun'; unnatural phrasing.,qwen3.6-plus
be16a9c4ce20ac9725d9,wrong,0.95,Missing verb 'hisoblanadi' or 'uchun'; unnatural phrasing.,qwen3.6-plus
b0c9a802ef1876ba7ae1,wrong,0.95,Missing verb 'hisoblanadi' or 'uchun'; unnatural phrasing.,qwen3.6-plus
efbbcb8addb1dfcf4ae5,wrong,0.95,Missing verb 'hisoblanadi' or 'uchun'; unnatural phrasing.,qwen3.6-plus
f4554bc9d4f3cbf3cb50,wrong,0.95,Missing verb 'hisoblanadi' or 'uchun'; unnatural phrasing.,qwen3.6-plus
c352907144c3be20d502,wrong,0.95,Missing verb 'hisoblanadi' or 'uchun'; unnatural phrasing.,qwen3.6-plus
7bbcd499ea03ca770442,wrong,0.95,Missing verb 'hisoblanadi' or 'uchun'; unnatural phrasing.,qwen3.6-plus
f039b3da40dd547c9afd,wrong,0.95,Missing verb 'hisoblanadi' or 'uchun'; unnatural phrasing.,qwen3.6-plus
5b05ffe38aa8803a3577,wrong,0.95,Missing verb 'hisoblanadi' or 'uchun'; unnatural phrasing.,qwen3.6-plus
4d449c9b43bbfa29fb2c,wrong,0.95,Missing verb 'hisoblanadi' or 'uchun'; unnatural phrasing.,qwen3.6-plus
187a42099d1d00724308,wrong,0.95,Missing verb 'hisoblanadi' or 'uchun'; unnatural phrasing.,qwen3.6-plus
1c6f7ab224ea1b5d8a09,wrong,0.95,Missing verb 'hisoblanadi' or 'uchun'; unnatural phrasing.,qwen3.6-plus
cd17ff73dcb7c9fb8abc,wrong,0.95,Missing verb 'hisoblanadi' or 'uchun'; unnatural phrasing.,qwen3.6-plus
edd0ffb9db3f73808791,wrong,0.95,Missing verb 'hisoblanadi' or 'uchun'; unnatural phrasing.,qwen3.6-plus
4ad8749b707ee40d8276,wrong,0.95,Missing verb 'hisoblanadi' or 'uchun'; unnatural phrasing.,qwen3.6-plus
36d77b5be0cbf3a4cdba,wrong,0.95,Missing verb 'hisoblanadi' or 'uchun'; unnatural phrasing.,qwen3.6-plus
f1731dd21b4c7b3bb018,wrong,0.95,Missing verb 'hisoblanadi' or 'uchun'; unnatural phrasing.,qwen3.6-plus
9cd1cdd62c3b1e76f211,wrong,0.95,Missing verb 'hisoblanadi' or 'uchun'; unnatural phrasing.,qwen3.6-plus
651b49c15a77357bf41d,wrong,0.95,Missing verb 'hisoblanadi' or 'uchun'; unnatural phrasing.,qwen3.6-plus
c93484107bce961cacc7,wrong,0.95,Missing copula 'hisoblanadi' or 'uchun' for natural syntax,qwen3.6-plus
da9c30a7740c0e9229ce,wrong,0.95,Missing copula 'hisoblanadi' or 'uchun' for natural syntax,qwen3.6-plus
2f5397f24afb51f8c18f,wrong,0.95,Missing copula 'hisoblanadi' or 'uchun' for natural syntax,qwen3.6-plus
5176a606928ef888f2a8,wrong,0.95,Missing copula 'hisoblanadi' or 'uchun' for natural syntax,qwen3.6-plus
d64ccd8cb1d408cac53d,wrong,0.95,Missing copula 'hisoblanadi' or 'uchun' for natural syntax,qwen3.6-plus
c431ac6e2561ee347fbb,wrong,0.95,Missing copula 'hisoblanadi' or 'uchun' for natural syntax,qwen3.6-plus
5d0c35c876a86e86b7f7,wrong,0.95,Missing copula 'hisoblanadi' or 'uchun' for natural syntax,qwen3.6-plus
16d77e317c70b4848f63,wrong,0.95,Missing copula 'hisoblanadi' or 'uchun' for natural syntax,qwen3.6-plus
94d94b1584fc292ee8ef,wrong,0.95,Missing copula 'hisoblanadi' or 'uchun' for natural syntax,qwen3.6-plus
b0a25bfde2b560ebe884,wrong,0.95,Missing copula 'hisoblanadi' or 'uchun' for natural syntax,qwen3.6-plus
0eb22fcfca0b0acb6306,wrong,0.95,Missing copula 'hisoblanadi' or 'uchun' for natural syntax,qwen3.6-plus
3c1d0c0b4aa7c0130d89,wrong,0.95,Missing copula 'hisoblanadi' or 'uchun' for natural syntax,qwen3.6-plus
a26fc6291ff49a21fc07,wrong,0.95,Missing copula 'hisoblanadi' or 'uchun' for natural syntax,qwen3.6-plus
80449fed651111aad141,wrong,0.95,Missing copula 'hisoblanadi' or 'uchun' for natural syntax,qwen3.6-plus
367550b88f9c961349a6,wrong,0.95,Missing copula 'hisoblanadi' or 'uchun' for natural syntax,qwen3.6-plus
be5f454f06e239939261,wrong,0.95,Missing copula 'hisoblanadi' or 'uchun' for natural syntax,qwen3.6-plus
9bfe9633fcca3ae5e2b9,wrong,0.95,Missing copula 'hisoblanadi' or 'uchun' for natural syntax,qwen3.6-plus
46c57494da48e52c9e1b,wrong,0.95,Missing copula 'hisoblanadi' or 'uchun' for natural syntax,qwen3.6-plus
b4d79262b14150e8c1e7,wrong,0.95,Missing copula 'hisoblanadi' or 'uchun' for natural syntax,qwen3.6-plus
1e1bc29b4aa3ea7a6a41,wrong,0.95,Missing copula 'hisoblanadi' or 'uchun' for natural syntax,qwen3.6-plus
ba14848f8b84970a782f,wrong,0.95,Missing copula 'hisoblanadi' or 'uchun' for natural syntax,qwen3.6-plus
4cc6ff35f42bdf2468cf,wrong,0.95,Missing copula 'hisoblanadi' or 'uchun' for natural syntax,qwen3.6-plus
62b6eefe114e897ef2ab,wrong,0.95,Missing copula 'hisoblanadi' or 'uchun' for natural syntax,qwen3.6-plus
111bf263b77534674a14,wrong,0.95,Missing copula 'hisoblanadi' or 'uchun' for natural syntax,qwen3.6-plus
476c3f79e7186be5c24b,wrong,0.95,Missing copula 'hisoblanadi' or 'uchun' for natural syntax,qwen3.6-plus
065cc46739a56d11427d,wrong,0.95,Missing 'of' translation; unnatural phrasing,qwen3.6-plus
67d57ee10cb8d91fae78,wrong,0.95,Missing 'of' translation; unnatural phrasing,qwen3.6-plus
3d282659a196b43bd1b6,wrong,0.95,Missing 'of' translation; unnatural phrasing,qwen3.6-plus
3156034966c2f31ede85,wrong,0.95,Missing 'of' translation; unnatural phrasing,qwen3.6-plus
5d9443141290b86a792a,wrong,0.95,Missing 'of' translation; unnatural phrasing,qwen3.6-plus
dee40a7f511a5278f1e0,wrong,0.95,Missing 'of' translation; unnatural phrasing,qwen3.6-plus
7eaf917ee03a4da120fc,wrong,0.95,Missing 'of' translation; unnatural phrasing,qwen3.6-plus
7539d3e7de49f22062fe,wrong,0.95,Missing 'of' translation; unnatural phrasing,qwen3.6-plus
37710090fc1810108c2a,wrong,0.95,Missing 'of' translation; unnatural phrasing,qwen3.6-plus
25fdb5ccefec5a33ff04,wrong,0.95,Missing 'of' translation; unnatural phrasing,qwen3.6-plus
5f676d3950b7784c47e2,wrong,0.95,Missing 'of' translation; unnatural phrasing,qwen3.6-plus
2cd6ff728fbdbd6a8ed2,wrong,0.95,Missing 'of' translation; unnatural phrasing,qwen3.6-plus
1b1debcf8b13619fc726,wrong,0.95,Missing 'of' translation; unnatural phrasing,qwen3.6-plus
04c39c9fb948aee434a2,wrong,0.95,Missing 'of' translation; unnatural phrasing,qwen3.6-plus
81456a7daf43e616d012,wrong,0.95,Missing 'of' translation; unnatural phrasing,qwen3.6-plus
a61331c8bf8366125455,wrong,0.95,Missing 'of' translation; unnatural phrasing,qwen3.6-plus
9346cf0ee9775aae1832,wrong,0.95,Missing 'of' translation; unnatural phrasing,qwen3.6-plus
9c3ac2c1b5b7f9b9bf82,wrong,0.95,Missing 'of' translation; unnatural phrasing,qwen3.6-plus
bf224bc25f35846b2e61,wrong,0.95,Missing 'of' translation; unnatural phrasing,qwen3.6-plus
be07a3aec96d497b4e61,wrong,0.95,Missing 'of' translation; unnatural phrasing,qwen3.6-plus
9e557d3f2f9a1312d7d9,wrong,0.95,Missing 'of' translation; unnatural phrasing,qwen3.6-plus
497a4c4268981e541c8a,wrong,0.95,Missing 'of' translation; unnatural phrasing,qwen3.6-plus
5de3b9c751ff55ed1dc3,wrong,0.95,Missing 'of' translation; unnatural phrasing,qwen3.6-plus
05dd5777c5045bcb6fbc,correct,0.9,,qwen3.6-plus
92a5245b5d927b68c3d0,wrong,0.95,Missing 'of' translation; unnatural phrasing,qwen3.6-plus
0457e0e83559a6271bf9,wrong,0.95,Missing copula 'hisoblanadi' or 'uchun'; unnatural phrasing.,qwen3.6-plus
698d66e990c1d6d22091,wrong,0.95,Missing copula; unnatural phrasing.,qwen3.6-plus
d081d602ac41da1209f3,wrong,0.95,Missing copula; unnatural phrasing.,qwen3.6-plus
755d45db7ba856dc8b54,wrong,0.95,Missing copula; unnatural phrasing.,qwen3.6-plus
e2517390a7042daf6654,wrong,0.95,Missing copula; unnatural phrasing.,qwen3.6-plus
bb19f2b812ae00822b22,wrong,0.95,Missing copula; unnatural phrasing.,qwen3.6-plus
fb0d67b16403f19b2d0e,wrong,0.95,Missing copula; unnatural phrasing.,qwen3.6-plus
35333edeead47a5ac07b,wrong,0.95,Missing copula; unnatural phrasing.,qwen3.6-plus
2abdfd58e587d91a54ec,wrong,0.95,Missing copula; unnatural phrasing.,qwen3.6-plus
12cadb1b356465b6e7a7,wrong,0.95,Missing copula; unnatural phrasing.,qwen3.6-plus
00766c965664c76c2ffa,wrong,0.95,Missing copula; unnatural phrasing.,qwen3.6-plus
6bdcb71c010ae7fd6036,wrong,0.95,Missing copula; unnatural phrasing.,qwen3.6-plus
99871f2f70e415774d52,wrong,0.95,Missing copula; unnatural phrasing.,qwen3.6-plus
b3afad6d22d38eb93787,wrong,0.95,Missing copula; unnatural phrasing.,qwen3.6-plus
8b2fc7968b50335de160,wrong,0.95,Missing copula; unnatural phrasing.,qwen3.6-plus
a54ae54cce064b7dbc5d,wrong,0.95,Missing copula; unnatural phrasing.,qwen3.6-plus
2681ab02f8bcc54e0c49,wrong,0.95,Missing copula; unnatural phrasing.,qwen3.6-plus
cdbd903e5173da859b05,wrong,0.95,'faoliyat boshqaruvi' is unnatural; should be 'Activity Manager' or 'faoliyat menejeri'.,qwen3.6-plus
a1baa1ed20609c7e1881,wrong,0.95,Missing copula; unnatural phrasing.,qwen3.6-plus
3c1632f284863e9ee810,wrong,0.95,Missing copula; unnatural phrasing.,qwen3.6-plus
55f73c53b5610496bce0,wrong,0.95,Missing copula; unnatural phrasing.,qwen3.6-plus
74f14f02e81cdcb83541,wrong,0.95,Missing copula; unnatural phrasing.,qwen3.6-plus
f497b27f9f2b1a4b4762,wrong,0.95,Missing copula; unnatural phrasing.,qwen3.6-plus
127897cf8ef96777793f,wrong,0.95,Missing copula; unnatural phrasing.,qwen3.6-plus
30b5f8624f24caed2e59,wrong,0.95,Missing copula; unnatural phrasing.,qwen3.6-plus
11f62b429fed31e75d3d,wrong,0.95,Missing copula 'hisoblanadi' or 'bo'lib'; unnatural phrasing.,qwen3.6-plus
bf8cff79cc47fccdea36,wrong,0.95,Missing copula; unnatural phrasing.,qwen3.6-plus
41c4b309fe1ef45cef5e,wrong,0.95,Missing copula; unnatural phrasing.,qwen3.6-plus
9785542d0883e1ac54ff,wrong,0.95,Missing copula; unnatural phrasing.,qwen3.6-plus
0544d4eb784bf8f5f60b,wrong,0.95,Missing copula; unnatural phrasing.,qwen3.6-plus
b1c1475fd8cce55dd287,wrong,0.95,Missing copula; unnatural phrasing.,qwen3.6-plus
79c07846c9a696e2aff9,wrong,0.95,Missing copula; unnatural phrasing.,qwen3.6-plus
24c4362641a5e6a6a80e,wrong,0.95,Missing copula; unnatural phrasing.,qwen3.6-plus
6f6493a3f3e21e4f5cfd,wrong,0.95,Missing copula; unnatural phrasing.,qwen3.6-plus
9d3137dfba4f1e8a20c9,wrong,0.95,Missing copula; unnatural phrasing.,qwen3.6-plus
47bead8e4ec3cb73031c,wrong,0.95,Missing copula; unnatural phrasing.,qwen3.6-plus
0cd5caa37ffb47be94a5,wrong,0.95,Missing copula; unnatural phrasing.,qwen3.6-plus
9b8063c3b441f73fff35,wrong,0.95,Missing copula; unnatural phrasing.,qwen3.6-plus
2a2ee26068c132166e42,wrong,0.95,Missing copula; unnatural phrasing.,qwen3.6-plus
d5b71d0d0c8dc06b17bf,wrong,0.95,Missing copula; unnatural phrasing.,qwen3.6-plus
13f3c6f979a74c7bad2d,wrong,0.95,Missing copula; unnatural phrasing.,qwen3.6-plus
6c3371a6d54bc497a76f,wrong,0.95,Missing copula; unnatural phrasing.,qwen3.6-plus
3fb516a422f11440dbc2,wrong,0.95,Missing copula; unnatural phrasing.,qwen3.6-plus
eff886e888fa2cfcd83d,wrong,0.95,"'malumot' missing apostrophe; 'berish' is infinitive, not finite verb; unnatural phrasing.",qwen3.6-plus
fb110c2e5687b176ed35,wrong,0.95,Missing copula; unnatural phrasing.,qwen3.6-plus
5c8ec9b4cda5cd15ba7f,wrong,0.95,Missing copula; unnatural phrasing.,qwen3.6-plus
74d1c3dcd2351f2a0f5c,wrong,0.95,Missing copula; unnatural phrasing.,qwen3.6-plus
271966ac70fd6192f645,wrong,0.95,Missing copula; unnatural phrasing.,qwen3.6-plus
c76040eb554e591f5d60,wrong,0.95,Missing copula; unnatural phrasing.,qwen3.6-plus
7be7b2e995fa09f3f907,wrong,0.95,Missing copula; unnatural phrasing.,qwen3.6-plus
22eb99043c5ff01fb404,wrong,0.95,Missing 'of' equivalent; unnatural phrasing,qwen3.6-plus
3160c06d5b6b53696782,wrong,0.95,Missing 'of' equivalent; unnatural phrasing,qwen3.6-plus
ee6aa30b43784c7823de,correct,0.9,,qwen3.6-plus
075ee14bb06384b98fd4,wrong,0.95,Missing 'of' equivalent; unnatural phrasing,qwen3.6-plus
1ea0783174084becdf5a,wrong,0.95,Missing 'of' equivalent; unnatural phrasing,qwen3.6-plus
05064acd9177a41f16f7,wrong,0.95,Missing 'of' equivalent; unnatural phrasing,qwen3.6-plus
65124e186fa0842ba97d,wrong,0.95,Missing 'of' equivalent; unnatural phrasing,qwen3.6-plus
6e339fce60ed7304b6d2,wrong,0.95,Missing 'of' equivalent; unnatural phrasing,qwen3.6-plus
d2a614b7b9b0db4ef238,wrong,0.95,Missing 'of' equivalent; unnatural phrasing,qwen3.6-plus
0507ad80fa1f55e9dad5,wrong,0.95,Missing 'of' equivalent; unnatural phrasing,qwen3.6-plus
4f74561f8c8e56b975d2,wrong,0.95,Missing 'of' equivalent; unnatural phrasing,qwen3.6-plus
dc4f2a64f606e2a45311,wrong,0.95,Missing 'of' equivalent; unnatural phrasing,qwen3.6-plus
10a0b72ebb24cc2a3647,wrong,0.95,Missing 'of' equivalent; unnatural phrasing,qwen3.6-plus
fad350007339e9d0aa3a,wrong,0.95,Missing 'of' equivalent; unnatural phrasing,qwen3.6-plus
03e2e60a48ba7c66e25f,wrong,0.95,Missing 'of' equivalent; unnatural phrasing,qwen3.6-plus
c58004451903d8e1c478,wrong,0.95,Missing 'of' equivalent; unnatural phrasing,qwen3.6-plus
23679a7c37f0cf63cf3d,wrong,0.95,Missing 'of' equivalent; unnatural phrasing,qwen3.6-plus
bb4f74203bb2882d31a9,wrong,0.95,Missing 'of' equivalent; unnatural phrasing,qwen3.6-plus
6da938a116d82f4668db,wrong,0.95,Missing 'of' equivalent; unnatural phrasing,qwen3.6-plus
36371eccbaa212189bcd,wrong,0.95,Missing 'of' equivalent; unnatural phrasing,qwen3.6-plus
43cf0413ad76ed0c319f,wrong,0.95,Missing 'of' equivalent; unnatural phrasing,qwen3.6-plus
ea0f5cce7a9acb7d44f8,wrong,0.95,Missing 'of' equivalent; unnatural phrasing,qwen3.6-plus
edd43d0096b2dd8ca1e8,wrong,0.95,Missing 'of' equivalent; unnatural phrasing,qwen3.6-plus
2dc5569aa38c9e0924c0,wrong,0.95,Missing 'of' equivalent; unnatural phrasing,qwen3.6-plus
180e55e2420e9afc90c1,wrong,0.95,Missing 'of' equivalent; unnatural phrasing,qwen3.6-plus
d01eb1011d5aa07fd9bd,wrong,0.95,Missing copula 'hisoblanadi' or 'bo'lib' for natural phrasing.,qwen3.6-plus
ce4ded97737d90997176,wrong,0.95,Missing copula 'hisoblanadi' or 'bo'lib' for natural phrasing.,qwen3.6-plus
d2f5310f77b82a01ae3e,wrong,0.95,Missing copula 'hisoblanadi' or 'bo'lib' for natural phrasing.,qwen3.6-plus
3f4512adb66ced0a7d44,wrong,0.95,Missing copula 'hisoblanadi' or 'bo'lib' for natural phrasing.,qwen3.6-plus
43bf213e42fdd682d419,wrong,0.95,Missing copula 'hisoblanadi' or 'bo'lib' for natural phrasing.,qwen3.6-plus
34ee47191d8bf46df86f,wrong,0.95,Missing copula 'hisoblanadi' or 'bo'lib' for natural phrasing.,qwen3.6-plus
964116c6211269dcec33,wrong,0.95,Missing copula 'hisoblanadi' or 'bo'lib' for natural phrasing.,qwen3.6-plus
665295182e951dbc1242,wrong,0.95,Missing copula 'hisoblanadi' or 'bo'lib' for natural phrasing.,qwen3.6-plus
2f63ce7a648cb589741b,wrong,0.95,Missing copula 'hisoblanadi' or 'bo'lib' for natural phrasing.,qwen3.6-plus
08d5f096b12c06efccc2,wrong,0.95,Missing copula 'hisoblanadi' or 'bo'lib' for natural phrasing.,qwen3.6-plus
9d11bf8e9017bb1aa989,wrong,0.95,Missing copula 'hisoblanadi' or 'bo'lib' for natural phrasing.,qwen3.6-plus
0964cb7fef9bfe857df8,wrong,0.95,'Biron' is incorrect; should be 'Ma'lum bir' or 'Aniq'.,qwen3.6-plus
dc8541119e300d11f656,wrong,0.95,'progresini' is incorrect; should be 'jarayonini' or 'holatini'.,qwen3.6-plus
f16e37da55f15b18d323,wrong,0.95,Missing copula 'hisoblanadi' or 'bo'lib' for natural phrasing.,qwen3.6-plus
add7de89bccdc388ed5e,wrong,0.95,Missing verb 'Yaratish' (Generate); 'xisoboti' spelling error.,qwen3.6-plus
108359d1ecbc932c1634,wrong,0.95,Missing copula 'hisoblanadi' or 'bo'lib' for natural phrasing.,qwen3.6-plus
c83e2b081c0a46e06819,wrong,0.95,Missing copula 'hisoblanadi' or 'bo'lib' for natural phrasing.,qwen3.6-plus
5df31661fca98d38f1a4,wrong,0.95,Missing copula 'hisoblanadi' or 'bo'lib' for natural phrasing.,qwen3.6-plus
7dffa5256e516ca7f114,wrong,0.95,Missing 'Eslatma:' (Note); 'xisobotini' spelling error.,qwen3.6-plus
5d686a10901755e9c00d,wrong,0.95,Missing copula 'hisoblanadi' or 'bo'lib' for natural phrasing.,qwen3.6-plus
b4a4add37513e2372e84,wrong,0.95,Missing copula 'hisoblanadi' or 'bo'lib' for natural phrasing.,qwen3.6-plus
576ccdec09eb0823a4af,wrong,0.95,Missing copula 'hisoblanadi' or 'bo'lib' for natural phrasing.,qwen3.6-plus
c1cc3f1007fdb8f48870,wrong,0.95,Missing copula 'hisoblanadi' or 'bo'lib' for natural phrasing.,qwen3.6-plus
e653d1fe928519aeea3f,wrong,0.95,Missing copula 'hisoblanadi' or 'bo'lib' for natural phrasing.,qwen3.6-plus
c4692908dcccfdd484b0,wrong,0.95,Missing copula 'hisoblanadi' or 'bo'lib' for natural phrasing.,qwen3.6-plus
1e8005e4ecc35c0d8999,wrong,0.95,Missing 'of' equivalent; unnatural phrasing,qwen3.6-plus
51d96c8ca2977e96edc9,wrong,0.95,Missing 'of' equivalent; unnatural phrasing,qwen3.6-plus
88e8d2ce1e32ff27f971,wrong,0.95,Missing 'of' equivalent; unnatural phrasing,qwen3.6-plus
a683e464c096175b9dfe,wrong,0.95,Missing 'of' equivalent; unnatural phrasing,qwen3.6-plus
c804117e66221445317e,wrong,0.9,Missing 'specific' meaning; incomplete translation,qwen3.6-plus
7b59d15c16a8531c5c5b,wrong,0.95,Missing 'of' equivalent; unnatural phrasing,qwen3.6-plus
1a36c6a97db1c295b856,wrong,0.95,Missing 'of' equivalent; unnatural phrasing,qwen3.6-plus
63930f03919c00b6b6de,wrong,0.95,Missing 'of' equivalent; unnatural phrasing,qwen3.6-plus
a60ec3a1ad6d8d263fec,wrong,0.95,Missing 'of' equivalent; unnatural phrasing,qwen3.6-plus
0be6c375b5861916e799,wrong,0.9,'View' mistranslated as 'show' instead of 'view/look at',qwen3.6-plus
f934f69004f7e5242c5a,wrong,0.9,'zipped' mistranslated as 'archived'; spelling errors,qwen3.6-plus
27e46d48c8369457207f,wrong,0.95,Missing 'of' equivalent; unnatural phrasing,qwen3.6-plus
7cc2786e0854b820ef7b,wrong,0.95,Missing 'of' equivalent; unnatural phrasing,qwen3.6-plus
94ab711895e1557e6701,wrong,0.9,'Display help' mistranslated as 'Provide help',qwen3.6-plus
a93b5551a0b9e4d79d8b,wrong,0.95,Missing first sentence entirely; only alias note translated,qwen3.6-plus
0f0c17f5c799219081d8,wrong,0.95,Missing 'of' equivalent; unnatural phrasing,qwen3.6-plus
26797d273b678a3655d0,wrong,0.95,Missing 'of' equivalent; unnatural phrasing,qwen3.6-plus
15038af387fb307c078a,wrong,0.9,'action' mistranslated as 'harakat' (movement) instead of 'action/command',qwen3.6-plus
bd2725debe3d223449e4,wrong,0.95,Missing 'of' equivalent; unnatural phrasing,qwen3.6-plus
e9680bebb190e8397589,wrong,0.95,Missing 'of' equivalent; unnatural phrasing,qwen3.6-plus
0464b80cb0fa4df5deba,wrong,0.9,'list' mistranslated as 'show'; missing bracket notation context,qwen3.6-plus
634e9c25981320a82f13,wrong,0.95,Missing 'of' equivalent; unnatural phrasing,qwen3.6-plus
f8363c3b0dfeaeff7bfd,wrong,0.95,Syntax broken; 'dumpsys' misplaced; meaning distorted,qwen3.6-plus
35b427d98d237e4cce21,wrong,0.9,Missing 'defaults to 10s'; incomplete translation,qwen3.6-plus
59a30cf73575dae27f8a,wrong,0.9,Missing 'output'; spelling error 'malumot',qwen3.6-plus
b231f43d4c2326453bf1,correct,1.0,,qwen3.6-plus
67e81174362c9e08496c,junk,1.0,Match table/navigation fragment,qwen3.6-plus
c70eca210eaaab647474,correct,1.0,,qwen3.6-plus
ca0d83ab331c886364d9,correct,1.0,,qwen3.6-plus
0289d4ebc81f55802367,correct,1.0,,qwen3.6-plus
f610b89921c650849ff7,minor,0.9,Added 'voqea joyida' not in source,qwen3.6-plus
d42de753ac3b4c0cad22,correct,1.0,,qwen3.6-plus
376d13bb09e2329dd726,junk,1.0,Section header fragment,qwen3.6-plus
c02eaadc898014237dff,junk,1.0,Match table/navigation fragment,qwen3.6-plus
c27bf1b2eaabec91056c,correct,1.0,,qwen3.6-plus
32adcc57954d54baa54d,correct,1.0,,qwen3.6-plus
ae0484d3839d6fa038b1,correct,1.0,,qwen3.6-plus
6ef4bc0a87c954cdacb2,wrong,0.9,"Unnatural phrasing, broken sentence structure",qwen3.6-plus
6b1e78890fc8d57b2585,correct,1.0,,qwen3.6-plus
8aece26b986557aa8beb,correct,1.0,,qwen3.6-plus
c3245fde47ba97ad735f,junk,1.0,Citation/fragment,qwen3.6-plus
96540a9db8d3989d6e3d,correct,1.0,,qwen3.6-plus
3f59af592745d8550ad6,correct,1.0,,qwen3.6-plus
a7a6c330a09cca31bacf,correct,1.0,,qwen3.6-plus
6786a7f8349e0df814d0,correct,1.0,,qwen3.6-plus
9c0442c7634169e7ebe5,correct,1.0,,qwen3.6-plus
5d0ef66c5fa34fdbbfc2,correct,1.0,,qwen3.6-plus
4be1126505a6df32ab59,junk,1.0,Section header fragment,qwen3.6-plus
d4869e59ef31f5374687,correct,1.0,,qwen3.6-plus
3fa0af56998d7a2ab1c6,correct,1.0,,qwen3.6-plus
d33dff95a69489cd85eb,wrong,0.95,"'grand tour' tarjima xatosi: 'gastrol' emas, 'katta sayohat' bo'lishi kerak.",qwen3.6-plus
d5b36e0f0091572a5faf,junk,0.99,"Faqat ism va yil, to'liq gap emas.",qwen3.6-plus
0ebda9cc75dae64b08d5,correct,0.98,,qwen3.6-plus
d0e06f743a4b9981b43e,junk,0.99,"Bibliografik ma'lumot, to'liq gap emas.",qwen3.6-plus
a5b459d9d0b6e1b6592d,correct,0.97,,qwen3.6-plus
c3583cac1fe94cb495f8,correct,0.98,,qwen3.6-plus
bc00ca47f5af7447b01f,correct,0.98,,qwen3.6-plus
4446252e255e3d1f1ed3,wrong,0.95,"IPA talaffuz belgilari saqlanib qolgan, 'bo'lim' so'zi kontekstga mos emas.",qwen3.6-plus
46caea6b5ff11b98c2a7,wrong,0.95,"'minibüsler' turkcha so'z, o'zbekcha 'minibuslar' bo'lishi kerak.",qwen3.6-plus
6fb05d0536981e0c469a,correct,0.97,,qwen3.6-plus
282c05620f09b3cbfdc0,correct,0.96,,qwen3.6-plus
8c977d2b42ae2c8db46e,correct,0.97,,qwen3.6-plus
29b051f23dee7b6aac52,correct,0.97,,qwen3.6-plus
c19e62685a9577b78839,junk,0.99,"Rasm sarlavhasi, to'liq gap emas.",qwen3.6-plus
39b8a1b57a82dcd99552,correct,0.97,,qwen3.6-plus
d34ba594158cb2a01308,junk,0.99,"Tanga nomi va yillar ro'yxati, to'liq gap emas.",qwen3.6-plus
24a357b055e2348af786,junk,0.99,"Jadval/ro'yxat parchasi, to'liq gap emas.",qwen3.6-plus
4c6776acb0552345585e,correct,0.98,,qwen3.6-plus
03e4e5b3d453bd436c2f,correct,0.98,,qwen3.6-plus
2721fa7fc6b9b37c3127,wrong,0.95,"'BarrymoreAdam' birlashib ketgan, tarjima xatosi.",qwen3.6-plus
2cb85d4be6221c5c6ca8,correct,0.98,,qwen3.6-plus
e0498d4404271e5b94cc,wrong,0.95,"Kitob nomi ingliz tilida qoldirilgan, 'Asker' xato tarjima.",qwen3.6-plus
3154c0c38030fc4cf9aa,wrong,0.95,"Arabcha matn olib tashlangan, 'Amirlik' noto'g'ri tarjima.",qwen3.6-plus
5ede181e9714a32affdc,junk,0.99,"Rasm sarlavhasi, to'liq gap emas.",qwen3.6-plus
3c436bffba8d4f969729,correct,0.98,,qwen3.6-plus
d59514240436050a0e72,correct,1.0,,qwen3.6-plus
11a64f6a969a70604842,correct,1.0,,qwen3.6-plus
c800c6608353f46201cf,correct,1.0,,qwen3.6-plus
4993eddd55b2c0d5f948,correct,1.0,,qwen3.6-plus
d933eb208e397267e978,correct,1.0,,qwen3.6-plus
1c86b2897292df642a7a,correct,1.0,,qwen3.6-plus
e12415e5ef3552f4fd2a,correct,1.0,,qwen3.6-plus
0f64765502669411b787,correct,1.0,,qwen3.6-plus
96d8a0cf52a5b8501077,correct,1.0,,qwen3.6-plus
5e4c16bee095eb5d9920,correct,1.0,,qwen3.6-plus
e2bf783684a5d568ceef,minor,0.9,"'xarakteri' so'zi 'personaji' bo'lishi kerak, lekin ma'no tushunarli.",qwen3.6-plus
23979b84fa5cff2b87bc,correct,1.0,,qwen3.6-plus
59ecf453d55ee8500be7,correct,1.0,,qwen3.6-plus
482cad36a467305f0a0f,correct,1.0,,qwen3.6-plus
2da5f6c927e41bcbfd4b,correct,1.0,,qwen3.6-plus
b2ddf5b2eaeb868c1487,wrong,0.95,"'vodiyesiyaqinidagi' so'zi noto'g'ri yozilgan va ma'no buzilgan, 'viloyatida' bo'lishi kerak.",qwen3.6-plus
6f3562fd0c2ca46bad9c,correct,1.0,,qwen3.6-plus
add1624bf946b9370af4,junk,1.0,"Ma'lumotlar ro'yxati, to'liq gap emas.",qwen3.6-plus
6e1a0f3e3f02ed5ccb47,correct,1.0,,qwen3.6-plus
f917760b8443abb3e218,correct,1.0,,qwen3.6-plus
1bf5e99d4ae50b543938,correct,1.0,,qwen3.6-plus
b14ccd64f22815a2acff,correct,1.0,,qwen3.6-plus
a3542957a63e5a40d3ef,correct,1.0,,qwen3.6-plus
918e99db280b12eb8ef8,correct,1.0,,qwen3.6-plus
cb25af70d132b156ffb6,correct,1.0,,qwen3.6-plus
89605a68330614c2b841,correct,1.0,,qwen3.6-plus
ec99614c86b6c52e4e13,correct,1.0,,qwen3.6-plus
ab65793a61cb6f08b6f3,correct,1.0,,qwen3.6-plus
1cebe7663bb037211e59,correct,1.0,,qwen3.6-plus
6a31267fc049d4a04bb2,correct,1.0,,qwen3.6-plus
54a556d0d22f23be0c0c,correct,1.0,,qwen3.6-plus
1aa3c68d6dc91db28b85,correct,1.0,,qwen3.6-plus
c99ab0e3ba6ddbdee7a2,wrong,0.9,'ishtimoiy tarmog'iga' typo; 'mavzulariga' mistranslation of 'themes' (should be 'soundtracks/musical themes'),qwen3.6-plus
eee605e7d4bd514d4827,correct,1.0,,qwen3.6-plus
8969af542c6f2c74fa69,junk,0.95,"Fragment/title only, not a complete sentence",qwen3.6-plus
b91e47e8ffb4562e97a1,correct,1.0,,qwen3.6-plus
6f2615fc6b77c671eadd,correct,1.0,,qwen3.6-plus
fa267243cdb3ab626d09,correct,1.0,,qwen3.6-plus
1496eaedac0870aa1f90,correct,1.0,,qwen3.6-plus
0f775e0a6a04e8dca028,correct,1.0,,qwen3.6-plus
ff784a28a096e54bef86,wrong,0.9,Broken syntax: '67 ga mm (2 5/8 in.) keng' is ungrammatical and incomplete,qwen3.6-plus
b5b95cd364f61ccd55b1,correct,1.0,,qwen3.6-plus
eb18af1783cd13f7fb6d,correct,1.0,,qwen3.6-plus
d70693a322ae19b4bd15,correct,1.0,,qwen3.6-plus
f2f56ef006600c8e4761,correct,1.0,,qwen3.6-plus
55c0de901a5a68095083,junk,0.95,"Proper noun/fragment only, not a sentence",qwen3.6-plus
4bae1e608d146aed9e76,correct,1.0,,qwen3.6-plus
79c890e53b7253173a98,correct,1.0,,qwen3.6-plus
588ed5022a94de1ff8dd,correct,1.0,,qwen3.6-plus
67620fbdc7261fe36631,correct,1.0,,qwen3.6-plus
60e82e172d2604eab3c5,correct,1.0,,qwen3.6-plus
4924d5521cfd32215842,wrong,0.9,'newspapers' incorrectly translated as 'bosmaxonalarda' (printing houses); sentence split awkwardly.,qwen3.6-plus
84326618f00d9b13ee3c,correct,1.0,,qwen3.6-plus
4d447149958fc132c6ae,correct,1.0,,qwen3.6-plus
e7f1533529d6057dd309,correct,1.0,,qwen3.6-plus
5643a4d4e781e138b2d1,correct,1.0,,qwen3.6-plus
36008acf4118c8305b88,wrong,0.9,Retains English pronunciation guide '/ˈ ɛər d r i / AIR -dree'; 'okrug' and 'viloyat' swapped for Alberta/Calgary.,qwen3.6-plus
dfd73b119396da5d314f,correct,1.0,,qwen3.6-plus
78e81ba82d4c4fec852e,correct,1.0,,qwen3.6-plus
8d619c340d9c00d9ba62,correct,1.0,,qwen3.6-plus
af2b33d8da4f1881a837,junk,1.0,Navigation fragment/list of route numbers.,qwen3.6-plus
321a8d45dfc0c14bb3cf,correct,1.0,,qwen3.6-plus
c6cb7e642756876cd7c2,correct,1.0,,qwen3.6-plus
761122bdecf779bbceff,correct,1.0,,qwen3.6-plus
8c8ae5be623cae094d9e,junk,1.0,Image caption fragment.,qwen3.6-plus
a568bcb47c0d9c22e852,correct,1.0,,qwen3.6-plus
47eadf3905608ef9216d,wrong,0.9,Subject-verb agreement error: 'Boston shahar kengashi... deb nomlandi' (council was named instead of named the day).,qwen3.6-plus
28251b1baedcd42bcaa4,junk,1.0,Image caption fragment.,qwen3.6-plus
a6dca6f73f3c303109d1,correct,1.0,,qwen3.6-plus
92a01475f950252b1d13,correct,1.0,,qwen3.6-plus
128f7355169eb7caf019,junk,1.0,Infobox data fragment.,qwen3.6-plus
f7f6e3c3ecb82ad8cf4a,wrong,0.9,Unit mistranslation: '120.14 in' became '120.14 yilda' (in the year).,qwen3.6-plus
9a1cdcf0cce41116d78a,correct,1.0,,qwen3.6-plus
df5947d6d615fecf196c,correct,1.0,,qwen3.6-plus
70cdae41f07ca8bb6cd9,correct,1.0,,qwen3.6-plus
0e61dd5bace394df6432,correct,1.0,,qwen3.6-plus
8375461d7ddf61fb0dc5,correct,1.0,,qwen3.6-plus
fd649fc5377917e90290,correct,1.0,,qwen3.6-plus
6bbaa4d25b161dff14e5,correct,1.0,,qwen3.6-plus
6f4ce5051c6c9aa793cd,correct,1.0,,qwen3.6-plus
cac0e77aa6b6c8fb1d60,correct,1.0,,qwen3.6-plus
1397df5392e19b5616c6,correct,1.0,,qwen3.6-plus
bc0dd740a0e63b112b33,correct,1.0,,qwen3.6-plus
5d6f958398ed1d98ca34,correct,1.0,,qwen3.6-plus
7fd04edd999da6283c20,correct,1.0,,qwen3.6-plus
e137ba1b85e345ee548a,correct,1.0,,qwen3.6-plus
ad7de0482af02e90fa54,correct,1.0,,qwen3.6-plus
04f1a4b9d71928cd8dc3,correct,1.0,,qwen3.6-plus
01a6d9fc53d43de3cab1,correct,1.0,,qwen3.6-plus
16f237a7aefac3ec2a0e,correct,1.0,,qwen3.6-plus
480ab0d0e6caec65d06e,junk,1.0,Citation fragment,qwen3.6-plus
31c475fa072bec34b827,correct,1.0,,qwen3.6-plus
5357c5a2ff5d3335da8b,junk,1.0,Table header and row fragment,qwen3.6-plus
10cc89e04e247dc6ce6b,wrong,1.0,English word 'Russian' retained in text,qwen3.6-plus
a2ffa333d48d5ac8fe74,correct,1.0,,qwen3.6-plus
25ca2b48649b2ca1d28d,correct,1.0,,qwen3.6-plus
9d39be5253f54a84d7cd,junk,1.0,Match table fragment,qwen3.6-plus
ffc9c93a5a04f1357003,correct,1.0,,qwen3.6-plus
f02e6156954e6cdd4574,correct,1.0,,qwen3.6-plus
52dbd0da62a9f1edecca,correct,1.0,,qwen3.6-plus
aee8d33749f81f565a5f,correct,1.0,,qwen3.6-plus
2f5b899c00e403909dd4,wrong,0.9,Maharvis not translated; should be maharviylar,qwen3.6-plus
b8ee3e5b7bb54b1127bb,correct,1.0,,qwen3.6-plus
f0c4e47ebbeb1555b7de,correct,1.0,,qwen3.6-plus
2f4e3993dd267a04178e,wrong,0.9,"Meaning reversed: 'chipped away' means took market share, not lost it",qwen3.6-plus
09dbfd84d7ae7337d6c0,wrong,0.9,'shahridagi' repeated; missing 'after Putra Mosque' meaning,qwen3.6-plus
e98ce4563645352ba0de,correct,1.0,,qwen3.6-plus
818ff9dc1fa37cc94c50,correct,1.0,,qwen3.6-plus
8c8dfba378352647ca34,wrong,0.9,"'ukasi' means brother; Adele is female, should be 'singlisi'",qwen3.6-plus
4bf8a457b97a51e73e41,correct,1.0,,qwen3.6-plus
0527c4228c574370a7c3,wrong,0.9,Pronunciation omitted; 'Rasmiy OMRI' awkward; missing closing parenthesis,qwen3.6-plus
5a01773d4edcc9d2b436,correct,1.0,,qwen3.6-plus
ec6d73c661630754bdb2,correct,1.0,,qwen3.6-plus
c2f874348371755b80bd,wrong,0.9,'bosh yozuvchi' unnatural for head writer; 'rejissyori bo'lib ishlagan' awkward,qwen3.6-plus
20e471813468c8581b5f,correct,1.0,,qwen3.6-plus
87d46b6ae398895c6328,correct,1.0,,qwen3.6-plus
d3f5af62fecbbbe6b0b7,wrong,0.9,"'uchinchi o'rinda' means third place, not third board",qwen3.6-plus
c94d86348226599480e9,correct,1.0,,qwen3.6-plus
5857aa58e553f70a69f3,correct,1.0,,qwen3.6-plus
0a589ff9ccf3b52cd2b1,correct,1.0,,qwen3.6-plus
5be13a08b35c4d9141ec,correct,1.0,,qwen3.6-plus
19664b7deee2cec03ef9,wrong,0.9,English pronunciation text left untranslated; awkward phrasing,qwen3.6-plus
b0e8249dafd2d5c1478e,correct,1.0,,qwen3.6-plus
36607f24515c0e7c508e,correct,1.0,,qwen3.6-plus
d8705727cd19220eb704,correct,1.0,,qwen3.6-plus
5b2911a2e8601fa2181f,correct,1.0,,qwen3.6-plus
9a7815e0aa19fc98b2d2,correct,1.0,,qwen3.6-plus
4d2581640a12bb6d6110,correct,1.0,,qwen3.6-plus
8dcf6f587fef7d6d46a4,correct,1.0,,qwen3.6-plus
c7b7e81b676e9ab3762a,correct,1.0,,qwen3.6-plus
1f30df40203daad904b1,correct,1.0,,qwen3.6-plus
1dbdca1c5e026da3c030,correct,1.0,,qwen3.6-plus
43b1d0d929b707abcf98,correct,1.0,,qwen3.6-plus
7ddf6396144703856c65,correct,1.0,,qwen3.6-plus
97c4971efdc274e07604,correct,1.0,,qwen3.6-plus
a7c6b4bf7e642229aa0f,wrong,0.9,'basketbol o'yinidan ancha o'tib ketdi' is unnatural; should be 'basketbol o'ynashdagi eng yaxshi yillaridan o'tib ketgan edi'.,qwen3.6-plus
0f2b533719508e8baf15,correct,1.0,,qwen3.6-plus
6882f49e84c2434a8932,correct,1.0,,qwen3.6-plus
51161ac6481ff27dcffd,wrong,0.95,'disposals' mistranslated as 'gol uradi'; 'booting 9 goals' mistranslated as '9 ta gol kiritib beradi' (redundant/incorrect).,qwen3.6-plus
cc93f5b6e4ffa849e2d9,correct,1.0,,qwen3.6-plus
7ea55a75876588ccdd9c,correct,1.0,,qwen3.6-plus
077e2d79bb5e6c874f84,wrong,0.9,Punctuation and formatting errors; Arabic script and quotes misplaced; unnatural phrasing.,qwen3.6-plus
e0632588857846355a87,correct,1.0,,qwen3.6-plus
b2c1bee88b606504425c,correct,1.0,,qwen3.6-plus
0df74b9ded401d11da6a,correct,1.0,,qwen3.6-plus
2a78fd396cd70c22c583,correct,1.0,,qwen3.6-plus
6365e91e6921a214481b,wrong,0.9,'split' mistranslated as 'bo'linishi'; should be '400 metrlik masofani bosib o'tish vaqti'.,qwen3.6-plus
6ecffda8630a59fd0ea7,correct,1.0,,qwen3.6-plus
f2f83a870a1bc63e6836,correct,1.0,,qwen3.6-plus
40f64a4a1b29a628fa73,correct,1.0,,qwen3.6-plus
a836611ccf9ba9b42d81,correct,1.0,,qwen3.6-plus
26b1e59a28c6d4be4f64,correct,1.0,,qwen3.6-plus
8d662be9071ebc8327b0,correct,1.0,,qwen3.6-plus
07c08512ed245fbf9c22,correct,1.0,,qwen3.6-plus
237a5041fcc7e204033f,correct,1.0,,qwen3.6-plus
541726bd8d55e6d7d392,minor,0.9,Valenciaada -> Valenciada (typo),qwen3.6-plus
c48fabc971bfe4df4d81,minor,0.9,Missing 'municipality' (munitsipalitet),qwen3.6-plus
cfc7e718af38a8848e92,correct,1.0,,qwen3.6-plus
c1218bbb45e13fc68da7,correct,1.0,,qwen3.6-plus
f1cb3903f35038991669,correct,1.0,,qwen3.6-plus
02b28a43919c78a0e9bd,correct,1.0,,qwen3.6-plus
cd436867bae1d9dc5b31,correct,1.0,,qwen3.6-plus
56358a64321090773c60,minor,0.9,Missing 'top' (eng yaxshi) and 'accounting for' (hisobga olinsa),qwen3.6-plus
c54972007c532b4831d4,correct,1.0,,qwen3.6-plus
670626fbf9fce9f97ab8,correct,1.0,,qwen3.6-plus
b23394768b020b629921,correct,1.0,,qwen3.6-plus
fa89eff61d4040f6006e,correct,1.0,,qwen3.6-plus
86848cf27502acacc99e,correct,1.0,,qwen3.6-plus
6bda61bab56ffa0becad,correct,1.0,,qwen3.6-plus
6f1b48fdad67f5cd6254,correct,1.0,,qwen3.6-plus
8c4262685e81cb1524c4,correct,1.0,,qwen3.6-plus
e6f339fd7237e527f5aa,correct,1.0,,qwen3.6-plus
57001dff11fbe99fc296,correct,1.0,,qwen3.6-plus
d3dd4b767931c1866e8d,correct,1.0,,qwen3.6-plus
917c39dd5340af1c4fb0,correct,1.0,,qwen3.6-plus
db9a030ee2ffe7a12415,correct,1.0,,qwen3.6-plus
fd7474891c9ca6822200,correct,1.0,,qwen3.6-plus
fb4462b6a2d46c82bd5e,wrong,0.9,"""6–10 hisobida"" noto'g'ri tarjima; ""class 6–10"" sport toifasini anglatadi, hisob emas.",qwen3.6-plus
48c2841a1ae514194504,correct,1.0,,qwen3.6-plus
34a938f886979011f252,correct,1.0,,qwen3.6-plus
826dcdc8b995ef8d02ba,correct,1.0,,qwen3.6-plus
37bf5a80f499472535fd,correct,1.0,,qwen3.6-plus
3a13db9f9e537ca78b27,wrong,0.95,"""Persian"" so'zi tarjima qilinmagan, qavs ichida inglizcha qolgan.",qwen3.6-plus
24c0bfe853100661369a,correct,1.0,,qwen3.6-plus
d5a0d29c87d042ddd9c0,correct,1.0,,qwen3.6-plus
32a12fe90ea1f66f751a,wrong,0.9,"""Russian"" tarjima qilinmagan; ""Smelovsky Selsoviet"" noto'g'ri tarjima qilingan.",qwen3.6-plus
849e4046d878b89cda89,correct,1.0,,qwen3.6-plus
e94419b5a25cdbaa562c,correct,1.0,,qwen3.6-plus
095285d6cf9f462ba6ee,correct,1.0,,qwen3.6-plus
e3e3137ab833814374de,wrong,0.95,"""rangli odamlar"" noto'g'ri tarjima; ""people of color"" kontekstda ""ozchilik vakillari"" yoki ""qora tanlilar"" bo'lishi kerak.",qwen3.6-plus
fc7c35136e254de966cc,correct,1.0,,qwen3.6-plus
176e1bb2a96fa156c8b8,wrong,0.9,"""Lincoln Mayor"" tarjima qilinmagan; ""53% dan 47% gacha"" noto'g'ri, ""53% ga 47%"" bo'lishi kerak.",qwen3.6-plus
9efedc7a9568d128ccc9,correct,1.0,,qwen3.6-plus
b77ee463ab116e9e8326,wrong,0.95,"So'z tartibi noto'g'ri: ""faqat xizmat ko'rsatadi KA09..."" o'rniga ""faqat KA09... xizmat ko'rsatadi"" bo'lishi kerak.",qwen3.6-plus
dc361567ad084be0a5cb,correct,1.0,,qwen3.6-plus
d026c66a7a03cf90dece,correct,1.0,,qwen3.6-plus
426fd7154498ba67320f,correct,1.0,,qwen3.6-plus
bdd426b63f8ec8dee9bf,correct,1.0,,qwen3.6-plus
a00989694e5085ca63c0,wrong,0.95,"""kalxatchi"" noto'g'ri tarjima; ""rookie"" sportda ""yangi o'yinchi"" yoki ""debyutant"" bo'lishi kerak.",qwen3.6-plus
f53e4c3fa0b955e9905b,correct,1.0,,qwen3.6-plus
15c372d4173d3eebc8fb,correct,1.0,,qwen3.6-plus
8f3e292d380e2a3b213d,correct,1.0,,qwen3.6-plus
766b9296667e180116db,correct,1.0,,qwen3.6-plus
62a7b4dbab248ac33f25,correct,1.0,,qwen3.6-plus
4f16378a5c6ea9105adf,correct,1.0,,qwen3.6-plus
d8311de34d729d1845d3,correct,1.0,,qwen3.6-plus
4d3c9621da2e914fc1d4,correct,1.0,,qwen3.6-plus
5f0e51954b33421a0ab1,junk,1.0,"List/navigation fragment, not a complete sentence",qwen3.6-plus
f28f37c67bf41dacf463,correct,1.0,,qwen3.6-plus
9b7e8bfe671874571771,correct,1.0,,qwen3.6-plus
a37773bd9d706769cf05,correct,1.0,,qwen3.6-plus
94562623c85916b55ad3,correct,1.0,,qwen3.6-plus
ce6d6288bd82885a1df2,correct,1.0,,qwen3.6-plus
1eb69a9cf5d13d53f38f,correct,1.0,,qwen3.6-plus
5aafb8d1a89dd7433d53,correct,1.0,,qwen3.6-plus
2af3a1810f913e0bf263,correct,1.0,,qwen3.6-plus
00e478c607c2f8179e8f,junk,1.0,"Fragment, not a complete sentence",qwen3.6-plus
50ef1f8885c1b6084b30,correct,1.0,,qwen3.6-plus
14682540a4910922c9ca,correct,1.0,,qwen3.6-plus
e89a7fcd8cde3061a1c3,junk,1.0,"Citation fragment, not a complete sentence",qwen3.6-plus
e9a81ce02a1ccec282ba,correct,1.0,,qwen3.6-plus
2fe529aaccf31b5d9f59,correct,1.0,,qwen3.6-plus
f7d1743f91a03e62010b,correct,1.0,,qwen3.6-plus
add2f8c8869de3fc04a2,junk,1.0,"Image caption fragment, not a complete sentence",qwen3.6-plus
29b42723786aa070dbb0,correct,1.0,,qwen3.6-plus
155a0b53af52e7647d5e,correct,1.0,,qwen3.6-plus
ba1560cf15ea6fefd067,correct,1.0,,qwen3.6-plus
326798c65ab3e0232e18,correct,1.0,,qwen3.6-plus
95715ffbf90758584539,correct,1.0,,qwen3.6-plus
711bc0a41fb4a2c31f8b,correct,1.0,,qwen3.6-plus
d6cc1099716f1ebd350d,correct,1.0,,qwen3.6-plus
0949c7fcb32d7e6c2ed5,correct,1.0,,qwen3.6-plus
ce59e56b8261b7a602c9,correct,1.0,,qwen3.6-plus
ff4bd9c81a5cd4d97b62,correct,1.0,,qwen3.6-plus
f74ac539ec097597587c,wrong,0.9,"Sentence incomplete, ends abruptly with '1.'",qwen3.6-plus
e53d5e60acf7a5337bd8,correct,1.0,,qwen3.6-plus
a733bbaf3a615b6a4c51,wrong,0.9,"'ÝU' is a typo for 'U' (She), unnatural phrasing.",qwen3.6-plus
7de7c74d75739504d20f,correct,1.0,,qwen3.6-plus
19399df54148bd1f87ef,correct,1.0,,qwen3.6-plus
db56a427fddabed1d5b6,correct,1.0,,qwen3.6-plus
7ae0678578feb798b18e,correct,1.0,,qwen3.6-plus
138dfa961acefd9497d2,correct,1.0,,qwen3.6-plus
a22d3be9ba1aee968961,correct,1.0,,qwen3.6-plus
f5b97587450beca3af78,correct,1.0,,qwen3.6-plus
d86cef4fb1ea7d00ac3a,junk,1.0,"Website title/navigation fragment, not a sentence.",qwen3.6-plus
a063d65b99b47e549360,correct,1.0,,qwen3.6-plus
1dc8982767264afdebfe,correct,1.0,,qwen3.6-plus
62fa7738476a14b6f50a,correct,1.0,,qwen3.6-plus
40cc11a4a0155211395d,correct,1.0,,qwen3.6-plus
22b7e33aa7367a7ebfdf,correct,1.0,,qwen3.6-plus
55a719bd6ec3be75c972,minor,0.9,"'morga' o'rniga 'morg' yoki 'gektar' ishlatilishi kerak, 'qishloq xo'jaligi' o'rniga 'ekin maydoni' bo'lishi lozim.",qwen3.6-plus
11d9df62b3773e668ec1,minor,0.9,"'The Absentee Landlord' nomi tarjima qilinmagan, lekin asl nomni qoldirish qabul qilinadi.",qwen3.6-plus
84763bcb0794d506aae8,correct,1.0,,qwen3.6-plus
5486b031b57cb1f9dbbe,wrong,0.9,"'Prince' nomi 'Shahzoda' deb tarjima qilingan, bu noto'g'ri; 'Donny' o'rniga 'Donni' ishlatilgan.",qwen3.6-plus
e7f7239ad330ac22605c,correct,1.0,,qwen3.6-plus
853ec90747f2b7c18813,correct,1.0,,qwen3.6-plus
2df0605df993b23caa65,correct,1.0,,qwen3.6-plus
a5e0eb2a9623d9f0299b,correct,1.0,,qwen3.6-plus
168799c7cc7eee3c0bdc,minor,0.9,"'1967 yilda' o'rniga '1967-yilda' bo'lishi kerak, bo'sh joydan oldin nuqta bor.",qwen3.6-plus
8be111935356581c5622,wrong,0.9,"'Parish qo'mitasi' o'rniga 'Mahalliy qo'mita' yoki 'Cherkov qo'mitasi' bo'lishi kerak, 'Parish' inglizcha qoldirilgan.",qwen3.6-plus
055e58584da34a495e60,correct,1.0,,qwen3.6-plus
01b1f3db5bb6c769e53b,correct,1.0,,qwen3.6-plus
b6160c65d149d3f08379,junk,1.0,"Veb-sayt navigatsiyasi va ro'yxat tavsifi, to'liq gap emas.",qwen3.6-plus
70adc88956ca96e00bf5,wrong,0.9,"'chizilgan' o'rniga 'suratga olingan' yoki 'tasvirlangan' bo'lishi kerak, 'pictured' noto'g'ri tarjima qilingan.",qwen3.6-plus
772401dec64861bac821,correct,1.0,,qwen3.6-plus
a4dbbb14d7aa4abf17a7,correct,1.0,,qwen3.6-plus
1e1e4e8e550c58a0451b,correct,1.0,,qwen3.6-plus
0e0f03200bf6e3f56772,correct,1.0,,qwen3.6-plus
ee6df01069983d865c6b,correct,1.0,,qwen3.6-plus
61a0a69cf14f7ff41e11,correct,1.0,,qwen3.6-plus
1869c4800e951b37a153,junk,1.0,"Faqat yo'l nomlari ro'yxati, to'liq gap emas.",qwen3.6-plus
01e49affe23f12692eb4,correct,1.0,,qwen3.6-plus
4903a5aa42b4ac2c9991,correct,1.0,,qwen3.6-plus
b0a612bac52b65e9da08,correct,1.0,,qwen3.6-plus
d841d6b936ffd08a0227,wrong,0.9,"'headLand' nomi tarjima qilinmagan va kichik harf bilan boshlangan, bu noto'g'ri.",qwen3.6-plus
533d62e5068091d7b871,correct,1.0,,qwen3.6-plus
bfbc2f5b5c386a1af988,correct,1.0,,qwen3.6-plus
6065524c27021b82adce,correct,1.0,,qwen3.6-plus
77a1ad1b48e020d52c68,correct,1.0,,qwen3.6-plus
4f4de3e6a87f204ab054,correct,1.0,,qwen3.6-plus
085a8066305815235175,correct,1.0,,qwen3.6-plus
26e53cd7e75ea2f3ca4d,correct,1.0,,qwen3.6-plus
a0c9c2a18893d1881480,correct,1.0,,qwen3.6-plus
d834ca64ee33367ebd16,correct,1.0,,qwen3.6-plus
0e927e496dd6c001870d,correct,1.0,,qwen3.6-plus
cbe4dbd6e1da5f0c113d,correct,1.0,,qwen3.6-plus
689845f3ee0e23c380ec,correct,1.0,,qwen3.6-plus
409ecd7e63057c578de3,correct,1.0,,qwen3.6-plus
4f06fd0a904675eb544c,junk,1.0,"navigatsiya/kurslar ro'yxati, to'liq gap emas",qwen3.6-plus
dbc0d82f50b02f1330b9,correct,1.0,,qwen3.6-plus
3bdd49c5e07a5d3e7f43,correct,1.0,,qwen3.6-plus
1681fba4d8cdd3a57b7c,correct,1.0,,qwen3.6-plus
1e0948e9deff343e1eb2,correct,1.0,,qwen3.6-plus
dd5838cfef9f3ff6d516,correct,1.0,,qwen3.6-plus
d489fde684225be76013,correct,1.0,,qwen3.6-plus
b74bdb5199f7fe3c574e,correct,1.0,,qwen3.6-plus
2805154d2b204e38ed46,correct,1.0,,qwen3.6-plus
77938f566faeac914aca,correct,1.0,,qwen3.6-plus
fb645a81339d276d77ca,correct,1.0,,qwen3.6-plus
3e57418ce2e1a1047e22,correct,1.0,,qwen3.6-plus
ec5c49c2890b2b09a760,correct,1.0,,qwen3.6-plus
71f664417f30808f0fa2,correct,1.0,,qwen3.6-plus
68876c69cf84cba0bf7e,wrong,0.9,"incomplete sentence, missing verb at the end",qwen3.6-plus
d4cda98bd6e0b691cbbd,correct,1.0,,qwen3.6-plus
78c6bdd60ebd4ef6099e,correct,1.0,,qwen3.6-plus
8f77b700639f5844be19,junk,1.0,list titles/navigation fragments,qwen3.6-plus
feb13e1cc42c03ddf588,correct,1.0,,qwen3.6-plus
edd60d8dfb593eba5011,correct,1.0,,qwen3.6-plus
2a47edb2bf81522c4f2f,correct,1.0,,qwen3.6-plus
7273e32739a5fd43217e,correct,1.0,,qwen3.6-plus
f35c5f5b360e99acce61,correct,1.0,,qwen3.6-plus
1d8f02ac65ee659c9f3d,correct,1.0,,qwen3.6-plus
8dc17fd77252e52e087d,correct,1.0,,qwen3.6-plus
e8967afd9b9a30c23d57,correct,1.0,,qwen3.6-plus
97c93dda7b6972a8c582,correct,1.0,,qwen3.6-plus
b49415bec12334cb2b73,correct,1.0,,qwen3.6-plus
9b1c61f312ce2633adb2,correct,1.0,,qwen3.6-plus
60485706411a34bcece9,correct,1.0,,qwen3.6-plus
71ee3db862fc687e5a9b,wrong,0.9,"mistranslation: 'St.' left as is, 'shahrida' wrong for village, causal link mistranslated",qwen3.6-plus
cc56204e803c382f3835,wrong,0.9,'fatally injured' mistranslated as 'og'ir jarohatlangan' (seriously injured),qwen3.6-plus
0ee099b7c10c6c725228,correct,1.0,,qwen3.6-plus
0e12d3503e74aa9e1504,correct,1.0,,qwen3.6-plus
b9ba34259dd637f48e64,correct,1.0,,qwen3.6-plus
3ccca38f1abf9f4537ac,correct,1.0,,qwen3.6-plus
189b835c2a44b362139f,correct,1.0,,qwen3.6-plus
70e3f47fcb0c9ccb4a62,correct,1.0,,qwen3.6-plus
e32917690b9e72112a44,correct,1.0,,qwen3.6-plus
26af1a50790949c23d2b,correct,1.0,,qwen3.6-plus
d93a3d9103f5e185adb3,correct,1.0,,qwen3.6-plus
3dfe8d85d9e443d737ee,correct,1.0,,qwen3.6-plus
f691125a504f0120d47d,correct,1.0,,qwen3.6-plus
b4979f671aae52ef26fd,correct,1.0,,qwen3.6-plus
eb4e38ab912177fe841e,correct,1.0,,qwen3.6-plus
e65c899d53bded2090b8,correct,1.0,,qwen3.6-plus
9beeb91919d3a3b1dc73,junk,1.0,Match table/navigation fragment,qwen3.6-plus
3255f9b6894177c4f7a5,correct,1.0,,qwen3.6-plus
2a5245e2c455822a3a15,correct,1.0,,qwen3.6-plus
88586c3801dd47967cfa,junk,1.0,Match table/navigation fragment,qwen3.6-plus
04edb9123aefd6ac0e29,correct,1.0,,qwen3.6-plus
4941a5a0e4c971bf92e7,correct,1.0,,qwen3.6-plus
9f2a1acd5291bc5e78fd,correct,1.0,,qwen3.6-plus
b12196b7be40e19ec565,correct,1.0,,qwen3.6-plus
544654dd5e488182bd27,correct,1.0,,qwen3.6-plus
60443c34b6a613792cc5,correct,1.0,,qwen3.6-plus
6bf0bc3122f655c5b911,correct,1.0,,qwen3.6-plus
93731d847ca7967188a1,correct,1.0,,qwen3.6-plus
5be916693463aa60dbfc,correct,1.0,,qwen3.6-plus
234b01ea8a57b827bb7c,correct,1.0,,qwen3.6-plus
34f89d6f7f8da7d4a295,wrong,1.0,Units left in English,qwen3.6-plus
63ac7be1e8d695720277,correct,1.0,,qwen3.6-plus
3b7d992bd9db37a1f612,correct,1.0,,qwen3.6-plus
7e2f725bc960e810c78a,correct,1.0,,qwen3.6-plus
d3aef0daefbb83a0086f,minor,0.9,Sallivan -> Sullivan (transliteration typo),qwen3.6-plus
90ac390994816464cb7d,correct,1.0,,qwen3.6-plus
d079aa07e63288b19b91,correct,1.0,,qwen3.6-plus
0727bc9af990b1e12142,minor,0.9,teleseriallarida (plural) -> teleserialida (singular),qwen3.6-plus
f3d45d45b1f3f2f40ecb,correct,1.0,,qwen3.6-plus
79e18a3ee297128ec3b3,minor,0.9,Celsius -> Celzijus (name transliteration mismatch),qwen3.6-plus
276e0302d59b911cd764,correct,1.0,,qwen3.6-plus
d8a16681b99f86624772,minor,0.9,[ ja ] artifact retained in translation,qwen3.6-plus
83818d3676aa7bdd6652,correct,1.0,,qwen3.6-plus
3e09624b07f804fb323a,minor,0.9,vice-kapitanlikni o'z zimmasiga oldi (tense mismatch: served vs took on),qwen3.6-plus
efd3f6318cd1a5286618,correct,1.0,,qwen3.6-plus
296f094a6222a03abb8a,correct,1.0,,qwen3.6-plus
5b1b52601a1b94da9c9e,correct,1.0,,qwen3.6-plus
b0afac38acf15984aaae,correct,1.0,,qwen3.6-plus
a2ee1c9ff0dddfcae4b2,minor,0.9,1945-ilda -> 1945-yilda (typo),qwen3.6-plus
00bad7a0b534c7d5dd1b,correct,1.0,,qwen3.6-plus
bb97df3dabd76cd177fe,correct,1.0,,qwen3.6-plus
9ecad6f16d97af1316bf,correct,1.0,,qwen3.6-plus
c03c4336cbb4b8196584,correct,1.0,,qwen3.6-plus
6997c13aca90303de775,junk,1.0,List of locations/titles without sentence structure,qwen3.6-plus
0e00e4d1070bc488fe91,correct,1.0,,qwen3.6-plus
0314bda688740e8e3a13,minor,0.9,Omitted Greek pronunciation and nationality details,qwen3.6-plus
2e69317abb23b5a00df6,junk,1.0,"Disambiguation list fragments, not a coherent sentence",qwen3.6-plus
e2dc6ca9a5f13520f636,correct,1.0,Uzbek translation is accurate and natural.,deepseek-v4-flash
436afe96358b8f42cf8a,minor,0.9,'Californianing' should be 'Kaliforniyaning' for correct Uzbek spelling.,deepseek-v4-flash
c3f00a53895a395daa72,correct,1.0,Accurate translation with proper transliteration of player name.,deepseek-v4-flash
709c321927d163635834,correct,1.0,Translation is accurate and natural.,deepseek-v4-flash
419829624742fcd2e81a,minor,0.9,'yordamchi hakam' repeated; distinct terms for assistant and support assistant would be better.,deepseek-v4-flash
051210dfd91662a5af9e,correct,1.0,Accurate and natural.,deepseek-v4-flash
f45294b0e00a4797060d,correct,1.0,Accurate and natural.,deepseek-v4-flash
5beba6f55f6a4160e4ea,minor,0.9,'undan oldin' should be 'keyin' or rephrase; original says 'before'? Actually seems ok. Better: 'keyin'? It is acceptable.,deepseek-v4-flash
63d730831defe411bd9a,minor,0.9,"Hospital name 'Welbeck' translated as 'Wellbeck', should be 'Welbeck'.",deepseek-v4-flash
56a9d427fb92b6781808,correct,1.0,Accurate and complete.,deepseek-v4-flash
723c6c98dfad97d43e9c,minor,0.9,"(56,32 yilda) is incorrect; 'yilda' means 'in year', should be 'dyuym' or just omit. Better: (56.32 dyuym).",deepseek-v4-flash
cce4d6267a2fc6dab1dd,correct,1.0,Accurate.,deepseek-v4-flash
4d725e2c0e186569eee4,correct,1.0,Accurate.,deepseek-v4-flash
32c4f70233641d8eb343,correct,1.0,Accurate.,deepseek-v4-flash
f9cda2b466b53b8d0923,correct,1.0,Accurate.,deepseek-v4-flash
9c3f5b77efc651c5b9cf,correct,1.0,Accurate.,deepseek-v4-flash
11904115b6399f30d0e3,correct,1.0,Accurate.,deepseek-v4-flash
826dde3277b97769a122,correct,1.0,"Simple translation, accurate.",deepseek-v4-flash
983b25dd17eeccb5b550,correct,1.0,Accurate.,deepseek-v4-flash
1f9e344eb198069bd489,minor,0.9,Word order in 'mezbonlik o'yinida 2:0 hisobida' slightly unnatural; consider '2:0 hisobidagi mezbonlik o'yinida'.,deepseek-v4-flash
6cd832eaec1cb3effa7f,correct,0.95,The translation is accurate and natural.,deepseek-v4-flash
4be3d27865faa6e59a1a,correct,0.95,The translation is accurate and natural.,deepseek-v4-flash
30c4a93202b11548ac4b,correct,0.95,"The translation is accurate, though with minor spacing issues.",deepseek-v4-flash
97cb044f0afc13df10dc,minor,0.8,"English terms 'Georgian' and 'Russian' are left as is, and there are minor transliteration inconsistencies.",deepseek-v4-flash
1f3b3daf160b0541af87,minor,0.85,Transliteration of proper names slightly differs from common usage.,deepseek-v4-flash
fabc5a62dfd4da1af839,correct,0.95,The translation is accurate and natural.,deepseek-v4-flash
4380bc71b4c92e7c1ada,minor,0.7,The place name 'Hořic' retains non-Uzbek characters and the word 'tumanidajoylashgan' is misspelled (should be 'tumanida joylashgan').,deepseek-v4-flash
596fcf7c4ac636cf5071,correct,0.95,The translation is accurate and natural.,deepseek-v4-flash
8cfaf59b9e19d43ad4ee,correct,0.95,The translation is accurate and natural.,deepseek-v4-flash
af1f1ca1bf8ddb9ee400,correct,0.95,The translation is accurate and natural.,deepseek-v4-flash
75a7cbb7624655815563,correct,0.95,The translation is accurate and natural.,deepseek-v4-flash
54e2b5d6d23bcfb0a9a0,correct,0.95,The translation is accurate and natural.,deepseek-v4-flash
97492d3c52d467ab1b54,correct,0.95,The translation is accurate and natural.,deepseek-v4-flash
8994186b9a2d71cacad2,correct,0.95,The translation is accurate and natural.,deepseek-v4-flash
a077e3f10996cafe7160,correct,0.9,"The translation is accurate, but the original is a list of titles/phrases; the translation preserves that.",deepseek-v4-flash
a45b9fd9cf0950e1ce43,correct,0.95,The translation is accurate and natural.,deepseek-v4-flash
a69d3bb3529a80305a32,correct,0.95,The translation is accurate and natural.,deepseek-v4-flash
d2aa7ebe70ce607ee024,minor,0.7,"Dynamo Dresden is a proper noun and retained, but the phrasing could be more natural: 'Zulte Waregemga qaytib' is a bit abrupt.",deepseek-v4-flash
226bfc4d4be457951a55,minor,0.8,'ilk marotaba' is a slight misphrase; should be 'birinchi marta' or 'ilk marta'.,deepseek-v4-flash
c97ac31426d39c2f6e17,junk,0.95,"This is a fragment of a table or scoreline, not a complete sentence; translation is fragmentary.",deepseek-v4-flash
37bf1ac30a5264977008,correct,0.95,The translation is natural and accurate.,deepseek-v4-flash
20885f4b63cadb5ef562,minor,0.8,Minor capitalization issue: 'moliya' should be capitalized as 'Moliya' to match proper nouns.,deepseek-v4-flash
d232c5141bc27f120851,correct,0.9,"The translation is accurate and natural, though the Russian name is kept.",deepseek-v4-flash
fbf25f88125642238b6a,correct,0.95,The translation is natural and accurate.,deepseek-v4-flash
22ad6652b6c28aafc16b,correct,0.95,The translation is accurate and natural.,deepseek-v4-flash
be4ea69645def1555993,correct,0.9,The translation is natural and accurate for a caption.,deepseek-v4-flash
c44d46b9d5984016274c,correct,0.95,The translation is accurate.,deepseek-v4-flash
9ff260e1d4ebed19a7d0,minor,0.8,Minor: 'Yoshlar garovi kuni' might be better as 'Yoshlar bayrami kuni' but is acceptable.,deepseek-v4-flash
ddf820c904a8bbf38478,minor,0.8,Minor: The date placement is slightly awkward but acceptable.,deepseek-v4-flash
ed3faac892e563d563b1,correct,0.95,The translation is accurate and natural.,deepseek-v4-flash
0ca13cbee51fcf510ca6,correct,0.95,The translation is accurate and natural.,deepseek-v4-flash
32c7ac553d269ad3c043,correct,0.95,The translation is accurate and natural.,deepseek-v4-flash
cc796d2567cbe71420a1,correct,0.95,The translation is accurate and natural.,deepseek-v4-flash
d0042f1d69cf017f6d05,minor,0.85,Minor: 'muharrir direktori' could be 'bosh muharrir' but is acceptable.,deepseek-v4-flash
2a2eb6146198fada73d1,correct,0.95,The translation is accurate and natural.,deepseek-v4-flash
15fed3cdd759ae062ab9,correct,0.95,The translation is natural and accurate.,deepseek-v4-flash
18d535a29760d7bf6554,correct,0.95,The translation is accurate and natural.,deepseek-v4-flash
cb611d96b032d6b5945d,correct,0.95,The translation is accurate and natural.,deepseek-v4-flash
ede33026e31940ecf099,correct,0.95,The translation is accurate and natural.,deepseek-v4-flash
ab2f5d7dde2ee42dac13,correct,0.95,The translation is accurate and natural.,deepseek-v4-flash
dac1f6808f1bbf0087a2,correct,0.95,Accurate translation with proper handling of team names.,deepseek-v4-flash
aaca8a82be21f7fbf88d,correct,0.9,"Complete translation, though 'IB Secure Device' kept in English, it's a proper noun.",deepseek-v4-flash
4e887aec3a2de59187d6,minor,0.9,"Punctuation and spacing issues: hyphen and missing period, but meaning accurate.",deepseek-v4-flash
40de4c29c243ed257da8,correct,0.95,Accurate translation.,deepseek-v4-flash
d0e725a0ed94566587e0,correct,0.95,Accurate translation.,deepseek-v4-flash
d7b4f0edf475d80a5c90,correct,0.9,Minor typo 'Champaigndan' instead of 'Champaign'dan' but understandable.,deepseek-v4-flash
c93d5847c61f519f6625,correct,0.95,Accurate translation.,deepseek-v4-flash
f6e0e8ef9f805fd8f63b,minor,0.9,"Missing 'née' translation, but overall meaning retained.",deepseek-v4-flash
a063237e8d82d402a0a4,minor,0.9,"Weird word order in figures: '3,7 funt sterlingga sotib oldi. milliard (5,5 evro) milliard) egallash' – awkward but understandable.",deepseek-v4-flash
06f1687bf13cc4a5af0e,correct,0.9,"Accurate translation, though keeps Vietnamese name.",deepseek-v4-flash
144511f940752f0b57de,correct,0.95,Accurate translation.,deepseek-v4-flash
611ee1245a709eacd659,correct,0.9,Minor: 'Kertis' might be better as 'Kurtis' but acceptable.,deepseek-v4-flash
be296f03faed1e76b3b9,correct,0.95,Accurate translation.,deepseek-v4-flash
2dfa29aa9986a898389c,correct,0.95,Accurate translation.,deepseek-v4-flash
88aa00fd92b35d66fc8a,correct,0.95,Accurate short translation.,deepseek-v4-flash
62e319100c8c93ca032c,minor,0.9,Spelling 'Shri' vs 'Sri' but acceptable.,deepseek-v4-flash
880398c10df90a9b133f,correct,0.95,Accurate translation.,deepseek-v4-flash
89071bc2398e2eef13e4,correct,0.95,Accurate translation.,deepseek-v4-flash
2cd322b52f845b20a391,correct,0.95,Accurate translation.,deepseek-v4-flash
43583ad95a1ead1358bd,correct,0.95,Accurate translation of match info.,deepseek-v4-flash
5e8ca87026e97905fa26,correct,0.95,准确翻译。,deepseek-v4-flash
899f72414a8e91ac4bd0,correct,0.9,翻译完整，仅保留英文专有名词如EliteBook，属合理。,deepseek-v4-flash
3ebaa8cc9f7285b33899,correct,0.95,地名和描述准确。,deepseek-v4-flash
f4201a008f60f245dc11,correct,0.95,日期翻译准确。,deepseek-v4-flash
bfe7fd07358b9f01c287,correct,0.95,翻译准确，人名音译合理。,deepseek-v4-flash
addd37ff3225694051b4,correct,0.9,翻译完整，仅保留报名称属合理。,deepseek-v4-flash
5b18e3a320c0307887e7,correct,0.95,准确翻译。,deepseek-v4-flash
bb3616012cc93bd62d30,minor,0.8,数字格式使用了逗号，通常用点，但轻微。,deepseek-v4-flash
4a53a74c33c69b6bbece,correct,0.7,专有名词保留，但翻译较完整，无明显错误。,deepseek-v4-flash
465e64624b77819ac7e4,minor,0.8,'higher than' 译为 'yuqori' 稍不精确，但可接受。,deepseek-v4-flash
f78c466ae84715425543,correct,0.95,翻译准确。,deepseek-v4-flash
7c8fa7ed20bc8d1172ba,correct,0.95,翻译自然准确。,deepseek-v4-flash
019ed5f596f6a1a461b8,minor,0.7,'tarkibiga bo'lgan' 应改为 'tarkibida bo'lgan'，语法小错。,deepseek-v4-flash
910a94e678710f697b50,minor,0.8,省略了 'who appears on Hindi television'，但主要信息保留，轻微。,deepseek-v4-flash
1b4f35a047b0f45f380e,junk,0.9,内容不完整，片段，可能标题部分。,deepseek-v4-flash
9f9aa6af3a8ebc1d0374,correct,0.95,翻译准确。,deepseek-v4-flash
7a42db2f9a94c1b364f1,correct,0.95,翻译准确。,deepseek-v4-flash
0cbd2b71ea7924bd66e4,wrong,0.9,使用俄语词 'ruscha'，且 'hindcha' 可能不标准，应纯乌兹别克语。,deepseek-v4-flash
d1bfd3c9de3c569ed52f,correct,0.95,翻译准确。,deepseek-v4-flash
3c94acd71d9bfbcaf17d,correct,0.95,翻译准确。,deepseek-v4-flash
b84647e1099fe498a0c1,correct,0.95,,deepseek-v4-flash
b433aa9337ce24660c17,correct,0.9,,deepseek-v4-flash
13b55182d16282c41201,correct,0.95,,deepseek-v4-flash
38b750f1b2de36dcd338,correct,0.95,,deepseek-v4-flash
51a5556a862d9ff1d581,correct,0.95,,deepseek-v4-flash
8364344f44c8fb4163e6,correct,0.9,Keche la Poudre 应该是 Cache la Poudre，但整体可理解,deepseek-v4-flash
70669e89bfa96cfd2e60,correct,0.85,阿拉伯文保留原文，但作为名称可接受,deepseek-v4-flash
c56bd08f4598bae69110,correct,0.9,语义略有偏差，但可接受,deepseek-v4-flash
3affe1327a9cec985d6b,correct,0.95,,deepseek-v4-flash
763996a90bb27054de88,correct,0.9,"79.0 应为 79,0，但可接受",deepseek-v4-flash
90a1a0fcdaf23212ae6a,correct,0.95,,deepseek-v4-flash
68755238fe16cf83748e,correct,0.9,I.S. 应为 I.S.，但可接受,deepseek-v4-flash
d0869f434741fe56aaaa,correct,0.95,,deepseek-v4-flash
208d922539a0b891e988,correct,0.95,,deepseek-v4-flash
b3c3d9b56417f65bd149,wrong,0.9,"大量英文残留：longest dimension, Huge-LQG, 结构不完整",deepseek-v4-flash
4fd7cc533ea3eaed5181,correct,0.95,,deepseek-v4-flash
41af3ad4f76f83850168,correct,0.9,略有增译，但语义一致,deepseek-v4-flash
344c4122afaddb086eea,wrong,0.95,"句子不完整，英文残留：kilometres, 结构混乱",deepseek-v4-flash
f6c2c4cc46c0ec0d7635,correct,0.95,,deepseek-v4-flash
3c6e3599f9e76d3f1be1,correct,0.95,,deepseek-v4-flash
545163d87c28353549b2,correct,1.0,,deepseek-v4-flash
9f02f6c482bb4114bc5f,wrong,0.9,乌兹别克语翻译不完整，遗漏了英文短语“Rivers in 2013”的完整含义，且保留英文“Rivers”。,deepseek-v4-flash
18a9ce6257a693911f49,correct,1.0,,deepseek-v4-flash
2f219ae19e3d9436a7a5,minor,0.8,翻译基本正确，但“Bohemiya qirolligining bevosita hukmronligiga”略有生硬，且“archduke”译为“archduke”未译全，但整体意思完整。,deepseek-v4-flash
34c8bc8586aa8404d1fe,wrong,0.95,错误翻译了“becoming the first Estonian female player to do so”，乌兹别克语中“bu g'alaba qozongan birinchi estoniyalik ayol futbolchi”意思变为“成为第一个获胜的爱沙尼亚女足,deepseek-v4-flash
2f13d555327de0bfbdc0,minor,0.9,逗号缺失，但整体意思正确，拼写“krishna”应为“Krishna”大小写问题。,deepseek-v4-flash
3edd7e6e53689e94e385,correct,1.0,,deepseek-v4-flash
85882b448a4f5d99e00e,minor,0.9,翻译正确但重复了“professional basketbolchi”，可简略，但意思完整。,deepseek-v4-flash
3d9d8a6455d8131781e5,correct,1.0,,deepseek-v4-flash
3efe585b7eb4b6c80aba,correct,1.0,,deepseek-v4-flash
ec382917b60554993e9c,minor,0.9,“noma’lum asoslarga ko'ra hibsga olingan”可译为“noma'lum sabablarga ko'ra”，但意思基本正确。,deepseek-v4-flash
78b2f0a88199ed9b9ffa,correct,1.0,,deepseek-v4-flash
6566bb46e60131cc0b87,correct,1.0,,deepseek-v4-flash
8354c00bc19a1edf1ef7,correct,1.0,,deepseek-v4-flash
574338aa5428d6dc2d4e,correct,1.0,,deepseek-v4-flash
7426a742ef7d42c5db56,correct,1.0,,deepseek-v4-flash
24f69697e240a2666066,correct,1.0,,deepseek-v4-flash
929e50ae80e397783548,correct,1.0,,deepseek-v4-flash
62dcd565d76b9c9a690c,correct,1.0,,deepseek-v4-flash
11bc4b92709bae1a4fef,correct,1.0,,deepseek-v4-flash
9f0b4e83bb863ec167b6,correct,0.95,Uzbek is a natural and complete translation of the English sentence.,deepseek-v4-flash
2481fee80dfd57b5803c,correct,0.95,"Uzbek accurately translates the English sentence, with only minor punctuation differences.",deepseek-v4-flash
075744fcf61a96b18d7b,correct,0.95,Uzbek is grammatically correct and conveys the meaning clearly.,deepseek-v4-flash
5bcbbdd09360f44b0c85,correct,0.95,Uzbek is a natural translation with proper names retained as in English.,deepseek-v4-flash
7b89064d87e2b442e8c0,wrong,0.85,"The Uzbek translation omits the pronunciation part and the phrase 'Brazilian Portuguese: ...' entirely, making it incomplete.",deepseek-v4-flash
8f784990bb2927fd2c65,correct,0.95,Uzbek is a correct and natural translation.,deepseek-v4-flash
7c43e3d31fc9ef866e09,correct,0.95,Uzbek accurately translates the sentence with proper names and terms.,deepseek-v4-flash
66b0e15cef83b23b1977,correct,0.9,"Uzbek is correct, though 'Favoritner AC Wien' is written as 'Favoritner AC Wienda' which is a minor misspelling.",deepseek-v4-flash
c7b796809f05761d6cb6,minor,0.85,The Uzbek has awkward word order: 'soketning pastki tomoni 370 Celeron' could be clearer; it's a bit disjointed.,deepseek-v4-flash
09a5111c81f2cca2222a,correct,0.95,Uzbek is a complete and natural translation.,deepseek-v4-flash
04983fd0efde7892899c,correct,0.95,"Uzbek is correct, with minor punctuation differences.",deepseek-v4-flash
556ec7e79cd7544d4250,minor,0.8,The phrase 'yog'lar va tarix rassomi bo'yicha portret rassomi' is awkward; it should be 'portret va tarixiy rassom sifatida oilaviy rasm chi,deepseek-v4-flash
6322b396be79a5030921,correct,0.95,"Uzbek is a good translation, though abbreviations for kilometers are written without space.",deepseek-v4-flash
7087e6a9d061622bc413,correct,0.95,Uzbek is a natural translation.,deepseek-v4-flash
b3fa24280165e9b08222,correct,0.95,Uzbek is correct and natural.,deepseek-v4-flash
24f80b9b4edb81d72bf6,junk,0.95,"This is a fragment, likely a reference or citation, not a full sentence.",deepseek-v4-flash
12af7acb94a859926fdd,correct,0.95,Uzbek is a correct translation.,deepseek-v4-flash
331c6cb1c581cb85d832,correct,0.95,"Uzbek is correct, with only minor extra space.",deepseek-v4-flash
501f83444b79e46711db,wrong,0.8,"The translation is incomplete: it omits the Russian transliteration and pronunciation details, and the English text is partially left as is.",deepseek-v4-flash
efb36e4d1bcb7365804f,correct,0.95,Uzbek is a natural translation.,deepseek-v4-flash
2ebdc42d3d03c24aa2da,correct,1.0,Natural and complete translation.,deepseek-v4-flash
0402e80931f2416c6208,correct,0.9,Accurate translation with proper names retained.,deepseek-v4-flash
f6dd61c8d876e54dd7a8,correct,1.0,Natural and complete translation.,deepseek-v4-flash
1b65fc979fe7eee3a57e,correct,0.9,"Accurate translation, word order adjusted naturally.",deepseek-v4-flash
0f3831a28cfd437b31cc,correct,1.0,Natural and complete translation.,deepseek-v4-flash
8a43f4e7adf3bf5680ba,correct,1.0,Accurate and complete translation.,deepseek-v4-flash
27dfc599422c1c75cda8,correct,1.0,Natural and complete translation.,deepseek-v4-flash
0b9cd4abfa27f8badfc3,correct,1.0,"Accurate translation, company name kept as is.",deepseek-v4-flash
734f91ad04141e3417a9,correct,1.0,Accurate and natural translation.,deepseek-v4-flash
9f0cc720097da44771c8,correct,1.0,Accurate translation with transliteration.,deepseek-v4-flash
8f4a42ffc9c789ce68a1,minor,0.8,"Missing comma, but overall natural.",deepseek-v4-flash
03cb4db5153c079c0cfa,correct,1.0,Accurate translation.,deepseek-v4-flash
6898aff137fdf2113335,junk,0.9,"Fragment, no proper translation.",deepseek-v4-flash
fa94069192c86a94b8c6,minor,0.8,"Slightly awkward phrasing, but accurate.",deepseek-v4-flash
686f613220b4a74e3660,correct,1.0,Accurate translation.,deepseek-v4-flash
75bf194f459484543193,minor,0.8,"Missing comma, but otherwise natural.",deepseek-v4-flash
7344d506c3f88cd71742,minor,0.8,"Slightly awkward phrasing, but accurate.",deepseek-v4-flash
ac96e31d625aff98c335,minor,0.8,Omission of 'and village' but acceptable.,deepseek-v4-flash
674cb4feebebe4d776c5,wrong,0.9,Misinterpretation of 'stopping trains' as 'poyezdlarni to'xtatish'.,deepseek-v4-flash
77734a8966ff84142efa,wrong,0.9,"Negation error, says will not support but should be will support.",deepseek-v4-flash
5f3370c6ed72f3fc32dc,correct,0.9,,deepseek-v4-flash
5c712e4d181d9950373d,correct,0.95,,deepseek-v4-flash
e2b63d950295f1e6add9,correct,0.95,,deepseek-v4-flash
720f8b94ee1f266b6467,correct,0.95,,deepseek-v4-flash
406a5541b62f4dde7bcc,correct,0.9,,deepseek-v4-flash
1ee1ed921ddedc731b6f,correct,0.95,,deepseek-v4-flash
ef8d8757bbf7025bed18,correct,0.95,,deepseek-v4-flash
1f845e925c4a1c5b0654,correct,0.9,,deepseek-v4-flash
7cc65331d9eb3d7140cd,correct,0.95,,deepseek-v4-flash
f09c68cffaeb1782c070,correct,0.95,,deepseek-v4-flash
269268fee373c731ee54,minor,0.7,Missing period at end of sentence.,deepseek-v4-flash
1bb84001dbcaea20f721,correct,0.95,,deepseek-v4-flash
96aa9da302647173da66,correct,0.95,,deepseek-v4-flash
550380784b4e0ec36a59,correct,0.9,,deepseek-v4-flash
0a268401b1c648bf9b39,correct,0.95,,deepseek-v4-flash
1c023df82b5799e57361,wrong,0.85,Mistranslation of '10 km walk' as '10 km masofaga yugurish' (running instead of walking). Should be '10 km yurish'.,deepseek-v4-flash
011728c4985179e258d5,correct,0.95,,deepseek-v4-flash
b1aebca087e01a31c207,correct,0.95,,deepseek-v4-flash
713c679483487c6279e5,correct,0.95,,deepseek-v4-flash
10a06702178d2c806587,correct,0.95,,deepseek-v4-flash
31593c4b9b0733a3a330,correct,1.0,"Natural and complete translation, no significant issues.",deepseek-v4-flash
bf3dbc9c84d2d81a7ca5,correct,1.0,Accurate translation.,deepseek-v4-flash
4206d7ffe15cef61f680,correct,1.0,Accurate translation.,deepseek-v4-flash
deec8de4522ed726730a,correct,1.0,Accurate translation.,deepseek-v4-flash
7cf1fa389a2ad406daeb,minor,0.8,"Slight awkwardness in 'tumandir' for 'district', but translation is clear and natural enough.",deepseek-v4-flash
f49ef57b33838b4a0b57,wrong,0.9,"Incorrect transliteration of 'Meeker' as 'Miker', and 'M. N.' should be fully written as 'M. N.' in Uzbek.",deepseek-v4-flash
b988684eed7c43938abc,correct,1.0,Accurate translation.,deepseek-v4-flash
3fab35de666b6f8f637c,correct,1.0,Accurate translation.,deepseek-v4-flash
a7b63a4f67254b44bd66,minor,0.7,"Omission of 'municipality' in translation, but it's a minor issue; translation still conveys the main meaning.",deepseek-v4-flash
f1b24c0391913e2540b2,correct,1.0,Accurate translation.,deepseek-v4-flash
05687cc7e1ab4921706c,correct,1.0,Accurate translation.,deepseek-v4-flash
f053ea426795d11379bd,minor,0.8,'presiding over' translated as 'raislik qilgan' is slightly off; better 'boshqargan' would be more accurate. Also '740 games' not '740 dan o,deepseek-v4-flash
e5e820c66047df83e6fc,correct,1.0,Accurate translation.,deepseek-v4-flash
27b25d56c7a4ad7a049e,junk,1.0,"Catalogue entry, not a natural sentence; contains title and bibliographic information.",deepseek-v4-flash
4505f7a46e26ac286f15,correct,1.0,Accurate translation.,deepseek-v4-flash
1085ee26ab87a4b0dd74,correct,1.0,Accurate translation.,deepseek-v4-flash
25829af12beb8407014e,correct,1.0,Accurate translation.,deepseek-v4-flash
fd3696ce8fbfc180ad3d,correct,1.0,Accurate translation.,deepseek-v4-flash
019b4b1ffabb9c1a85cb,correct,1.0,Accurate translation.,deepseek-v4-flash
635a138abda66a7651cf,correct,1.0,Accurate translation.,deepseek-v4-flash
89490e08a554cf1d7669,correct,0.95,Natural and complete translation.,deepseek-v4-flash
b3629ea346c5fbf417fd,correct,0.98,Accurate and natural translation.,deepseek-v4-flash
c6785f73ff1ad3a29664,correct,0.95,Accurate and natural translation.,deepseek-v4-flash
f3a0317ab71d72325ba4,correct,1.0,"Simple heading, translation is natural.",deepseek-v4-flash
7ebd378669e48bc104e5,correct,0.9,"Translation is accurate and natural, minor name transliteration acceptable.",deepseek-v4-flash
5c41a94baa3eb899adb9,minor,0.8,Present continuous 'o'ynamoqda' vs caption style 'playing' usually translates as present participle; might be acceptable but less natural as,deepseek-v4-flash
694235cf1731419f8d3a,correct,0.95,Accurate and natural translation.,deepseek-v4-flash
4715f62d4ce4c970758b,minor,0.75,English says 'of a hamlet' but translation has 'qishloqqa ega' (has a hamlet) which slightly changes structure; also 'sohilidagi' might be b,deepseek-v4-flash
b76852aa42b3ca7f5fe5,correct,0.98,Accurate and natural.,deepseek-v4-flash
6592299ae519df990883,correct,1.0,Simple and accurate.,deepseek-v4-flash
911e9890b4fabbb79ec4,correct,1.0,"Simple caption, accurate.",deepseek-v4-flash
6d740be3dfdd7cc2ad6e,correct,0.98,Accurate and natural.,deepseek-v4-flash
3fecefdb8242411b2c22,correct,1.0,Name translation is natural.,deepseek-v4-flash
aefe9e8368a0bfe60777,correct,0.95,Natural translation of caption with year.,deepseek-v4-flash
6e3fe2340483ed57b54c,minor,0.6,"Missing diacritics on 'Veronica' and 'Rodriguez' (should be Verónica, Rodríguez). Also 'Mexiko' is acceptable but 'Mexico' might be as well.",deepseek-v4-flash
07cd4fb7d2a9e691682c,correct,0.95,Translation is accurate and natural for a caption.,deepseek-v4-flash
29383bebc8ddaa7defe0,minor,0.7,English 'she married Archduke Leopold Salvator of Austria' is translated as 'Avstriyaning Archduke Leopold Salvatorga turmushga chiqqan' - m,deepseek-v4-flash
c6e04ed37c0b34183239,minor,0.8,Translation is understandable but a bit awkward: 'Burdettening yurishi uchinchi raqam ostida tasniflangan Mariya Sharapovaga uchinchi raundd,deepseek-v4-flash
bce99b454c1486f212ee,junk,0.95,"Text is a citation/reference entry, not a coherent sentence.",deepseek-v4-flash
204b75271e0e93b11019,minor,0.6,'xoltiga ko'ra' is wrong; should be 'holatiga ko'ra' or 'ma'lumotlariga ko'ra'. Typo.,deepseek-v4-flash
271772070f956bc818f2,correct,0.95,,deepseek-v4-flash
d4ff0ef76c6b00245ed5,minor,0.9,'jamosi' should be 'jamoasi' (typo),deepseek-v4-flash
f0af6d8567e5c56db039,minor,0.9,'Donaghi' should be 'Donaghy',deepseek-v4-flash
4fce251c40147167a517,minor,0.85,"Word order: 'Kategoriya uchun spetsifikatsiya 5 kabeli' is awkward, should be 'Kategoriya 5 kabeli uchun spetsifikatsiya'",deepseek-v4-flash
54b1be857df0b64dbfe7,correct,0.95,,deepseek-v4-flash
f3a5a6a25832ed9c776c,correct,0.95,,deepseek-v4-flash
3aa2f22a8ed77c41c8e5,minor,0.9,"'Derbi Kauntiga' should be 'Derby Kauntiga' (inconsistent transliteration), but overall fine",deepseek-v4-flash
f6f45ae4c7ba9ef6f014,correct,0.95,,deepseek-v4-flash
524cb3c03a6c6bb480de,minor,0.85,Missing verb: 'taqdimotida' could be 'taqdimotida qatnashadi' to be complete,deepseek-v4-flash
89ab9352194e5160590a,minor,0.9,"Minor: 'Espirito Santodan' should have accent (Espírito Santo), but common",deepseek-v4-flash
f40ec831384be90006ce,minor,0.7,"'Point One- da' contains extra hyphen and space, should be 'Point One #1 da' or better: 'All-New, All-Different Marvel Point One #1 (2015-yi",deepseek-v4-flash
e4f12435965137dadf53,minor,0.9,"Slight word order: 'H guruhi bundan mustasno, 14-18-oktyabr kunlari bo'lib o'tdi' would be more natural",deepseek-v4-flash
01f7321a61046f7f644e,minor,0.9,"Transliteration inconsistency: 'Tuyet' should be 'Tuyết', 'Dao Boi Xuong' should be 'Đào Bội Hương' (diacritics missing), but acceptable",deepseek-v4-flash
2705b0ac816c52d298ee,correct,0.95,,deepseek-v4-flash
f5fe324ac0ad90c3d13d,correct,0.95,,deepseek-v4-flash
ba72f5c22440dd242453,correct,0.95,,deepseek-v4-flash
bad521a502845ee1ae62,correct,0.95,,deepseek-v4-flash
9ec226cb48f6c9a215f2,minor,0.85,'teatrlari' should be 'teatri' (singular) to match 'theater',deepseek-v4-flash
9845bdf3d1419fa60634,minor,0.85,'to'xtash' is a literal translation of 'stops' but not natural; 'registr' would be better in organ context,deepseek-v4-flash
459e7c0f96ac69b03e4c,correct,0.95,,deepseek-v4-flash
cd4b5e23fdb5b09cae6c,correct,0.9,"Translation is faithful and natural, with no significant issues.",deepseek-v4-flash
32112f5de42ce693cc5a,correct,0.95,Accurate and natural translation.,deepseek-v4-flash
63b3de0488ac91ad9bd5,junk,0.98,"List of web links, not a coherent sentence.",deepseek-v4-flash
88daa79029a444672709,correct,0.95,Accurate and natural translation.,deepseek-v4-flash
0250eaf2946030f63ccc,correct,0.85,Meaning preserved; slight awkwardness but no significant errors.,deepseek-v4-flash
13b0b335760fe9ff7403,correct,0.98,Simple and accurate translation.,deepseek-v4-flash
5c3d5eb3a24feb77f302,correct,0.85,Slightly reordered but meaning preserved.,deepseek-v4-flash
f96c525b157dc3539e1f,junk,0.98,"List of web links, not a coherent sentence.",deepseek-v4-flash
344f9ade2efce0e051ee,correct,0.98,Accurate and natural translation.,deepseek-v4-flash
bfc20a486119d788e41b,correct,0.95,Accurate translation.,deepseek-v4-flash
948e2f59068ba8ac74bd,correct,0.98,Accurate translation of event name.,deepseek-v4-flash
433334769355b3daffa2,correct,0.98,Accurate and natural translation.,deepseek-v4-flash
727e8289e296c854e0b7,correct,0.95,"Accurate translation, minor phrasing acceptable.",deepseek-v4-flash
e3babe55873c5df61bc0,junk,0.95,"Fragment, likely a section heading.",deepseek-v4-flash
2ef823c7f406ac6a0b14,correct,0.95,Accurate and natural translation.,deepseek-v4-flash
97890cc3405222f25255,correct,0.85,Slight awkwardness but meaning preserved.,deepseek-v4-flash
d14726e7e11ad8485e23,correct,0.95,Accurate translation.,deepseek-v4-flash
d1fdb0610b3a72335637,correct,0.95,Accurate translation of complex sentence.,deepseek-v4-flash
edb9d0bbcb48229c0595,correct,0.95,Accurate translation.,deepseek-v4-flash
2c2250d21bf2ce755c98,correct,0.98,Accurate translation of proper noun and parenthetical.,deepseek-v4-flash
db7026f94bcb6ceb5688,correct,0.95,,deepseek-v4-flash
671298973c62de33b1e9,minor,0.7,Spelling errors: 'Tokugaya shluginatining' should be 'Tokugava syogunatining'.,deepseek-v4-flash
94f073d9639bb79b2d13,minor,0.6,Redundancy and slight inconsistency in player name spelling.,deepseek-v4-flash
a3eaa7d189f8e85a22ca,correct,0.9,,deepseek-v4-flash
8b82f1087f3c65321cbb,correct,0.95,,deepseek-v4-flash
032fa675dd82bbf2e638,correct,0.9,,deepseek-v4-flash
c794944012fff9440ae7,wrong,0.85,Incorrect translation: 'rape' mistranslated as 'zo'ravonlik'.,deepseek-v4-flash
3224237fae84691778a0,correct,0.95,,deepseek-v4-flash
69f7e3d99cf433ec4587,minor,0.6,'tarafli' should be 'o'ta o'ng qanot' for 'far-right'.,deepseek-v4-flash
80217b9db3af4f03dcca,correct,0.9,,deepseek-v4-flash
f89f617275a4c8e11022,minor,0.7,'Tinch okean ko'k' may not be natural; 'Pacific Blue' could be 'Pacific Blue' in quotes.,deepseek-v4-flash
5cb99ed83d729f795e0f,correct,0.95,,deepseek-v4-flash
8c0b26147c29ac10966f,junk,0.9,"Fragment, not complete sentence.",deepseek-v4-flash
6a8bd4127d40fcf5f4ac,correct,0.9,,deepseek-v4-flash
084a7a3a50ac33856796,correct,0.95,,deepseek-v4-flash
8a4f9de56fc405998317,minor,0.6,Missing preposition or incomplete phrase at end.,deepseek-v4-flash
0d1a3bfced903a12b978,correct,0.9,,deepseek-v4-flash
14abaee33358bbf7406f,correct,0.95,,deepseek-v4-flash
febe3de98c19161e9b37,minor,0.6,Awkward phrasing and missing words.,deepseek-v4-flash
d2e1d1956bc88b0db016,correct,0.95,,deepseek-v4-flash
075eaa821728d8ae785b,correct,1.0,,deepseek-v4-flash
23feb01b91a299c814c4,correct,1.0,,deepseek-v4-flash
ecd1936f6e70a4663c75,correct,0.9,Minor word order variation acceptable,deepseek-v4-flash
efd70abd3b0839677a31,wrong,0.9,"Omitted village part, misspelling of municipality",deepseek-v4-flash
87e609bad77352dc485b,wrong,0.9,"Omitted citation needed, missing city name",deepseek-v4-flash
8d02b8accd5bc7bfd303,minor,0.8,Pronunciation and Occitan/Arpitan left in English/French,deepseek-v4-flash
91625b817183974cdd89,correct,1.0,,deepseek-v4-flash
44f67957f959b63198d8,correct,0.9,Slight word order change but natural,deepseek-v4-flash
87e69dfddecdfb9cc678,minor,0.8,Spacing/punctuation issues,deepseek-v4-flash
e6df4c2a560bbbb88d53,correct,1.0,,deepseek-v4-flash
1b4ec57c9daf58e0b409,minor,0.8,"Rhone should be Rhône, rest correct",deepseek-v4-flash
0878344a966140d26130,correct,1.0,,deepseek-v4-flash
3c5765ebb609b894ea7c,correct,1.0,,deepseek-v4-flash
9331b8cf8d4bc6731608,correct,0.9,Slight word order change but natural,deepseek-v4-flash
ac2f06e0a38e32a022c7,correct,1.0,,deepseek-v4-flash
ea7f320d15cc0995c126,minor,0.8,Misspelling of Northampton,deepseek-v4-flash
8ed9476d45060248cfc7,correct,1.0,,deepseek-v4-flash
d6112ec8ad57c19a6e16,correct,1.0,,deepseek-v4-flash
ade05c2b8be863f26b3c,correct,1.0,,deepseek-v4-flash
e53a00480b3766a789e2,correct,1.0,,deepseek-v4-flash
00b3fc03967a02dedb10,correct,1.0,Translation is accurate and natural.,deepseek-v4-flash
237b5b720755ce057eee,correct,0.9,"Names are kept in English, which is acceptable for proper nouns; translation is complete.",deepseek-v4-flash
7ed3644c1a8a56d1782f,correct,0.95,Translation is accurate and idiomatic.,deepseek-v4-flash
de018824ccd90905f4cc,minor,0.8,"Present tense 'ishlaydi' instead of past, but understandable.",deepseek-v4-flash
6327a31a801c4a5581a7,correct,1.0,Accurate translation of place name.,deepseek-v4-flash
1fdb6832ade9e7e7d302,correct,1.0,Simple and accurate translation.,deepseek-v4-flash
4f29e8a99219d89a2162,correct,0.95,English terms 'teen pop' and 'R&B' are used but acceptable as recognized genre names.,deepseek-v4-flash
34c8dfb7772e95f847af,correct,0.95,Names are transliterated appropriately; translation is accurate.,deepseek-v4-flash
1771aafc71f5543ab812,correct,0.9,"Long sentence translated accurately, though slightly awkward.",deepseek-v4-flash
e90d4c37252dd5df8ee3,minor,0.75,'Videoni' should be 'Video' as subject; minor grammar error.,deepseek-v4-flash
fcc83b6ee41b21d73ed8,correct,0.95,Translation is accurate.,deepseek-v4-flash
8af7e551bf9ab09b3592,correct,1.0,Translation is accurate and natural.,deepseek-v4-flash
1283379767caa405bd0d,correct,0.95,Translation is fine; missing 'year' is not necessary.,deepseek-v4-flash
da2f580e97fb7b91f8fe,correct,1.0,Accurate translation.,deepseek-v4-flash
fd41fa55e1d53d734ff5,correct,1.0,Translation is accurate.,deepseek-v4-flash
cce99eb960341d532c4d,junk,1.0,List of unrelated items with no context; likely page content.,deepseek-v4-flash
4e66228284ae4170ae1d,correct,1.0,Simple accurate translation.,deepseek-v4-flash
3cb77e77c01a1ec17cb8,correct,1.0,Accurate translation.,deepseek-v4-flash
0cdd7af4ed83fb5a7b92,correct,1.0,Translation is accurate and natural.,deepseek-v4-flash
72339df9c007096f6ede,correct,1.0,Accurate translation.,deepseek-v4-flash
6d1416db11c3643a4ee1,correct,1.0,,deepseek-v4-flash
3299f85bb3368cd9de82,correct,0.9,,deepseek-v4-flash
4bf8b2db1ae019169961,correct,0.9,,deepseek-v4-flash
418234836c017f98caed,correct,1.0,,deepseek-v4-flash
0fda7ca97c467b35a1b0,correct,1.0,,deepseek-v4-flash
5b99a9102435093550df,correct,1.0,,deepseek-v4-flash
f7f62673cd26a0125fc1,correct,0.95,,deepseek-v4-flash
3a50fdfbb15425ed97ed,correct,1.0,,deepseek-v4-flash
a289564db9c9ec123ac4,wrong,0.8,原文逻辑关系混乱，可能误译了时间顺序,deepseek-v4-flash
814c64f604da7253080e,correct,1.0,,deepseek-v4-flash
60e770d55643470068db,correct,0.9,专有名词音译稍有差异但整体准确,deepseek-v4-flash
62c1b2eac0689ee6a0ac,correct,0.95,,deepseek-v4-flash
1b662c52f32bd4f967ed,correct,1.0,,deepseek-v4-flash
bf313146986e054fb25d,correct,0.95,,deepseek-v4-flash
689abbebe9efeaddd4e1,correct,0.9,句子较长但翻译准确,deepseek-v4-flash
cad0aa7d363845476a44,correct,1.0,,deepseek-v4-flash
b9d92f01f548031ba836,correct,1.0,,deepseek-v4-flash
c4d87af8145682089151,correct,1.0,,deepseek-v4-flash
dc348e80509e38e436a1,correct,0.95,,deepseek-v4-flash
5c148f623c1d6476a87d,correct,1.0,,deepseek-v4-flash
819975a2b0e65657dd3b,correct,1.0,,deepseek-v4-flash
771508acebffa2fd7e91,correct,1.0,,deepseek-v4-flash
1d74a342d76824bf77b4,correct,1.0,,deepseek-v4-flash
8f2f625a9ed36adfeb0f,minor,0.8,'to'rt martagi' should be 'to'rt karra' or 'to'rt marta' for 'four-time'; 'kumush slugger' is awkward but understandable.,deepseek-v4-flash
0d2c2dc5679d32f22230,correct,1.0,,deepseek-v4-flash
b7364e3f592112ad0c8a,correct,1.0,,deepseek-v4-flash
291d557a39d3ae7eeab7,correct,1.0,,deepseek-v4-flash
d823ec8e21920fc1aa04,correct,1.0,,deepseek-v4-flash
480b8f955cef4c0191ee,minor,0.9,Cyrillic 'Russian' left untranslated; should be 'Ruscha' or 'rus tilida'.,deepseek-v4-flash
b85184a7a0ab4c6e4434,minor,0.9,'Dhivehi' remains in English; could be transliterated or explained.,deepseek-v4-flash
db5d375bf352c9c46f6a,minor,0.9,"'Shaker' is religious group name and commonly kept; fine, but 'asbob ishlab chiqaruvchi' could be 'asbobsoz'.",deepseek-v4-flash
4b30a92ed849c8286d55,correct,1.0,,deepseek-v4-flash
a7261a3a32c97a277cc4,correct,1.0,,deepseek-v4-flash
1a08cec877eb04a5fb3f,minor,0.9,'Lashkar-e-Toiba' should be 'Lashkar-e-Toiba' as proper noun; spacing issue.,deepseek-v4-flash
23824f2f979be9700e14,correct,1.0,,deepseek-v4-flash
a988168fec5cd5c92ec0,junk,1.0,Incomplete fragment: just publication info.,deepseek-v4-flash
d8f5d80b4028822d0b34,correct,1.0,,deepseek-v4-flash
3fdb9281c4fb8ce0ccfd,correct,1.0,,deepseek-v4-flash
76b305e5d7c2f1bb3663,correct,1.0,,deepseek-v4-flash
f2d80a7101a6497326be,correct,1.0,,deepseek-v4-flash
0f3eca0eaceea81c9b8c,correct,0.95,Natural and complete translation.,deepseek-v4-flash
2d50a8aa659d25a99c34,minor,0.8,Minor spelling error: 'chop etilmaydigon' should be 'chop etilmaydigan'.,deepseek-v4-flash
168316404cc3650c001d,correct,0.95,Accurate and natural translation.,deepseek-v4-flash
6d8d0751552dd2a0b93f,wrong,0.9,"Incorrect translation: 'semiconductor and infrastructure software products' mistranslated, missing 'semiconductor' and wrong word order.",deepseek-v4-flash
ceb40f44c1c623a653c5,correct,0.95,Accurate translation.,deepseek-v4-flash
8de4d331b6b27d2adb4c,correct,0.95,Natural translation.,deepseek-v4-flash
68f2094f1ee644fca4ec,correct,0.95,Faithful and natural translation.,deepseek-v4-flash
7a4e62fcc1038026a99d,minor,0.8,Slight awkwardness: 'o'zining birinchi Dard Ka Rishta filmini' might be better as 'birinchi filmi Dard Ka Rishta' but acceptable.,deepseek-v4-flash
1c3e7d91b31343a4b252,correct,0.95,Accurate translation.,deepseek-v4-flash
d8cd9fae0209912ff399,correct,0.95,Simple title fragment translated correctly.,deepseek-v4-flash
7bc41c26e307fb80b1fa,correct,0.95,Accurate translation.,deepseek-v4-flash
548e1341c0747d242b3b,minor,0.85,Spelling of 'Clevelend' should be 'Cleveland'.,deepseek-v4-flash
1f363e2c215f13ecef31,correct,0.95,Accurate translation.,deepseek-v4-flash
101a84eb3c156e0b0ad4,correct,0.95,Simple label translation correct.,deepseek-v4-flash
1c9ee1aaddf2585f6476,wrong,0.9,Meaning changed: 'UTEP made it into the NCAA Tournament' is mistranslated as 'UTEP uni NCAA turniriga kiritdi' (UTEP included it into the to,deepseek-v4-flash
4e0b9560429b1b1dbf2c,correct,0.95,Accurate translation.,deepseek-v4-flash
7fef43fa66909d5b9bbc,correct,0.95,Accurate translation.,deepseek-v4-flash
bfdb22cc570efb9089b8,correct,0.95,Accurate translation.,deepseek-v4-flash
196cbdc1125aeafe9803,correct,0.95,Simple caption translated correctly.,deepseek-v4-flash
e7752702f459854cda02,wrong,0.9,Translation error: 'the castellan of Wizna' is translated as 'Vizna qal'asiga' (to Wizna castle) but should be 'Vizna qal'asi komendanti' (c,deepseek-v4-flash
5b794bfb16bdd6599e06,correct,0.9,,deepseek-v4-flash
7f4b889a593c3449d381,wrong,0.8,Missing 'Équipe du Togo féminine de football' and French abbreviation,deepseek-v4-flash
38e3516eea346f805eee,correct,0.9,,deepseek-v4-flash
ebde3487cfa2889c82c9,correct,0.9,,deepseek-v4-flash
fd002dccbb41dc92d4ad,minor,0.7,Order of time phrases slightly awkward,deepseek-v4-flash
968356a50b903cdc3ddc,minor,0.7,Missing Armenian script and 'talaffuzi' unnecessary,deepseek-v4-flash
fadfcf3796d1f64be64a,correct,0.9,,deepseek-v4-flash
20795101bee116f480bf,correct,0.9,,deepseek-v4-flash
b99b97781cc9fbd7fbcf,correct,0.9,,deepseek-v4-flash
2ce259539b64bb5cc0f7,minor,0.7,Title capitalization and 'nashrda' word choice,deepseek-v4-flash
a10b5386d3fafe91a4c8,correct,0.9,,deepseek-v4-flash
440c7da0772e6dddc9cf,correct,0.9,,deepseek-v4-flash
8f25fcf8c4cb64f8bd40,correct,0.9,,deepseek-v4-flash
bccf25f7dc0bb97126d7,correct,0.9,,deepseek-v4-flash
44b2851cb6e3b3f2af03,correct,0.9,,deepseek-v4-flash
37d081ef2c3dda7afcd0,minor,0.7,Missing space and currency symbol order,deepseek-v4-flash
179fb4d00e2d0f2394dc,correct,0.9,,deepseek-v4-flash
ef092d43b31fd09d0b3c,minor,0.7,Missing 'hit' and phrasing incomplete,deepseek-v4-flash
adb1a91d7fe97dbfb602,correct,0.9,,deepseek-v4-flash
3218b1d63f169de628c6,minor,0.7,Spacing errors and 'jurnalida' redundant,deepseek-v4-flash
b508ae71c05d3fea2b6e,correct,1.0,,deepseek-v4-flash
fece1073dbef8274cdc6,correct,0.9,,deepseek-v4-flash
9a007076886880205525,correct,1.0,,deepseek-v4-flash
f2e728d15f6143dec1df,correct,1.0,,deepseek-v4-flash
3ad6686e98f61272caa5,correct,1.0,,deepseek-v4-flash
fbf0e70f56f1e3c9ecbb,correct,1.0,,deepseek-v4-flash
02723a42205f94bde857,correct,1.0,,deepseek-v4-flash
746a4782a905d879e2e3,correct,1.0,,deepseek-v4-flash
defc9ae374a0a3af81cb,minor,0.8,City name spelling 'Skople' vs 'Skopye' inconsistent,deepseek-v4-flash
94f76fd76709f8e99661,correct,1.0,,deepseek-v4-flash
4d8381033dc5af3a1d4c,correct,1.0,,deepseek-v4-flash
316888395b63f169d603,correct,1.0,,deepseek-v4-flash
497a410c0701c56ed6c1,correct,1.0,,deepseek-v4-flash
9d444bed7851bccaf2cf,minor,0.8,Incomplete sentence and extra punctuation,deepseek-v4-flash
18fe2320a94e62ad716e,correct,1.0,,deepseek-v4-flash
3ea91d4d7f8fd7b87dfb,correct,1.0,,deepseek-v4-flash
639c1c1fab51302c3e61,correct,1.0,,deepseek-v4-flash
70211ae663eb7f0c22d6,correct,1.0,,deepseek-v4-flash
412147dea3370e0b7db0,correct,1.0,,deepseek-v4-flash
75d5c13e79ef90b7de06,correct,1.0,,deepseek-v4-flash
03130a2cb42ad1ca2d93,minor,0.8,Missing space after period; slight awkwardness in phrase 'mashhur sanaladi' but overall natural and complete.,deepseek-v4-flash
2fbee5244cfe34b95405,correct,1.0,Accurate and natural translation.,deepseek-v4-flash
b7852a2333b1240ab236,minor,0.8,"Missing 'MBE' abbreviation, and punctuation spacing issues; otherwise correct.",deepseek-v4-flash
afe200dd149fb4a3a3bc,correct,1.0,Accurate and natural translation.,deepseek-v4-flash
ab485fd51084da1c4051,junk,0.9,"Fragment, likely part of a list or heading; not a complete sentence.",deepseek-v4-flash
6cb241dd357148167d31,correct,1.0,Accurate and natural translation.,deepseek-v4-flash
7d707a68525a8d061273,correct,0.9,"Accurate translation, though 'helped the team to two state championships' could be slightly more idiomatic but fine.",deepseek-v4-flash
b79b3a86e812785c01b1,minor,0.8,Missing citation tag; slight awkwardness in 'ikkita qishloqlardan' (should be 'qishloqdan'); otherwise accurate.,deepseek-v4-flash
fd2143b288cf320e22be,correct,1.0,Accurate and natural translation.,deepseek-v4-flash
efd08b6e46e9fa282051,minor,0.7,Retains English units 'metres' and 'fut' instead of converting to Uzbek equivalents; otherwise correct.,deepseek-v4-flash
f9a2315c41d2dde45c01,correct,1.0,Accurate and natural translation.,deepseek-v4-flash
4cc5938056c34093cc23,junk,0.9,Fragment with '?' suggesting incomplete or unclear text.,deepseek-v4-flash
6436e7487d4bb05ee610,minor,0.7,Retains English 'NSCAA / Umbro' and 'All-American' without explanation; otherwise accurate.,deepseek-v4-flash
07ff19213fb406539c4f,minor,0.8,Slight grammatical issue: 'o'rnini egalladi' should be 'o'rnini egalladi' but 'o'rnini' is not correct; 'o'rnini' should be 'o'rnini'? Actua,deepseek-v4-flash
657264380a89b50e9c93,correct,1.0,Accurate and natural translation.,deepseek-v4-flash
4051e5b11e817d5aad62,correct,0.9,"Accurate, though 'qaytib kelmadi' could be 'qaytdi' but fine.",deepseek-v4-flash
50a6750cdfa11fba9113,correct,1.0,Accurate and natural translation.,deepseek-v4-flash
f98700097e3af7dc4fd2,minor,0.8,Slight awkwardness: 'isteʼfodagi' should be 'iste'fodagi' with apostrophe; but overall fine.,deepseek-v4-flash
679b00a6095845217fd6,correct,1.0,Accurate and natural translation.,deepseek-v4-flash
7c29f86b2ac197f7d4e2,correct,1.0,Accurate and natural translation.,deepseek-v4-flash
735f903f2684a77755be,minor,0.9,The phrase 'to'shakka mixlanib qoldi' is a bit idiomatic but conveys the meaning; however 'bedridden' might be better as 'to'shakka yotib qo,deepseek-v4-flash
1a6d26ff55457437bb67,correct,0.95,Natural and complete translation with no English residue.,deepseek-v4-flash
f5ae1688125c619b9841,correct,0.9,Translation is accurate and natural; minor extra space before quotes but okay.,deepseek-v4-flash
cb381e54cff34d5f0885,correct,0.98,Accurate and idiomatic translation.,deepseek-v4-flash
3e7be28052acb1faa81d,correct,0.9,"Good translation, natural.",deepseek-v4-flash
330db02fdc1336a2040e,minor,0.8,"Transliteration of Urdu in parentheses may be partially incorrect; also 'urdu' and the transliteration might not be accurate, but sentence i",deepseek-v4-flash
0b761e5caee7d3efaf6d,wrong,0.7,'baravari' is not a correct translation for 'dam' (should be 'to'g'oni' or 'ombori'?). The sentence is awkward.,deepseek-v4-flash
254cc761b76fa17f696b,junk,0.95,"This is a list fragment, not a complete sentence.",deepseek-v4-flash
647b89ddc510ca1ffa4f,minor,0.85,'Shimoliy- Sharqiy' has a spacing issue; should be 'Shimoliy-Sharqiy'. Overall fine.,deepseek-v4-flash
3bcaad037618415a6066,minor,0.8,'kilometres' not localized to 'kilometr'; also parenthetical '3.1 mi' not needed. Sentence is okay.,deepseek-v4-flash
b56d08718d3a8dbd861b,junk,0.9,"This is a title/heading fragment, not a complete sentence.",deepseek-v4-flash
4ffff62ec24a7c389c17,minor,0.9,"Translation is good but 'Ancien Régime' is not translated, acceptable as proper noun? But maybe better to keep as is.",deepseek-v4-flash
211f94f35daacce8be68,correct,0.95,Accurate translation with proper explanation.,deepseek-v4-flash
8473b4ae620de84bf7f7,correct,0.9,Good translation.,deepseek-v4-flash
14ab3afd6140c012e9df,minor,0.9,"'futbol klubi' repeated, but overall natural.",deepseek-v4-flash
95876aaa9b11025f1eee,minor,0.9,"Pronunciation 'La Loubière' is kept in French, but that's proper noun. Acceptable.",deepseek-v4-flash
d558340b9cc8e97cedd4,minor,0.85,"'mutahasis' might be a typo for 'mutaxassis'. Also missing citation needed, but that's in original English.",deepseek-v4-flash
db563ae9c17cb84fdcea,correct,0.95,Accurate and natural.,deepseek-v4-flash
c1a286ec3e0fcfa49bbf,correct,0.95,Good translation.,deepseek-v4-flash
a95dba6afaad3bd2f9f6,junk,0.9,"This is a timeline headline, not a complete sentence.",deepseek-v4-flash
66e1d754603ea91405f5,minor,0.8,'musiqalar yozgan' is awkward; better 'musiqiy rukn yozgan' or 'musiqa haqida yozgan'.,deepseek-v4-flash
075a16802b84590d8f80,correct,0.95,Natural and complete translation.,deepseek-v4-flash
2647c9e66c990526f6a7,correct,0.95,Accurate translation.,deepseek-v4-flash
becaa192ccdebd1e2bf5,correct,0.95,Natural and complete.,deepseek-v4-flash
9c2eb419f29ff62573ca,minor,0.8,Word order slightly awkward; 'Ouo departamentidagi qishloq' is okay but could be smoother.,deepseek-v4-flash
05412fdf77b61eeb3fbf,correct,0.95,Simple caption translated naturally.,deepseek-v4-flash
004d0a67ace8fca114d8,minor,0.8,Missing 'Worth Bingham' in Uzbek? Actually present. But 'Time (1992- yilda)' has awkward hyphen; use 'Time (1992) jurnalidagi'.,deepseek-v4-flash
ed408812fd21bfb5fa60,correct,0.9,"Accurate, but 'butun amerikalik' might be translated as 'All-American'? It is acceptable.",deepseek-v4-flash
19491c93e5337509c615,correct,0.9,Good translation.,deepseek-v4-flash
ead822b91380ea64c90e,correct,0.95,Accurate translation.,deepseek-v4-flash
9ff30ffff8395299946c,minor,0.8,Could be clearer with 'Kiso tog'lari va Akaishi tog' tizmasidagi Senjo tog'i oralig'ida'.,deepseek-v4-flash
30906a59ee1f8087f56d,correct,0.9,Slight rephrasing but meaning intact.,deepseek-v4-flash
68313bb7eabff0e9aff1,minor,0.7,Extra spaces around 'Duet' and 'senariysida' typo; should be 'ssenariysida'.,deepseek-v4-flash
7d53616d91247c45f760,correct,0.95,Accurate translation.,deepseek-v4-flash
122f118fe423cda1c7fa,minor,0.8,"Missing 'to' in 'Turkanlarning'? Actually fine, but 'harbiy sudyasi Ata Kati va Turkanlarning ikkinchi farzandi' is okay.",deepseek-v4-flash
d0555fd96db0b9b67f99,correct,0.95,Natural translation.,deepseek-v4-flash
af1728ff65b5cdeccf46,correct,0.95,Accurate translation using uzbek equivalents.,deepseek-v4-flash
932e1beba10721d5ca66,correct,0.95,Simple and accurate.,deepseek-v4-flash
4014e990af4392b75cc7,correct,0.9,"Translated as 'liniyasi', appropriate.",deepseek-v4-flash
b6c20aeb65f0b34b1c8a,correct,0.9,Accurate translation.,deepseek-v4-flash
02e963f19357db07384c,correct,0.95,The translation accurately conveys the meaning and sounds natural in Uzbek.,deepseek-v4-flash
ac63f28831a0d2e8b147,correct,0.95,The translation is accurate and natural.,deepseek-v4-flash
32b8a424156cc41d9b4c,correct,0.95,The translation is accurate and natural.,deepseek-v4-flash
de420424d3a9a5fe8f21,correct,0.95,The translation is accurate and natural.,deepseek-v4-flash
c757977b696b750e5a24,correct,0.95,The translation is accurate and natural.,deepseek-v4-flash
01f9064d73ade3cd871d,correct,0.95,The translation is accurate and natural.,deepseek-v4-flash
fc282c552faa370988d2,correct,0.95,The translation is accurate and natural.,deepseek-v4-flash
8b64ddbf3b60a1ed3dee,minor,0.9,Minor typo: 'qaadar' should be 'qadar'.,deepseek-v4-flash
fc37b1681a36cb075143,correct,0.95,The translation is accurate and natural.,deepseek-v4-flash
2268daa880a3d39f5e31,correct,0.95,The translation is accurate and natural.,deepseek-v4-flash
463c1207edf403799fc7,correct,0.95,The translation is accurate and natural.,deepseek-v4-flash
386404ddce19b149c301,minor,0.9,"Incomplete translation: the Azerbaijani name is not translated, but it's a proper noun. However, the phrase 'XIV asrga oid' is slightly awkw",deepseek-v4-flash
81d01b0cda296083dbb0,correct,0.95,The translation is accurate and natural.,deepseek-v4-flash
35b5c73cece68b898bfb,correct,0.95,The translation is accurate and natural.,deepseek-v4-flash
4ed286fe452d960fefc7,correct,0.95,The translation is accurate and natural.,deepseek-v4-flash
6dd7a7b7b95373b804ca,correct,0.95,The translation is accurate and natural.,deepseek-v4-flash
cb219f5a5546689b750f,correct,0.95,The translation is accurate and natural.,deepseek-v4-flash
537cbf4032643490e659,correct,0.95,The translation is accurate and natural.,deepseek-v4-flash
581299bc4fddff2b57e8,minor,0.9,Missing comma after 'jumladan' and missing period at end.,deepseek-v4-flash
dfe0ac1cee67de77dc17,correct,0.95,The translation is accurate and natural.,deepseek-v4-flash
fed2acd94475e78757c8,correct,0.95,Natural and complete translation without English remnants.,deepseek-v4-flash
2fb398270cbf4484e5b9,minor,0.8,Name transliteration inconsistent and contains Russian and Hindi scripts that are not translated.,deepseek-v4-flash
ca1d5c6e602baf9bc714,correct,0.95,Accurate translation.,deepseek-v4-flash
082ce95a413f39350979,correct,0.9,Natural translation with minor stylistic variation acceptable.,deepseek-v4-flash
8c6bb8db4f8984567d11,wrong,0.9,"Major grammar errors, incomplete translation, and awkward phrasing.",deepseek-v4-flash
29885598526b1eec4112,wrong,0.85,Translation is awkward and contains typo 'kvadratbo'lgan'.,deepseek-v4-flash
0e67135be504f9f67e05,correct,0.95,Simple and accurate translation.,deepseek-v4-flash
02f7b6de602ead7264a0,correct,0.9,Accurate translation with minor stylistic variation acceptable.,deepseek-v4-flash
afeefb530298a5f3b890,minor,0.8,Translation is mostly correct but 'secured a moved' should be 'moved' and phrasing is slightly unnatural.,deepseek-v4-flash
6955080f5ab3c345b626,correct,0.95,Accurate translation of heading.,deepseek-v4-flash
e94d1c83602da4519d3d,correct,0.95,Accurate and natural translation.,deepseek-v4-flash
913aa5d9191134d1732e,correct,0.95,Accurate and complete translation.,deepseek-v4-flash
3b06ddac980d4c935e76,minor,0.8,"Translation of 'frame grabber' is simplified to 'ramka' which may not be precise, but overall understandable.",deepseek-v4-flash
f4ace7b185d9360d58ea,correct,0.95,Accurate translation with proper names retained.,deepseek-v4-flash
e1f92ce23127b8d0cf20,minor,0.8,Translation is correct but 'understudy' is rendered as 'yordamchisi' (assistant) which slightly changes meaning.,deepseek-v4-flash
c244483d804d98571241,correct,0.95,Accurate and natural translation.,deepseek-v4-flash
a253e0e1eba8b2ce2fb8,minor,0.8,Pronunciation given but translation of 'winger' as 'yarim himoaychi' is questionable; 'winger' typically means 'qanot himoyachisi'.,deepseek-v4-flash
d953a67d55fd5fe5001a,correct,0.95,Accurate translation.,deepseek-v4-flash
c872e599b584dc4434a5,correct,0.95,Accurate translation of proper names and common terms.,deepseek-v4-flash
4663483090f0c436a8ef,correct,0.95,Accurate and natural translation.,deepseek-v4-flash
12eff18aa0f0b31a379c,minor,0.9,乌兹别克语中'Zavod'通常指工厂，而英语是'Plant'，但这里翻译为'Zavod'可能不完全对应，且句子结构略有偏差，但整体意思完整。,deepseek-v4-flash
f19fd57ae24d7ea91fec,correct,0.95,翻译自然，信息完整。,deepseek-v4-flash
95602605a65b32456c06,correct,0.9,翻译基本准确，但'Los Angeles Sparks'被译作'Los-Anjeles Sparks'，可能不够标准，但整体自然。,deepseek-v4-flash
49b1edab5badde1d6f0f,correct,0.95,翻译完整自然。,deepseek-v4-flash
afb3975f5586bedfafb8,junk,0.98,这是专有名词，没有翻译，直接保留英文/拉丁字母，属于标题或专名，应标为junk。,deepseek-v4-flash
e06414155bc28c3222a1,wrong,0.9,翻译严重错误：将'Bright Eyes'译为'Yorqin ko'zlar'，但后面还说'nomli film'，错误地理解为电影，实际上是一个乐队/项目，且'qo'shiqchi-qo'shiq yozuvchisi'可能译得不够准确，但主要错误是误导性翻译。,deepseek-v4-flash
e0797334adb5382b959d,correct,0.95,翻译自然准确。,deepseek-v4-flash
11daaf1f2814ae913635,correct,0.95,翻译自然，信息完整。,deepseek-v4-flash
8c559ebab91fd739581c,correct,0.95,翻译自然，保留专有名词。,deepseek-v4-flash
b6e0f90124a8ed22f157,correct,0.95,翻译自然准确。,deepseek-v4-flash
05f9f52ed323667affef,correct,0.95,翻译自然，'nagar panchayat'保留原文，但这是专有名词，可能允许，整体意思完整。,deepseek-v4-flash
9ac81c78298f391d5f67,correct,0.98,翻译准确。,deepseek-v4-flash
2ce7f0a0c41dfbff3e3d,correct,0.98,翻译自然准确。,deepseek-v4-flash
ce7233316193a7d16e1c,correct,0.95,翻译自然，缩略语保留。,deepseek-v4-flash
4f302e4e0703755dafad,correct,0.95,翻译自然，但'started'译为'boshlangan'可能有点生硬，但整体可理解。,deepseek-v4-flash
8b8774af46ddfcc259d0,correct,0.98,翻译准确自然。,deepseek-v4-flash
dae5da61e7c40d91d20e,correct,0.95,翻译自然，地名翻译可能略有不同，但可接受。,deepseek-v4-flash
7060797f6e9e2b386997,correct,0.95,这是标题，但翻译准确，没有大量英文残留，可接受。,deepseek-v4-flash
213d29feeb801cfb51f1,correct,0.95,翻译自然，'Serbian Cyrillic'保留英文，但专有名词，可接受。,deepseek-v4-flash
984c67da0b8a9823dd2c,correct,0.95,翻译自然准确。,deepseek-v4-flash
69b879e697da69a88f6b,junk,0.9,"The English is a list of labels, not a coherent sentence. Translation is fragmented and not natural.",deepseek-v4-flash
663ad69b6fd89c93d849,correct,0.95,Natural and complete translation with proper punctuation.,deepseek-v4-flash
bae2f1e305624fd76d2c,minor,0.8,'Inkubatsiya qilinadi' is a bit awkward; 'inkubatsiya davrini o'taydi' would be more natural.,deepseek-v4-flash
9e49d9bbc1e7f9431326,correct,0.95,Translation accurately conveys meaning and is grammatically correct.,deepseek-v4-flash
bbd06b3e21024aef3363,minor,0.9,Extra space before full stop; otherwise correct. Also 'xokkey markazi' is a bit literal but acceptable.,deepseek-v4-flash
dfd26ed2a35f0db4cb73,correct,0.95,Natural and accurate translation.,deepseek-v4-flash
6498948d50179106d1f9,correct,0.98,Simple and correct translation.,deepseek-v4-flash
03f7a46efd4666c23972,minor,0.85,"'barrio' is left in Spanish, but it is common in U.S. context; could be translated as 'mahalla' but acceptable.",deepseek-v4-flash
3360859739fabb1a226a,correct,0.95,Accurate translation with proper phrasing.,deepseek-v4-flash
27778a27ad008a1718c0,minor,0.8,'Finnish' left untranslated in parentheses; should be 'fincha' or similar. Also missing closing parenthesis.,deepseek-v4-flash
d709dddfafca3591b219,correct,0.95,Accurate and natural.,deepseek-v4-flash
14cc13017a66694d9691,correct,0.9,"Translation is fine, but French term left as in original; acceptable? Minor issue.",deepseek-v4-flash
ff6a1fea057ed059482a,wrong,0.85,"Name misspelled: 'Guiseppe' should be 'Giuseppe', and 'Bordigera' should be 'Bordighera'.",deepseek-v4-flash
e19d540692b117fbdab9,correct,0.9,Translation is accurate though slightly wordy.,deepseek-v4-flash
a3a6665f2face72dec0c,minor,0.9,Names 'Kameron' and 'Lace' differ slightly from English 'Kameron' and 'Layce' but acceptable. 'Kenya' is correct.,deepseek-v4-flash
dfc47d744df3644f7fab,minor,0.8,"Redundant parenthetical transliteration of name; also 'Dundee' club name left in English, which is fine.",deepseek-v4-flash
a90502f289167caa5137,correct,0.9,Long but accurate translation.,deepseek-v4-flash
b8a737bdc359eebd37be,correct,0.9,Accurate translation with no errors.,deepseek-v4-flash
06ad0ba61b9a0d92791a,correct,0.95,Simple and accurate.,deepseek-v4-flash
590bca2b62823a412058,correct,0.95,Accurate translation.,deepseek-v4-flash
7541ecd30494f2e46a05,correct,0.95,,deepseek-v4-flash
b358e9e46a7f0d55c836,correct,0.95,,deepseek-v4-flash
2001138029dc49f50c1b,correct,0.9,,deepseek-v4-flash
d7216f0c6aa8e8f12324,correct,0.9,,deepseek-v4-flash
48e7d6d9296ddcc76dbe,correct,0.95,,deepseek-v4-flash
5696a6d75ccc0cfccec5,minor,0.8,English has 'It' but Uzbek starts with 'Bu' which is correct; minor typo in English.,deepseek-v4-flash
6fde22049bb1322727bc,correct,0.95,,deepseek-v4-flash
acf94dbd3adbf4bad527,correct,0.95,,deepseek-v4-flash
0d0981258a0e4354e255,junk,1.0,"Fragment/header-only text, not a full sentence.",deepseek-v4-flash
27dc3504095105125ab1,correct,0.9,,deepseek-v4-flash
d43bb139a73d9189ca1f,correct,0.95,,deepseek-v4-flash
5abbad327443ec57449b,junk,1.0,"Table/data fragment, not continuous text.",deepseek-v4-flash
2ee8c996d2187610002b,minor,0.8,Extra period at end in Uzbek translation.,deepseek-v4-flash
8ef0e6dfff9477d23d33,correct,0.9,,deepseek-v4-flash
92d05faf5ef5c3b272e0,correct,0.95,,deepseek-v4-flash
cac6da5ac4e1caebaee5,correct,0.95,,deepseek-v4-flash
4c0edb26b1b7cd4e85c7,minor,0.8,Word order slight unnatural in Uzbek.,deepseek-v4-flash
d531b82824b36a6cff95,correct,0.9,,deepseek-v4-flash
05791d8b2d458300ad58,correct,0.95,,deepseek-v4-flash
607033004980e564cf12,minor,0.8,Slight redundancy: 'first season of his second spell' translated as 'ikkinchi mavsumining birinchi mavsumida' which is awkward.,deepseek-v4-flash
16896915102639b9cd6e,correct,0.95,Natural and complete translation.,deepseek-v4-flash
b0a8b025713d3757b9a4,correct,0.95,Natural and complete translation.,deepseek-v4-flash
fe79e8b79522e8161a3a,correct,0.95,Natural and complete translation.,deepseek-v4-flash
ab2f45d753613ffec9da,correct,0.95,Natural and complete translation.,deepseek-v4-flash
7381a57d89a6758617f5,correct,0.95,Natural and complete translation.,deepseek-v4-flash
4e45056827b5fb721cbc,correct,0.95,Natural and complete translation.,deepseek-v4-flash
e5700d2d6f5ecf2f160a,correct,0.9,Translation is fine; missing 'between' but acceptable.,deepseek-v4-flash
6e2571e67998d9eab791,correct,0.95,Natural and complete translation.,deepseek-v4-flash
919f47555f9c7aa80af0,correct,0.95,Natural and complete translation.,deepseek-v4-flash
82a22fa7b1805bce554e,minor,0.85,Missing parentheses and 'Russian:' in Cyrillic; 'Major' translated as 'mayor' is ambiguous but acceptable.,deepseek-v4-flash
3801194c4657fe00f7cf,correct,0.95,Natural and complete translation.,deepseek-v4-flash
15bb8fc4248f58f298d2,correct,0.95,Natural and complete translation.,deepseek-v4-flash
cb216805798e8b025e46,correct,0.9,"Translation is fine; note this is part of a list, but incomplete sentence is acceptable.",deepseek-v4-flash
505460f1f09f62c9f640,minor,0.75,Missing Cyrillic and 'a selo' explanation; slightly awkward but understandable.,deepseek-v4-flash
10e0f34b8a3e0b7b53f9,correct,0.95,Natural and complete translation.,deepseek-v4-flash
c1c0fb1cef3b3130d1da,minor,0.8,"Keeps Japanese script; missing 'was a town' nuance, but acceptable.",deepseek-v4-flash
348778f5d94493e68735,correct,0.95,Natural and complete translation.,deepseek-v4-flash
a727d2f8303bfd75a0bd,correct,0.95,Natural and complete translation.,deepseek-v4-flash
6d6b6bd550b4db28c023,minor,0.85,"Contains English fragments 'Netflix' and 'Marvel's', but overall translation is understandable.",deepseek-v4-flash
ad9be9eb337538555c4a,correct,0.95,Natural and complete translation.,deepseek-v4-flash
31e647ef69f68bd199ed,correct,1.0,Natural and complete translation.,deepseek-v4-flash
1f527b9f121a4dbfa738,correct,0.9,Accurate translation with minor stylistic variation.,deepseek-v4-flash
d4e7ed70bf095779d523,correct,1.0,Accurate and natural.,deepseek-v4-flash
98abfb63b465b5b55672,correct,1.0,Accurate translation.,deepseek-v4-flash
e6153ba5318514882222,correct,1.0,Accurate and natural.,deepseek-v4-flash
ae48dac3848e75b6958f,correct,1.0,Accurate translation.,deepseek-v4-flash
ea6ffb13dc92d6337284,correct,1.0,Accurate and natural.,deepseek-v4-flash
60c2c15db6e7cbc075ee,correct,1.0,Accurate translation.,deepseek-v4-flash
19daf16181d306eaa303,minor,0.8,Uzbek adds 'paralimpiya' not in English; likely means 'parallel' but unsure. Otherwise accurate.,deepseek-v4-flash
a1b42e1603ac89d86dcd,minor,0.7,Grammar: 'daryosidir' odd; should be 'daryosidir'? Also 'Argentin davlatining' likely 'Argentina davlatining'.,deepseek-v4-flash
0a1ef27a6c99c509f841,correct,1.0,Accurate translation.,deepseek-v4-flash
65ce6621ae7e004d9010,junk,1.0,"Fragment, not a complete sentence.",deepseek-v4-flash
8793ed74c5930e1343f5,correct,1.0,Accurate translation.,deepseek-v4-flash
6e30bd57c62c1316d442,minor,0.6,Contains Japanese text and awkward structure; might be acceptable but not fully natural.,deepseek-v4-flash
cc3e12a40843b904b583,correct,1.0,Accurate translation.,deepseek-v4-flash
b8886c079f5162ab98df,correct,1.0,Accurate translation.,deepseek-v4-flash
b8e5575aa6632ee8e328,minor,0.8,Punctuation: missing hyphen? Otherwise accurate.,deepseek-v4-flash
765eb52ce76adc0e6f29,correct,0.9,Accurate translation.,deepseek-v4-flash
ed8760132dbe47eec43f,correct,1.0,Accurate translation.,deepseek-v4-flash
7b6d993900586e169ad7,correct,1.0,Accurate translation.,deepseek-v4-flash
da96acfb71f69ef508c8,wrong,0.95,"The translation 'JR Sharqiy yo'nalish' does not capture the meaning of 'JR East'. It should be 'JR Sharq' or 'JR Sharqiy' as a proper name, ",deepseek-v4-flash
316bc85a5489f6d454d6,correct,1.0,"The Uz translation is natural, complete, and accurately conveys the meaning.",deepseek-v4-flash
fe18484d049d8d1a5a0b,correct,1.0,Natural and accurate translation.,deepseek-v4-flash
701000a8ca484bd196e4,wrong,0.9,'fregat qushlari' is incorrect; it should be 'fregat qushlari' but more accurately 'frigat qushlari' or 'fregat qushlari' is not the standar,deepseek-v4-flash
59cfa7deb5277c8650dc,correct,0.95,"The translation is accurate, though it might be missing a period at the end, but it's acceptable.",deepseek-v4-flash
90fd9fe36b29e8900493,correct,1.0,Natural and accurate.,deepseek-v4-flash
13309d819c5dbe6287d4,wrong,0.9,The phrase 'Magicning Boston Seltiksga 117-116 hisobida mag‘lub bo‘lgan birinchi yarmida' is ambiguous; it suggests that the first half was ,deepseek-v4-flash
60217b0139273f6c1722,correct,0.95,"The translation is accurate and natural, though a bit wordy but fine.",deepseek-v4-flash
bf9c2b3eb5c897f144e9,correct,1.0,Standard phrase.,deepseek-v4-flash
828ee2049b543dff8278,correct,1.0,Accurate and natural.,deepseek-v4-flash
6b0bc578eca7e17492a1,correct,1.0,Accurate and natural.,deepseek-v4-flash
22cda91233066aea14f1,minor,0.8,"The translation says 'gazetalarida ishlagan' meaning 'worked at newspapers', but the original says the Washington Post, ABC News, and Politi",deepseek-v4-flash
b289bd48da2bff199d38,correct,1.0,"Accurate translation, though it's a list item, but it's complete.",deepseek-v4-flash
5a7e65e4856e2e078103,correct,1.0,Standard heading.,deepseek-v4-flash
1e8f0cd17dddab94c30a,wrong,0.9,"The translation is garbled and confusing. For example, 'O'qlar yoki vektor' is okay, but the rest is not coherent. It seems like a literal t",deepseek-v4-flash
8e7857ca54775f25e42a,correct,1.0,Accurate and natural.,deepseek-v4-flash
0d2840e31e2887b6f534,minor,0.85,"The translation is mostly correct, but 'armaniyalik' is odd; it should be 'arman' or 'armancha'? Actually it says '( armaniyalik Աչքասար )' ",deepseek-v4-flash
7cffb50d6555c433d385,correct,1.0,Accurate and natural.,deepseek-v4-flash
1713197bec73be12ff07,minor,0.8,"The translation has some issues: 'hindcha: , ruscha: 1985-yil 1-iyun' – there is an empty bracket and 'ruscha' is unnecessary. It should be ",deepseek-v4-flash
eb371975665693a6caeb,correct,1.0,Accurate and natural.,deepseek-v4-flash
b5f5bbbfff93b6c8e5c0,correct,1.0,,deepseek-v4-flash
1d47a7e14eaad1688710,minor,0.8,乌兹别克语译文可能不完整，缺少了部分上下文，但核心意思基本传达，有轻微问题。,deepseek-v4-flash
69603f570dc1a8727805,correct,1.0,,deepseek-v4-flash
17c28cc5a97bd6be5c62,correct,1.0,,deepseek-v4-flash
ebeff1892a23fabf9c3d,correct,1.0,,deepseek-v4-flash
842574a8dbcc6ad24529,correct,1.0,,deepseek-v4-flash
94f892ced152ae3800c4,correct,1.0,,deepseek-v4-flash
e8c53b37f3f9e22155ef,correct,1.0,,deepseek-v4-flash
e3ada609780cac3bfa92,correct,1.0,,deepseek-v4-flash
7a669e3570a658a02bcc,correct,1.0,,deepseek-v4-flash
da2b2c4eb7a1d66d3ede,correct,1.0,,deepseek-v4-flash
5398f698d0d380bda26a,correct,1.0,,deepseek-v4-flash
951f68fa01ba32bf46c4,correct,1.0,,deepseek-v4-flash
ec5b9bf0f899370d8cf4,minor,0.8,保留英文单词metres和fut，未本地化。,deepseek-v4-flash
5efc7efe7b3c7eba3f3d,correct,1.0,,deepseek-v4-flash
b59e78575ca11a798cda,correct,1.0,,deepseek-v4-flash
75ca5205d49f46366fbe,correct,1.0,,deepseek-v4-flash
54c3877fea7690cee6f9,correct,1.0,,deepseek-v4-flash
49870c9caeb284680eb7,correct,1.0,,deepseek-v4-flash
e5c2d35c51628166a7b6,correct,1.0,,deepseek-v4-flash
8d5476662822d025876d,correct,1.0,,deepseek-v4-flash
23f4e9f87a6a001f4549,correct,1.0,,deepseek-v4-flash
738f8270b09f7044cfa8,correct,1.0,,deepseek-v4-flash
16d0e5167a755cb2f2f0,minor,0.8,'Gizlini' likely should be 'Guiseley'; 'Port Vele' should be 'Port Vale'.,deepseek-v4-flash
1340ca57a3ed92451b21,wrong,1.0,Uzbek contains random characters.,deepseek-v4-flash
0b47a1b29ffcbbbf2751,correct,1.0,,deepseek-v4-flash
270fe5c332c8c5ed7fcc,correct,0.9,Minor word order could be more natural but acceptable.,deepseek-v4-flash
223d9a3713b0f7947ee0,correct,1.0,,deepseek-v4-flash
79b8357b628db5e6b782,minor,0.9,'tavallud topgan' is slightly less common but acceptable; extra parenthesis is odd.,deepseek-v4-flash
1283511cdc30503fb75d,correct,1.0,,deepseek-v4-flash
83797dfdeca34cebe3a6,correct,1.0,,deepseek-v4-flash
b7a09af2d63d959ec0f8,correct,1.0,,deepseek-v4-flash
ccb8f45adbef4b9a800c,correct,1.0,,deepseek-v4-flash
9d61acce39c45c1091df,correct,1.0,,deepseek-v4-flash
7eb36a4a8f4710af10d1,minor,0.8,'Nk Otok' should be 'NK Otok'.,deepseek-v4-flash
a7c646aa801eaa3c6245,correct,1.0,,deepseek-v4-flash
4e13d23b7edff8eab8ab,correct,1.0,,deepseek-v4-flash
857e3fa1ae7763aa5ac1,correct,1.0,,deepseek-v4-flash
9e0b765454ccea8cfbb8,minor,0.9,"'ishlab chiqilgan, ishlab chiqilgan' is redundant.",deepseek-v4-flash
9f8f293a388e292468ee,correct,1.0,,deepseek-v4-flash
30260d8293cd7ef99be8,correct,0.9,"The Uzbek translation is natural and complete, with no significant English remnants.",deepseek-v4-flash
8323c0971ef1092e6b23,correct,0.9,"The translation accurately conveys the meaning, though 'IMM' and 'Intermediate Module' are kept as in the source, which is acceptable.",deepseek-v4-flash
5113eec4d5eaba8e889d,correct,0.95,The translation is natural and accurate.,deepseek-v4-flash
8ac1c08aa307223dac0d,correct,0.9,"The translation is accurate and natural, with proper transliteration.",deepseek-v4-flash
e3255381c0f8621822f8,junk,1.0,"The English is only a heading 'List of presidents', which is a fragment, but the translation is correct. According to instructions, headings",deepseek-v4-flash
c6eff0cd04e9e55ef682,correct,0.9,The translation is accurate and natural.,deepseek-v4-flash
64237c119727382c24e7,correct,0.95,The translation is accurate and natural.,deepseek-v4-flash
7086e46f2c1609352405,correct,0.9,The translation is correct and natural.,deepseek-v4-flash
2bc19dfe2709f00b2385,minor,0.7,"The translation is mostly correct but 'on a safe departure trajectory' is rendered as 'xavfsiz jo‘nash traektoriyasi bo‘ylab', which is fine",deepseek-v4-flash
1486b7ab1a1179a78f56,correct,0.9,The translation is accurate and natural.,deepseek-v4-flash
947bfc1c44cce8fd19fc,correct,0.95,The translation is accurate.,deepseek-v4-flash
c72b024b8b2d716811d4,minor,0.8,"The translation retains 'Indonesian' in parentheses without translating, which is a minor English remnant. Also 'Al-Azhom Katta masjidi' is ",deepseek-v4-flash
96e291c839f24f7cee2b,correct,0.95,The translation is accurate.,deepseek-v4-flash
d30910b8c4adfecade6f,minor,0.7,"The translation says 'turmush qurishadi' (they get married) which is present/future tense, but the English is past tense 'married'. Should b",deepseek-v4-flash
44aeca042b319b3374f7,minor,0.8,"The translation uses 'qadimda' (anciently) for 'formerly', which is a bit off. Also 'sharqiy qismida' is 'eastern part', but English says 'c",deepseek-v4-flash
726635b3464321474b6c,correct,0.9,The translation is accurate and natural.,deepseek-v4-flash
296d3d8aa89150166d7b,wrong,0.9,"The translation says 'u ikkinchi Las-Vegas rezidentsiyasini boshladi' which is correct for 'started her second Las Vegas residency', but the",deepseek-v4-flash
a2f10975d2c8d5366b7e,minor,0.8,The translation is mostly accurate but the phrase 'basseyn bo'lgan' is incorrect; it should be 'basseyni bo'lgan' or something. Actually 'ya,deepseek-v4-flash
3ef527992ef8bee2b2b9,minor,0.8,The translation is correct but has a double dot at the end: 'tugatgan..' should be 'tugatgan.',deepseek-v4-flash
30563d21285aa1bb21ab,correct,0.9,The translation is accurate and natural.,deepseek-v4-flash
4beb1b85bd3cc5df03e2,correct,0.95,,deepseek-v4-flash
884bb7c62229d55e59f7,correct,0.95,,deepseek-v4-flash
b61602afbec04860aa6d,correct,0.9,,deepseek-v4-flash
9077cc0d939527a81128,minor,0.8,Word order slightly awkward: 'Nipah virusi oldingi infektsiyasini' could be more natural as 'oldingi Nipah virusi infektsiyasini'.,deepseek-v4-flash
e19576fc78491e0ddaa2,correct,0.95,,deepseek-v4-flash
c5e803eee027b2dd9c67,minor,0.85,Redundant 'okrugida' after 'County' not necessary but acceptable.,deepseek-v4-flash
8043d849c5df34dc1e7f,correct,0.9,,deepseek-v4-flash
1b46d1eb3e4af7c47894,correct,0.95,,deepseek-v4-flash
89e8fd2eeb409657d320,minor,0.8,Missing '120 km' and '80 km' in translation; numbers not included.,deepseek-v4-flash
649be50b5c8e403f0f63,minor,0.8,Slightly literal translation: 'shaxsiy ishtiroki bor edi' is understandable but could be 'shaxsan ishtirok etgan'.,deepseek-v4-flash
e617fbfddc5d9c84a217,correct,0.9,,deepseek-v4-flash
b4a13d6134672c747308,correct,0.95,,deepseek-v4-flash
3fe958a3ec8e945dfa18,correct,0.9,,deepseek-v4-flash
80d0e5c0126c74d63fd2,correct,0.95,,deepseek-v4-flash
76bfff16f9187f530be0,correct,0.9,,deepseek-v4-flash
334e64655aa6a91874fd,minor,0.85,"'oq'atkazadi' should be 'o'tkazdi' for past tense; also '15.4 ppg' abbreviation left as is, acceptable.",deepseek-v4-flash
1587d358a04cb89fdf6b,correct,0.95,,deepseek-v4-flash
dae0c53d8c496db46fd9,correct,0.95,,deepseek-v4-flash
30280f0db9967a21f1a4,correct,0.95,,deepseek-v4-flash
db12253c044a112e091e,correct,0.95,,deepseek-v4-flash
93a886981d6955704498,correct,0.99,,deepseek-v4-flash
0197f1c54988a7062043,correct,0.95,,deepseek-v4-flash
18272ca6e0fd03e71621,correct,0.99,,deepseek-v4-flash
ff07a3cb04e63a0123f4,minor,0.9,"Uzbek word order could be more natural, but meaning is clear.",deepseek-v4-flash
cdf2eab0c6cf44cac89a,correct,0.99,,deepseek-v4-flash
cdf3d06b1fddae2fefeb,minor,0.85,Minor spacing issue in parenthetical and 'Buyuk tekislik' capitalization might be off.,deepseek-v4-flash
ad8063b7ecbef86ebeec,correct,0.99,,deepseek-v4-flash
d24bdd4ec62386855cd9,wrong,0.95,"Untranslated English words 'and', 'Manchester City'.",deepseek-v4-flash
fc4180c9e55a961f4aec,minor,0.9,"Missing space after period, but otherwise accurate.",deepseek-v4-flash
0f2f7a197f2829b554f1,correct,0.95,,deepseek-v4-flash
2fb6a0a502038fc3697b,wrong,0.9,"Grammar is broken, phrase 'Kdzdan Ceren Nurlu' may be incorrect.",deepseek-v4-flash
cf6a99029b8d3c472c47,correct,0.95,,deepseek-v4-flash
d62768cfd30af2c9df61,junk,0.95,"Only title, not a full sentence.",deepseek-v4-flash
e8b0ff6867bcaba3e4a5,correct,0.99,,deepseek-v4-flash
9e0a49535313d2241ddf,correct,0.99,,deepseek-v4-flash
b02e4f9b015aca36e283,correct,0.99,,deepseek-v4-flash
8e3a99ca0547bd79fa42,correct,0.99,,deepseek-v4-flash
8da79b9ea755b5d003f5,correct,0.99,,deepseek-v4-flash
7a1956436e7a325336df,correct,0.99,,deepseek-v4-flash
c117d71d2247ffe6c8b2,correct,0.95,,deepseek-v4-flash
d45580adb15691b55e2b,correct,0.98,,deepseek-v4-flash
ccabc36b86b833c65ed3,correct,0.95,,deepseek-v4-flash
4cca540ca756c49c09a0,correct,0.9,,deepseek-v4-flash
997920035a45d873544b,correct,0.95,,deepseek-v4-flash
e4478d69c39796dd8bb5,minor,0.9,"Neé retained in English, but common in Uzbek for maiden names",deepseek-v4-flash
2425b9e0f437e0fa953d,correct,0.95,,deepseek-v4-flash
10c386bc8715a56c4af8,correct,0.9,,deepseek-v4-flash
cc2285d485927ea7fe55,wrong,0.85,"Names and transliterations in Uzbek are not fully translated, Chinese characters omitted",deepseek-v4-flash
f1d43150d78007ad59d8,correct,0.9,,deepseek-v4-flash
3168068fde3b48d0be23,correct,0.95,,deepseek-v4-flash
8ff9fb78bb0f9927f3b0,junk,0.95,Just list of names without context,deepseek-v4-flash
5d96046c0caea2185ab8,wrong,0.8,Grammatical error in verb form and awkward phrasing,deepseek-v4-flash
801fe876eef117038240,correct,0.98,,deepseek-v4-flash
4095de44faaf7d44f324,junk,0.95,Navigation element,deepseek-v4-flash
2cd31cbd9dee3fa999c7,minor,0.8,Missing space and acronyms not fully localized,deepseek-v4-flash
8b94de19282d4c4342b8,correct,0.95,,deepseek-v4-flash
e5ee9ae2a611a07a9fa5,correct,0.98,,deepseek-v4-flash
75def804820d56fed85e,correct,0.98,,deepseek-v4-flash
a48fac674a71870af4f4,correct,0.9,,deepseek-v4-flash
1384812674e58235775f,correct,0.98,,deepseek-v4-flash
8aec6d56b2dc6b7b03db,correct,0.95,Accurate and natural translation.,deepseek-v4-flash
44826dd2050f550d648c,correct,0.95,Accurate and natural translation.,deepseek-v4-flash
1f5e941ac41b32fcd6dd,correct,0.95,Simple title correctly translated.,deepseek-v4-flash
737950c34b5b710f1ead,correct,0.95,Accurate and natural translation.,deepseek-v4-flash
fe68fc8098d9fa7b08e7,correct,0.95,"Accurate and natural translation, proper handling of technical terms.",deepseek-v4-flash
7fba5642c835ce2271de,correct,0.95,Accurate and natural translation.,deepseek-v4-flash
342d248d100a604028e2,correct,0.95,"Accurate and natural translation, extra period at end is minor but acceptable.",deepseek-v4-flash
2d66601922ac2a868610,correct,0.95,Simple title correctly translated.,deepseek-v4-flash
42061f744de3775e5d15,correct,0.95,Accurate and natural translation.,deepseek-v4-flash
5377d92b55c56ce0e3ae,correct,0.9,"Mostly correct, but '&privé HD' has French 'privé' which might be a brand name; acceptable.",deepseek-v4-flash
9de6791497bca3647f79,correct,0.95,Accurate and natural translation.,deepseek-v4-flash
5e82fd3166549d785bfd,correct,0.95,Accurate and natural translation with proper transliterations.,deepseek-v4-flash
ebbf8a5e418087b1d4d6,correct,0.95,Accurate and natural translation.,deepseek-v4-flash
fbc0b20117fa33a1e8aa,correct,0.95,Accurate and natural translation.,deepseek-v4-flash
a002d03124036458d8ea,correct,0.95,Accurate and natural translation.,deepseek-v4-flash
6c798623ad043c01e520,correct,0.95,Accurate and natural translation.,deepseek-v4-flash
2f9f434a3295b4190d52,correct,0.95,Accurate and natural translation.,deepseek-v4-flash
7d8d04166bee6c0f52d6,correct,0.95,Accurate and natural translation.,deepseek-v4-flash
f88b02a37b81f8fdaaef,correct,0.95,Accurate and natural translation.,deepseek-v4-flash
dd1b5dbd8b875c92088a,correct,0.9,"Accurate translation, but phrasing could be slightly more natural (e.g., 'tugatgan' past tense works).",deepseek-v4-flash
1440d2d5c1e534607a72,correct,1.0,Natural and complete translation.,deepseek-v4-flash
0f7c18abb5db47512003,correct,0.9,Accurate translation with proper names adapted.,deepseek-v4-flash
42296e58c82365cfcc2e,correct,0.9,Clear and complete translation.,deepseek-v4-flash
bf5e291b71e228d4f377,correct,0.9,"Good translation, title retained appropriately.",deepseek-v4-flash
45f909801744ddcd1a6c,minor,0.8,Ordering of 'Shimoliy Cymru va Cymru janubi' slightly unnatural; consider 'Cymru Shimoliy va Cymru Janubiy'.,deepseek-v4-flash
bddba602f4d228d02efa,correct,0.95,Accurate translation.,deepseek-v4-flash
58395de2ec35bf3ca339,correct,0.9,"Meaning preserved, transliteration acceptable.",deepseek-v4-flash
f5793502f65d714bd317,correct,0.9,Correct translation.,deepseek-v4-flash
5f8da6a5e01f077d7534,correct,0.9,Complete and accurate.,deepseek-v4-flash
828dd41365e5249e6ba9,correct,0.9,Good translation.,deepseek-v4-flash
dfc4757286ac596e827a,correct,0.9,Natural translation.,deepseek-v4-flash
342dfe5f12d2734a02b9,correct,0.85,"Accurate translation, minor punctuation issue.",deepseek-v4-flash
72fb31ce7063c8fb6c42,correct,0.9,"Meaning preserved; slight awkwardness in 'o'qib berdi', but acceptable.",deepseek-v4-flash
aec7f168cf171e4c4e1f,junk,1.0,"List/names only, no full sentence.",deepseek-v4-flash
651d89b9588bc637041e,correct,0.95,Good translation.,deepseek-v4-flash
6658a7e17895c60079e5,correct,0.95,Accurate translation.,deepseek-v4-flash
2be6d9fffafecb14520d,correct,0.9,"Good translation, minor spacing.",deepseek-v4-flash
77fe099322a7c65cfbad,correct,0.95,Accurate translation.,deepseek-v4-flash
cf81ede36e1291529543,minor,0.8,Slightly unnatural word order; 'Fransiyaning PSJ klubida Féminine 1-divizionida' could be improved.,deepseek-v4-flash
50121974c68f2b23495a,correct,0.95,Accurate and natural.,deepseek-v4-flash
d053f5125e9bdbbaa968,correct,0.95,准确翻译，意思完整。,deepseek-v4-flash
25f31af5b605a12381e0,correct,0.95,准确翻译，意思完整。,deepseek-v4-flash
d3eee2185868b82cf80a,correct,0.98,准确翻译，无问题。,deepseek-v4-flash
52a375d27d8888d0150e,correct,0.95,准确翻译，意思完整。,deepseek-v4-flash
3676cf1d9dd5f0b02725,correct,0.95,准确翻译，意思完整。,deepseek-v4-flash
c6cd4f47f2bb2b5fb1ea,correct,0.95,准确翻译，意思完整。,deepseek-v4-flash
575df882fd900deedf53,correct,0.95,准确翻译，意思完整。,deepseek-v4-flash
47bc21e02a755d094b08,wrong,0.95,译文语序混乱，意思不连贯。,deepseek-v4-flash
3bf1e1385088353273fe,correct,0.95,准确翻译，含义完整。,deepseek-v4-flash
a74fc303efde7e86ae68,correct,0.98,准确翻译，无问题。,deepseek-v4-flash
86036af8fdc4380f902d,correct,0.95,专有名词保留，整体翻译正确。,deepseek-v4-flash
cd49d46ddfcaf4e777fd,correct,0.95,准确翻译，书名保留原文。,deepseek-v4-flash
b72c6bda76a851f5cb68,correct,0.95,准确翻译，含义完整。,deepseek-v4-flash
8c4ed6344951ef1c8214,correct,0.98,准确翻译，无问题。,deepseek-v4-flash
d749ad1849aebe9d98ea,minor,0.7,棒球投手翻译不准确，应为ko'za而非ko'za。,deepseek-v4-flash
a614090c7c9cecdd7ae6,correct,0.95,准确翻译，意思完整。,deepseek-v4-flash
fc0bf92a5fa633627274,junk,0.95,是片段，不构成完整句子。,deepseek-v4-flash
b389539dc307fd2d8d3f,minor,0.8,语序稍显不自然，但意思可理解。,deepseek-v4-flash
c66ff3e4756864fdfd3d,correct,0.95,准确翻译，意思完整。,deepseek-v4-flash
7ab7a5d94a8d9516a050,correct,0.95,准确翻译，意思完整。,deepseek-v4-flash
01ece430725c069fef4a,correct,1.0,,deepseek-v4-flash
1146880661b4c6da6dee,correct,0.9,,deepseek-v4-flash
9c832d02ad967bc084aa,correct,1.0,,deepseek-v4-flash
2361b9006e474f745918,minor,0.8,Missing apostrophe in 'o'z'?,deepseek-v4-flash
532669f07e80a9cd0959,correct,0.9,,deepseek-v4-flash
604d6917abaab5c72add,minor,0.8,Typo: 'nisbatanb' instead of 'nisbatan',deepseek-v4-flash
35e1a4f3ab510fe90f33,minor,0.7,Inconsistent transliteration of 'Polotsk' and 'northwest',deepseek-v4-flash
9653e173e62aecf06c71,correct,1.0,,deepseek-v4-flash
aa74476b1aaef52a60f2,correct,1.0,,deepseek-v4-flash
49cfa22768d39f31a945,correct,1.0,,deepseek-v4-flash
a50db70c22a4c73c5f6d,correct,1.0,,deepseek-v4-flash
db0a1bd99472ba2195bf,correct,0.9,,deepseek-v4-flash
a2f125362baf4dfaf2cd,correct,1.0,,deepseek-v4-flash
f3b5b30cc5e5194a6c01,correct,1.0,,deepseek-v4-flash
b4988a04aed04e551dbb,correct,0.9,,deepseek-v4-flash
5bc3795cdddca0ab3857,correct,1.0,,deepseek-v4-flash
16cdbad04fdf7f33e52e,junk,0.9,Table data without translation,deepseek-v4-flash
6335957dd8de8cebd52d,correct,1.0,,deepseek-v4-flash
ff0ffc5ffee73e2b8e5a,correct,0.9,,deepseek-v4-flash
d380b60bf8d6744beb3c,correct,1.0,,deepseek-v4-flash
7495cf75d59d77b1cd88,correct,0.95,自然且完整的翻译,deepseek-v4-flash
5a6999c7daf2af72ea16,minor,0.8,'g‘olib chiqqan' 应为 'g‘olib chiqdi' 或类似，时态略有偏差但可接受,deepseek-v4-flash
22e89c02b7fe365671c6,correct,1.0,简短且准确,deepseek-v4-flash
6137371b4f53c31a7270,correct,0.95,准确翻译,deepseek-v4-flash
a659a1e1bee41e32fcb2,correct,1.0,准确翻译,deepseek-v4-flash
405c2f22e8fc60cc6d0c,minor,0.7,保留了英文和法文括号，但整体可理解，可能是缩写需要保留,deepseek-v4-flash
6b310fe15d3e7250e40f,correct,0.95,准确翻译,deepseek-v4-flash
8bccf06cabf24f0da807,correct,0.95,准确翻译,deepseek-v4-flash
58437185639e88012d7e,minor,0.75,比分格式保留，整体可接受但稍显碎片化,deepseek-v4-flash
c9f9533ee4ecec56477a,correct,0.95,准确翻译，但地名拼写可能保留原文,deepseek-v4-flash
bd432495b2bfba2af750,correct,0.95,准确翻译,deepseek-v4-flash
181f48d4092e202bc014,correct,0.95,准确翻译,deepseek-v4-flash
342d0a5d69d5a534b68e,correct,0.95,准确翻译,deepseek-v4-flash
6c2df7cda98068d093e9,correct,0.95,准确翻译,deepseek-v4-flash
48f3a3abb7ee7a1e3120,correct,0.95,准确翻译,deepseek-v4-flash
96bf9edbb6ad6772eb37,minor,0.85,'Phillippe Chartier' 拼写应为 'Philippe Chartier'，轻微拼写错误,deepseek-v4-flash
69bd3c10e1ee0ccfe632,correct,0.9,翻译基本准确，但 'Podolian' 可能保留原样，整体可接受,deepseek-v4-flash
085914fd87ef24ac0845,correct,1.0,准确翻译,deepseek-v4-flash
b6cea41c0b5f018bea1e,correct,0.95,准确翻译,deepseek-v4-flash
5f09447c52ca97345af6,correct,0.95,准确翻译,deepseek-v4-flash
d96ac58dc53559a7a7f3,correct,0.98,Translation is natural and accurate.,deepseek-v4-flash
3a2baa5cd15c226ba4db,minor,0.85,"Minor formatting issues with extra spaces around quotes and slight transliteration errors (e.g., 'Kliff Drisdal' vs 'Drisdale', 'Denni Rasde",deepseek-v4-flash
af2bc98d08ced6b93dfd,minor,0.8,Contains LaTeX markup '{\displaystyle \Delta }' which is not natural translation but acceptable in mathematical context.,deepseek-v4-flash
935122624f1c980ecb5c,correct,0.97,Accurate and natural translation.,deepseek-v4-flash
5db65832f6450ca6f30f,correct,0.96,Translation is accurate and natural.,deepseek-v4-flash
2d9c6fe3ccce391c52c9,minor,0.8,Slightly awkward phrasing with 'pastga' and 'qarz' but overall meaning is clear.,deepseek-v4-flash
75d2112d1380cc5b2065,correct,0.98,Natural and accurate translation.,deepseek-v4-flash
80902470a7061679ae7d,correct,0.95,Minor word order difference but acceptable.,deepseek-v4-flash
d473339a937ce610b4ce,correct,0.98,Accurate and natural.,deepseek-v4-flash
8ac9726fad7f81890faa,correct,0.96,"Translation is accurate, though 'tamilcha' could be 'tamil' but acceptable.",deepseek-v4-flash
71485cc2bf2a561c92a6,correct,0.98,Natural translation.,deepseek-v4-flash
0ee378dfd86d5dec7a28,minor,0.85,"List formatting inconsistent, with a period after 'qishloq bulib' and capitalized names not uniform, but meaning is preserved.",deepseek-v4-flash
dab0a288db62cc70ff6e,correct,0.98,Accurate translation.,deepseek-v4-flash
b2621f03839b2f74f9d6,wrong,0.9,"'France Open' is incorrect; should be 'Fransiya Ochiq chempionati' or 'French Open', but 'France Open' is an error.",deepseek-v4-flash
69b271e2fdcbca04a969,correct,0.95,Minor word order but understandable.,deepseek-v4-flash
6ba1831b9fa60bdecffe,correct,0.98,Accurate translation.,deepseek-v4-flash
ccf40187e258cb99f87d,correct,0.98,Accurate translation.,deepseek-v4-flash
fb976548ec4ebc615774,correct,0.98,Accurate and natural.,deepseek-v4-flash
fccbd4f8ce671618465b,correct,0.98,Accurate translation.,deepseek-v4-flash
12f77a5c6e54eb9fef2c,correct,0.98,Accurate translation.,deepseek-v4-flash
70411f25ea0acc106aa8,minor,0.8,'80 kishi kilometr' is incorrect; 'kishi' appears to be a typo for 'kilometr' but it's redundant. Should be '80 kilometr'.,deepseek-v4-flash
e85d99142a70cddf4da5,correct,0.95,Translation is natural and complete.,deepseek-v4-flash
dcad9837d99d5e1b3908,correct,0.95,Translation is accurate and natural.,deepseek-v4-flash
495f968870eba6237e1a,correct,0.9,"Translation is accurate and natural, though slightly reworded.",deepseek-v4-flash
5c58ec857a7598d5effe,correct,0.95,Translation is accurate and natural.,deepseek-v4-flash
81c933d98fda724070aa,correct,0.95,Translation is accurate and natural.,deepseek-v4-flash
058f5032c8f7613d6164,correct,0.9,"Translation is accurate and natural, though slightly long.",deepseek-v4-flash
c7a8500419cfcab5401e,correct,0.95,Translation is accurate and natural.,deepseek-v4-flash
57caf6bd8e7d7f0fe5e1,correct,0.95,Translation is accurate and natural.,deepseek-v4-flash
32d4b40424781a218356,correct,0.9,"Translation is accurate, minor transliteration difference for Kodyma/Kodima.",deepseek-v4-flash
20b60dda5964f1bccbb8,correct,0.95,Translation is accurate and natural.,deepseek-v4-flash
7050b2c49a3232a82192,junk,1.0,"List of website links, not a proper sentence.",deepseek-v4-flash
56f88c16500bf998e607,minor,0.7,'Kengaytirilgan joylashtirish' is a literal translation of 'Advanced Placement'; should be 'ilg'or joylashtirish' or similar.,deepseek-v4-flash
05eb66af1d6d95b10288,correct,0.95,Translation is accurate and natural.,deepseek-v4-flash
3a340a4ea952ed942556,correct,0.95,Translation is accurate and natural.,deepseek-v4-flash
c983b9a9709e6732e600,correct,0.95,Translation is accurate and natural.,deepseek-v4-flash
35d8cdae6d3503c1ff37,correct,0.95,Translation is accurate and natural.,deepseek-v4-flash
697f98b1ac980a152b17,correct,0.95,Translation is accurate and natural.,deepseek-v4-flash
60f315ac2a2d4baaf934,correct,0.95,Translation is accurate and natural.,deepseek-v4-flash
7cf3b5add509444adc80,correct,0.95,Translation is accurate and natural.,deepseek-v4-flash
0bdffd4f7de251198136,minor,0.8,"The translation is mostly correct, but 'SS jangchisi' is an odd rendering of 'SS wardress'. Better would be 'SS qamoqxona nazoratchisi' or s",deepseek-v4-flash
8e725c8cb74950c65307,correct,1.0,Accurate and natural translation.,deepseek-v4-flash
addb905ffe75b7a4f51b,wrong,0.95,"The Uzbek translation includes an extra period and a stray quote at the end, making it unnatural and incomplete.",deepseek-v4-flash
f44284511bf655bff99e,minor,0.7,"'Arabic' should be transliterated as 'Arabcha' or 'Arab tilida', not left as is. Also, the distance is written as '6.4 km (4,0 mi)' which mi",deepseek-v4-flash
71d7d3eb82a9be72466f,correct,1.0,Accurate and natural translation.,deepseek-v4-flash
49357da6f32ccb39bfe8,minor,0.8,The translation is understandable but slightly awkward: 'har bir o'yinda to'liq 90 daqiqa o'ynagan bo'lsada' and 'Defensor Sportingni qabul ,deepseek-v4-flash
9b1e9a24f8c9188e5171,correct,1.0,Accurate and natural translation.,deepseek-v4-flash
536c727f86b69d389d15,junk,1.0,"This is a list of navigation links, not a coherent sentence.",deepseek-v4-flash
2d5a9be48bae03f89850,correct,1.0,Accurate and natural translation.,deepseek-v4-flash
1ac54579fbda92a6d549,correct,1.0,Accurate and natural translation.,deepseek-v4-flash
a9c585df7f39f11adf02,minor,0.9,'qayta paydo bo'ldi' is acceptable but 'qayta ko'rindi' might be more natural. The sentence is otherwise fine.,deepseek-v4-flash
7eb416de8878c0d59bd9,correct,1.0,Accurate and natural translation.,deepseek-v4-flash
5e54986329b7092792a5,minor,0.8,The phrase 'qahramon bilan munosabatlari buzilmagan' is slightly awkward; better would be 'qahramon bilan munosabatlari amalga oshmaydigan'.,deepseek-v4-flash
e6aec97df0dceb8f8f46,correct,1.0,Accurate and natural translation.,deepseek-v4-flash
f20e3776a0d1161f8b41,correct,0.95,"The translation is accurate, but the 'Colgate’ning' uses a non-Uzbek apostrophe; should be 'Colgate'ning'.",deepseek-v4-flash
0b719cea2f18f1ee69a3,minor,0.7,"The distance and location are correct, but 'North Wilkesboro, North Carolina' is left in English; should be translated or transliterated. Ho",deepseek-v4-flash
70bd8f4da3187170fc46,minor,0.8,"The translation is mostly correct, but 'Urvalsdeild' should be 'Urvalsdeild' or a transliteration; the sentence is understandable.",deepseek-v4-flash
d970c0a9721dc6d1b907,correct,1.0,Accurate and natural translation.,deepseek-v4-flash
1d9285810f5c67bdfbc9,correct,1.0,Accurate and natural translation.,deepseek-v4-flash
fe737b7f0bea2882951b,minor,0.8,"The translation is correct, but 'Blekxoks' is a transliteration of 'Blackhawks', which is fine. The period placement is fine.",deepseek-v4-flash
8a3a49849ebe889b0e46,correct,1.0,Approved translation.,deepseek-v4-flash
d1f1e174b69acaa415fe,correct,1.0,Natural and complete translation.,deepseek-v4-flash
5818c0a7eedea7ab77f9,correct,1.0,Accurate and natural rendering.,deepseek-v4-flash
2d1f2b7dbfa46c0c2427,correct,1.0,Natural translation.,deepseek-v4-flash
92c6218cf314f65b9ac2,minor,0.7,Book title left in English; acceptable but could be transliterated.,deepseek-v4-flash
fcf9827dfe9e178ee4a1,correct,1.0,Accurate translation with proper names retained.,deepseek-v4-flash
8c770e17f364262dd183,correct,0.9,"Slight awkwardness in 'kengaytirilgan 10,5 dyuymli ekranli displey' but overall correct.",deepseek-v4-flash
9a8ffb2bf741a88b6e4f,minor,0.8,Plant names and one scientific name left in Latin; contextually okay but minor English retention.,deepseek-v4-flash
6d82b96551d893f60d4d,correct,0.9,Slight awkwardness in 'hudud' addition but acceptable.,deepseek-v4-flash
4d74f51e1f7d9bc54074,minor,0.8,"'miecznik' untranslated, possibly a title; minor.",deepseek-v4-flash
531e7152ce676c5910a3,correct,0.9,Minor run-on but no errors; slight punctuation issue.,deepseek-v4-flash
bf63fad16c7b42b771c3,wrong,0.9,Incomplete translation; missing coach/functionary roles.,deepseek-v4-flash
466693716ed8b6d92531,correct,1.0,Accurate translation.,deepseek-v4-flash
f76cf4b536feb00372d6,junk,1.0,Fragment incomplete; not meaningful translation.,deepseek-v4-flash
041ba6da8c12deaa7285,minor,0.8,Names slightly transliterated; minor.,deepseek-v4-flash
829ba5a14da4df63bf0c,minor,0.8,Japanese characters retained; but as proper nouns acceptable.,deepseek-v4-flash
7b3ea2c30ae4662cf0bb,minor,0.8,'fellow' omitted and slight awkwardness 'jamoa bilan' but overall understandable; minor.,deepseek-v4-flash
a8216732f7dd6c177cdf,correct,1.0,Accurate and natural.,deepseek-v4-flash
da712c41dd519880c120,minor,0.8,List fragment; but as translation of heading it's fine; minor (no issue).,deepseek-v4-flash
f9e8411ae89fb004f3fe,correct,1.0,Accurate translation.,deepseek-v4-flash
b796a82ed7207e6d305e,correct,0.95,"Natural translation, proper punctuation.",deepseek-v4-flash
700d0b306cb505afa8f0,correct,0.9,"Translation is complete and accurate, minor spacing issues.",deepseek-v4-flash
1579c7faf6e43aa72825,correct,0.98,Clear and accurate translation.,deepseek-v4-flash
ca06450c1088172898fb,correct,0.95,Accurate translation with slight rephrasing.,deepseek-v4-flash
5fb22a7dccb4b18b7163,wrong,0.85,Meaning altered: 'when it was canceled' misinterpreted as 'when CBS obtained it'.,deepseek-v4-flash
c762639d5928a5618de7,correct,0.95,"Concise, accurate translation.",deepseek-v4-flash
ef4d638f12fecf6a6f2b,correct,0.98,Accurate translation with proper transliterations.,deepseek-v4-flash
a5b5b696acf61899582c,correct,0.98,"Accurate translation, proper date format.",deepseek-v4-flash
4825eb3ecb45075a803c,correct,0.9,Minor word order issue but meaning preserved.,deepseek-v4-flash
041718deb2bf623c326a,correct,0.95,"Accurate translation, slight style variation.",deepseek-v4-flash
6a29f8ddf9df3ee349c0,correct,0.98,Accurate translation.,deepseek-v4-flash
65cf1ad8cbebf46042a4,correct,0.9,"Slightly long but accurate, minor punctuation.",deepseek-v4-flash
cc99e9ba8de362eafde9,minor,0.8,Inconsistent quoting of 'hatchback' and 'wagon'.,deepseek-v4-flash
826b8a4bf709838ed602,correct,0.95,Accurate translation of technical term.,deepseek-v4-flash
84a4ddd551e08bde5719,correct,0.98,Accurate translation.,deepseek-v4-flash
c4d7d4abd819b22cbcc5,minor,0.75,"Translation of 'breakthrough role' as 'ajoyib rol' may be slightly off, but meaning is close.",deepseek-v4-flash
7226a8907fdabdae8ced,junk,0.95,"Citation fragment, not prose.",deepseek-v4-flash
a3c8b41c58b0f26f1db6,correct,0.98,Accurate translation with proper names.,deepseek-v4-flash
af83cc8025fab1900e33,wrong,0.8,Meaning altered: 'led the team with 138 penalty minutes' mistranslated as 'направлял команду'.,deepseek-v4-flash
cfcf0f26e314181f3e07,correct,0.98,Accurate translation.,deepseek-v4-flash
7e67ae3b77ae8d456316,correct,0.95,Translation is accurate and natural.,deepseek-v4-flash
9c49b10b35d4134f755e,correct,0.95,Translation is accurate and natural.,deepseek-v4-flash
14f23ca6b96134180ad0,correct,0.95,Translation is accurate and natural.,deepseek-v4-flash
23d44c699a3a45c2defd,correct,0.95,Translation is accurate and natural.,deepseek-v4-flash
2800656c11ea86bdde3f,correct,0.95,Translation is accurate and natural.,deepseek-v4-flash
2fe022e0a358eed4bdae,minor,0.9,"Original includes Japanese characters (亀山市, Kameyama-shi), which remain, but translation is okay.",deepseek-v4-flash
ec277857fd0895003e13,correct,0.95,Translation is accurate and natural.,deepseek-v4-flash
016a9eb1d0c9cd35d758,correct,0.95,Translation is accurate and natural.,deepseek-v4-flash
f8d50a77e59e68f27efe,minor,0.85,"Contains English 'Ukrainian' and extra parenthesis, but meaning is clear.",deepseek-v4-flash
1d3d5d7304af7efa7a6d,minor,0.8,Has some awkward punctuation and phrasing but meaning retained.,deepseek-v4-flash
c8f66cf06f553428ed96,minor,0.85,"Past tense not rendered ('managed' vs 'boshqariladi'), but overall acceptable.",deepseek-v4-flash
e1e84b1fafb100308bfc,correct,0.95,Translation is accurate and natural.,deepseek-v4-flash
ab96cb1540d33f5a07b4,correct,0.95,Translation is accurate.,deepseek-v4-flash
76cbea521685247a1833,correct,0.95,Translation is accurate and natural.,deepseek-v4-flash
d81be3e5614edd5a7453,correct,0.95,Translation is accurate and natural.,deepseek-v4-flash
48cc164357c3935ec4d6,correct,0.95,Translation is accurate and natural.,deepseek-v4-flash
cffb88a5931740124fc2,correct,0.95,Translation is accurate and natural.,deepseek-v4-flash
b6049dd5669998195498,correct,0.95,Translation is accurate.,deepseek-v4-flash
87c0021cb59481e2cd83,correct,0.95,Translation is accurate and natural.,deepseek-v4-flash
52e7e4710e2dd3cec95c,correct,0.95,Translation is accurate and natural.,deepseek-v4-flash
83ec00cf05bd9bdc0bec,correct,1.0,,deepseek-v4-flash
b766e633b67318f44b60,correct,1.0,,deepseek-v4-flash
1f7650ca4618f724169d,minor,0.8,'Villadsning o'g'li bo'lish' is unnatural; should be 'o'g'li Villads tug'ilishi' or similar.,deepseek-v4-flash
65d9034fe23f2527d6b3,correct,0.95,,deepseek-v4-flash
05e44c01a14e73558739,minor,0.7,'bilatchisi' looks like a typo; should be 'biatlonchisi'.,deepseek-v4-flash
137665a2c7811466ed33,correct,1.0,,deepseek-v4-flash
0bef930269c56ccbc7d8,correct,1.0,,deepseek-v4-flash
5a0522d689f9c642c401,minor,0.8,'kuchli matematik' is not in English; should just be 'matematik'.,deepseek-v4-flash
3dc88f8a6c45547ab640,correct,1.0,,deepseek-v4-flash
3d21aaa4f2b740faa1c2,correct,1.0,,deepseek-v4-flash
be7aa8c78fc2d988353c,correct,1.0,,deepseek-v4-flash
d4d3258345f92cbee040,minor,0.8,'qayguniga' should be 'qaytguncha'.,deepseek-v4-flash
b7527ceaebf6686cff2e,correct,1.0,,deepseek-v4-flash
692514734c4b576749ce,minor,0.9,'Laknaudan' should be 'Lakhnavdan' or 'Lucknowdan'.,deepseek-v4-flash
c03776ab0bdd664a6d85,minor,0.9,'leukemia' is English; should be 'leykemiya'.,deepseek-v4-flash
74dcba15db916ebc5b87,correct,1.0,,deepseek-v4-flash
e49f1220f083e214a679,minor,0.9,'tutilish' is odd for 'catch'; should be 'qabul qilish'.,deepseek-v4-flash
7a33b6c82316ff871623,correct,1.0,,deepseek-v4-flash
1b5942589614ddd2e1f1,correct,1.0,,deepseek-v4-flash
d13c9b699275310247f6,correct,1.0,,deepseek-v4-flash
9deac04a0488679bbc7e,correct,0.9,,deepseek-v4-flash
5ae0c72749dd0cbc2e71,minor,0.8,重复'hind'，以及'suratga tushadi'较为口语化，但整体可接受。,deepseek-v4-flash
1848900f5364c71efc7c,correct,0.9,,deepseek-v4-flash
f921711b3ea7be326300,minor,0.8,'tadbirlarini'应为'tadbirlar'，但整体意思正确。,deepseek-v4-flash
27703efbaf1898253925,correct,0.9,,deepseek-v4-flash
e50b4faa89cbce023fae,wrong,0.95,译文中'Shahar'不准确，主语应为'Shaharcha'或'Qishloq'。,deepseek-v4-flash
0a20df3e5a329b06989f,correct,0.9,,deepseek-v4-flash
18eac0dd402b7f858560,minor,0.8,专有名词'Borsodnádasd'未保留重音符号，但可接受。,deepseek-v4-flash
3524bd54c2128ad9c84a,junk,0.95,仅为标题碎片，非完整句子。,deepseek-v4-flash
4356bc7b07eb94213846,correct,0.9,,deepseek-v4-flash
f50f9630c03ecb6323df,minor,0.8,'Kozuke'缺少重音符号，但可接受。,deepseek-v4-flash
1089a2bd3d4719ac57d1,correct,0.9,,deepseek-v4-flash
14890e9781a3351b146a,minor,0.8,'vaqtida'使用不当，应为'munosabati bilan'，但整体可理解。,deepseek-v4-flash
960e486d08e5fc751f61,correct,0.9,,deepseek-v4-flash
350205ecf7c407c4f939,correct,0.9,,deepseek-v4-flash
ffda9c34ba0a31b2449f,correct,0.9,,deepseek-v4-flash
d9ef8238e86f8238fb67,minor,0.7,'o`xshasgan'应为'o'xshash'，时态和结构稍有瑕疵，但意思正确。,deepseek-v4-flash
cd46fd03569e5476d589,minor,0.8,'Tasvir barqarorligi'不准确，应为'Rasm barqarorligi'，但整体可理解。,deepseek-v4-flash
d760c2fecd29e21a9815,minor,0.8,'Chernogoriya'应为'Chernogoriya'拼写错误，但可接受。,deepseek-v4-flash
865d6eda7001b8e1fa90,correct,0.9,,deepseek-v4-flash
6ea23f5354c9d989258f,correct,0.95,Translation is accurate and natural.,deepseek-v4-flash
dbedc08615dffbdbba9b,minor,0.8,Minor typo: 'Olimpia' should be 'Olimpiya'.,deepseek-v4-flash
3b489e956b3e9c897873,correct,0.95,Accurate translation.,deepseek-v4-flash
542216b8936f3f207b90,correct,0.95,Accurate translation.,deepseek-v4-flash
38da8bc963030c023133,correct,0.95,Accurate translation of complex sentence.,deepseek-v4-flash
ffad917e0c93615be72f,correct,0.95,Accurate translation.,deepseek-v4-flash
b405151a11515db00963,correct,0.95,Accurate translation.,deepseek-v4-flash
7e481e423c3042326b11,minor,0.8,Occasional extra spaces and transliteration of 'oblast' as 'viloya' instead of 'viloyat'.,deepseek-v4-flash
c0ad053f0bcd0e36e720,correct,0.95,Accurate translation.,deepseek-v4-flash
decbba67802a7f926ff7,junk,0.9,Incomplete phrase without context; likely a title or fragment.,deepseek-v4-flash
f089fa4d0b7f528db73e,correct,0.95,Accurate translation.,deepseek-v4-flash
d73b5514799d66dcf77a,correct,0.95,Accurate translation.,deepseek-v4-flash
9f6ba5a8cb27b02df1de,correct,0.95,Accurate translation.,deepseek-v4-flash
1c58d942bb6eff3d8170,correct,0.95,Accurate translation.,deepseek-v4-flash
06af411f6a84d844e489,minor,0.75,"Slight awkwardness in word order, but meaning is clear.",deepseek-v4-flash
2f5205cc9851d28e4f50,correct,0.95,Accurate translation.,deepseek-v4-flash
b9e4eab5b525635cad8c,minor,0.7,Incomplete quotation; translation is partial but acceptable as fragment.,deepseek-v4-flash
5857780bf736ad9c8623,correct,0.95,Accurate translation.,deepseek-v4-flash
df5fff682cb1bdf36e19,minor,0.7,Minor errors: 'Chelovek . v maske' has a stray space; also transliterations are inconsistent.,deepseek-v4-flash
cb0feb0e66512a5dc6bd,correct,0.95,Accurate translation.,deepseek-v4-flash
15a17d3844bcf173710d,correct,0.9,,deepseek-v4-flash
4a301664a369d0ed5569,correct,0.9,,deepseek-v4-flash
28944de0723dc88ec078,junk,1.0,List of terms and phrases without context,deepseek-v4-flash
33f4574af51ae714300b,correct,0.9,,deepseek-v4-flash
ef4fdb88f5a961b9c64f,correct,0.95,,deepseek-v4-flash
bb26cbb254969649ad6f,correct,0.9,,deepseek-v4-flash
8860f3f4d527b70ed515,correct,0.9,,deepseek-v4-flash
61e737db52deedd0c4df,correct,0.9,Concise caption translation,deepseek-v4-flash
c9a90574d5454439450c,correct,0.9,,deepseek-v4-flash
d3d553dde5ffada6b6c6,correct,0.9,,deepseek-v4-flash
4d80783270f15956c0fa,correct,0.9,,deepseek-v4-flash
32e2327954290406852a,correct,0.95,,deepseek-v4-flash
eebec6a5240422868128,correct,0.95,Caption translation,deepseek-v4-flash
1a7bcfe16732faf695a9,correct,0.85,Minor transliteration differences but acceptable,deepseek-v4-flash
b463e6b58ec7d95cc201,correct,0.9,,deepseek-v4-flash
58d4b216a4d6d94f73e2,correct,0.9,,deepseek-v4-flash
2c6f96956fe50c7c23ce,correct,0.9,,deepseek-v4-flash
b1dc6f189b093bbc1fc3,correct,0.9,,deepseek-v4-flash
7cab3340ca0e2ebcbf11,correct,0.9,,deepseek-v4-flash
936377cbbe269e3128bb,correct,0.9,,deepseek-v4-flash
4bd4c7508cb7b859737c,correct,0.95,Translation is natural and accurate.,deepseek-v4-flash
1a1299eda83129f5f720,minor,0.8,Minor punctuation issue: missing space after comma.,deepseek-v4-flash
b627fe9bcbbb1bd5d080,correct,0.95,Translation is natural and accurate.,deepseek-v4-flash
32e24629e2d70f39dcad,correct,0.95,Translation is natural and accurate.,deepseek-v4-flash
9cb0e8cad3d2d1f5a43a,minor,0.8,Name 'carlo' should be capitalized; minor stylistic issue.,deepseek-v4-flash
4dd90811a4d3e7c71432,correct,0.95,Translation is natural and accurate.,deepseek-v4-flash
94136e07bb82f4bef05d,correct,0.95,Translation is natural and accurate.,deepseek-v4-flash
051f952d36497c840c97,correct,0.95,Translation is natural and accurate.,deepseek-v4-flash
b66bd26fb36eeb35c011,correct,0.95,Translation is natural and accurate.,deepseek-v4-flash
88cc86c7fd9ffaab5457,correct,0.95,Translation is natural and accurate.,deepseek-v4-flash
6fffe56d6bb5ec19f556,correct,0.95,Translation is natural and accurate.,deepseek-v4-flash
8638dc0e8b996a9f1f1c,correct,0.95,Translation is natural and accurate.,deepseek-v4-flash
e10bba9d107313f85c4e,correct,0.95,Translation is natural and accurate.,deepseek-v4-flash
91a41aed34eb4d83ebbb,minor,0.85,Slight nuance: 'ishtiyoqni kuchaytirdi' could be 'ishtiyoq paydo bo'ldi'; but acceptable.,deepseek-v4-flash
735e95272ffb9a5b65a2,minor,0.8,Missing closing quote; minor punctuation issue.,deepseek-v4-flash
efee18cd25579cb4cbf0,wrong,0.95,Incomplete sentence and awkward translation; '3 miles' untranslated.,deepseek-v4-flash
8262835787bbd3da2b16,correct,0.95,Translation is natural and accurate.,deepseek-v4-flash
01f0b223d87d798494e3,correct,0.95,Translation is natural and accurate.,deepseek-v4-flash
d92498be4ed0197376a3,correct,0.95,Translation is natural and accurate.,deepseek-v4-flash
a9dfe5136b612bfbe09f,correct,0.95,Translation is natural and accurate.,deepseek-v4-flash
8009b229c4b07e6e07b9,correct,1.0,The Uzbek translation accurately captures the meaning of the English sentence with no significant issues.,deepseek-v4-flash
c164c4f3792386cc3907,correct,0.9,"The translation is accurate and natural, though it could be slightly more formal.",deepseek-v4-flash
177643a2762205849653,correct,0.95,"The Uzbek translation is accurate and complete, conveying the intended meaning well.",deepseek-v4-flash
3b52e86827fdcd70a562,minor,0.7,The phrase 'forig' bo'lgach' is acceptable but slightly awkward; a more direct translation might say 'tuzalgach'.,deepseek-v4-flash
ca130a1c2d3c0648a089,minor,0.6,"The original name 'Bethmann-Unzelmann' is translated as 'Bethmann Unzelmann' without the hyphen, and the structure is a bit run-on but still",deepseek-v4-flash
8504b0bbc4eb81f65aa5,correct,1.0,The translation is accurate and natural.,deepseek-v4-flash
74ebcd5665e6c903d9ef,correct,1.0,The translation is accurate and natural.,deepseek-v4-flash
c1f4e0f0c3a4f5669bc4,correct,0.95,"The translation is accurate, though the title could be translated more fluidly.",deepseek-v4-flash
416d984a494b9475c864,minor,0.65,"The translation says 'Broadwaydagi' but the English says 'off-Broadway', which is a slight inaccuracy. Also, 'tanaffus' might not capture 'b",deepseek-v4-flash
dbe52809af8a084cbd4d,correct,1.0,The translation is accurate and natural.,deepseek-v4-flash
e12b91a700f8d4a2085f,correct,1.0,The translation is accurate and natural.,deepseek-v4-flash
2ffa9481c71a7cdd7722,minor,0.7,"The translation is mostly accurate, but 'keyin' is used twice; it could be rephrased for better flow.",deepseek-v4-flash
b66d5132ec7cc995091e,minor,0.5,There is a stray '.-yil' which seems like a typo; also 'oʻtkazdi' is fine but the sentence structure is slightly off.,deepseek-v4-flash
e541136f2257214aa4e3,correct,0.9,"The translation is accurate and natural, with minor style differences.",deepseek-v4-flash
c9f36d8755979ef91a73,correct,1.0,The translation is accurate and natural.,deepseek-v4-flash
2ef2f32457456935691a,correct,1.0,The translation is accurate and natural.,deepseek-v4-flash
e5aaf274bfad5ee4cf59,correct,1.0,The translation is accurate and natural.,deepseek-v4-flash
48d00abf48dc0b7b57df,correct,1.0,The translation is accurate and natural.,deepseek-v4-flash
003496cfa346765adc26,minor,0.6,The translation is accurate but slightly redundant in structure; 'Giampaolo Pazzini faoliyati davomida' could be simplified.,deepseek-v4-flash
99c63c82b91e8ec9fb40,correct,0.95,"The translation is accurate and natural, with a minor stylistic choice.",deepseek-v4-flash
ce11c92163d89c642f99,minor,0.8,"The English original uses 'the village', Uzbek says 'qishlog'ning', but in context it's clear. Also, 'the center' is translated as 'shahar m",deepseek-v4-flash
5c0af6eb94c817d5597c,correct,0.95,Accurate and natural translation.,deepseek-v4-flash
f20314ccd0fc2067feb9,correct,0.9,Good translation of the battle and date.,deepseek-v4-flash
64cbc6f4af72dc702b95,correct,0.95,Accurate translation.,deepseek-v4-flash
de64791e91a610e15cd5,minor,0.75,"The English says 'top goalscorer in Tippeligaen', Uzbek has 'Tippeligaenda eng yaxshi to'purar', which is fine. The meaning is clear.",deepseek-v4-flash
922765b48ce9e3651c8c,minor,0.85,"The English says 'won the first edition of the Copa Paulino Alcantara', Uzbek says 'Paulino Alcantara kubogining birinchi g'olibi bo'ldi', w",deepseek-v4-flash
fd87593b517da6195c7a,correct,0.95,Accurate translation.,deepseek-v4-flash
8532b544f0d246ba6086,minor,0.7,The translation says 'shundan 260 nafari yakka tartibdagi tadbirkorlardir' which is not exactly 'self-employed' but acceptable. The meaning ,deepseek-v4-flash
0c81f9aef0650c3f54c2,minor,0.8,"The English says 'in 1984 and 1983 respectively', but the order in Uzbek is 'yakkalikda ... 34-o'rinni, juftlikda ... 4-o'rinni', which migh",deepseek-v4-flash
3349c57eb4026710b08a,correct,0.9,Abbreviations are correctly translated.,deepseek-v4-flash
3438430b74d555dd103f,minor,0.8,"The English says 'got his first starring role', Uzbek says 'birinchi bosh rolni oldi', which is fine. However, 'with Thalía' is translated a",deepseek-v4-flash
523a2479cea9c13e0c36,minor,0.8,"The English mentions 'municipality and village', but Uzbek only has 'munitsipalitet'. Minor omission.",deepseek-v4-flash
642b51128736694c10a4,correct,0.95,Accurate translation.,deepseek-v4-flash
d3aff73676f62576ffd5,correct,0.95,Accurate translation.,deepseek-v4-flash
f78181da7a277034af42,correct,0.95,Accurate translation.,deepseek-v4-flash
8e619a8769bae7e6ea9f,minor,0.8,"The English says 'Northeastern Huskies', but the Uzbek says 'Shimoliy-Sharqiy Huskies' which is a translation, acceptable though the origina",deepseek-v4-flash
206b3b6416c1ddd840a9,correct,0.9,Name translation matches.,deepseek-v4-flash
9cc32d3e412fb338f55d,minor,0.8,"The English says 'assisted on another' but Uzbek says 'yana bir golga assistentlik qildi' which is 'assisted another goal', but it's accepta",deepseek-v4-flash
32a0aa21ec2088a9389b,minor,0.8,"The English title 'Crome Yellow' is translated as 'Krom Sariq', which is a literal translation, but in Uzbek it might be better to keep orig",deepseek-v4-flash
08283ab20bf84df7b327,correct,0.95,Accurate and natural translation.,deepseek-v4-flash
72587ec4e77e623884c5,correct,1.0,The translation is natural and complete.,deepseek-v4-flash
8a3c95521db0d111857d,correct,1.0,The translation is accurate and natural.,deepseek-v4-flash
9991fa7ae53aa18d06c5,correct,1.0,The translation is accurate and natural.,deepseek-v4-flash
3835aaa603bd7ffba9bf,correct,1.0,The translation is accurate and natural.,deepseek-v4-flash
fead62bf9971eee4e55f,correct,1.0,The translation is accurate and natural.,deepseek-v4-flash
948d911658df2438cd3e,correct,1.0,The translation is accurate and natural.,deepseek-v4-flash
ac40586565a52768ed40,minor,0.8,Minor spacing issue: 'sud- tibbiyot' should be 'sud-tibbiyot'.,deepseek-v4-flash
095f94995b58608fd89f,correct,1.0,The translation is accurate and natural.,deepseek-v4-flash
521fcbe3d0c5f84feb54,correct,1.0,The translation is accurate and natural.,deepseek-v4-flash
74c21377886500b9d09a,correct,1.0,The translation is accurate and natural.,deepseek-v4-flash
dc7ce36231052d68c513,correct,1.0,The translation is accurate and natural.,deepseek-v4-flash
4496c01e42dd7b74b50d,correct,1.0,The translation is accurate and natural.,deepseek-v4-flash
daeb21768adf10b46e93,correct,1.0,The translation is accurate and natural.,deepseek-v4-flash
07df1c7994b2eb8cee09,correct,1.0,The translation is accurate and natural.,deepseek-v4-flash
e7b874e4febab2be6ab8,correct,1.0,The translation is accurate and natural.,deepseek-v4-flash
5bf1be4e0c5a5a655c9d,minor,0.8,"Slightly awkward phrasing: 'Poppa qaerda?' could be improved, but understandable.",deepseek-v4-flash
1dc3e06f026ec1cfa18b,wrong,0.9,"Translation error: 'which starred Johnny Depp' is mistranslated as 'Johnny Depp rolini o'ynagan' implying Johnny Depp played the role, not s",deepseek-v4-flash
895e9b42dc247767c53a,wrong,0.9,"Translation error: 'after leading a school camping trip' is mistranslated as 'maktab lageriga sayohat qilganidan keyin', which changes meani",deepseek-v4-flash
f9d2b6e9d87cbedc6527,correct,1.0,Simple name and dates translation.,deepseek-v4-flash
e0c5c16aea89503040ea,correct,1.0,The translation is accurate and natural.,deepseek-v4-flash
4f22651d0bbe713da1a4,correct,0.95,乌兹别克语自然完整，无英文残留，翻译准确。,deepseek-v4-flash
03f96f3858fcb675932f,correct,0.9,翻译完整准确，流畅，无大量英文残留。,deepseek-v4-flash
7e316bc2e55af68548dc,correct,0.95,翻译准确，表达自然。,deepseek-v4-flash
a21992c8cd5d9d383850,correct,0.95,翻译准确，自然。,deepseek-v4-flash
b0ac6c00719a9c92050d,correct,0.9,翻译准确，表达自然。,deepseek-v4-flash
05bea31c0b0186b1e76c,correct,0.95,翻译准确，无英文残留。,deepseek-v4-flash
8a8b29f923af11514d88,correct,0.95,翻译准确，自然。,deepseek-v4-flash
fe65b1cc87693031450d,correct,0.9,翻译准确，表达自然，略有标点问题但不影响理解。,deepseek-v4-flash
5d00a6484c9e0ce103ec,correct,0.95,翻译准确，自然。,deepseek-v4-flash
ab1aae4241146b51b27f,correct,0.95,翻译准确，自然。,deepseek-v4-flash
f96e450973cbfc42ac2a,correct,0.95,翻译准确，自然。,deepseek-v4-flash
e85cf4dce64d3745cfdc,correct,0.95,翻译准确，自然。,deepseek-v4-flash
441a764dc5f264f1b849,correct,0.95,翻译准确，自然。,deepseek-v4-flash
f3a0680f9ad09c5ebce8,correct,0.9,是短语碎片，但属于标题，翻译完整，无英文残留。,deepseek-v4-flash
dd9bd705a17710e9c486,correct,0.95,翻译准确，自然。,deepseek-v4-flash
0fa616b24fce73c46292,correct,0.9,翻译准确，但句子稍显冗长，无英文残留。,deepseek-v4-flash
cbf043a592bbf6fa30bc,correct,0.95,翻译准确，自然，是标题。,deepseek-v4-flash
5991c0ae0836e15afda7,correct,0.95,翻译准确，自然。,deepseek-v4-flash
3fb92d8627bf66a5b0d1,correct,0.95,翻译准确，自然。,deepseek-v4-flash
c3b7f7ccbec803d12b68,correct,0.9,翻译准确，但句子较长，引号内词汇保留，但符合原意。,deepseek-v4-flash
f0f220cd7f063a80920e,correct,0.95,Natural and complete translation with no major issues.,deepseek-v4-flash
9ee8da45ffe483c98aa0,correct,0.95,"Accurate translation, natural phrasing.",deepseek-v4-flash
604ea881c91e46c70e84,correct,0.9,Complete translation with minor punctuation issues (space before parenthesis) but no meaning loss.,deepseek-v4-flash
b6b92f16ed07ceeae85a,correct,0.95,Simple and accurate translation.,deepseek-v4-flash
9c7de3fdc3f26624a753,correct,0.9,"Accurate translation, slight awkwardness but natural enough.",deepseek-v4-flash
2ee2c8b6f09ed5979534,correct,0.95,Accurate and natural translation.,deepseek-v4-flash
b409f21edd15f6095f3a,correct,0.95,"Accurate translation with minor spacing issue, no meaning loss.",deepseek-v4-flash
c53104f1f0188344a408,minor,0.85,List-style content structured as translation; unnatural but complete; minor punctuation issues.,deepseek-v4-flash
ef98af1d784df03d30ef,wrong,0.9,"Incomplete translation, leaves 'no.' untranslated, unclear.",deepseek-v4-flash
69cccd045a2319ac2eb8,correct,0.95,Accurate and natural translation.,deepseek-v4-flash
55cabbc86d45fb2a6a88,correct,0.95,Accurate translation.,deepseek-v4-flash
db95ffe27cfd88cd7efd,correct,0.95,Accurate translation.,deepseek-v4-flash
18da4e36950758774df0,correct,0.95,Accurate translation.,deepseek-v4-flash
924152eff700c45431a8,correct,0.95,Accurate translation.,deepseek-v4-flash
fdafc17d63de9f2d2095,correct,0.95,Accurate translation with transliteration of name.,deepseek-v4-flash
02daa3825986e26274c0,minor,0.8,"Ends with 'bo'lib' which is incomplete; missing final verb, gives incomplete sense.",deepseek-v4-flash
389262c55fe2d6f54c0c,correct,0.95,Accurate translation.,deepseek-v4-flash
020f0067cba2b201bf9a,correct,0.95,Accurate translation.,deepseek-v4-flash
5f87bdd14c1c0bb2975b,minor,0.8,"Missing preposition 'as' (sifatida) and awkward phrasing, but meaning still clear.",deepseek-v4-flash
6b10c746a18207a1f17e,correct,0.95,Accurate and natural translation.,deepseek-v4-flash
7366f90568c7f06e9311,correct,1.0,Translation is accurate and natural.,deepseek-v4-flash
8c99226683e456814d0c,correct,1.0,"Fragment translated correctly, natural in context.",deepseek-v4-flash
e8d65c8420de6d4b7fbd,correct,1.0,Translation is accurate and natural.,deepseek-v4-flash
3acf655959658aeec925,correct,1.0,Translation is accurate and natural.,deepseek-v4-flash
a6acacea502e4b99ee12,correct,1.0,Translation is accurate and natural.,deepseek-v4-flash
88b7cf6aaba2a9ca909c,correct,1.0,Translation is accurate and natural.,deepseek-v4-flash
a895b5dbf259e09249cf,minor,0.9,Slight redundancy: 'o'zining tug'ilgan klubida' repeats 'tug'ilgan klubida' but acceptable.,deepseek-v4-flash
1cd08e1bde7b95feb873,minor,0.8,Missing 'ga' after 'dengizi' - should be 'Karib dengiziga' for direction.,deepseek-v4-flash
715711ddba3cb51bbb7e,correct,1.0,Translation is accurate and natural.,deepseek-v4-flash
da604b46f807a9b1ed31,correct,1.0,Translation is accurate and natural.,deepseek-v4-flash
430f5488415838d64481,correct,1.0,Translation is accurate and natural.,deepseek-v4-flash
b271f7f995da6140e06d,correct,1.0,Translation is accurate and natural.,deepseek-v4-flash
479ec694e61ffa602bdb,correct,1.0,"Fragment translated correctly, natural in context.",deepseek-v4-flash
d58c10cd2b287a12f88c,correct,1.0,Translation is accurate and natural.,deepseek-v4-flash
f0326b13f32b4481a4bc,correct,1.0,Translation is accurate and natural.,deepseek-v4-flash
0f6b8acd7e79b5a925af,correct,1.0,Translation is accurate and natural.,deepseek-v4-flash
2c2b3d54874a782e25eb,correct,1.0,Translation is accurate and natural.,deepseek-v4-flash
54cb9c4c84f9f5588bdf,correct,1.0,Translation is accurate and natural.,deepseek-v4-flash
644587766d43047fb85a,correct,1.0,Translation is accurate and natural.,deepseek-v4-flash
8cf272c810d4f9b46375,correct,1.0,Translation is accurate and natural.,deepseek-v4-flash
2b1434d432702633a522,correct,0.95,Accurate and natural translation.,deepseek-v4-flash
d33aaa02b40d5598d66e,correct,0.98,Accurate and natural translation.,deepseek-v4-flash
4d0bccba1fc84f6d5e08,correct,0.9,Accurate and natural translation.,deepseek-v4-flash
2e2f168c3c708fbbf8a3,correct,0.98,Accurate and natural translation.,deepseek-v4-flash
fb10b0ba0602caa35738,correct,0.9,Transliteration of place names is acceptable.,deepseek-v4-flash
1b56582aeeefbd0ee7ea,correct,0.98,Accurate and natural translation.,deepseek-v4-flash
0e320bccb76376d6647c,correct,0.95,Accurate and natural translation.,deepseek-v4-flash
baafff3f76f302bde7e0,wrong,0.8,Slight meaning distortion: 'east of Delta' misinterpreted; should be 'Delta'dan sharqda' not 'Deltadan sharqda joylashgan'. Also 'over the G,deepseek-v4-flash
0860748737953be0e492,correct,0.95,Accurate and natural translation.,deepseek-v4-flash
b3fdb638f8ba7179fdd4,correct,0.9,"Accurate and natural translation, slight word order but fine.",deepseek-v4-flash
657888da3772932c32ac,correct,0.98,Accurate and natural translation.,deepseek-v4-flash
9676879d0f16a26321c4,wrong,0.7,'Spanish' is left in English and should be translated or transliterated; 'Spanish: Pasaporte español' not translated.,deepseek-v4-flash
86ce9789d658f8044c71,correct,0.98,Accurate and natural translation.,deepseek-v4-flash
ec5ec1591d87d91f4403,correct,0.98,Accurate and natural translation.,deepseek-v4-flash
afdcd1840981eb5253d7,minor,0.8,'Häßler' should be transliterated to Uzbek script; currently in Latin.,deepseek-v4-flash
b6136af0a6c13e1a44d2,minor,0.7,'Novato' should be transliterated; 'football house league' translated as 'futbol uyi ligasi' is not idiomatic.,deepseek-v4-flash
e6b1a7a626e546bc32f3,junk,1.0,List of place names and proper nouns; no complete sentences.,deepseek-v4-flash
8a6aa8f84810af8effe9,correct,0.9,Accurate and natural translation.,deepseek-v4-flash
6fda3900330c766e5bfb,correct,0.98,Accurate and natural translation.,deepseek-v4-flash
13d86940d83a20319374,correct,0.95,Accurate and natural translation.,deepseek-v4-flash
79d889a3234ed1be5712,minor,1.0,Spanish word 'Spanish' retained with 'Rio' but translation is otherwise natural and complete.,deepseek-v4-flash
b58b226e02b6c7f22f37,correct,1.0,Natural and complete translation.,deepseek-v4-flash
335ebb9b5c93ecf89397,minor,1.0,Proper noun 'Stewart Memorial' retained but translated 'Library' to 'kutubxonasi'.,deepseek-v4-flash
bf99a589eea8adccdbbf,minor,0.9,"Retains 'V.League' and 'Top' untranslated, but is a translation.",deepseek-v4-flash
607a1f984ab7b537098a,minor,1.0,"Retains title 'Palaistine' and Greek names, but translation is complete.",deepseek-v4-flash
e823e1581a375aa350ab,correct,1.0,Natural and complete translation.,deepseek-v4-flash
921642e4c4b5e7d65584,correct,1.0,Natural and complete translation.,deepseek-v4-flash
c1000a2f392a0e0db6eb,correct,1.0,Natural and complete translation.,deepseek-v4-flash
8c2543b98f97258e9371,minor,1.0,"Retains brand names 'Skoda', 'Octavia Green E Line' but is a translation.",deepseek-v4-flash
620ee83b162b7cd31bf1,minor,1.0,Retains 'Novo Mesto' and 'grammatika' (grammar) but is otherwise natural.,deepseek-v4-flash
bc9463ccdd75fd654fa1,correct,1.0,Natural and complete translation.,deepseek-v4-flash
ea753361e580643b2cb0,correct,1.0,Natural and complete translation.,deepseek-v4-flash
0a90a24dc72f08c2f520,minor,1.0,Retains 'University College London' and 'Following' but is a translation.,deepseek-v4-flash
490931930946248cb6d1,minor,1.0,Retains 'Ultimate Marvel' and 'Spider-Man' but is a translation.,deepseek-v4-flash
c22daf012bc69c50b4c2,correct,1.0,Natural and complete translation.,deepseek-v4-flash
1cacd4c0a423557d22d6,correct,1.0,Natural and complete translation.,deepseek-v4-flash
158c58bf83040e3c3568,minor,1.0,"Retains 'MVC', 'All-Bench' etc but is a translation.",deepseek-v4-flash
f433c6349d26e8625b3b,minor,1.0,Retains 'Decree 34/2020/ND-CP' but is a translation.,deepseek-v4-flash
690583ea4513d794417f,correct,1.0,Natural and complete translation.,deepseek-v4-flash
bd58f399503d87efec10,minor,0.9,Missing 'bo'lib' at end; 'Professor of Practical Philosophy' translated but missing 'bo'lib'.,deepseek-v4-flash
d537a94795e879f5756b,correct,1.0,Translation is accurate and natural.,deepseek-v4-flash
d376465ba07d885ab753,minor,0.8,"Missing 'CO' abbreviation explanation, but acceptable.",deepseek-v4-flash
84319a1e2f3c9efe5a0d,correct,1.0,Accurate translation.,deepseek-v4-flash
16af618ad12d9e44c49d,correct,0.95,Accurate and concise.,deepseek-v4-flash
603938a2fb298f8e5aa9,minor,0.85,'as well as his brother' translated as 'va uning ukasi' could be slightly ambiguous but acceptable.,deepseek-v4-flash
6a361f22d928d4a1a55a,correct,0.95,Accurate translation.,deepseek-v4-flash
fa45af31cb1e5ce1fb8e,correct,1.0,Accurate and natural.,deepseek-v4-flash
adbf295540024579dbf3,wrong,1.0,"'musqasiga' is not a recognized word; likely typo for 'musiqaga' (song) or similar, but wrong word.",deepseek-v4-flash
cc14575424b10fbb4f7d,correct,1.0,Accurate translation.,deepseek-v4-flash
c67f8031f90dd3a08f91,minor,0.85,Missing subject 'U' but acceptable in context.,deepseek-v4-flash
70d11ace116f7246b1f7,correct,0.95,Accurate translation.,deepseek-v4-flash
0ad7341089457e05de20,correct,1.0,Accurate translation.,deepseek-v4-flash
65abf332ef588a3e6976,minor,0.8,Slightly awkward construction; 'the month Carrie Lane was promoted' could be clearer.,deepseek-v4-flash
dff8e0bbd183e41a0d4c,correct,1.0,Accurate and natural.,deepseek-v4-flash
f02d707ef8e185d59502,correct,1.0,Accurate translation.,deepseek-v4-flash
7764d4e86c512bd3cc06,correct,1.0,Accurate translation.,deepseek-v4-flash
df5eeac652df84498145,correct,1.0,Accurate translation.,deepseek-v4-flash
64f170642640de29ce2f,correct,1.0,Accurate translation.,deepseek-v4-flash
5ad65caff84de3a29b04,correct,1.0,Accurate translation.,deepseek-v4-flash
211d3ddec832c32c9cf3,correct,1.0,Accurate translation.,deepseek-v4-flash
42f9c7f693542ff23523,correct,0.95,Natural and complete translation.,deepseek-v4-flash
70eb3b0d74736145a290,minor,0.85,"Minor punctuation issue: 'Dresden ""Dinamo"" sining' should be 'Drezden ""Dinamo""sining'.",deepseek-v4-flash
01583a001d25ab5ff7b1,minor,0.9,"Minor spacing issue: ' "" Qonun' has extra space after opening quote.",deepseek-v4-flash
4b4dbdd70c0f47571887,minor,0.8,Slight unnatural phrasing; 'ertaroq jozibali' doesn't fully capture 'precociously seductive'.,deepseek-v4-flash
8d0f71bb0e822476f18d,correct,0.95,Accurate and natural translation.,deepseek-v4-flash
58f8ff102d9410f2d417,junk,1.0,"Fragment of a citation, not a complete sentence.",deepseek-v4-flash
72cbe5aae847c6c7ee7a,correct,0.95,Accurate and natural translation.,deepseek-v4-flash
e39d2d443cd627261c30,correct,0.95,Accurate and natural translation.,deepseek-v4-flash
79c012b5267bf7a51fee,correct,0.98,Simple and accurate translation.,deepseek-v4-flash
6a70a5fd231d787e337c,correct,0.95,Accurate and natural translation.,deepseek-v4-flash
3bfaa959d10f77271c12,correct,0.97,Simple and accurate translation.,deepseek-v4-flash
199d9a6bbb3ad34bf7d4,correct,0.95,Accurate and natural translation.,deepseek-v4-flash
417968c3f3c940b5be0a,junk,0.95,"Just a title, not a sentence.",deepseek-v4-flash
268b6067b136103be33a,minor,0.8,Slightly awkward grammar: 'brendining' should be 'brendlari' or rephrased.,deepseek-v4-flash
36e02d342939dae73336,correct,0.95,Accurate and natural translation.,deepseek-v4-flash
9f9956e5e0f3ed1b97d8,correct,0.95,Accurate and natural translation.,deepseek-v4-flash
ca4984babf75956943a7,wrong,0.9,Incorrect translation: 'e'lon qilingan' is an erroneous addition; original says 'deployed' not 'announced'.,deepseek-v4-flash
fa8c7a64f5e95ca8f7eb,minor,0.9,'shahar atrofiga' should be 'shahar atrofiga' or 'shahar atrofiga'? Actually 'suburb' is better as 'shahar atrofi'.,deepseek-v4-flash
462808aeb313824cd280,correct,0.95,Accurate and natural translation.,deepseek-v4-flash
12de2103ee699b274cd5,correct,0.95,Accurate and natural translation.,deepseek-v4-flash
9028019a78268ca33679,correct,0.98,乌兹别克语准确翻译了英语句子，没有遗漏或错误。,deepseek-v4-flash
719c78da4c9cadaa29ee,correct,0.95,乌兹别克语翻译自然，地名和专有名词音译正确。,deepseek-v4-flash
5a2c0d7d1f777fe9f8db,correct,0.99,翻译准确，日期和引号使用恰当。,deepseek-v4-flash
967407b47ec86b59167b,minor,0.8,土耳其语名称保留为“Turkish”，未翻译或音译，但整体可接受。,deepseek-v4-flash
464b233c60ec1f1bbcc0,correct,0.99,翻译完整准确。,deepseek-v4-flash
cc09333173b130b4cc0b,correct,0.96,翻译准确，机构名称音译合理。,deepseek-v4-flash
d5a605604fdc3295f71a,correct,0.97,翻译自然流畅，准确传达原意。,deepseek-v4-flash
c7280560b7622c2e3ffd,correct,0.98,翻译准确，俱乐部名称处理得当。,deepseek-v4-flash
1a2287d631a1f413f2ac,correct,0.98,翻译准确，队名音译合理。,deepseek-v4-flash
de2fa8d545d2d753c257,correct,0.99,翻译准确，年份格式合理。,deepseek-v4-flash
df37fe84464061a62370,correct,0.95,翻译准确，但“inshoot”可改为“masjid”更贴切，不过仍自然。,deepseek-v4-flash
6bcb5ffa367fe6306be5,correct,0.99,简单标题翻译准确。,deepseek-v4-flash
01f82e663722719c38bc,correct,0.98,翻译完整准确，游戏术语处理得当。,deepseek-v4-flash
c9f29551a8737ba020c5,correct,0.99,标题翻译准确。,deepseek-v4-flash
70e533e45b5842184f9a,correct,0.99,翻译准确。,deepseek-v4-flash
bde585f0d980dc13f5cd,correct,0.99,翻译准确，人名和日期正确。,deepseek-v4-flash
8037b8296adef5044387,correct,0.98,翻译准确，专有名词处理得当。,deepseek-v4-flash
d8335236436f5c8738c7,minor,0.85,原文名称保留，但补充了括号解释，整体可接受。,deepseek-v4-flash
ce8aac253605c9aac961,correct,0.99,翻译准确简洁。,deepseek-v4-flash
b01b6898ae995a56fd33,minor,0.8,英文原文不完整，乌兹别克语翻译保留了省略号，但整体合理。,deepseek-v4-flash
30a0d978781f76f493cf,correct,1.0,Natural and complete translation.,deepseek-v4-flash
0092fb8a8eea9d0b6193,minor,0.9,"'himoyachi' means defender, but 'winger' should be 'qanot himoyachisi' or 'vinger'.",deepseek-v4-flash
5470a728ce72021c8ac0,correct,1.0,Accurate translation.,deepseek-v4-flash
c7bb8d6015c1639ee741,junk,1.0,"Fragment, not a full sentence.",deepseek-v4-flash
c39e3df049324c6b8b57,correct,0.95,Natural translation with minor transliteration of Germany.,deepseek-v4-flash
20852eb0c9932b7444e9,correct,0.9,"Translation adequate, series title translated as expected.",deepseek-v4-flash
b2c8e90646bf7e9b2840,correct,1.0,Accurate translation.,deepseek-v4-flash
f931216cc4dc5574bcf4,correct,1.0,Natural translation.,deepseek-v4-flash
d901fd472a872b89072f,correct,0.98,Complete and accurate.,deepseek-v4-flash
bafda06027b10dae2f75,minor,0.9,"Russian transliteration omitted, minor.",deepseek-v4-flash
f7b57510de438f363951,correct,1.0,Accurate translation.,deepseek-v4-flash
6f1ca2e3633d39c1b536,correct,1.0,Correct.,deepseek-v4-flash
0dfd33a43e1522a8726d,correct,1.0,Accurate and natural.,deepseek-v4-flash
1e4c908d50df7122b5d2,correct,0.98,Accurate,deepseek-v4-flash
428f1b2726f26851747f,correct,1.0,Accurate translation.,deepseek-v4-flash
ed283dd235512cea2aaa,minor,0.85,"Slight awkwardness in listing, but essentially correct.",deepseek-v4-flash
adeee6d9811bcec71a63,correct,1.0,Accurate translation.,deepseek-v4-flash
9bece18d43a323a15cb0,correct,0.95,"Minor transliteration, but okay.",deepseek-v4-flash
ab1d898b78a5ed704661,minor,0.8,"Missing possessive, should be 'Rossning' to clarify.",deepseek-v4-flash
a36bef78d3a62a405fc6,correct,1.0,Accurate translation.,deepseek-v4-flash
64119651e783d4258447,correct,0.95,自然且完成翻译,deepseek-v4-flash
293a6285bc7d744a5855,correct,0.9,专有名词保留，但整体自然,deepseek-v4-flash
12e40630ec22cfde7598,correct,0.9,自然且完整,deepseek-v4-flash
99cacecb3d5667540d06,correct,0.85,体育术语翻译恰当,deepseek-v4-flash
e84d3a733bad179fcd9b,correct,0.9,自然，但专有名词音译稍有差异，可接受,deepseek-v4-flash
abf63d6a8567469ca5ed,correct,0.95,自然完整,deepseek-v4-flash
6ff01f05caf31fe97c4a,minor,0.7,"乌兹别克语中保留英文单词 ""Russian"" 和 ""Ukrainian""，但整体可理解",deepseek-v4-flash
6689a069ed6c33504d3f,correct,0.95,简洁自然,deepseek-v4-flash
3a95a32418ecf8f6b5c3,minor,0.6,"""Katta dubulg'a"" 是直接翻译 'Grand Slam'，但英语中常用 'Grand Slam'，且句子略显生硬",deepseek-v4-flash
c51f0f49d112f6f52a1a,correct,0.95,自然且完整,deepseek-v4-flash
b34a81a2e9382494208f,junk,0.9,列表内容，非连续文本,deepseek-v4-flash
ac009768fac7e331db8d,correct,0.95,自然且完整,deepseek-v4-flash
6a9669ea85190a33efb8,minor,0.7,"""Florida shtatida"" 应为 ""Florida (Urugvay)da"" 或类似，但可理解",deepseek-v4-flash
ec78944f6f5c1aa4b5e1,correct,0.9,简洁，保留缩写,deepseek-v4-flash
08330112ed0e1d70cf3e,correct,0.95,自然且完整,deepseek-v4-flash
021c6bcea3906037898b,correct,0.95,自然且完整,deepseek-v4-flash
a0925c3c02448beeb63b,wrong,0.8,句子不完整，缺少 'is the capital' 的对应，且语序不自然,deepseek-v4-flash
70115e70e2ea4365593f,correct,0.95,自然且完整,deepseek-v4-flash
4e2274471e2845f5dbc0,junk,0.95,列表内容，非连续文本,deepseek-v4-flash
b7f12711832044e03f61,correct,0.95,自然且完整,deepseek-v4-flash
907648ee8a7f19cfb946,minor,0.8,"Translation is understandable but contains literal translations and awkward phrasing, e.g., 'birodarim Nikhil rejissyori' instead of 'My Bro",deepseek-v4-flash
3e018afeae95b22188d1,correct,0.95,Translation is natural and accurate.,deepseek-v4-flash
2c1b0dbf948cf9efc784,wrong,0.9,"Key terms are not translated: '73-metre-high' left as '73-metre-high', '240 fut' is a mistranslation of '240 ft' (should be '240 fut'?), '16",deepseek-v4-flash
3149a325c7753b692074,correct,0.95,Translation is accurate and natural.,deepseek-v4-flash
81627f32c31204e09416,correct,0.95,Translation is faithful and natural.,deepseek-v4-flash
21f2199fdc5d479f1390,minor,0.8,"The phrase '1.25 GB/s' is translated as '1,25 Gb/s' which is inaccurate (should be 'GB' not 'Gb'), and 'monitorlarni qo'llab-quvvatlaydi. 4K",deepseek-v4-flash
b2965c577a41279661b6,correct,0.95,Simple sentence translated accurately.,deepseek-v4-flash
db485e1f7b996ebc3a8c,correct,0.95,Translation is accurate and natural.,deepseek-v4-flash
f7441754a182d7376728,correct,0.95,Translation is accurate and natural.,deepseek-v4-flash
34c1499fa616957eef05,minor,0.8,The hashtag '#Village_Malvajard' is left as '#Malvajard_qishlo'gi' which is awkward; should be '#Malvajard qishlog'i' or similar. Also 'Ghom,deepseek-v4-flash
eac0303d1f90b00a2181,correct,0.95,Translation is accurate.,deepseek-v4-flash
01efc917174ad83bf8d6,wrong,0.9,"The Russian and Yaghnobi names are left in English transliteration 'rus Tagab', 'Yaghnobi: Tagob' but should be in Cyrillic or transliterate",deepseek-v4-flash
09c4abfea2937a5ad1eb,minor,0.8,"The ellipsis is translated as '. . .' instead of '...', and 'change my life' could be 'hayotimni o'zgartir' but 'o'zgartiring' is a bit form",deepseek-v4-flash
7f4b305dae1140cf8a92,correct,0.95,Accurate and natural.,deepseek-v4-flash
1fb0f0b1cd1dea12790d,correct,0.95,Accurate and natural.,deepseek-v4-flash
62a527481dd73f806dd3,minor,0.8,'2 kilometres (1.2 mi)' is left as '2 kilometres (1.2 mi)' which is English; should be '2 kilometr (1.2 milya)' or similar. Also 'bir vaqtni,deepseek-v4-flash
7c87890c5012888f24cb,correct,0.95,Accurate and natural.,deepseek-v4-flash
8302a60885ff27ea1943,correct,0.95,"Accurate and natural, though 'davlat arbobi' and 'harbiy qo'mondon' are fine.",deepseek-v4-flash
34197d83b44e7434a40b,wrong,0.9,The phrase 'became in the first Olympic champion' is mistranslated: 'bo'ldi' should be 'aylandi' or 'bo'ldi' but the word order is off. 'Oli,deepseek-v4-flash
79b8e7a95cead26c8ee6,correct,0.95,Accurate and natural.,deepseek-v4-flash
9787e0b8c0b2d7bde010,minor,0.7,"Minor issues: 'tarixiy drama' could be 'tarixiy dramasi' and 'bosh roli' is slightly redundant, but overall accurate.",deepseek-v4-flash
e66aade6b0204c84d49f,minor,0.6,Minor grammatical issue: 'bor ular' should be 'bor: shimoliy...' and 'tepaligida' should be 'tepalikda'. Meaning clear.,deepseek-v4-flash
c5dbdf6feab1322ebb3d,correct,0.9,Accurate and natural translation.,deepseek-v4-flash
bd1ee97bb993fb794979,wrong,0.9,Incomplete translation: 'Ukrainian: Тернівка' left as 'Ukrainian' and the phonetic transcription given but missing the Ternivka part.,deepseek-v4-flash
e2955bba8cdeafb07a39,correct,0.9,Correct translation.,deepseek-v4-flash
af8be6dee71b0d7d74c2,correct,0.9,Correct translation.,deepseek-v4-flash
06482a469038d8767e58,minor,0.8,'Gajpat Singh' spelled as 'Gajpat Singx' but acceptable. Meaning accurate.,deepseek-v4-flash
4699344d75ea176dc4de,wrong,0.8,Missing 'rebranded' meaning: 'rebrendlangan' is not standard; should be 'qayta brendlangan' or 'yangi brendga o'tkazilgan'. Also 'Espana-' h,deepseek-v4-flash
22be36dad5a07829d9fb,correct,0.9,Accurate and natural.,deepseek-v4-flash
cfe975b8d9212b8d0acb,correct,0.9,Accurate translation.,deepseek-v4-flash
d2d8676b327eac1f5ba1,correct,0.9,Accurate translation.,deepseek-v4-flash
3851e1b252c222fb1a21,correct,0.9,Accurate translation.,deepseek-v4-flash
2f17ba6df38aeb9c076a,minor,0.6,Wording slightly awkward: 'ro'yhatga olingan' should be 'ro'yxatga olingan'. Also 'provisional list' could be 'vaqtinchalik ro'yxatga'.,deepseek-v4-flash
5756ce5b3d7b2eeaaa70,minor,0.8,Missing subject 'she' – should be 'u yana bir bor nafaqaga chiqdi'.,deepseek-v4-flash
eac7d27a8339efe35b69,correct,0.9,Correct translation.,deepseek-v4-flash
dd9f95ae1f87a74e914d,correct,0.9,Accurate translation.,deepseek-v4-flash
8b8d1f655c6d821b9468,correct,0.9,Correct translation.,deepseek-v4-flash
8a6283ba230e58b84626,correct,0.9,Accurate translation.,deepseek-v4-flash
ab2f48a6bf26180729c9,minor,0.6,'rolini tasvirlagan' is not natural; should be 'rolini ijro etgan'.,deepseek-v4-flash
d0485627f7dc9c7f1965,wrong,0.9,Missing 'Labour' politician – translated as just 'siyosatchisi' without 'Labour' party.,deepseek-v4-flash
157d07f51e954879ed72,correct,0.9,,deepseek-v4-flash
fdc1e500f5859fd6f811,correct,0.9,,deepseek-v4-flash
dca40669f0d00794e4f1,correct,0.9,,deepseek-v4-flash
caa0979d2be8def60093,correct,0.9,,deepseek-v4-flash
a315df06899f8c9686dc,minor,0.8,Small translation nuance: 'italyan fantastika to'plami' could be 'italyan badiiy to'plami'.,deepseek-v4-flash
3039eb3cf5cbddf7dd0b,correct,0.9,,deepseek-v4-flash
4c5d55f7cb8efdc87ef1,correct,0.95,,deepseek-v4-flash
9b64c19eeddb99540a23,minor,0.8,Missing 'He has previously played' and 'won the Meistriliiga'; translation is slightly condensed but acceptable.,deepseek-v4-flash
1356c718267fdc4a9bf3,correct,0.95,,deepseek-v4-flash
440685341df35c76d58e,minor,0.8,'montaj' for 'installation' might be better as 'installyatsiya' or 'o'rnatish'.,deepseek-v4-flash
a72bc97cf8c882102b69,minor,0.8,Dates in English format not converted to Uzbek style; minor formatting.,deepseek-v4-flash
fee7beb6f2e819ac57bd,correct,0.95,,deepseek-v4-flash
7a5d405da66950c32ab2,correct,0.9,,deepseek-v4-flash
ec422c75979cdceca557,correct,0.95,,deepseek-v4-flash
84c29850480af0fbcd44,correct,0.95,,deepseek-v4-flash
b3efbb65b0662277236f,correct,0.9,,deepseek-v4-flash
01f1f9c94e6885a6de6f,correct,0.95,,deepseek-v4-flash
cf58e2e9531c7d0079b2,correct,0.95,,deepseek-v4-flash
9afefe77064279328597,correct,0.95,,deepseek-v4-flash
71fda3b89e349bdda3b3,junk,0.9,"Title of web application, not a full sentence.",deepseek-v4-flash
3cf2e72ee7bbc7461e4c,correct,1.0,,deepseek-v4-flash
768620efc04b1767d714,correct,1.0,,deepseek-v4-flash
a65fed4448c804bde328,correct,1.0,,deepseek-v4-flash
2d06d0f0713ae314c8ca,minor,0.7,"'pitcher' left as English, could be translated as 'to'p uloqtiruvchi'",deepseek-v4-flash
690eacaab7bafe114609,minor,0.8,"'EV' and 'PHEV' left untranslated, but common in Uzbek",deepseek-v4-flash
d23bf5f9fbf046700eec,correct,1.0,,deepseek-v4-flash
63fdeb15b8f9298ac1e2,correct,1.0,,deepseek-v4-flash
7381993ba55a8aacfc41,correct,1.0,,deepseek-v4-flash
f6975d0d660cac93bf1b,correct,1.0,,deepseek-v4-flash
cf784ec8fb498a21ba44,correct,1.0,,deepseek-v4-flash
785faf15b4e2ad609b80,correct,1.0,,deepseek-v4-flash
9b30a4c33caa4be9b43d,correct,1.0,,deepseek-v4-flash
f0e15d9580b07f0fd74a,correct,1.0,,deepseek-v4-flash
3a1ca865c7de9454015e,correct,1.0,,deepseek-v4-flash
910708c3aaa8d1954907,minor,0.8,"'Upper Volta' left in English, could be transliterated",deepseek-v4-flash
b79cb343419c223bcbcf,correct,1.0,,deepseek-v4-flash
67d58b97a9f5ebe1bd79,correct,1.0,,deepseek-v4-flash
a1a4c391ea01c08bcdfb,correct,1.0,,deepseek-v4-flash
8cd99129caeca7725dbb,correct,1.0,,deepseek-v4-flash
9c12905be490efe1c051,minor,0.7,"'Pollyanna Plays the Game' not italicized, and 'oyin o'ynaydi' is literal but acceptable",deepseek-v4-flash
fa08bb1bf38438c4d4d9,correct,0.95,"The translation is accurate and natural, with proper handling of the Italian name.",deepseek-v4-flash
6076418c3a80fdf45c72,correct,0.98,The translation correctly conveys the meaning and retains the proper name 'EC VSV'.,deepseek-v4-flash
89c8d2a37ab740058f02,correct,0.97,The translation is accurate and natural.,deepseek-v4-flash
4163b7f661fc323bd4b8,minor,0.9,The name 'Padma Bandopadhyay' is misspelled as 'Padma Bandopadxyay'.,deepseek-v4-flash
71eb512ff634d004f5eb,correct,0.96,The translation is correct and natural.,deepseek-v4-flash
9f932644c63c0bdba998,correct,0.95,The translation is accurate.,deepseek-v4-flash
0a20eaeeff8d36d6a9bf,correct,0.96,The translation is accurate and natural.,deepseek-v4-flash
7387be2dea85f32f9d22,minor,0.88,The Arabic name 'سعد أحمد' is omitted from the translation.,deepseek-v4-flash
71108b916afad6c6abc0,correct,0.97,The translation is accurate and natural.,deepseek-v4-flash
3b4e25d33fe1b350218e,correct,0.93,"The translation is accurate, though slightly formal; acceptable.",deepseek-v4-flash
895928a84f99a92ed7c9,junk,0.98,Fragment: sports result title.,deepseek-v4-flash
77fe6a2476278bf8a0e3,minor,0.85,Translation is slightly awkward but conveys the meaning; 'Via Guglielmö Rentgen' may be misspelling of 'Röntgen' but is acceptable.,deepseek-v4-flash
66174a5ddcd510aa62f9,junk,0.99,Caption fragment: 'Annacloyda jolashgan' is ungrammatical.,deepseek-v4-flash
0c43c1d2623eb89a31e1,junk,0.98,Fragment: sports achievement title.,deepseek-v4-flash
976952da3315a28b3f2c,junk,0.98,Title fragment.,deepseek-v4-flash
51e9b4a03c30c789f27d,correct,0.97,The translation is accurate and natural.,deepseek-v4-flash
1c99745d010183f962d3,correct,0.95,"The translation is accurate, though 'golli uzatma' is a bit literal but understandable.",deepseek-v4-flash
8f254cd31e49d9bf164f,correct,0.96,The translation is accurate and natural.,deepseek-v4-flash
35729c1815870f469e50,correct,0.97,The translation is accurate.,deepseek-v4-flash
2334bdf3547ff5dc906b,minor,0.9,The word order in the translation is a bit off; should be 'Joan Marie McInroy Kanzas shtatining Topeka shahrida tug'ilgan'.,deepseek-v4-flash
428e5dd39ef27a73d38f,correct,0.95,自然准确的翻译。,deepseek-v4-flash
8bd4399e3180b2aabe5b,minor,0.8,末尾多了一个句号，轻微标点问题。,deepseek-v4-flash
b39fb51bbbfed501670a,correct,0.95,翻译准确自然。,deepseek-v4-flash
6df032edeb345f1ed7b3,minor,0.8,末尾多了一个'-yil'，可简化为'1961'，轻微冗余。,deepseek-v4-flash
99da0f6684f0ff3295f3,minor,0.85,缺少'village'的翻译，轻微漏译。,deepseek-v4-flash
b2e49d92a8e558f1ea26,correct,0.98,完全对应。,deepseek-v4-flash
9c8d1684a9f5167379fa,correct,0.95,准确翻译。,deepseek-v4-flash
f73e8cea8f5cfe0a75dc,correct,0.95,准确。,deepseek-v4-flash
5011e36417d975cb7c6d,correct,0.95,准确。,deepseek-v4-flash
6a876ba04388299e2c5b,minor,0.75,英文人名和俄文名未翻译，且缺少出生日期，轻微漏译。,deepseek-v4-flash
b47a6d57f21cbecd2936,minor,0.8,日文汉字保留，未翻译，轻微。,deepseek-v4-flash
a529937124f00c0e7c51,correct,0.95,准确。,deepseek-v4-flash
916677e59ca1386c94d4,correct,0.95,准确。,deepseek-v4-flash
b13304a9c6b864074b77,correct,0.95,准确。,deepseek-v4-flash
bdc4abcbe70d108a1d70,minor,0.85,漏掉'privately'，轻微。,deepseek-v4-flash
52527dcbae54e2bcd0fb,correct,0.95,准确。,deepseek-v4-flash
67b2f87a7a864915944f,correct,0.95,准确。,deepseek-v4-flash
82000e2c63446e785925,correct,0.95,准确。,deepseek-v4-flash
823d2e1a2c49b5b82510,minor,0.85,专有名词保留原样，轻微。,deepseek-v4-flash
258c4951adb003aa6d13,correct,0.95,准确。,deepseek-v4-flash
036c8ec644179cfb8e5e,correct,0.95,Translation is natural and complete.,deepseek-v4-flash
adbddd464c15820b0b67,correct,0.95,Translation is accurate and natural.,deepseek-v4-flash
078f7654ae058b399e4f,minor,0.8,Slight grammatical issue: second sentence lacks a subject/connector. Better to combine.,deepseek-v4-flash
4fb31e2903bb3177d205,correct,0.95,Translation is accurate.,deepseek-v4-flash
3cfceca170b74a64a5d1,correct,0.95,Translation is accurate and natural.,deepseek-v4-flash
e1e490f49c57f677c0a3,minor,0.9,Minor spacing issue: '1990 -yilgacha' should be '1990-yilgacha'.,deepseek-v4-flash
c98d2f068eecff468471,wrong,0.9,Translation of 'interchange' as 'almashish stansiyasi' is incorrect; should be 'ayirboshlash' or 'chig'il'.,deepseek-v4-flash
8e827640612258851557,correct,0.95,Translation is accurate and includes pronunciation.,deepseek-v4-flash
0d9fd8d55e5277897b17,minor,0.9,Minor spacing: '2004- yil' should be '2004-yil'.,deepseek-v4-flash
31ed8ed8192b6b96f7fe,correct,0.95,Translation is accurate.,deepseek-v4-flash
05fe4908180aaa44f017,wrong,0.9,"'top-20 player' mistranslated as '20 nafar futbolchiga' (20 players), should be 'eng yaxshi 20 o'yinchi'.",deepseek-v4-flash
c65f44c296b8560541e5,correct,0.95,Translation is accurate and natural.,deepseek-v4-flash
a90bac8de7e665cb7d52,correct,0.95,Translation is accurate.,deepseek-v4-flash
950897bf276e22fa08dc,correct,0.95,Translation is accurate.,deepseek-v4-flash
ef3f45b77238367521c5,wrong,0.85,"'er-xotin' means 'couple' (married), but should be 'juftlik' or 'duo'.",deepseek-v4-flash
abef7bce6c4bd8f76da5,correct,0.95,Translation is accurate.,deepseek-v4-flash
37b32dc149d1c3f4b35b,minor,0.85,"Slight awkward phrasing: 'qiynalib, dastlab 1996-yilda Como jamoasiga ijaraga beriladi' could be clearer.",deepseek-v4-flash
bc6decd74f692a4e7d6a,minor,0.9,Arabic transliteration 'ṣạfynạz dẖwạlfqạr' appears garbled; should be 'Safinaz Zulfikar'.,deepseek-v4-flash
e1f5ea5701dc95c6b242,correct,0.95,Translation is accurate.,deepseek-v4-flash
de4820da8445b551238a,correct,0.95,Translation is accurate and natural.,deepseek-v4-flash
54a8a3da47b84915d81e,correct,0.9,Translation is accurate and natural.,deepseek-v4-flash
0f33eb53c9e2b258a112,correct,0.9,Translation is accurate and natural.,deepseek-v4-flash
93c44f1c4dd1863ca3d9,correct,0.9,Translation is accurate and natural.,deepseek-v4-flash
3e49d472d680d2582c1f,correct,0.9,Translation is accurate and natural.,deepseek-v4-flash
08ec279db0aa1cb1cb8e,correct,0.9,Translation is accurate and natural.,deepseek-v4-flash
c83b5dec41c0c2a89bcc,correct,0.9,Translation is accurate and natural.,deepseek-v4-flash
8b685affe172664cda6f,correct,0.9,Translation is accurate and natural.,deepseek-v4-flash
7f3a47a51c9032581c56,correct,0.9,Translation is accurate and natural.,deepseek-v4-flash
28e4812c04c4a77f0dcd,minor,0.7,"Translation is understandable but has minor issues: 'The Changeling' and 'Ghost Story' are left in English, and 'yakuniy filmdagi rol' is sl",deepseek-v4-flash
8c13ff3dbd130280ea0f,correct,0.9,Translation is accurate and natural.,deepseek-v4-flash
5dc45556029e7a0ed51a,correct,0.9,Translation is accurate and natural.,deepseek-v4-flash
67792d81a6e0682f0c72,minor,0.7,Translation is generally accurate but the sentence is a bit awkward and has English title 'Buffy the Vampire Slayer' and 'Satellite' left in,deepseek-v4-flash
8a3561bda3160bb575c8,correct,0.9,Translation is accurate and natural.,deepseek-v4-flash
9eff77e8dcc83f254e29,correct,0.9,Translation is accurate and natural.,deepseek-v4-flash
387925195fd03835c866,correct,0.9,Translation is accurate and natural.,deepseek-v4-flash
9026298757ce68e73f5f,correct,0.9,Translation is accurate and natural.,deepseek-v4-flash
744e2a45fdfa77e89ba6,correct,0.9,Translation is accurate and natural.,deepseek-v4-flash
e30fe9f9501fdc3e487a,minor,0.7,"Translation is mostly correct but the phrase 'Bi-bi-si "" Oxbridge Blues "" serialining epizodida' has spacing issues and 'Bi-bi-si' is a tran",deepseek-v4-flash
3df178c5a8ca4c0c755b,minor,0.7,Translation has a repetition: 'tashkil tashkil etilgan' - should be just 'tashkil etilgan'. Minor error.,deepseek-v4-flash
fb24d85b34706e9c3d28,correct,0.9,Translation is accurate and natural.,deepseek-v4-flash
3216045470bd9958a9b9,correct,0.9,乌兹别克语翻译自然完整，英文残留仅为专有名词和发音注释，符合规范。,deepseek-v4-flash
3b0693828d3dad458cae,correct,0.98,翻译准确，语义完整。,deepseek-v4-flash
0a8ac6506c59c248f467,correct,0.98,专有名词和联赛名称翻译恰当，无错误。,deepseek-v4-flash
d2e59476ca408228ae03,wrong,0.9,英文残留过多，且翻译有误：ISLAND应为ISLAND？实际英文是ICELAND，但乌兹别克语写成了ISLAND，同时语序混乱，有冗余字符。,deepseek-v4-flash
b6160fb6bd01abbb8398,correct,0.98,翻译准确，机构名称处理得当。,deepseek-v4-flash
ad821581c2aa290eba13,correct,0.98,翻译清晰，括号注释恰当。,deepseek-v4-flash
e13ba7405f6ed86d1e26,correct,0.98,翻译自然流畅，无问题。,deepseek-v4-flash
06c20b363bd8d153caf5,correct,0.98,翻译准确，无英文残留。,deepseek-v4-flash
9affe80660e338972d30,correct,0.98,翻译自然，解释清晰。,deepseek-v4-flash
943cbec2a4ec6893b9b0,wrong,0.85,英文残留较多，且翻译不完整：Russian应为русский？但此处保留英文，且语义不完整，缺少了tr.部分，且结构混乱。,deepseek-v4-flash
7314dd23a532e4a28283,correct,0.98,翻译准确。,deepseek-v4-flash
63d3a95f6fc86084e1b7,correct,0.98,翻译简洁准确。,deepseek-v4-flash
dfafe1176667eb0b83fb,correct,0.98,翻译正确。,deepseek-v4-flash
b2502b9ce795c86b026b,correct,0.96,翻译流畅，信息完整。,deepseek-v4-flash
6a9f358c2ede56293783,correct,0.98,翻译准确，发音注释标准。,deepseek-v4-flash
ed9afcf53e96f7e27eac,correct,0.98,翻译自然。,deepseek-v4-flash
3033090905467945cdf1,correct,0.98,翻译准确，时态恰当。,deepseek-v4-flash
acc9a5f8234f876d2780,correct,0.98,翻译流畅。,deepseek-v4-flash
962d85e940c1ccc71b98,correct,0.98,翻译准确，专有名词保留英文但可接受。,deepseek-v4-flash
fe14fc3ffd99c87b9f60,correct,0.98,翻译准确。,deepseek-v4-flash
bdb060a7ec8888e6ff87,minor,0.9,"The phrase 'mish- mishlar' is a mis-translation of 'Rumours' (should be 'Rumors' or transliterated), but the rest is accurate.",deepseek-v4-flash
faa3d152380c5f389152,correct,1.0,The translation is accurate and natural.,deepseek-v4-flash
f00d433fbeafdc316cf0,minor,0.8,"'shaharlararo tuman' is incorrect; should be 'shahar ichidagi tuman' for 'intracity district', minor issue.",deepseek-v4-flash
191ba12c09f1a5b0faac,correct,1.0,Perfect translation.,deepseek-v4-flash
6ee3853be0b899633279,correct,0.9,"Accurate translation, proper handling of names.",deepseek-v4-flash
060fbc63c2324201e530,wrong,0.9,"Left 'official website' in English without translation, and omitted 'in Uzbek'.",deepseek-v4-flash
9046a10425f5626fd33f,correct,0.95,Accurate and natural translation.,deepseek-v4-flash
69ce1d069fd7d9d8e0db,correct,0.9,"Proper translation, though 'yulduzlar jamoasi' could be 'yulduzli jamoa', but acceptable.",deepseek-v4-flash
373bff4fd188c9b8d8d1,correct,1.0,"Except for transliteration, translation is natural and accurate.",deepseek-v4-flash
d99b33e6968287a62ddf,correct,1.0,Accurate and natural.,deepseek-v4-flash
7b6e3db596428417ff75,minor,0.8,"'Ukrainian' left in English, should be 'ukraincha', and 'Lvov' should be 'Lviv'? Minor issues.",deepseek-v4-flash
c010905fa38537ed1529,correct,1.0,Accurate translation.,deepseek-v4-flash
1904d54952e0dbd9f996,correct,1.0,Perfect translation.,deepseek-v4-flash
cb99603097fecb012c5c,correct,1.0,Accurate and natural.,deepseek-v4-flash
8cd9415e5448ead7016a,correct,0.95,"Accurate, though 'prezidenti' might be better with 'rais', but fine.",deepseek-v4-flash
92654f1f328af4d548aa,correct,0.95,Accurate and natural.,deepseek-v4-flash
f05eb1575d296be8312e,correct,0.95,"Accurate, though 'to'purar' might be 'eng yaxshi to'purar', but fine.",deepseek-v4-flash
98503bfe2c64bf8c0b33,minor,0.8,"Left 'Georgian' in English, should be 'gruzincha' or similar, minor issue.",deepseek-v4-flash
62f0c8fdf5a4c69cb389,correct,1.0,Accurate translation.,deepseek-v4-flash
0b5772d15c2d622fc77f,correct,1.0,Accurate and natural.,deepseek-v4-flash
3aa272f6ce8270373692,correct,0.95,,deepseek-v4-flash
917c55f9858b873e4c83,correct,0.99,,deepseek-v4-flash
7c32d6f33140af94c682,minor,0.7,Uzbek is slightly awkward but conveys meaning,deepseek-v4-flash
464fc22d5be913708493,correct,0.95,,deepseek-v4-flash
b31c086da31754ae52a8,minor,0.6,Minor punctuation and phrase order oddity,deepseek-v4-flash
6f5a0b72b7e5300348b4,correct,0.9,,deepseek-v4-flash
7c19ecf9abd8754e5202,correct,0.9,,deepseek-v4-flash
775bfaf3cc0e334ff40f,minor,0.6,"Slightly awkward phrasing, but understandable",deepseek-v4-flash
08177fe0d221248553c8,minor,0.6,Units not converted and phrasing slightly off,deepseek-v4-flash
759bb31e0bed33f18e44,correct,1.0,,deepseek-v4-flash
863cf68a3e9135ac65b4,correct,0.95,,deepseek-v4-flash
57edc93a59605a63a4b9,correct,0.95,,deepseek-v4-flash
35483ba5ea20e8e0e558,minor,0.6,Repetition of 'romantik' and slight awkwardness,deepseek-v4-flash
b97ae7aa5c669cf1be04,correct,0.95,,deepseek-v4-flash
25ecc34e48f86058ede9,correct,1.0,,deepseek-v4-flash
b9402fd3b521f23dbc17,minor,0.7,Missing comma and slightly awkward,deepseek-v4-flash
160fad9ef6ec0020abf9,correct,0.95,,deepseek-v4-flash
240b1afb0307100fb109,correct,0.95,,deepseek-v4-flash
ac0f61ee1900f7a15cb6,correct,0.95,,deepseek-v4-flash
3637a25f09b652b35c5f,correct,1.0,,deepseek-v4-flash
47fb95557a17183cd655,correct,1.0,The Uzbek translation is accurate and natural.,deepseek-v4-flash
1c2982659e23cb5d1819,junk,0.95,"The translation is a fragment/heading, not a full sentence, and 'Birinchi unvon' is awkward.",deepseek-v4-flash
823937816c449d3bba8d,correct,0.9,"The translation is accurate and natural, except 'kiritadi' could be future tense, but context is past.",deepseek-v4-flash
e0ded5229fb70274aa6a,minor,0.8,"The translation is mostly correct, but 'NH-227 Tiruchirapalli - Chidambaram bo'yicha' is slightly awkward; 'shahar' should be 'shaharcha'.",deepseek-v4-flash
b38695c4e651371178af,correct,1.0,The translation is accurate and natural.,deepseek-v4-flash
d2be38c96c46b37a9f4c,minor,0.8,The translation is mostly correct but includes repetition of 'Kasımiye medrese' and is slightly awkward.,deepseek-v4-flash
c8b1d18db1451780eebc,correct,1.0,The translation is accurate and natural.,deepseek-v4-flash
1d82260df11ee4f09733,correct,0.95,"The translation is accurate, but 'shaharcha' might be more appropriate than 'shahar'.",deepseek-v4-flash
34c4679f79af29ed6abe,junk,0.95,"The translation is a date fragment, not a full sentence.",deepseek-v4-flash
c2574f9f20775800f0f0,correct,1.0,The translation is accurate and natural.,deepseek-v4-flash
b0b3704c866884e08f74,correct,1.0,The translation is accurate and natural.,deepseek-v4-flash
c26774721b3b81d8e737,junk,1.0,"The translation is a citation fragment, not a complete sentence.",deepseek-v4-flash
e2a10afabcb882ee4d99,minor,0.8,"The translation is mostly correct, but 'tark etdi' might be less natural than 'ajratdi'.",deepseek-v4-flash
825f57068888655d54d6,minor,0.8,"The translation is mostly accurate, but some phrasings are slightly awkward.",deepseek-v4-flash
fe688ca4f8b2390d92b8,correct,1.0,The translation is accurate and natural.,deepseek-v4-flash
670543720c142a436e0b,correct,1.0,The translation is accurate and natural.,deepseek-v4-flash
68023fcb69b576310c60,minor,0.8,The translation has a typo 'Higashiicheki' instead of 'Higashiichiki' and omits 'was a town' as 'shahar'.,deepseek-v4-flash
995e97251f6ad0cac00d,minor,0.8,The translation is mostly correct but has awkward phrasing 'SSSRni ... bilan ta'minlash' and some imprecision.,deepseek-v4-flash
de91b7562fbee00ce0c6,correct,1.0,The translation is accurate and natural.,deepseek-v4-flash
e04a303b6e0d02ed8b2d,wrong,0.95,"'aqin' is likely a typo for 'yaqin', and the translation is not natural; it should be 'taxminan 300 nafar aholi'.",deepseek-v4-flash
a251830ef3aa28757ec4,minor,0.9,Ōnejime-chō 被错误拼写为 Ōnejme-chō，但整体翻译准确。,deepseek-v4-flash
045133851bef81919303,correct,0.95,翻译完整、自然，无显著错误。,deepseek-v4-flash
47101d427ab8901741a4,minor,0.85,短语 'such as' 和 'as' 的翻译稍显生硬，但意思正确。,deepseek-v4-flash
ebc5f56c05ad81d03879,correct,0.95,翻译准确流畅。,deepseek-v4-flash
de966377eb4d32b5f21d,correct,0.95,翻译准确流畅。,deepseek-v4-flash
b5a1bb74a0beccd018db,correct,0.95,翻译准确。,deepseek-v4-flash
3246583a9caecb1467de,correct,0.95,翻译准确，仅细微标点差异。,deepseek-v4-flash
1afcd809417f16fec6ac,correct,0.95,翻译准确流畅。,deepseek-v4-flash
57fb8a08c72c200ee5cb,minor,0.9,阿拉伯语文字被省略，但可接受；其余翻译准确。,deepseek-v4-flash
a18f03f9d3518e82be04,correct,0.95,翻译准确。,deepseek-v4-flash
e83cc4b3467d96bb735a,correct,0.95,翻译准确。,deepseek-v4-flash
ff057a6e87317e146dfb,minor,0.85,句子结构稍显拗口，'with her mom serving as an assistant coach' 的翻译不够自然。,deepseek-v4-flash
479dae38312c3e39fa3c,correct,0.95,翻译准确。,deepseek-v4-flash
7ef633f2781333c9f1cb,junk,1.0,译文末尾包含随机乱码，属于损坏数据。,deepseek-v4-flash
ffe57b09230587653973,correct,0.95,翻译准确。,deepseek-v4-flash
25aba133b97bb190b1f6,correct,0.95,翻译准确。,deepseek-v4-flash
1da0825705094862c599,correct,0.95,翻译准确。,deepseek-v4-flash
74563dbaccd6b6ff9e0d,correct,0.95,翻译准确，但缺少句号（轻微但不影响）。,deepseek-v4-flash
ae11fe9e651e72196307,minor,0.9,'Lifetime Achievement Award' 的翻译稍显生硬，略有直译。,deepseek-v4-flash
e1d5709e0db3c659e41f,correct,0.95,翻译准确流畅。,deepseek-v4-flash
200fa492d699b75a405c,correct,0.98,乌兹别克语完整并自然翻译了英语，无重大错误或英文残留。,deepseek-v4-flash
a074a27331a549c2be80,correct,0.95,翻译完整自然，保留了专有名词如Devgan和Total Dhamaal，但无大量英文残留。,deepseek-v4-flash
d0fb46668b6ca575a25d,correct,0.9,翻译全面，但句子较长，结构稍显复杂，仍符合natural并完整传达原意。,deepseek-v4-flash
b2567535f9f83c51c64e,correct,0.97,翻译准确自然，专有名词音译得当。,deepseek-v4-flash
f94ea66566a95100aaeb,correct,0.99,简单句，翻译准确完整。,deepseek-v4-flash
e6c5a94d7f07ed0d5dc1,correct,0.96,翻译准确，专有名词保持原文，但无大量英文残留。,deepseek-v4-flash
6eac943d54d003d23db2,correct,0.95,翻译自然，专有名词翻译合理。,deepseek-v4-flash
efbdebe3dcb68292d3ce,minor,0.85,原文没有主语，翻译也缺少主语，但整体意思完整，可能略有不自然。,deepseek-v4-flash
3fdfe9d716c5343ca90e,correct,0.98,翻译准确，专有名词处理得当。,deepseek-v4-flash
c3698d56f0890e48056a,correct,0.99,简单标题，翻译准确。,deepseek-v4-flash
2220ba0b0988ae7be3b3,correct,0.97,翻译准确自然。,deepseek-v4-flash
05c7aa7f252e189e546b,correct,0.96,翻译完整，专有名词音译。,deepseek-v4-flash
0d5e37ce43df16d6bc5a,correct,0.95,翻译准确，细节丰富。,deepseek-v4-flash
592a4ce764844b75f234,correct,0.98,翻译准确，注意名字音译。,deepseek-v4-flash
4cfd7a472c9e86c91843,correct,0.97,翻译准确，电影名音译。,deepseek-v4-flash
79aac5c91656303c07d7,junk,0.95,内容是列表/名称，不适合按句子翻译，属于junk。,deepseek-v4-flash
03eac5a22220d1d0ca2a,correct,0.98,翻译准确自然。,deepseek-v4-flash
fe7582f9f4f1b27053bb,correct,0.95,翻译准确，但句子较长，依然自然。,deepseek-v4-flash
06bc25307a46b5ea24b0,correct,0.99,翻译准确，专有名词保留。,deepseek-v4-flash
001c6213b01c7e9fe552,correct,0.98,翻译准确，术语处理得当。,deepseek-v4-flash
ba90da7678306401b242,correct,1.0,The Uzbek translation is natural and accurately conveys the meaning of the English sentence.,deepseek-v4-flash
74de2d48416f1475d583,minor,0.9,"Translation of company name: 'Technologies' should be 'Technologies' (not 'Technologiya'), but overall understandable.",deepseek-v4-flash
b6b2a712a0e586eb4add,correct,1.0,List of international days is correctly translated into Uzbek.,deepseek-v4-flash
cbf19c792ed3540eeafb,correct,1.0,Sentence is translated naturally and preserves meaning.,deepseek-v4-flash
ac08f4baaa7e435a8b1f,correct,1.0,Translation is accurate and idiomatic.,deepseek-v4-flash
298d03fdd422fd7b9713,correct,1.0,"Translation correctly conveys the meaning, though slight word order could be improved.",deepseek-v4-flash
65b73b3139df6f268dda,correct,1.0,Accurate translation.,deepseek-v4-flash
b63c94827dd15ad54c98,correct,1.0,Translation is accurate and natural.,deepseek-v4-flash
b562c33d9a820f28e822,minor,0.8,The sentence structure is a bit confusing; it suggests Norris debuted in the Ginetta championship within the British Touring Car Championshi,deepseek-v4-flash
52ae428f6e5b5f33177e,correct,1.0,Translation is accurate.,deepseek-v4-flash
2096a2f04349e7449f50,minor,0.9,"'Its primary haunts' translated as 'asosiy ko'rinadigan joylari' (main visible places) but 'haunts' means places frequently visited, so 'tez",deepseek-v4-flash
d80200d5d6f8e390744f,correct,1.0,"Translation is accurate, though missing space after period is minor formatting.",deepseek-v4-flash
691ad447ed60d67b6f33,correct,1.0,Accurate translation.,deepseek-v4-flash
57c1188bdce027d63673,correct,1.0,Accurate translation.,deepseek-v4-flash
f744c0a1eea41e60d9fe,minor,0.9,"'Major junior hockey' is a term, translated as 'katta o'smirlar xokkeyi' which is literal but acceptable. Could be left as 'major junior hoc",deepseek-v4-flash
c75fc75645b164484430,correct,1.0,Accurate translation.,deepseek-v4-flash
d4e8e31044f699b9b9a4,minor,0.9,'Played collegiately' translated as 'jamoa bilan o'ynagan' which is not precise. Better: 'universitet jamoasida o'ynagan'.,deepseek-v4-flash
0d052c60a8b56c070d72,correct,1.0,"Accurate translation, though 'loan' translated as 'ijaraga berilgan' (rented out) acceptable in context.",deepseek-v4-flash
a0684ab32d376c0b9d7b,correct,1.0,Accurate translation.,deepseek-v4-flash
8ac98ae90f92ab248f8d,correct,1.0,"Accurate and natural, though omits 'until his death' but implied by 'turmush qurgan' with time range. Minor but still acceptable.",deepseek-v4-flash
cf866df5ec94ba53af5e,correct,1.0,"The translation is natural and complete, accurately conveying the meaning and structure of the English sentence.",deepseek-v4-flash
d677c6d69436de6578fc,correct,1.0,"The translation is natural and complete, accurately conveying the meaning and structure of the English sentence.",deepseek-v4-flash
a7a2054ed44e68ac762e,minor,0.7,There is a minor spelling error: 'madrasasga' should be 'madrasaga'. Otherwise the translation is accurate.,deepseek-v4-flash
9518d488f78a7964f484,correct,1.0,"The translation is natural and complete, accurately conveying the meaning and structure of the English sentence.",deepseek-v4-flash
a9455fedca7ae074726d,minor,0.6,"The translation adds extra words not in the original ('jinoyatini sodir etish') and rearranges the order, making it slightly less direct, bu",deepseek-v4-flash
9d29fe227be9fe73f0be,minor,0.8,There is a minor transliteration issue: 'Wilthsire' should be 'Wiltshire' (not corrected in translation). Otherwise the translation is accur,deepseek-v4-flash
9d12e0129aa99c7d449a,minor,0.8,The translation says 'taslim qildi' which could mean 'surrendered them' while the English says 'were defeated and surrendered' (the Jews sur,deepseek-v4-flash
b6a086ec428b7c15e821,minor,0.8,"The title 'Fare Mondi // Making Worlds' is retained in its original Italian/English, but that is acceptable for a proper noun. The translati",deepseek-v4-flash
f038edc42bfc7868fd3f,minor,0.8,The translation says 'qanot himoyachisi' which means 'wing defender' but 'winger' in football is more commonly 'qanotchi' or 'vinger'. Minor,deepseek-v4-flash
84bc63d33532704831dc,minor,0.7,The translation is slightly awkward: 'helped play Maryland to the first Final Four' is rendered as 'maktab tarixidagi birinchi final to'rtli,deepseek-v4-flash
017cf25c1e28cfa288f2,correct,1.0,"The translation is natural and complete, accurately conveying the meaning and structure of the English sentence.",deepseek-v4-flash
ac0fb11f116b18b2fe58,junk,0.9,The utterance is a fragment (possible heading) and does not constitute a complete sentence.,deepseek-v4-flash
4e3b3add22343476bd7b,minor,0.7,There is a minor punctuation issue: extra space before the closing quote in 'Habil Kabil' and the series name is transliterated oddly. Other,deepseek-v4-flash
ce40ccf000d7b32861b2,correct,1.0,"The translation is natural and complete, accurately conveying the meaning and structure of the English sentence.",deepseek-v4-flash
6318fa03b28576eb6a99,correct,1.0,"The translation is natural and complete, accurately conveying the meaning and structure of the English sentence.",deepseek-v4-flash
47fa0fa33a5bdbded484,correct,1.0,"The translation is natural and complete, accurately conveying the meaning and structure of the English sentence.",deepseek-v4-flash
275797256754b6d04e19,correct,1.0,"The translation is natural and complete, accurately conveying the meaning and structure of the English sentence.",deepseek-v4-flash
8af129ba142acbac03e1,minor,0.8,The spelling 'Rimkay' is inconsistent with the English 'Rimkai'; should be 'Rimkai'. Minor transliteration issue.,deepseek-v4-flash
1c23a8ef4fb3b6f32433,correct,1.0,"The translation is natural and complete, accurately conveying the meaning and structure of the English sentence.",deepseek-v4-flash
2be19af248f952de3bd2,minor,0.7,"The phrase 'both meaning' is translated as 'bu ikkalasi ham ... anglatadi' which is fine, but the placement of parenthesis is slightly awkwa",deepseek-v4-flash
b5acf65c66598e693c4b,minor,0.9,"The translation is accurate, but 'kambag'allik' is misspelled; should be 'qashshoqlik' or 'kambag'allik' might be accepted, but 'kambag'alli",deepseek-v4-flash
3d6c68518240e71cf578,minor,0.9,"Translation is accurate, but 'Sweet Hearts Dance' is kept in English, which is acceptable as a title. 'birinchi asosiy rolini oldi' is sligh",deepseek-v4-flash
5ccd4b750e50390e288e,correct,0.95,Accurate and natural translation.,deepseek-v4-flash
18cba74dc79d2d640a06,correct,0.95,Accurate and natural translation.,deepseek-v4-flash
d3d225a8f9991db8197d,junk,1.0,"This is a title/fragment, not a complete sentence; a proper translation would be expected.",deepseek-v4-flash
4605a6389cd6bf3fd17f,junk,1.0,"Title fragment, no sentence.",deepseek-v4-flash
525318bf8e74ac67191b,minor,0.85,Translation is accurate but slightly awkward; 'debyutida' should be 'debyutini' or 'debyut qilgan' but understandable. Also 'Nordsjælland' a,deepseek-v4-flash
55b37355039111f73a4d,correct,0.95,"Simple, accurate translation.",deepseek-v4-flash
28314b3990b411f0f12a,minor,0.9,"Missing 'is' and the sentence is a fragment; but translation is accurate. 'Dörtyolga 4 kilometr' is fine, but 'provinsiya markazi' is correc",deepseek-v4-flash
b139d81bac97273c4950,minor,0.9,"Translation is accurate, but 'TC Lethbridge nomi bilan mashhur' is acceptable. The date format is natural.",deepseek-v4-flash
385f84a9d2d16d59248f,junk,1.0,"Caption, not a full sentence.",deepseek-v4-flash
0f6cc6e58c0fa3415f9b,correct,0.95,"Simple, accurate translation.",deepseek-v4-flash
e4201333bbd7015da5e2,correct,0.95,Accurate and natural translation.,deepseek-v4-flash
6c2fbaaecf6c7bbaa390,minor,0.85,"The translation is awkward: 'majmuasibor' seems like a typo for 'majmuasi bor'. Also, the sentence structure is disjointed. But the meaning ",deepseek-v4-flash
fc1712bf79b0f3460bad,junk,1.0,"Fragment, likely a title or label.",deepseek-v4-flash
7a76de639d290053d8e2,minor,0.9,"Translation is accurate, but 'Kristal Pelas' is a transliteration of Crystal Palace; should be 'Kristal Palas' or use the original. Also 'Ui",deepseek-v4-flash
bd1d191d10399816e689,minor,0.85,There is a typo: 'hisoblabgan' should be 'hisoblangan'. Also 'hachinohe' should be capitalized. Otherwise accurate.,deepseek-v4-flash
5dda1516bb01753ec56d,minor,0.9,"Translation is accurate, but 'Keyingi-yili' should be 'Keyingi yili' (without hyphen) and the title is kept in English, which is acceptable.",deepseek-v4-flash
6a068228f661cd1c5628,minor,0.9,"Translation is accurate, but 'MUSCO' is kept in parentheses; also 'qo'shildi' is correct. Slightly informal but fine.",deepseek-v4-flash
8ab38b8bc36e000f4776,minor,0.85,The translation is accurate but has a typo: 'kanonri' should be 'kanonik' or 'kanonri' is not standard. Also the phrase 'qiladi ekan' implie,deepseek-v4-flash
bc33389745bdf8fb500b,correct,0.95,"Translation is accurate and natural, no issues.",deepseek-v4-flash
91fa69fa212d37eaf0d0,correct,0.95,"Translation is accurate and natural, no issues.",deepseek-v4-flash
fb66b14a36e6db56f98f,correct,0.9,Minor spacing issue in 'Kovan- Xall' but overall correct and natural.,deepseek-v4-flash
c649f042816573da8ee5,correct,0.95,"Translation is accurate and natural, no issues.",deepseek-v4-flash
5af5902c8f32be5cd2df,correct,0.9,"English name and title retained, but acceptable as proper nouns.",deepseek-v4-flash
bd631730e546e613949b,correct,0.9,"Translation is accurate, minor name variation acceptable.",deepseek-v4-flash
3c59a570a24cebf1af46,correct,0.95,Translation is accurate and natural.,deepseek-v4-flash
140cbb448a44cc2d4a5d,correct,0.95,Translation is accurate and natural.,deepseek-v4-flash
7796db0f51c8f0fd251d,correct,0.95,Translation is accurate and natural.,deepseek-v4-flash
da821e671a7e51df2f8a,correct,0.95,Translation is accurate and natural.,deepseek-v4-flash
3d82851f02a15462e1b7,correct,0.95,Translation is accurate and natural.,deepseek-v4-flash
02f3b3a5ba12a2db78a6,correct,0.95,Translation is accurate and natural.,deepseek-v4-flash
81bb50241aaf6a87f23c,correct,0.9,"List items translated correctly, minor capitalization variance.",deepseek-v4-flash
01f945a901c135e59a60,correct,0.95,Translation is accurate and natural.,deepseek-v4-flash
90190c19dbe9a61fe58d,correct,0.95,Translation is accurate and natural.,deepseek-v4-flash
8d376f44794befa467fc,correct,0.95,Translation is accurate and natural.,deepseek-v4-flash
859171631f85ca706ef7,correct,0.95,Translation is accurate and natural.,deepseek-v4-flash
e4c11a77cf03394f3aad,correct,0.95,Translation is accurate and natural.,deepseek-v4-flash
7d236757fca542ea1572,correct,0.95,Translation is accurate and natural.,deepseek-v4-flash
8f720272d6938dc02cd3,correct,0.95,Translation is accurate and natural.,deepseek-v4-flash
95074cd842d64ae5407e,correct,0.95,"The translation is natural and complete, with no English residue.",deepseek-v4-flash
1db1c8ff72477ae27a5e,correct,0.95,The translation is accurate and idiomatic.,deepseek-v4-flash
10cc5fdaf67cf9dfe550,minor,0.8,The translation is slightly awkward in the phrase 'yil oxirida chiqarilishi kerak edi' which is not as clear as the English.,deepseek-v4-flash
e6aae457f8d39a553af9,minor,0.7,"The translation omits 'Sweden' and 'Stockholm' details, but is mostly complete.",deepseek-v4-flash
e225437c7711d0905b9f,correct,0.9,The translation is complete and retains the language names as in the original.,deepseek-v4-flash
a7d4e16b6cd272c4f49e,junk,1.0,"The source is a bibliographic entry, not a full sentence to translate.",deepseek-v4-flash
59600813c9fca9483407,correct,1.0,"Short sentence, perfectly translated.",deepseek-v4-flash
4d25b3910a7e264fe2d7,junk,1.0,"This is a list of passport fields, not a natural sentence.",deepseek-v4-flash
f2ae8bdc054bb34c56c1,correct,0.95,The translation is accurate and natural.,deepseek-v4-flash
d338ef886b132f94d780,minor,0.8,The translation misses 'on Zee TV' (the channel name is retained) and slightly off on 'as a child artist' -> 'bolalar rassomi sifatida' but ,deepseek-v4-flash
9b8a82f84bc946471eda,correct,0.95,The translation is accurate and natural.,deepseek-v4-flash
25cd7c92fe93f31c0cb0,correct,1.0,"Simple sentence, perfect translation.",deepseek-v4-flash
f9e9727ae8fbc62ecc44,correct,0.95,The translation is accurate and includes the phonetic pronunciation.,deepseek-v4-flash
d1aef35a5f90aedd0a03,correct,1.0,Simple and accurate.,deepseek-v4-flash
2eddba37ca79f6e382ed,correct,0.95,"The translation is accurate, though 'Record Book' could be more specific but it's fine.",deepseek-v4-flash
f84a71f05878e4511472,correct,0.95,Accurate translation.,deepseek-v4-flash
752b3d78b52b184aab35,correct,0.95,Accurate translation.,deepseek-v4-flash
62f2d766c428dc33a3d0,correct,0.95,Accurate and natural.,deepseek-v4-flash
a5422555e63a87e82a48,correct,0.95,Accurate translation.,deepseek-v4-flash
a28ccb64772774f80150,minor,0.7,"The translation omits the original language names and keeps only the Latin script, but it's mostly complete.",deepseek-v4-flash
70be4c661579586a2a67,correct,0.95,乌兹别克语翻译准确，语法自然，无英文残留。,deepseek-v4-flash
4ed654a881fb01ae49c8,correct,0.95,翻译准确，自然流畅，无错误。,deepseek-v4-flash
1a7ed3143c58a128dc09,correct,0.95,翻译准确，自然流畅，无错误。,deepseek-v4-flash
9c2079f9d62fed95a23f,minor,0.8,波斯语原名保留，括号中为英文音译，但乌兹别克语部分基本自然。属于轻微问题。,deepseek-v4-flash
5bc8b52c015b8393b026,correct,0.95,翻译准确，自然流畅，无错误。,deepseek-v4-flash
7bd4f0edefd6349b2ee6,minor,0.8,存在标点问题，“medallni”拼写错误，应改为“medalini”。,deepseek-v4-flash
b9217a9c5c2016f5b4f6,correct,0.95,翻译准确，自然流畅。,deepseek-v4-flash
5935016c938f909fd391,minor,0.8,“xet-trik”是俄语借词，使用“xet-trik”缺乏解释，但尚可接受。,deepseek-v4-flash
557ced21a724ffe2ad1f,correct,0.95,翻译准确，自然流畅。,deepseek-v4-flash
9990c4f0110a19e6eea0,correct,0.95,翻译准确，自然流畅。,deepseek-v4-flash
8e5bf94e201dcf5acf60,junk,0.9,这是列表项或标题碎片，不是完整句子，属于碎片文本。,deepseek-v4-flash
751fbf2b55c22490ac8b,correct,0.95,翻译准确，自然流畅。,deepseek-v4-flash
4205ead4dfdcf537a2c8,minor,0.8,“to'shak”意为“床”，误译“berth”为“泊位”，应使用“o'rin”或“joy”。,deepseek-v4-flash
6831bab1aaab6ccff91a,correct,0.95,翻译准确，自然流畅。,deepseek-v4-flash
69b635f14a9d074fb20c,minor,0.8,"存在标点和空格问题，如“bo`lib,bakalavriat”缺少空格。",deepseek-v4-flash
69248bc9f42bfbfb3e27,correct,0.95,翻译准确，自然流畅，无错误。,deepseek-v4-flash
0e59f478aa3330cca7be,correct,0.95,翻译准确，自然流畅。,deepseek-v4-flash
0530ede0e6967501e810,minor,0.85,“erman”应为“arman”或“arman tili”，属小错误。,deepseek-v4-flash
0da4c63f99e43d4487b5,correct,0.95,翻译准确，自然流畅。,deepseek-v4-flash
d39c1302367b79958e8d,correct,0.95,翻译准确，自然流畅。,deepseek-v4-flash
c568e84bdc23c4cd4df9,correct,0.95,The translation is accurate and natural.,deepseek-v4-flash
b62b586f6af1a3b51712,correct,0.95,Accurate and natural translation.,deepseek-v4-flash
1e3f17c42b439464952c,correct,0.9,"Translation is mostly accurate, but 'darajasida' could be slightly awkward; still acceptable.",deepseek-v4-flash
5fc90ea5b33470ec81bc,minor,0.85,The translation omits 'of the area' but meaning is preserved. Slightly incomplete.,deepseek-v4-flash
8c1740d432bf9ca9d32a,correct,0.95,Accurate and natural translation.,deepseek-v4-flash
83d824f2c48773bb6f97,correct,0.95,Accurate and natural translation.,deepseek-v4-flash
721e16270999c4dee685,junk,0.9,"It is a citation heading, not a full sentence.",deepseek-v4-flash
a505a2586364602bde30,junk,0.9,"It is a section heading, not a complete translation.",deepseek-v4-flash
1b9e745620b1b6aa48fe,correct,0.95,Accurate and natural translation.,deepseek-v4-flash
66e61fc4050688b96406,correct,0.95,Accurate and natural translation.,deepseek-v4-flash
4e5d471863e7abf7e5aa,junk,0.9,"It is a heading, not a full sentence.",deepseek-v4-flash
25e866a8769e431a760d,correct,0.95,Accurate and natural translation.,deepseek-v4-flash
db0f5b503f206f338963,minor,0.8,'O'qituvchilar kolleji rekordi' is a literal translation of 'Teachers College Record' as a proper noun; it might be better left untranslated,deepseek-v4-flash
187ee99e323ca0785440,minor,0.85,'yashagan' means 'lived' but the English says 'settled'; slight difference but acceptable.,deepseek-v4-flash
15400110e5f60d424a78,correct,0.95,Accurate and natural translation.,deepseek-v4-flash
1f80843b6caac8930e8e,minor,0.85,"There is a typo: 'puktiga' should be 'punktiga'. Also, 'Russian' is not translated (should be 'ruscha'). Minor issues.",deepseek-v4-flash
85a10f8e2e00c4f8ea2c,junk,0.9,"It is a citation, not a full sentence.",deepseek-v4-flash
004819c6136cfde264ee,minor,0.85,"The translation is mostly accurate but some name transliterations have inconsistencies (e.g., 'Cho'siyah' vs 'Chosiyah'). Also the quote mar",deepseek-v4-flash
ba0db6607c82db16672e,correct,0.95,Accurate and natural translation.,deepseek-v4-flash
e476cd08d25803affbb9,correct,0.95,Accurate and natural translation.,deepseek-v4-flash
0f1090561155a4206892,correct,0.9,"The translation is accurate and natural, with no major issues.",deepseek-v4-flash
cb064f32aba30f3b63a1,correct,0.9,"Meaning fully conveyed, only slight stylistic difference.",deepseek-v4-flash
2e584177c5ed2373d680,correct,0.85,"Translation is accurate, but a bit literal; still natural enough.",deepseek-v4-flash
bb48e6c555a2207564ee,correct,0.9,"All information is correctly translated, only missing 'selo' but not critical.",deepseek-v4-flash
c9344686b2a4b989f937,minor,0.9,"Missing 'village' in translation, but still understandable.",deepseek-v4-flash
6124a589b3787dcffca3,correct,0.95,"Accurate and natural, including financial details.",deepseek-v4-flash
06bedaea72bef8420d86,correct,0.9,Translation is accurate; minor transcription of name is acceptable.,deepseek-v4-flash
71876368649fe709ec2f,correct,0.9,Meaning is correctly conveyed.,deepseek-v4-flash
2a3a86b30b7eb48f4c34,correct,0.95,"Proper noun and date, correctly formatted.",deepseek-v4-flash
f5df2bf5be71820c2e02,correct,0.9,Translation is accurate and natural.,deepseek-v4-flash
da0e7565e633654a7ff2,correct,0.95,List of villages correctly translated.,deepseek-v4-flash
db1ed0d74603052b0b51,correct,0.95,Accurate translation of events.,deepseek-v4-flash
6e28643391b9e57461bb,correct,0.9,"Translation is accurate, though slightly literal.",deepseek-v4-flash
8ffcc1c7da466268dd0f,correct,0.9,Accurate translation.,deepseek-v4-flash
a53e022e5df3a31bf511,correct,0.9,Translation is accurate and natural.,deepseek-v4-flash
806204d50402634bd1e9,correct,0.9,Statistics correctly translated.,deepseek-v4-flash
72f57ad06d1519160510,correct,0.95,Accurate and natural.,deepseek-v4-flash
45dc5cc1161eed67306f,correct,0.9,Translation is accurate.,deepseek-v4-flash
c0509a1fb11ef360cb8c,correct,0.9,"Accurate, minor redundancy in English but fine in Uzbek.",deepseek-v4-flash
be2f88012cb8cca2f986,minor,0.9,"Missing 'municipality' in translation, but still acceptable.",deepseek-v4-flash
54d27154b051f2bc6fd3,correct,1.0,The translation is natural and complete.,deepseek-v4-flash
66faa9071f9c58ccff9a,correct,0.9,"Translation is accurate, though slightly awkward phrasing.",deepseek-v4-flash
97e746852f36ae76970a,junk,0.95,"This is a caption or label, not a full sentence.",deepseek-v4-flash
ff0259021d65aee8d5eb,correct,1.0,Accurate and natural translation.,deepseek-v4-flash
3454350868c85733509a,correct,0.9,"Complete, but missing 'village' but acceptable.",deepseek-v4-flash
21a63119116fafc0d831,correct,0.95,Natural translation for complex sentence.,deepseek-v4-flash
93235b28c126e395f053,correct,1.0,Concise and accurate.,deepseek-v4-flash
51460baecb306888c69b,correct,1.0,Proper translation.,deepseek-v4-flash
a1bd14f999f91eb508e4,correct,0.85,Translation accurate though 'quarters' as 'kvartallar' is slightly odd.,deepseek-v4-flash
8f7f07ca96892ab18fe2,minor,0.8,Translation is okay but has minor awkwardness and capitalization issue.,deepseek-v4-flash
6bc239d41796bcfdf1d7,correct,0.9,Accurate translation.,deepseek-v4-flash
9cc3ee0c960967b98ee7,correct,0.95,Good translation.,deepseek-v4-flash
7bb18bd08879a55775d2,minor,0.7,Incomplete sentence and punctuation issue.,deepseek-v4-flash
da4a1e3c6a0fb59766e7,correct,0.9,Accurate despite missing 'average density' but acceptable.,deepseek-v4-flash
9e0d0591aed21ceddcae,correct,1.0,Accurate.,deepseek-v4-flash
557085722b119995e604,correct,1.0,Accurate.,deepseek-v4-flash
9f86110d66aa7b8b8e43,correct,1.0,Accurate.,deepseek-v4-flash
51f21ed67da6a0ce57b3,correct,0.95,Accurate and natural.,deepseek-v4-flash
3f38e8b66361baa6d12c,correct,1.0,Accurate.,deepseek-v4-flash
e5609e15ad7803eb1cea,correct,0.9,"Accurate, slight word order change but fine.",deepseek-v4-flash
c2553f76a3de3af6162e,correct,1.0,,deepseek-v4-flash
1a00720757b76056d47b,correct,1.0,,deepseek-v4-flash
bfc263c5f3f0f9ba293c,minor,0.9,"Spelling error: 'egallagab' should be 'egallagan'. Also, there are extra spaces around quotes.",deepseek-v4-flash
ba335306d6faf1b139d4,minor,0.9,"Spelling error: 'ko'rsh' should be 'ko'rish'. Also, 'Oq uy' should be capitalized as 'Oq Uy' if proper noun.",deepseek-v4-flash
a72aec6146ca52f0ba95,wrong,0.95,'Speed-the-Plow' is translated literally as 'Tezlik-plow' but proper title should be kept in original or transliterated; also 'Macy' should ,deepseek-v4-flash
9418f8249cd1aa05544b,correct,1.0,,deepseek-v4-flash
ad2b6acc7ed0585429b4,correct,1.0,,deepseek-v4-flash
fa93f820cac22550b004,correct,1.0,,deepseek-v4-flash
6aab6ac6e92496f880ee,correct,1.0,,deepseek-v4-flash
92d91e7cc0339aacea49,minor,0.8,"Missing context: 'Pamusiai' is a village in Varėna district municipality; the translation says 'Varena tumanidagi qishloq' which is fine, bu",deepseek-v4-flash
01b6c54f96b82bc411d2,correct,1.0,,deepseek-v4-flash
d6454a963e2f29c52bd4,correct,0.9,"Slight awkwardness: 'ertak she'rini 1892-yilda yozgan' could be rephrased, but accurate.",deepseek-v4-flash
770012075c85434120fc,correct,1.0,,deepseek-v4-flash
acdaecd0f8becb08d336,correct,1.0,,deepseek-v4-flash
30191c93a01ecfb7ce49,correct,1.0,,deepseek-v4-flash
d411ced4dae81221b0e1,correct,1.0,,deepseek-v4-flash
a6de979676f3a9817ac0,correct,1.0,,deepseek-v4-flash
f4787c4249cf732df74c,minor,0.9,Missing 'previously' translation: 'avval' is there but 'only used' could be better as 'faqat ishlatilgan' – actually it says 'avval faqat iP,deepseek-v4-flash
2872d5312f9a7bb71304,minor,0.9,"English units in parentheses not translated: 'kilometres' and 'mil' are okay, but '235 kilometres (146 mi)' should be '235 kilometr (146 mil",deepseek-v4-flash
ed75c8072ad88941d168,correct,1.0,,deepseek-v4-flash
4b9f1349f4bf4a0bd583,correct,0.9,Translation is natural and complete.,deepseek-v4-flash
dd4c11d29ef349c7bf65,correct,0.95,Natural and accurate translation.,deepseek-v4-flash
0685ac96cbbab0326ce5,correct,0.95,Natural and accurate translation.,deepseek-v4-flash
4a6f34ea40945ef07338,correct,0.95,Natural and accurate translation.,deepseek-v4-flash
b5db61e380c22b8573a1,correct,0.95,Natural and accurate translation.,deepseek-v4-flash
a6ecb60f42a4bf22c1b1,correct,0.9,Natural and accurate translation.,deepseek-v4-flash
453235aca95a6ecfa2fc,junk,0.95,Fragment of a citation.,deepseek-v4-flash
bd1a44a4f21824309d8d,wrong,0.8,Turkish text not translated; meaning altered.,deepseek-v4-flash
c4b861466d3e8cb5dbdd,correct,0.95,Natural and accurate translation.,deepseek-v4-flash
281449844deac32615bb,correct,0.95,Natural and accurate translation.,deepseek-v4-flash
b10c60b60fb2634f2966,correct,0.95,Natural and accurate translation.,deepseek-v4-flash
d4c6fa795de95207c16a,correct,0.95,Natural and accurate translation.,deepseek-v4-flash
e6b6ebcd3e4a4790c33d,correct,0.95,Natural and accurate translation.,deepseek-v4-flash
35ee3d54037a8b64c1c3,correct,0.95,Natural and accurate translation.,deepseek-v4-flash
03c3ada2f49ce202b5af,junk,0.9,Incomplete phrase without verb.,deepseek-v4-flash
1ea56fb2f525525cfac2,correct,0.95,Natural and accurate translation.,deepseek-v4-flash
c00cb72302c25acb3ea8,correct,0.95,Natural and accurate translation.,deepseek-v4-flash
e541d4a1e7343615c97c,correct,0.95,Natural and accurate translation.,deepseek-v4-flash
15bdf3e3b9912043f6c2,correct,0.95,Natural and accurate translation.,deepseek-v4-flash
44ae693246588193caea,correct,0.95,Natural and accurate translation.,deepseek-v4-flash
645492b1c23b8c8cc423,correct,1.0,完整准确的翻译,deepseek-v4-flash
e7261d80c41641e14dfa,correct,1.0,翻译自然完整,deepseek-v4-flash
116b9cf6bbb90391db00,correct,0.9,翻译准确，保留术语,deepseek-v4-flash
c807bbfa0cb269200521,correct,0.95,翻译通顺，意思完整,deepseek-v4-flash
b890f45892b7f01cc222,correct,1.0,准确翻译,deepseek-v4-flash
422ad08096625f7daf1f,correct,1.0,翻译准确自然,deepseek-v4-flash
618de6a6993616c95f3c,correct,1.0,翻译准确完整,deepseek-v4-flash
a74b13dc0ad4b9fb8c64,wrong,0.8,拼写错误，vitel应为vites,deepseek-v4-flash
c36ba5ef14720857d2fa,correct,1.0,准确翻译,deepseek-v4-flash
cda6bb7f61fc958923ae,junk,0.9,引用格式，非自然句子,deepseek-v4-flash
48a90900716098e60487,minor,0.7,拼写和空格问题，但可理解,deepseek-v4-flash
fbe87247d5cf56162220,correct,1.0,准确翻译,deepseek-v4-flash
88977b375567a1f81cfa,correct,1.0,准确翻译,deepseek-v4-flash
02be6b1c4390aaf3a9a1,correct,1.0,准确翻译,deepseek-v4-flash
031d104bc5438c25b472,correct,1.0,准确翻译,deepseek-v4-flash
0819e67b93a8fa5ebe7a,minor,0.8,重复名字，稍显不自然,deepseek-v4-flash
38056797a123e7f5aec8,correct,1.0,准确翻译,deepseek-v4-flash
7efe8774cfb02cca579c,minor,0.8,遗漏bowler一词，部分翻译,deepseek-v4-flash
2523a961079eeaffbebc,correct,0.95,翻译准确,deepseek-v4-flash
638a3270ad3a54ab37b3,correct,1.0,准确翻译,deepseek-v4-flash
98c9ce2bac4f45b111a6,correct,1.0,Natural translation with no English residue.,deepseek-v4-flash
61d60597ae248b3c73d4,minor,0.8,English 'Encyclopædia Iranica' retained; may be acceptable but could be transliterated.,deepseek-v4-flash
33560c6f2a1df820b488,correct,0.9,Accurate and natural translation.,deepseek-v4-flash
97415aeb7316d158460d,correct,1.0,Natural and complete.,deepseek-v4-flash
59c37e80052475e6366e,correct,1.0,Natural and accurate.,deepseek-v4-flash
ee8917dbcaf43d468b14,correct,1.0,Accurate translation.,deepseek-v4-flash
749ea93f40994c85ef9e,correct,1.0,Natural and complete.,deepseek-v4-flash
797dc56412060960c4cf,correct,1.0,Natural and accurate.,deepseek-v4-flash
2d858217cca1c2dcee55,minor,0.7,'omnaviy axborot vositalarida' is not a standard translation for 'media'; 'vositalar' would be better.,deepseek-v4-flash
e89333687893b6a63d36,correct,1.0,Accurate and natural.,deepseek-v4-flash
827f93b5458d467d2968,correct,1.0,Natural and complete.,deepseek-v4-flash
26e3cb49d3bed376f1de,correct,1.0,Accurate and natural.,deepseek-v4-flash
8b374c98b919ef4e3b37,correct,1.0,Natural and complete.,deepseek-v4-flash
93e704b8e3a96654b813,minor,0.6,Typo 'hsioblanadi' should be 'hisoblanadi'; also wording could be smoother.,deepseek-v4-flash
5129f16483a2a1d6d0a0,correct,1.0,Natural and complete.,deepseek-v4-flash
511b49228557dc6249d2,correct,1.0,Accurate and natural.,deepseek-v4-flash
3d33d136eff2185955da,correct,1.0,Natural and complete.,deepseek-v4-flash
d93e9c363ef728d52cba,minor,0.8,'Lesbian' and 'gay' retained in English; perhaps acceptable but could be transliterated.,deepseek-v4-flash
8c691bb01dd300325beb,correct,1.0,Accurate and natural.,deepseek-v4-flash
1e08b63a0b87dfea26de,correct,1.0,Natural and complete.,deepseek-v4-flash
112ed4064c91471ee35f,correct,0.95,The Uzbek translation is natural and accurately conveys the meaning.,deepseek-v4-flash
764451283de0d42f029c,correct,0.9,The translation is accurate but misses a period at the end; otherwise natural.,deepseek-v4-flash
07b6d94120fbaec6135e,correct,0.98,"Adequate translation, proper names handled well.",deepseek-v4-flash
c6e962b2de396e687239,correct,0.95,The translation is complete and natural.,deepseek-v4-flash
2f6dc7c7266b2b967331,minor,0.8,"Minor redundancy: 'bi turbo' should be 'biturbo' or 'ikki turbo', and 'ega' is slightly awkward but understandable.",deepseek-v4-flash
6444a2b3df3309a974da,minor,0.7,Typo: 'estafetadada' should be 'estafetada'; also comma usage is slightly off but not severely.,deepseek-v4-flash
a53b441176c03a2b2682,correct,0.95,Translation is accurate and natural.,deepseek-v4-flash
fa7d20d72228ae3e03c3,minor,0.75,Contains extraneous quotes around 'No Pigeons' and ' Kabutarlar yo'q ' (typo: space) but adequate; also 'ASCAP Rep' should be 'ASCAP Rap'.,deepseek-v4-flash
7db158e4d90a3a3a6959,correct,0.98,Correct and natural.,deepseek-v4-flash
90bed3fed27b98ec7bee,correct,0.95,Accurate translation.,deepseek-v4-flash
4156c3129debdff1eb20,correct,0.98,Natural and accurate.,deepseek-v4-flash
e5f89416868636508fb5,minor,0.8,Translation is understandable but slightly verbose; 'bu hudud iqlimiga xosdir' is redundant but not wrong.,deepseek-v4-flash
18cff888887bcae9f240,correct,0.98,Accurate and natural.,deepseek-v4-flash
488403e8f930375fde59,correct,0.95,Translation is correct; minor terminological differences but acceptable.,deepseek-v4-flash
89094905ff47aefbcec0,correct,0.98,Short phrase accurately translated.,deepseek-v4-flash
b1b76f65eef056da667d,correct,0.98,Accurate translation.,deepseek-v4-flash
835d373e34a8c72c80af,minor,0.8,"Minor stylistic issue: 'ziyoratgoh joy edi' could be more natural as 'ziyoratgoh bo'lgan', but overall understood.",deepseek-v4-flash
a1e54fdf0edb3b608b37,minor,0.8,"Contains extra spaces and parentheses; also 'Russian' not translated, but the English is in parentheses, so it's acceptable. Overall meaning",deepseek-v4-flash
50179b536a8884d49736,correct,0.98,Accurate and natural.,deepseek-v4-flash
0204b9f672870213a3fa,correct,0.98,Accurate translation.,deepseek-v4-flash
d9728423b7d329f29bae,junk,1.0,网页标题碎片，非完整句子,deepseek-v4-flash
a2b2b66cf3f517a3127b,correct,1.0,翻译自然完整，准确传达原意,deepseek-v4-flash
b12d13e6cf0e40fae964,correct,1.0,翻译准确自然,deepseek-v4-flash
db0683e5ce45e5ab97fa,correct,1.0,翻译准确，保留引号,deepseek-v4-flash
f061c21162d72a665315,correct,1.0,翻译准确自然,deepseek-v4-flash
0d36d2790545935e516d,correct,1.0,翻译准确自然,deepseek-v4-flash
c96691a6d382fa1feeb2,correct,1.0,翻译准确自然,deepseek-v4-flash
aa1043b61e448ac5885d,correct,1.0,翻译准确，保留专有名词,deepseek-v4-flash
fcb0ad10d8f16a2dc673,correct,1.0,翻译准确自然,deepseek-v4-flash
3c575a5a727e049ad267,correct,1.0,翻译准确自然,deepseek-v4-flash
1e711e4d2420aca37ad8,correct,1.0,翻译准确自然，保留歌名,deepseek-v4-flash
471fbd8d4fd1819685b0,minor,0.9,有一个拼写错误'davom ettirgtgan'应为'davom ettirgan',deepseek-v4-flash
e2694fe6009af533bb1e,correct,1.0,翻译准确自然,deepseek-v4-flash
4c31718e6a8247caf2d7,correct,1.0,翻译准确自然,deepseek-v4-flash
cd33a9343914784f94f9,correct,1.0,翻译准确，保留俱乐部名,deepseek-v4-flash
01b1180e54510716671b,correct,1.0,翻译准确自然,deepseek-v4-flash
8be8126851028b435b5a,correct,1.0,翻译准确自然,deepseek-v4-flash
bfb9fb9bd68e1ea52463,correct,1.0,翻译准确自然,deepseek-v4-flash
2987fdf01fd94b9e792a,correct,1.0,翻译准确自然,deepseek-v4-flash
f4afed8b9cb851a337d9,correct,1.0,翻译准确自然,deepseek-v4-flash
69311942aed60882942f,correct,0.95,"Complete translation of river names, no English residue.",deepseek-v4-flash
a2f44a6ebb4d33158a09,correct,0.9,Proper nouns and terms translated or transliterated appropriately with no significant issues.,deepseek-v4-flash
b4b729c75cd9e1946c5d,correct,0.95,Accurate and natural translation of the sentence.,deepseek-v4-flash
45194505c6dd256d28ea,minor,0.7,Tense shift: 'vafot etadi' (present) vs English past 'died'.,deepseek-v4-flash
d0b6951439ece945fa3b,correct,0.9,Good translation.,deepseek-v4-flash
ac03ca8e348837a8c6d2,correct,0.9,Translated accurately with scientific name kept in parentheses.,deepseek-v4-flash
fd897a2020d2ae58f0c8,correct,0.95,Accurate translation of company and product names.,deepseek-v4-flash
a546fdbb42594e84cab9,minor,0.7,'Three-Wheeler' not fully translated; English term retained.,deepseek-v4-flash
8086829df8423f268e54,correct,0.95,Accurate translation.,deepseek-v4-flash
9daf2c885ff5d494e202,correct,0.95,Accurate translation.,deepseek-v4-flash
2b4c9e769b967c1db447,minor,0.6,"Redundant 'medallni' corrected to 'medalni', minor spelling issues.",deepseek-v4-flash
d267818969cec0746f19,correct,0.95,Accurate translation.,deepseek-v4-flash
84cc897df1be3400cd09,correct,0.95,Accurate translation.,deepseek-v4-flash
a47c95e973d16994e976,correct,0.95,Accurate translation with no issues.,deepseek-v4-flash
bab2b902dd10c7d77b04,correct,0.95,Accurate translation.,deepseek-v4-flash
d747ad97c7e78191db4e,minor,0.7,Spacing issue in '2008- yilgi' and '2009- yilda'.,deepseek-v4-flash
0f03c4ebd950c53568e5,correct,0.95,Accurate translation with appropriate transliration.,deepseek-v4-flash
5b526167bce1835d7308,minor,0.7,'NCIS filmining' should be 'NCIS serialining' as it's a TV series.,deepseek-v4-flash
0633c5748ee8981fb6cc,correct,0.95,Accurate translation.,deepseek-v4-flash
bb7333a1cc4eda103761,minor,0.6,'bir marta Sudamerikana kubogi' should be 'bir marta Copa Sudamericana'. Also 'CONCACAF chempionlar kubogi' missing 'Cup'.,deepseek-v4-flash
82b57e68e32f50d90a9b,correct,1.0,,deepseek-v4-flash
26e7af2fcd9add32ad7b,correct,1.0,,deepseek-v4-flash
35189ce241c97a97615e,correct,0.99,,deepseek-v4-flash
0aaee216e44f75cf1b53,correct,0.96,,deepseek-v4-flash
4c19035e6d52ad8279d2,correct,1.0,,deepseek-v4-flash
3143c36878132d330cee,minor,0.88,Slight style issue: 'qayt etilgan' could be smoother but understandable.,deepseek-v4-flash
c50131a89e82c8c50f49,correct,1.0,,deepseek-v4-flash
207560e184dc4d5b85af,correct,1.0,,deepseek-v4-flash
5233745f34dde61c869f,correct,1.0,,deepseek-v4-flash
9202078911d0495552ed,minor,0.85,Transliteration of Japanese names not standard in Uzbek but acceptable.,deepseek-v4-flash
46dedc9dd41155d25809,correct,1.0,,deepseek-v4-flash
bc4ded162ce2e08e0e75,minor,0.9,"'Shoira' is common Uzbek name, but 'Shaira' might be intended; still acceptable.",deepseek-v4-flash
32a84e26ac551649a8df,correct,1.0,,deepseek-v4-flash
c9d5f398c67013c70351,correct,0.98,,deepseek-v4-flash
e015e3b6da5700e1f552,correct,0.96,,deepseek-v4-flash
66b0648da91ba5d63072,wrong,0.8,Incomplete translation: 'Original English translation' rendered as 'Asl nomi Inglizcha tarjimasi' misses meaning.,deepseek-v4-flash
f98ef73bb05d5888430d,correct,1.0,,deepseek-v4-flash
48ce453b9087461159c0,correct,1.0,,deepseek-v4-flash
3dac94779808e0e04f62,minor,0.9,'Shahar Peerga' should be 'Shahar Peer'ga' but only punctuation style.,deepseek-v4-flash
26817c779cdb6e8ccc95,correct,1.0,,deepseek-v4-flash
af3a8923aa9731179988,correct,1.0,,deepseek-v4-flash
aaf17af794d42a5f4b28,correct,1.0,,deepseek-v4-flash
738584e346c03ad8b33e,correct,0.95,Proper noun translation is standard.,deepseek-v4-flash
e7f6b4c4e23f6f3b4736,correct,0.9,Term is standard in Uzbek.,deepseek-v4-flash
3fbfcc4e8fdcbf1810a8,correct,0.95,Minor word order but natural.,deepseek-v4-flash
5c1ace78feb281f27826,correct,0.95,"Good translation, slight stylistic difference.",deepseek-v4-flash
d84d21f47f5d1044d855,correct,0.95,Good translation; minor extra space.,deepseek-v4-flash
7724f2b110839ee9c3d9,correct,0.9,"Proper names retained, translation accurate.",deepseek-v4-flash
198b3f009eee3f381de3,correct,0.9,"Proper nouns retained, good.",deepseek-v4-flash
caa7ef554368468d28d3,correct,0.95,Good translation with natural wording.,deepseek-v4-flash
ef997cabd55bbcb2142f,correct,0.9,Minor spacing but accurate.,deepseek-v4-flash
39b64a83beb9f5114a6e,correct,0.95,"Good, 'affiliate' translated well.",deepseek-v4-flash
8162cbd44423fa197f98,correct,0.95,"Good translation, 'received' as 'oldi' is fine.",deepseek-v4-flash
23eebf584138e84c3238,correct,1.0,,deepseek-v4-flash
c699a9714dfdbe0737ce,correct,1.0,,deepseek-v4-flash
f62315cb8f3869e1b41f,correct,1.0,,deepseek-v4-flash
508e1cf50eba5da22004,correct,0.95,"Good, standard phrasing.",deepseek-v4-flash
bc349832709bbb96ab8b,correct,0.95,"Good, minor word choice differences.",deepseek-v4-flash
2e2fa0e459f4dd1cb068,correct,0.95,"Good, natural translation.",deepseek-v4-flash
50a9bc2b7307770773e0,correct,1.0,,deepseek-v4-flash
043f14fe4fe04fdfad47,wrong,1.0,"Translation says middle name from father, but English says from mother.",deepseek-v4-flash
5547f6866d5c0023b073,minor,0.8,Word order slightly awkward but understandable.,deepseek-v4-flash
40629672751fc76b9c4b,minor,0.7,Missing 'western' for Toyama Prefecture.,deepseek-v4-flash
d442407b26e9965dec14,junk,1.0,Match data is tabular fragment.,deepseek-v4-flash
617870d6626f8d9429c0,correct,0.95,Accurate and natural.,deepseek-v4-flash
546d09349deb1c4386cd,correct,0.9,Good translation.,deepseek-v4-flash
4113c2a7ced71d07cc97,minor,0.7,Missing 'football' for Czech team.,deepseek-v4-flash
9f476ead6371138f3c11,correct,0.95,Simple and correct.,deepseek-v4-flash
fe2e4d9901e485e47282,wrong,0.9,Name misspelled as 'Hemilton' instead of 'Hamilton'.,deepseek-v4-flash
c35132170f7e20548eb8,minor,0.6,Quotes around translated title might be awkward.,deepseek-v4-flash
9f01ae96cb40026acee2,correct,0.9,Accurate.,deepseek-v4-flash
5f0db4f07eeaee487005,correct,0.9,Good translation.,deepseek-v4-flash
c1128f6310eeef675f3f,correct,0.95,Good.,deepseek-v4-flash
b7a4bb9d21dad1583bba,minor,0.7,Slightly awkward structure and missing period.,deepseek-v4-flash
d47ca283ca6b3b0e7168,correct,0.95,Good.,deepseek-v4-flash
01f72f6a742582fd156f,minor,0.6,Retains English 'Estonian' and parentheses.,deepseek-v4-flash
0d187ec4550cd8402d98,junk,1.0,Match data fragment.,deepseek-v4-flash
2295caa61c7a6dacb214,minor,0.8,Incorrect translation of 'plays' as 'plays as defender'.,deepseek-v4-flash
be82346f7c19b80b1867,correct,0.95,Accurate.,deepseek-v4-flash
e5b9ff0171942cb8a28a,correct,0.95,Good.,deepseek-v4-flash
2a51ba1256c3bc1198e1,correct,0.95,Natural and complete translation.,deepseek-v4-flash
070cc90a24fe2e8c50ba,minor,0.8,Missing colon and period accuracy.,deepseek-v4-flash
407e404221876fa0c4fb,correct,0.95,Accurate and natural translation.,deepseek-v4-flash
0c828c711da22492d823,minor,0.7,Typo 'rad etialdi' should be 'rad etildi'.,deepseek-v4-flash
a869dd53f45373601887,correct,0.95,Accurate translation.,deepseek-v4-flash
94d8da3f157753d3970f,minor,0.85,Extra space before period.,deepseek-v4-flash
08f1e77e8250147c4db5,wrong,0.9,Untranslated 'Industries' and awkward phrasing.,deepseek-v4-flash
b81d83a28d03fdd70746,wrong,0.95,Incorrect translation: 'Changed Her Life' incorrectly rendered.,deepseek-v4-flash
b1e0c0a18432c70e3cff,correct,0.95,Accurate translation.,deepseek-v4-flash
136d40de35fe3e88b7d0,minor,0.8,Missing 'village' and punctuation.,deepseek-v4-flash
fe45bfd4674c1a0360ff,correct,0.95,Accurate and natural.,deepseek-v4-flash
511e5a1083c0b62c1f47,correct,0.95,Accurate translation.,deepseek-v4-flash
797bee8324523a4ac50d,correct,0.95,Accurate translation.,deepseek-v4-flash
bc1acd68afa497fa1cd9,minor,0.85,Missing period at end.,deepseek-v4-flash
ca37db9f10a52ff97780,minor,0.8,Missing period and slight awkwardness.,deepseek-v4-flash
7bfdccedfe098c4df613,correct,0.95,Accurate translation.,deepseek-v4-flash
bd61998ecc7df323f83f,correct,0.95,Accurate translation.,deepseek-v4-flash
7602562c8ac4e712ebdf,wrong,0.95,"Incorrect translation: 'sazovor bo'ldi' implies won, should be nominated.",deepseek-v4-flash
2ed15216430fca6f7e39,correct,0.95,Accurate translation.,deepseek-v4-flash
3d48bd05b59e0b82be5d,junk,0.9,"Fragment, not a complete sentence.",deepseek-v4-flash
29e6f4e374690f76e308,correct,0.95,Accurate and natural translation.,deepseek-v4-flash
f390684f5612676f6528,wrong,0.9,Omission of 'and comedy sitcom Acting Acting' in translation.,deepseek-v4-flash
16e2dc160bd22b6df876,correct,0.98,Complete and accurate translation.,deepseek-v4-flash
5e95d8cfabd1dfc51caf,correct,0.97,Translation is natural and complete.,deepseek-v4-flash
d0a24e7fd12b3eef0765,correct,0.95,"Proper handling of dates and brackets, natural.",deepseek-v4-flash
0c155626664fcb86a4f8,correct,0.98,Accurate and natural.,deepseek-v4-flash
16d71d69e0bab602e38c,correct,0.96,Complete and accurate.,deepseek-v4-flash
1a6ccb12dea95c6d2a9c,correct,0.93,"Minor spelling issue: 'joylashganshaharcha' should be 'joylashgan shaharcha', but otherwise natural.",deepseek-v4-flash
4b1009b7b5c53398acb7,correct,0.95,"Accurate and natural, minor wording variation.",deepseek-v4-flash
8c92441c3e4873b6c7b7,wrong,0.9,Contains nonsensical appended text 'ndshd dfhdh dgrh hyjur'.,deepseek-v4-flash
585b6fd03d6015086d99,correct,0.98,Accurate and complete.,deepseek-v4-flash
e7619825c4865b6ecbfa,correct,0.9,Translates overall but slightly awkward; 'xromga' maybe 'chromium-based' but acceptable.,deepseek-v4-flash
d47c694c6b54e769fd5d,correct,0.95,"Accurate, minor typo 'adminstratori' should be 'administratori'.",deepseek-v4-flash
bcfe4db5991a26d270ac,correct,0.99,Accurate translation.,deepseek-v4-flash
226a4af0d25b41d7bd85,correct,0.96,Accurate and natural.,deepseek-v4-flash
a89f89e5ba43978d65b6,correct,0.98,Accurate.,deepseek-v4-flash
d9aaa1e74445e26c8bf4,correct,0.97,"Accurate, minor: 'kurashgan' could be 'o'ynagan' but fine.",deepseek-v4-flash
29a8aa1eb6a3c70e6296,correct,0.98,Accurate.,deepseek-v4-flash
7e406aceb670595141ca,correct,0.98,Accurate.,deepseek-v4-flash
a546839ba074521ec32c,correct,0.98,Accurate.,deepseek-v4-flash
d9ae2f0088cd4b80cd1a,correct,0.95,The translation is natural and complete.,deepseek-v4-flash
647e4f22e7f6d49f86e8,correct,0.95,The translation is natural and complete.,deepseek-v4-flash
adb5b51f97acc756eaaa,correct,0.9,"Translation is natural, though 'Mary Ruaga' might be a transliteration of 'Marie Rua' but acceptable.",deepseek-v4-flash
7848b803e445b1c99442,correct,0.9,"Translation is mostly accurate, minor wording but okay.",deepseek-v4-flash
82a77f5f447cd8c0d6b1,correct,0.95,The translation is natural and complete.,deepseek-v4-flash
b79606a3c5263ffdd874,correct,0.9,"Translation is accurate, though 'Futbol ligasi' might be slightly ambiguous but acceptable.",deepseek-v4-flash
f490c92e7b5b11099fc2,minor,0.8,"Word order slightly off, but meaning is clear.",deepseek-v4-flash
0959e1635ca8fc9762ac,correct,0.95,Translation is natural and complete.,deepseek-v4-flash
84d7443b8bc48843e7d9,correct,0.95,"Translation is natural, though 'yuzni ko'tarish' is a literal translation of 'facelifting' but understandable.",deepseek-v4-flash
70fb805f5e7a227f2a8c,correct,0.95,Translation is accurate and natural.,deepseek-v4-flash
433dcb299bf2471964db,minor,0.85,"Translation says 'yarim himoyachi' (midfielder) but en says 'winger', a slight mistranslation.",deepseek-v4-flash
4681f77d3a75a18a28a3,correct,0.95,Translation is accurate.,deepseek-v4-flash
cc5635299e240b9106b7,correct,0.9,"Translation is accurate, though some transliterations might differ but acceptable.",deepseek-v4-flash
0127a532fd0ad6ae1fcf,correct,0.95,Translation is accurate.,deepseek-v4-flash
cbcf010ada2ee90e2919,correct,0.95,Translation is accurate.,deepseek-v4-flash
ce568cada0efe5d85d0a,correct,0.95,Translation is accurate.,deepseek-v4-flash
bf6a80cdd56e16f509b6,minor,0.85,Missing 'from' before 'Hind okeanidan' and slightly awkward but understandable.,deepseek-v4-flash
9f7a08ed695eb4a7657b,correct,0.95,Translation is accurate.,deepseek-v4-flash
7edcdc59678eac26ec10,correct,0.95,Translation is accurate.,deepseek-v4-flash
8920c465e06c40dc0b2d,correct,0.95,Translation is accurate.,deepseek-v4-flash
65ac5c51092d471455d0,correct,0.95,"The Uzbek translation is natural and complete, retaining proper names and titles without significant English residue.",deepseek-v4-flash
19bea0f481da98586c25,minor,0.8,"Minor typo: 'ro' should be 'va' (and), but meaning is clear.",deepseek-v4-flash
92d8784167b8d5d9409d,wrong,0.9,Large English residue: 'The Uzbekistan Regbi Federation' and '(Uzbek )' remain untranslated; also missing 'O'zbekiston'.,deepseek-v4-flash
f761508b8d79b32dce55,minor,0.7,Repetition of '1978' and '1978-yilda' makes it slightly redundant; otherwise accurate.,deepseek-v4-flash
dfa45cf36d432c6ff083,correct,0.95,"Accurate and natural translation, proper names retained.",deepseek-v4-flash
aa48c53ce8f3333ea26f,correct,0.95,Natural and complete translation.,deepseek-v4-flash
5a15f78dc258935a6b01,correct,0.95,Accurate translation of a title/description.,deepseek-v4-flash
1b12de05bc2144934504,minor,0.8,'Face the Nation' translated as 'Face the Nation filmida' adds 'film' not in source; minor addition.,deepseek-v4-flash
efd2f40b8a50b41ef080,correct,0.95,Accurate and natural translation.,deepseek-v4-flash
5fa38733d6323dde91cc,minor,0.8,"Minor grammatical issue: 'viloyatdagi' should be 'viloyatining' or 'viloyatidagi', but meaning is clear.",deepseek-v4-flash
33334de663a577ddbde0,minor,0.8,"Word order could be improved, but it's acceptable.",deepseek-v4-flash
d65fa63b7f31f43cfd25,minor,0.8,Missing subject 'she' in 'joylashtirdi' but implied; otherwise accurate.,deepseek-v4-flash
2e46dcc96e91e443fd2c,correct,0.95,Accurate translation with proper names and dates.,deepseek-v4-flash
382233ba5568767ae338,minor,0.8,"Repetition of 'Villiams' and slight awkwardness, but meaning is preserved.",deepseek-v4-flash
dda2085392d7b69e32e7,minor,0.8,Typo: 'Olimpia' should be 'Olimpiya'.,deepseek-v4-flash
eb9eff987f221f136bce,correct,0.95,Accurate translation.,deepseek-v4-flash
fb5fa40686fb98787306,minor,0.8,"English abbreviation 'DTI' retained, which is acceptable as an acronym.",deepseek-v4-flash
804583e308374270a792,correct,0.95,Simple and accurate translation.,deepseek-v4-flash
6127651ec789621a0f89,minor,0.8,"Slightly awkward phrasing, but accurate.",deepseek-v4-flash
ec3f3cd089c454c897ef,minor,0.8,"Missing a connector before 'before', but understandable.",deepseek-v4-flash
6381b1e38a970f003403,minor,0.9,"The translation omits the phrase 'son of' (o'g'li) which is present, but it slightly changes structure. Actually 'Kumar aktyor Rajendra Kuma",deepseek-v4-flash
87a2de35ecacb9d11b88,correct,1.0,Accurate translation.,deepseek-v4-flash
fe1d1f1ac28ac32e5b12,correct,1.0,Accurate translation.,deepseek-v4-flash
e354660faa30f9f45709,minor,0.9,The phrase 'to make way for' is translated as 'o'tish uchun' which is correct but slightly awkward. Also 'new 70 and 90-meter jumps' is tran,deepseek-v4-flash
605629211a5a556f9467,junk,1.0,"The input is a list of titles, not a coherent sentence. The translation is a list, but it's considered junk as per instructions.",deepseek-v4-flash
152f0f262fd66c959ace,correct,1.0,Accurate translation.,deepseek-v4-flash
78813f9e3d3c21e35e98,correct,1.0,Accurate translation.,deepseek-v4-flash
b066de246b70dcc530f0,correct,1.0,"Accurate translation, with an extra space before period but that's minor.",deepseek-v4-flash
854b483326ffad53649e,correct,1.0,Accurate translation.,deepseek-v4-flash
5d4b854fe7b583a32351,minor,0.9,"The translation keeps 'Ukrainian' in English, which is a small English residual. Also 'urban-type settlement' is translated as 'shahar tipid",deepseek-v4-flash
62052844e74c63bcc957,minor,0.9,The translation uses 'haftasiga' instead of 'haftada' but it's acceptable. Also the structure is correct.,deepseek-v4-flash
44b2b2f12781954df7cb,minor,0.9,"The translation says 'sportchi oilaning bir qismi edi' which is correct, but the sentence structure is a bit off. 'Prior was part of an athl",deepseek-v4-flash
5e2a7c149a06ca218a49,correct,1.0,Accurate translation.,deepseek-v4-flash
80b50ee85f55682ebaab,correct,1.0,Accurate translation.,deepseek-v4-flash
ca132d0ff59f1b556952,minor,0.9,"The translation says 'Adweek WSJ mukofotiga sazovor bo'ldi' which means 'Adweek was awarded WSJ', but the original means 'Adweek awarded WSJ",deepseek-v4-flash
1470cfdd378757705aaf,correct,1.0,Accurate translation.,deepseek-v4-flash
c4fd5c484d1709667182,correct,1.0,Accurate translation.,deepseek-v4-flash
14d9ed8d1c47d14c2c24,correct,1.0,Accurate translation.,deepseek-v4-flash
e99fdd0bfe4c034d167c,minor,0.9,"The translation keeps 'Arabic' in English, and also omits the Arabic script, but that's acceptable. The phrase 'Zaynab bint ʿAlīy' is kept a",deepseek-v4-flash
e77aa27953e90abf7c7c,correct,1.0,Accurate translation.,deepseek-v4-flash
1397c454a2f6540d1284,correct,1.0,乌兹别克语翻译准确完整，未发现错误。,deepseek-v4-flash
cc7efa48f7b2bec4df87,correct,1.0,翻译准确自然，未发现错误。,deepseek-v4-flash
4f1caf2f74a0a3fe83e7,correct,1.0,翻译准确，专有名词处理合理。,deepseek-v4-flash
55c299840b9f729b31a5,correct,0.95,翻译完整，但保留英文名Scott McKenna，可能是为了明确身份，自然性略有不足，但可接受。,deepseek-v4-flash
08d6f53ccdab57460bf7,correct,1.0,翻译准确，语法正确。,deepseek-v4-flash
79e8cf325b0ef2d521fd,correct,1.0,翻译准确，简单句型无错误。,deepseek-v4-flash
95a511790d1cd097e35a,minor,0.8,'Men's Wearhouse'翻译为'Erkaklar kiyimlari uyi'，可能不够准确，但整体可理解。,deepseek-v4-flash
4376860c9ec7c5ab0867,correct,1.0,翻译准确，专有名词处理得当。,deepseek-v4-flash
c6075c48f652625ccf64,correct,1.0,翻译准确，自然。,deepseek-v4-flash
34ea2843c26cfc0bfd43,junk,1.0,英语是列表片段，乌兹别克语直接翻译，可能为网页标题碎片。,deepseek-v4-flash
12f912e7ea3370cffb65,correct,0.95,'Olimpia o'yinlari'应为'Olimpiya o'yinlari'，拼写略有瑕疵。,deepseek-v4-flash
44a520a7f5f8482be5e9,correct,1.0,翻译准确，无错误。,deepseek-v4-flash
7c3e9e00cfc7c476b1d8,minor,0.85,'unversiteti ta'lim olgan'应为'universitetida ta'lim olgan'，介词缺失。,deepseek-v4-flash
3a2acdf86150fb7ae42a,correct,1.0,翻译准确，自然。,deepseek-v4-flash
6e335fa36355fd30539a,correct,0.9,'realiti shousida'应为'realiti-shousida'，但整体可接受。,deepseek-v4-flash
a078906c2e244fed017e,correct,0.95,翻译准确，但'ro'para'拼写错误，应为'ro'para'？实际是'ro'para'，轻微拼写问题。,deepseek-v4-flash
799c968a2adfb7b3e782,correct,1.0,翻译准确，自然。,deepseek-v4-flash
ab1500810048003d2115,correct,0.9,'Vulverxempton'拼写不准确，正确应为'Wolverhampton'的音译，但可接受。,deepseek-v4-flash
792fddc7d24ee63476ae,correct,1.0,翻译准确。,deepseek-v4-flash
204d21b78b5ade0b2945,correct,0.9,'Falko'应为'Falco'，拼写错误，轻微。,deepseek-v4-flash
49d55dbe66f7d1d8cbeb,correct,0.95,"The translation accurately conveys the meaning, with only the name 'Disney' retained as a proper noun.",deepseek-v4-flash
55a7521ef4d277ab0541,correct,0.95,"Proper names 'BBC' and 'Future Media' retained, but acceptable as proper nouns.",deepseek-v4-flash
9f470e03563dfdb7d1d2,correct,0.92,"Proper names 'Ylivieska', 'Kalajokilaakso', 'Autolaakso' retained, which is appropriate.",deepseek-v4-flash
618c53e86e44dc347126,correct,0.9,The translation is accurate; proper name 'Sergey Tetyukhin' transliterated correctly.,deepseek-v4-flash
8e3ef9e28c189d21b98c,correct,0.95,"Accurate translation; proper name 'Vertrue, Inc.' kept as is.",deepseek-v4-flash
c8a488399bacb5b69898,correct,0.95,Accurate and natural translation with no issues.,deepseek-v4-flash
1fba47b40856ba091fe6,correct,0.95,Accurate translation with correct names and dates.,deepseek-v4-flash
554c39358638752785d8,correct,0.97,Natural and accurate translation.,deepseek-v4-flash
a885bdd81c4f1fd12269,correct,0.97,Accurate and natural.,deepseek-v4-flash
8035b62705ee0360e95d,correct,0.93,Accurate translation; 'World Juniors' retained as event name.,deepseek-v4-flash
6c45a102279e6248b338,correct,0.97,Accurate and natural.,deepseek-v4-flash
ce31486cf355ec55580f,correct,0.95,Accurate translation with proper names transliterated.,deepseek-v4-flash
35eedc754e01ac61a685,wrong,0.85,"The English is a caption 'by an unknown artist', translated as 'tanib bo'lmadigan rassom tomonidan' meaning 'by an unrecognizable artist', w",deepseek-v4-flash
3aae1e6a6d87697beb9c,minor,0.8,"Translation is mostly accurate but missing the implication of dedication; 'otasi bag'ishlangan' is ambiguous, should be 'otasiga bag'ishlang",deepseek-v4-flash
068f3f3db153ac6a9961,correct,0.9,Accurate; minor split into two sentences is fine.,deepseek-v4-flash
aef5c05b16d7470d56c5,junk,0.95,"This is a title and was kept in English; likely a heading or title fragment, not a full sentence.",deepseek-v4-flash
cbd6c7581704cb6d7d44,correct,0.95,Accurate translation; 'Gollandiya davlatining' is a bit formal but acceptable.,deepseek-v4-flash
ac4c8bf67d6d482d4cdb,correct,0.95,Accurate translation listing counties with proper transliterations.,deepseek-v4-flash
131c223e33e7b7e1f328,minor,0.8,The translation is mostly accurate but 'Kuvayt SC' should be 'Quvayt SC' to match the name; also 'Kuwaiti Premier League' translated as 'Quv,deepseek-v4-flash
bc50844edc6c58c0ebe5,correct,0.92,Accurate translation with transliterated name; slight redundancy 'o'ynagan darvozabon sifatida o'ynagan' is acceptable.,deepseek-v4-flash
377a07871579b962a340,correct,0.98,Translation is natural and complete.,deepseek-v4-flash
c0e83dd614ad6583d203,correct,0.97,Translation is accurate and natural; minor transliteration of 包欣玄 omitted but acceptable.,deepseek-v4-flash
2ad61eb9e3f56a0ba979,correct,0.98,Translation is complete and correct.,deepseek-v4-flash
b229b05bd3e6bfb540e5,correct,0.98,Short phrase correctly translated.,deepseek-v4-flash
6729fa39d0f586cb77a4,correct,0.98,Translation is natural and accurate.,deepseek-v4-flash
a70837daea7617788ba7,correct,0.98,Translation is clear and correct.,deepseek-v4-flash
20061c70e564df6d3627,correct,0.98,Translation is accurate with proper handling of Meiji Restoration.,deepseek-v4-flash
a7d2dba36f956f8414f3,correct,0.99,Translation is accurate and natural.,deepseek-v4-flash
708dd04794720f090a2a,correct,0.98,Translation is correct; names transliterated appropriately.,deepseek-v4-flash
e487dc481a6cc0a450d3,minor,0.9,Typo: 'Prystockk' should be 'Prystock'.,deepseek-v4-flash
8cc80e4021a5984590a9,correct,0.98,Translation is accurate; slight redundancy but not incorrect.,deepseek-v4-flash
47282cc6db0688f8a903,correct,0.98,Translation is correct and natural.,deepseek-v4-flash
018b3ffd823f389dc784,correct,0.99,Translation is accurate and precise.,deepseek-v4-flash
511ef879ece2c9d4402a,minor,0.92,Translation adds 'miniserialida' not in original; still acceptable but minor.,deepseek-v4-flash
cc32edbd2f5d6f0f9f1e,correct,0.98,Translation is accurate.,deepseek-v4-flash
b22691415667be237377,correct,0.97,Translation is accurate; slight rephrasing but natural.,deepseek-v4-flash
d1772c60c5be3dfb6a04,correct,0.98,Translation is correct.,deepseek-v4-flash
2b387566ea1fd4e83b75,correct,0.99,Translation is correct and natural.,deepseek-v4-flash
8c77f8f2f5f1c9ccc32a,correct,0.95,Translation accurately conveys bibliographic entry.,deepseek-v4-flash
ae161c0dcce884aff337,correct,0.98,Translation is accurate; transliterations are acceptable.,deepseek-v4-flash
43aa3f2361b133b6817e,minor,0.8,"The English says 'participated three times in the Olympics', but the Uzbek says 'Olimpiadada uch marta qatnashib' (participating three times",deepseek-v4-flash
b746971eb338c6999b46,correct,0.95,Accurate and natural translation.,deepseek-v4-flash
c6e7908d82b9d0b394f6,minor,0.85,"The phrase 'boʻlgan' (was) should probably be 'edi' (was) for past tense. Also, the name 'Loehts' is a transliteration but it should be 'Lyo",deepseek-v4-flash
13c5c4b399fb8ae87613,correct,0.95,Accurate and natural.,deepseek-v4-flash
febe26c623f047680f32,correct,0.95,Accurate and natural.,deepseek-v4-flash
45ad96281e4e58f34018,correct,0.95,Accurate and natural.,deepseek-v4-flash
fc923f284245a5e86e11,correct,0.95,Accurate and natural.,deepseek-v4-flash
32b73927c70c9b457045,correct,0.95,Accurate and natural.,deepseek-v4-flash
6b89b8b53e762a070555,correct,0.95,Accurate and natural.,deepseek-v4-flash
a84f62bb8fbb758a792b,minor,0.8,"The English says '21 metres (69 ft) wide each', but the Uzbek says 'kengligi 21 metr (69 ft)dan bo'lgan' which means 'width 21 meters (69 ft",deepseek-v4-flash
54219db5eff9c37e0a67,correct,0.95,Accurate and natural.,deepseek-v4-flash
f9617b66646521909c98,minor,0.8,"The English uses 'away from', Uzbek uses 'uzoqlikda joy olgan' which is a bit wordy. Also, 'postal head office Apra' is translated as 'Aprad",deepseek-v4-flash
6fa4c771dda1a00476db,correct,0.98,Accurate and natural.,deepseek-v4-flash
1128e28616114a619000,correct,0.95,Accurate and natural.,deepseek-v4-flash
9bc8ff8435a09b8bf6df,minor,0.8,"The English says 'Following the 2020 Summer Olympics, 1519 competitors had represented New Zealand at Olympic Games.' The Uzbek says '2020-y",deepseek-v4-flash
ae13b5225e41263bb7ac,minor,0.8,"The English says 'after spending some time in Rosario, a city in Santa Fe, Argentina.' The Uzbek says 'Argentinaning Santa-Fe shahridagi Ros",deepseek-v4-flash
3a012a5f95462d2c6ed8,correct,0.95,Accurate and natural.,deepseek-v4-flash
5cc7f511770ed23c5e96,correct,0.95,Accurate and natural.,deepseek-v4-flash
f176bf9143504c191e50,correct,0.98,Accurate and natural.,deepseek-v4-flash
103ecdf35a075f43a6f2,correct,0.95,Accurate and natural.,deepseek-v4-flash
be000378bdeb39407d83,correct,0.9,"Natural and complete translation, no issues.",deepseek-v4-flash
512aa83580b84e935f42,correct,1.0,Accurate translation of English content.,deepseek-v4-flash
fd7315e20d6a6e7cc3da,correct,1.0,"Adequate translation, maintains meaning.",deepseek-v4-flash
86b0d7bba99c2b777511,correct,1.0,Faithful translation with proper rendering.,deepseek-v4-flash
1f83948643278bd94d63,correct,0.9,"Translation is acceptable, but 'Regency' could be more localized.""",deepseek-v4-flash
f162e9e425bd65960f45,correct,1.0,Comprehensive and accurate translation.,deepseek-v4-flash
41bab08546f8a97822ed,junk,1.0,"Title/header fragment, not a sentence.",deepseek-v4-flash
33ede9f97cf8863c9fa3,junk,1.0,"Proper name, no translation needed.",deepseek-v4-flash
cb2981eace2af69584cb,correct,1.0,"Accurate translation, 'NASCAR' kept as is.",deepseek-v4-flash
036531ca6be24e9a3603,correct,1.0,Accurate translation; place names kept.,deepseek-v4-flash
4951d1d40d75256fb65b,minor,0.8,"Minor issue: 'Pacific Southwest' could be more precise, but acceptable.",deepseek-v4-flash
61f22ffa6e0088043275,correct,1.0,Accurate translation.,deepseek-v4-flash
a1afc3d6b1f61ea01755,correct,1.0,Accurate translation.,deepseek-v4-flash
5b671005525a1c5f7ff8,minor,0.7,"'La Masia' could be translated/explained, but fine.",deepseek-v4-flash
7e3ff223554b037a7413,junk,1.0,"Caption/fragment, not a sentence.",deepseek-v4-flash
3f739696aacf1461ec58,correct,1.0,Accurate translation.,deepseek-v4-flash
38aa08c0f10e1d850f31,correct,1.0,Accurate translation.,deepseek-v4-flash
deb736d47a56f06fce7e,minor,0.8,Retains English 'kilometres' and 'miles' but acceptable.,deepseek-v4-flash
d41c3dbd596c200670b8,minor,0.8,"Minor: '100 km.' could be formatted better, but understandable.",deepseek-v4-flash
85d2133fc7e3700129ae,correct,1.0,Accurate translation.,deepseek-v4-flash
d40e7de1e9f469d942bf,correct,0.95,完整准确的翻译，无英文残留。,deepseek-v4-flash
f76e9b802439e672d129,correct,0.95,自然流畅，专业术语翻译得当。,deepseek-v4-flash
788d06a6d0f9a1c8f5dd,correct,0.98,简短精准。,deepseek-v4-flash
03fc8efbaf98e18397aa,correct,0.99,标准译法。,deepseek-v4-flash
6abe851c64a6257ae18e,correct,0.98,准确清晰。,deepseek-v4-flash
503eabd33e99196e875a,minor,0.8,句子结构略显拗口，但意思正确。,deepseek-v4-flash
2beb84eff1605699c2e2,correct,0.98,准确无误。,deepseek-v4-flash
e17639297f088c3a3fb1,correct,0.97,专业术语翻译得当。,deepseek-v4-flash
4678f89fe746c4898539,correct,0.9,基本完整，但重复了名字，可微调。,deepseek-v4-flash
db527dd6e131d40ff1dc,correct,0.98,简洁准确。,deepseek-v4-flash
025d73ea69fece30fa74,correct,0.98,准确。,deepseek-v4-flash
74200b2b2eab99ffc6f5,correct,0.98,准确。,deepseek-v4-flash
f803cb30dc02efb74187,minor,0.85,英文名字保留但属专有名词，整体可接受。,deepseek-v4-flash
56b784f56334bba68955,minor,0.8,'o'ynbab chiqdi'应为'o'ynab chiqdi'拼写错误，但可理解。,deepseek-v4-flash
37d64203b16f34efad14,minor,0.85,名字翻译拼写微调但可接受。,deepseek-v4-flash
dc396b6a68ed6b87902b,correct,0.98,准确。,deepseek-v4-flash
1e91be056abeeb786b65,correct,0.97,准确。,deepseek-v4-flash
911136e481312d9d23a8,correct,0.98,准确。,deepseek-v4-flash
4e1589bbc7354089f5aa,correct,0.98,准确。,deepseek-v4-flash
40c378c72c20879e6a39,correct,0.97,准确，拉丁字母拼写保留可接受。,deepseek-v4-flash
12504551bfc4e3438fe0,correct,0.95,"The Uzbek translation is natural and complete, accurately conveying the English meaning.",deepseek-v4-flash
5bbbbcd6836538eb6ca6,correct,0.95,The translation is natural and accurate.,deepseek-v4-flash
60e853786cc535091ba2,correct,0.95,"The translation is natural and accurate, with minor word order adjustments typical of Uzbek.",deepseek-v4-flash
3d9f320dfa75bbc82645,correct,0.9,The translation is natural and accurate.,deepseek-v4-flash
4f50078c33e57fafe88e,correct,0.95,The translation is natural and accurate.,deepseek-v4-flash
bc525509b189a124839c,correct,0.95,The translation is natural and accurate.,deepseek-v4-flash
aaa8ee67dfde84e9fe09,correct,0.95,The translation is natural and accurate.,deepseek-v4-flash
2417c4179cdb87d1160e,correct,0.95,"The translation is natural and accurate, though the Arabic script part is omitted, but that's acceptable as it's proper noun.",deepseek-v4-flash
8ad768202197855ad8ba,correct,0.95,The translation is natural and accurate.,deepseek-v4-flash
4167b6cb9d3bc7551d51,correct,0.95,The translation is natural and accurate.,deepseek-v4-flash
9e173e0879a97dd61d0e,minor,0.85,"The translation is natural but there is a punctuation error: a period instead of a comma before 'classically'. Also, the citation needed mar",deepseek-v4-flash
b3bfe289938ae5775fb6,correct,0.95,The translation is natural and accurate.,deepseek-v4-flash
8d8276b50313a2e6a609,correct,0.95,The translation is natural and accurate for a list of tournament names.,deepseek-v4-flash
7453d90fc261d97953ac,correct,0.95,"The translation is natural and accurate, though 'Betiyaan' is a proper noun and kept as is.",deepseek-v4-flash
7f6b18ae9a6c113a16ef,correct,0.95,The translation is natural and accurate.,deepseek-v4-flash
093245fe07acb74ca18f,correct,0.95,The translation is natural and accurate.,deepseek-v4-flash
8ec2b7b4826ca4d3387b,correct,0.95,The translation is natural and accurate.,deepseek-v4-flash
3a7e0253fce8ee344849,correct,0.95,The translation is natural and accurate.,deepseek-v4-flash
f730c350c946d2895fa2,correct,0.95,The translation is natural and accurate.,deepseek-v4-flash
4f8f6b5730f630c8e3b7,correct,0.95,The translation is natural and accurate.,deepseek-v4-flash
f2400e09fa9aca0516c0,minor,0.7,翻译略有偏差，'on the west'漏译'west'；'Boston and the Mystic River'被合并为'Mystic daryosi'，遗漏Boston；'on the south at Charlestown'处理为'janubda Charlestown,deepseek-v4-flash
80f56a8715d1b604bd95,minor,0.8,翻译基本忠实，'critically acclaimed'译为'tanqidiy eʼtirofiga sazovor boʻlgan'略有不当，应为'mutanosib'或'tanqidchilar tomonidan eʼtirof etilgan'；'regular cas,deepseek-v4-flash
7f9a1787b643a2269f20,wrong,0.95,数学公式中的'Re α'被误译为'Re a'，且缺少冒号改为'u holda:'，应保留'Re a'，但'α'是希腊字母，应保留原样；翻译不准确。,deepseek-v4-flash
d81d63c2900d1fcde628,wrong,0.9,翻译错误理解原句意思，原句是'从KR Market开往这个寺庙的APSRTC 333D路公交车'，译文中'KR Marketdan'未解释，且'ushbu ma'badga boradi'未指明从某处出发，整体不准确。,deepseek-v4-flash
428a190ad6bacfa69059,correct,0.95,翻译准确自然，无错误。,deepseek-v4-flash
6318059f220df325a49f,junk,0.95,原句是列表标题，翻译是逐词对应，无连贯性，属于列表碎片。,deepseek-v4-flash
5c2004367c23205ca883,correct,0.95,翻译准确自然，无错误。,deepseek-v4-flash
c1a3aaa2ffc7a15f24a7,junk,0.98,专有名词未翻译，保持原样，属于标题碎片。,deepseek-v4-flash
5d53730303e510912a58,minor,0.7,'his junior year'译为'yoshligida'不准确，应为'uchinchi kursda'；'won the 2009 national championship'译为'2009-yilgi milliy chempionatda g'olib chiqdi'，,deepseek-v4-flash
a0d39ccc1c1b5ca27900,minor,0.8,'right winger'译为'oʻng qanot himoyachisi'，但'winger'通常为'qanot hujumchisi'，此处译为'himoyachisi'不准确。,deepseek-v4-flash
e3d7503ee94bb94df1e5,minor,0.6,'MLS Goalkeeper of the Year: 2014'译为'MLS yilning eng yaxshi darvozaboni: 2014-yil'，基本正确，但更自然的说法为'2014-yil MLSda yilning eng yaxshi darvozabo,deepseek-v4-flash
ce603a1a260fa48dd9a4,correct,0.9,翻译准确自然，无错误。,deepseek-v4-flash
69f073642fb544b9eb67,minor,0.7,'Grade A Trofeo Bonfiglio'保留英文，但可接受；'won the title in doubles'译为'juftlik chempionligini qo'lga kiritdi'，正确，整体基本准确。,deepseek-v4-flash
8771784a965afd3c9d11,correct,0.9,翻译准确自然，无错误。,deepseek-v4-flash
1a538302fd8d44b78cb8,correct,0.9,翻译准确自然，无错误。,deepseek-v4-flash
a81117a521e414a43772,correct,0.9,翻译准确自然，无错误。,deepseek-v4-flash
aa78a4e27a3fc902da29,correct,0.9,翻译准确自然，无错误。,deepseek-v4-flash
bd38a4143413281c2f6d,correct,0.95,翻译准确自然，无错误。,deepseek-v4-flash
01f1c050a5343c19c2cc,minor,0.75,翻译基本准确，但引号内内容保留了英文符号，可能应使用乌兹别克语引号，但可接受；整体正确。,deepseek-v4-flash
80ada2520c4fafbdbe21,correct,0.9,翻译准确自然，无错误。,deepseek-v4-flash
53aed74cd03beba0721c,correct,0.95,,deepseek-v4-flash
0a9dfd9ba9647b69e606,correct,0.95,,deepseek-v4-flash
21f650cb2fccf1b255e5,correct,0.95,,deepseek-v4-flash
7c198444a8c350997e0a,correct,0.95,,deepseek-v4-flash
e1b7081e22d1197ed271,correct,0.95,,deepseek-v4-flash
36221fa979bf6ab2e2cb,correct,0.95,,deepseek-v4-flash
2ae845a00ef70de0ca91,correct,0.95,,deepseek-v4-flash
9f108c8a3473e09b31e8,wrong,0.9,nevarasi (grandson) is incorrect; should be chevarasi (great-great-grandson),deepseek-v4-flash
d3788d9744ac0a7705a4,minor,0.8,"""tor uchlik"" is awkward; should be ""tor uch setda"" (narrow three-setter)",deepseek-v4-flash
522fe8836244395542f3,correct,0.95,,deepseek-v4-flash
c4ae33fba2fd30db015d,correct,0.95,,deepseek-v4-flash
edd4915660f6ba396c91,correct,0.95,,deepseek-v4-flash
c3dae67791a980db8fa5,correct,0.95,,deepseek-v4-flash
b74f43910ad4b1e9c343,correct,0.95,,deepseek-v4-flash
3889b550e029e7833f61,correct,0.95,,deepseek-v4-flash
0509c388c993bdae6667,correct,0.95,,deepseek-v4-flash
6573fcd5a60383e6dd0d,correct,0.95,,deepseek-v4-flash
5fe56448100ea094a845,minor,0.8,"""yettinchi jahon chempioni unvonini qo'lga kiritgan"" is slightly awkward; should be ""yettinchi marta jahon chempioni bo'ldi""",deepseek-v4-flash
6994fd65817828b61178,correct,0.95,,deepseek-v4-flash
c9469889a8390b06ac48,correct,0.95,,deepseek-v4-flash
e677d80c7985f47d7480,correct,1.0,,deepseek-v4-flash
227b24b3ce2264d49b90,minor,0.9,Sainsbury's possessive apostrophe missing in Uzbek; Argos should be Argos's but commonly omitted,deepseek-v4-flash
da73f61b41a17e07c0cd,minor,0.8,Punctuation issue: period placed incorrectly before parenthesis; meaning is clear,deepseek-v4-flash
6d4f295ce005f3a58cca,junk,0.95,List of names without full sentences in English; not a coherent parallel text,deepseek-v4-flash
cc9e52dca5621c94ba1c,correct,1.0,,deepseek-v4-flash
e9c582e0bd7d0aa98902,correct,1.0,,deepseek-v4-flash
0cb5195b69a5c9b6120b,wrong,0.9,'bolalar bog'chasi' means 'kindergarten' not 'nursery' in horticultural sense,deepseek-v4-flash
7cd6741b24e17d1c3e9d,correct,1.0,,deepseek-v4-flash
6f71b89163a2d34c8631,correct,1.0,,deepseek-v4-flash
83735501a3abc6d4e433,correct,1.0,,deepseek-v4-flash
e9e94009e75b3705fd93,minor,0.9,'ishga tushirilgan' is acceptable but 'taqdim etilgan' might be better; no major issue,deepseek-v4-flash
6eefe43c823f950c9ef3,correct,1.0,,deepseek-v4-flash
6f7eae25fc49ae2a6a63,correct,1.0,,deepseek-v4-flash
5318363379ffd4e476b4,correct,1.0,,deepseek-v4-flash
33ff6aa633ebe88407b5,correct,1.0,,deepseek-v4-flash
37344399cf96618faac0,correct,1.0,,deepseek-v4-flash
4da11c113e51ee194432,correct,1.0,,deepseek-v4-flash
4f3bf510848adcff831e,correct,1.0,,deepseek-v4-flash
c46bc98b938fba4b6a19,minor,0.85,'qo'lyozmalar' means 'manuscripts' not 'magazines'; should be 'jurnallar' but 'gazetalar' is fine,deepseek-v4-flash
3e7719f1bb4700d1f717,correct,1.0,,deepseek-v4-flash
bb2a2d8f64fa69909baa,correct,1.0,,deepseek-v4-flash
16e1d3eefbb045435b5c,correct,1.0,,deepseek-v4-flash
739992b1905abdd523b0,correct,1.0,,deepseek-v4-flash
2d156a599d9ef4b4f127,wrong,0.95,The Uzbek sentence changes the subject: it says 'Naqibxon vafotidan keyin' (after Naqib Khan's death) but the English says 'after his death',deepseek-v4-flash
98e67690227dd4072035,correct,1.0,,deepseek-v4-flash
916c67bbd7d0f8e153f5,minor,0.8,"The river name 'Perquilauquén' is transliterated as 'Perquilauquen' without the accent, which might be acceptable but is a minor deviation.",deepseek-v4-flash
04de8c15accf7a0857d8,correct,1.0,,deepseek-v4-flash
369312630b59a3ab69f2,correct,1.0,,deepseek-v4-flash
788878336181daa9b071,correct,1.0,,deepseek-v4-flash
45404b35467761022767,correct,1.0,,deepseek-v4-flash
980e2c34b47008804c28,correct,1.0,,deepseek-v4-flash
0c87f9897721ef30cd39,correct,1.0,,deepseek-v4-flash
36f36b051c0d2ed1b7a7,correct,1.0,,deepseek-v4-flash
f85e43de5d06740122c9,correct,1.0,,deepseek-v4-flash
a65f1d1907a58a159e24,correct,1.0,,deepseek-v4-flash
209b108beddb40f5f43f,correct,1.0,,deepseek-v4-flash
e9f6782e6748e12992f2,correct,1.0,,deepseek-v4-flash
0ae4753de4f51e144c75,correct,1.0,,deepseek-v4-flash
32ad57e6a53596053737,correct,1.0,,deepseek-v4-flash
18023beee252cac1e2a3,correct,1.0,,deepseek-v4-flash
bdfbffab2f63c411ac2d,correct,0.98,Natural and complete translation.,deepseek-v4-flash
b5b0f44cb8938d97c5c1,correct,0.95,Exact translation with proper use of quotes and score.,deepseek-v4-flash
9c2c5ddb029381a90a4c,minor,0.8,"Grammar issue in English source ('give' should be 'gave'), but Uzbek translation is accurate.",deepseek-v4-flash
8b92da72ce464fb6cf5c,minor,0.7,"Slight awkwardness in Uzbek word order and 'barcha vaqtlardagi' could be clearer, but meaning preserved.",deepseek-v4-flash
f0726edd1237e28bc1fd,minor,0.6,"Pronunciation parts over-transcribed, and extra punctuation; otherwise accurate.",deepseek-v4-flash
a059e2c7de4593cda0f7,correct,0.97,Accurate and natural translation.,deepseek-v4-flash
fec98368b3bd2cd76959,correct,0.95,Natural translation with proper numbers.,deepseek-v4-flash
97e0ab0d607200e93877,correct,0.96,Accurate translation with proper punctuation.,deepseek-v4-flash
ebda0b53f14de8caf0b5,correct,0.94,Natural and accurate translation.,deepseek-v4-flash
02e958e25fb9aaa84a08,correct,0.93,Accurate with proper noun transliteration.,deepseek-v4-flash
2fc0ac8a2094d80d1735,correct,0.99,Simple and correct translation.,deepseek-v4-flash
25ada2a2506f6601131a,correct,0.95,Accurate and natural.,deepseek-v4-flash
483d6707468ce1c721d8,junk,0.95,"This is a list of navigation links, not a coherent sentence.",deepseek-v4-flash
e8ad11d8325f9f479baa,minor,0.75,Phrasing is slightly awkward but understandable; translation overall acceptable.,deepseek-v4-flash
ad7493ae0ba4b9727f48,correct,0.92,Accurate and complete translation.,deepseek-v4-flash
c704c0b95f5f8842a434,correct,0.9,Accurate translation.,deepseek-v4-flash
18f0c709a9b34178bfc0,correct,0.97,Accurate and natural.,deepseek-v4-flash
8dc14a602fbbccaec6b1,correct,0.96,Accurate translation with proper quotation marks.,deepseek-v4-flash
c238663350b36591cedf,correct,0.9,Accurate translation with explanation.,deepseek-v4-flash
c727c002bf2f395d8814,correct,0.98,Accurate and natural translation.,deepseek-v4-flash
542640c1ec611fa14222,correct,1.0,"Natural and complete translation, species names retained.",deepseek-v4-flash
6dad1d2b0effdc5a5621,correct,1.0,Accurate translation with place names transliterated appropriately.,deepseek-v4-flash
1b452b079ab6184f6ea3,correct,1.0,Simple declarative sentence correctly translated.,deepseek-v4-flash
bd042d5c13d3422ffaeb,correct,1.0,Complete translation of title and description.,deepseek-v4-flash
05dd64fe6853fdb9ccf7,wrong,0.95,'plastic arts' mistranslated as 'plastmassa san'at asarlari' (plastic art objects) instead of 'tasviriy san'at' or 'plastik san'at'.,deepseek-v4-flash
c8babbef3136700c2b2b,correct,1.0,Natural translation of film titles and overall sentence.,deepseek-v4-flash
e75e377d5be17f980011,minor,0.7,Missing final period; rest is correct.,deepseek-v4-flash
acba349faad308687ce7,correct,1.0,Simple correct translation.,deepseek-v4-flash
1c7dd0aa41d0b03da288,correct,1.0,Accurate translation.,deepseek-v4-flash
faaefb7535ef4286060c,minor,0.8,'off-season' translated as 'mavsum' (season) but should be 'mavsum oralig'i' or 'tayyorgarlik davri'.,deepseek-v4-flash
0c86b3ef7faa9a9ca56e,correct,1.0,Accurate translation.,deepseek-v4-flash
fb2afc713d0d39bb9c03,correct,1.0,Accurate translation.,deepseek-v4-flash
492880c5fe53023bda16,correct,1.0,Simple correct translation.,deepseek-v4-flash
474d9a0235a50c9e2c3f,correct,1.0,Accurate translation.,deepseek-v4-flash
0ff0c0df93ac43219cd5,minor,0.6,Typo 'suifatida' should be 'sifatida'.,deepseek-v4-flash
2ab9055ae280090fc53f,correct,1.0,Accurate translation.,deepseek-v4-flash
9d26f321b6443f4ddf49,junk,0.9,"Heading fragment, no full sentence.",deepseek-v4-flash
44adc89a6c7d2be03b12,correct,1.0,Accurate name and biography translation.,deepseek-v4-flash
2a4cc604efd98e3a23f5,correct,1.0,Accurate translation with place names.,deepseek-v4-flash
37e77fba5ef2a32df379,junk,0.9,"Newspaper citation fragment, not a natural sentence.",deepseek-v4-flash
416bc3e1f6f1b491b918,correct,0.95,准确翻译，意思完整。,deepseek-v4-flash
f509c19be081d7b240dd,correct,0.97,准确翻译，自然流畅。,deepseek-v4-flash
cf4d3ed02ee69b4299ff,minor,0.8,原文指巴基斯坦旁遮普省，译文写“Panjob shahridagi”误为城市，应为“Panjob viloyatida”，但整体可理解。,deepseek-v4-flash
d692224726962f18b08a,correct,0.9,标题碎片，翻译简单准确。,deepseek-v4-flash
da1050e1de85ec1fd8ef,correct,0.9,准确翻译，语法有小瑕疵但不影响理解。,deepseek-v4-flash
cac26266568c72d182b2,correct,0.9,翻译准确，完整传达原意。,deepseek-v4-flash
8d01d77126107e63d348,minor,0.8,“tanishuv tashrifi”可能不准确，“study visit”应为“o‘quv tashrifi”，但整体可理解。,deepseek-v4-flash
e424080f6115d4252325,correct,0.97,准确翻译，自然流畅。,deepseek-v4-flash
04970f3a6d7322161229,correct,0.97,准确翻译。,deepseek-v4-flash
baedae2dedc70d7f0381,minor,0.8,“Kazanning Rubin shahrida”可能误“Rubin Kazan”为地名，实为队名，应为“Rubin Kazan”d a，但可理解。,deepseek-v4-flash
d284bec8b98311bbc02f,minor,0.8,后半句“okrug esa tumanlariga”不准确，原文“county boroughs”未译出，但前半句正确。,deepseek-v4-flash
080d13c0c7b39e70d947,correct,0.95,准确翻译，意思完整。,deepseek-v4-flash
6f3630b2fcbb259f33e6,correct,0.9,标题碎片，翻译简单自然。,deepseek-v4-flash
515785d725a83da41634,correct,0.9,准确翻译，流畅。,deepseek-v4-flash
534c518890ce1467db8b,minor,0.8,“Real Sosedad”应为“Real Sociedad”，可能拼写错误，但整体意思正确。,deepseek-v4-flash
52774ea98965356f44aa,correct,0.9,标题碎片，翻译简单。,deepseek-v4-flash
161d4d558e0de97a17d3,correct,0.98,准确翻译。,deepseek-v4-flash
3f14d7d5abd43ec736f7,minor,0.8,“meters”和“fut”未翻译单位，但整体可懂。,deepseek-v4-flash
e05cf30f2638227ded2e,correct,0.95,准确翻译。,deepseek-v4-flash
da1f8f537ff7bcaae97f,correct,0.98,准确翻译。,deepseek-v4-flash
55b5e8873c4ca453e4da,correct,0.9,"The Uzbek translation is accurate and natural, preserving the meaning of the English sentence without significant issues.",deepseek-v4-flash
357d277c9c38dce80a53,correct,1.0,The translation is faithful and natural.,deepseek-v4-flash
50408155947077af12cf,correct,1.0,Accurate translation of a short phrase.,deepseek-v4-flash
10e39b7c3dccc7f84e87,correct,0.9,"Uzbek translation includes additional details (birthplace) not in English, but meaning is preserved and natural.",deepseek-v4-flash
bf430364a200b4bd2d20,correct,0.95,Translation is accurate and natural.,deepseek-v4-flash
0a248a05fdf79974e53b,correct,0.9,Translation is accurate; 'dedicated' translated as 'bag'ishlandi' conveys the meaning.,deepseek-v4-flash
983b6948b2c6f1234acc,correct,0.9,"Translation is accurate, though 'snap general election' is shortened to 'umumiy saylovlar' but still understandable.",deepseek-v4-flash
ad439325a4186b1070ce,correct,0.95,Accurate translation of the full sentence.,deepseek-v4-flash
d933c9a8eae133f1110e,correct,0.95,Translation is accurate and natural.,deepseek-v4-flash
88c5cd1c3cb4cb68f60c,minor,0.8,"The English does not specify the name 'Azizul Haq' but the Uzbek adds it; also, 'Al-Jamiah al-Arabiyyah al-Islamiyyah Jiri' is transliterate",deepseek-v4-flash
303647a370eb0289aab0,minor,0.8,"The phrase '3.5 mm headphone jack' is awkwardly translated as '3.5 ning olib tashlanishi kiradi. mm eshitish vositasi uyasi', with a split a",deepseek-v4-flash
ba2b0074cc2f50eb07fe,correct,0.95,"Accurate translation, though 'Çayeli' remains in Turkish, which is acceptable as a proper noun.",deepseek-v4-flash
3af2ef9a86fc059722f0,correct,1.0,Simple and accurate translation.,deepseek-v4-flash
f95a3effc5cf197685af,correct,0.95,Translation is accurate and natural.,deepseek-v4-flash
a13df6a2f8e85fec830f,correct,1.0,Accurate translation.,deepseek-v4-flash
9a5fe2ba61d31197150b,correct,0.95,Translation is accurate; 'pair skater' understood as 'juftlikda konkida uchish'.,deepseek-v4-flash
53d8c008bd83763bb116,minor,0.8,"Translation is mostly accurate but 'Shineha' should be 'Shineha' (unclear), and the sentence structure is a bit awkward. Also 'subsequently'",deepseek-v4-flash
ad646e8f13252c77f6e5,correct,0.9,Accurate translation.,deepseek-v4-flash
43ac180a0212f436f13f,minor,0.8,"The phrase 'originally commissioned by' is translated as 'tomonidan topshirilgan' (commissioned), but the meaning is slightly off: 'commissi",deepseek-v4-flash
318170d0ae66796aa74a,minor,0.7,"The Turkish title is not fully translated, and 'Bilejik' should be 'Bilecik'. Also the sentence structure is somewhat awkward: 'Harmankaya K",deepseek-v4-flash
dbc3a07c28bdf823debc,wrong,0.9,"Uzbek translation has English words 'E!' and 'reality seriali' with English word 'reality' not fully translated, and structure is awkward.",deepseek-v4-flash
c9278f3f98960ee18db1,correct,0.95,Natural and complete translation with no English remnants.,deepseek-v4-flash
0fb6883b386381207394,correct,0.9,Accurate and natural translation.,deepseek-v4-flash
9286e5a29de1a9812895,correct,0.9,"Accurate translation, although 'Universidad de Chili' is a proper name, it is acceptable.",deepseek-v4-flash
e3d0035c5e7bdf7b60b4,correct,0.95,Accurate and natural translation.,deepseek-v4-flash
830afe893859df89f811,minor,0.8,Missing space in 'Flyersjamoasi' (should be 'Flyers jamoasi').,deepseek-v4-flash
1f55cc154342f43e44fb,correct,0.9,Accurate and natural translation.,deepseek-v4-flash
5e001ca7278ec809b4f7,correct,0.9,Accurate translation with transliteration of name.,deepseek-v4-flash
09cf2f8cb3407e78f8b9,correct,0.9,Accurate and natural translation.,deepseek-v4-flash
ca6ce2997725b358c5b8,correct,0.95,Natural and complete translation.,deepseek-v4-flash
db299b9e0148690ae365,correct,0.95,Accurate translation.,deepseek-v4-flash
f526f8d3ed3775079026,correct,0.9,Accurate translation with bracket notation preserved.,deepseek-v4-flash
842c9acb929472512683,minor,0.85,'Akademik dasturlari' is a correct translation but could be 'Akademik dasturlar' for plural; minor grammatical nuance.,deepseek-v4-flash
ee450166d52c5b22a162,correct,0.95,Accurate translation.,deepseek-v4-flash
e663828a5eb22d6af2be,correct,0.9,Accurate translation.,deepseek-v4-flash
c7a0307a1b4747feba1c,correct,0.9,Accurate translation of heading.,deepseek-v4-flash
fe71a6fedcffb0995c22,correct,0.95,Accurate and concise translation.,deepseek-v4-flash
fa6b56734aad77c60d59,correct,0.95,Accurate translation.,deepseek-v4-flash
1008aff7c47592ed01a0,wrong,0.9,"Translation says 'played in the league' but English says 'relegated to', which is a mistranslation.",deepseek-v4-flash
6b39d3200a014b857f0e,correct,0.9,Accurate translation.,deepseek-v4-flash
c1e1728ff4465533bc98,correct,0.95,Natural and complete translation; no significant English remains.,deepseek-v4-flash
c195280268c112593b70,correct,0.9,Accurate translation with minor rephrasing but fully conveys meaning.,deepseek-v4-flash
af144e64417dd796fc85,minor,0.8,Typo 'vatqda' instead of 'vaqtda'.,deepseek-v4-flash
a7ef533370a0a49062df,wrong,0.95,Misinterpretation of proper name 'Athletik' as 'Yengil atletika' (athletics).,deepseek-v4-flash
de3165a377d620907ec6,correct,0.98,Simple accurate translation.,deepseek-v4-flash
b9d1c2197392dd07781e,correct,0.98,Accurate translation.,deepseek-v4-flash
0de9b8195b9f386e0046,correct,0.96,Accurate translation.,deepseek-v4-flash
745974f4b0f12c512d63,correct,0.97,Accurate translation.,deepseek-v4-flash
a59be720d6820218140d,correct,0.98,Accurate translation.,deepseek-v4-flash
f54138fe49b86330314c,minor,0.85,"Extra information about ethnicity not in original, but not incorrect; slight deviation.",deepseek-v4-flash
49c35ba0ac8adde2aa96,junk,0.9,Fragment of a citation with untranslated bibliographic info.,deepseek-v4-flash
06f3071eb59c3ffcebc5,correct,0.98,Accurate translation.,deepseek-v4-flash
d52214e10347d6ffc8cd,minor,0.7,'21-yer uchastkasi' could be improved to '21 bo'lak yer' or '21 yer uchastkasi' but acceptable.,deepseek-v4-flash
8ce0796a05d1af438194,correct,0.97,Accurate translation.,deepseek-v4-flash
47fd1619853fa9bfa9d9,minor,0.85,Slight awkwardness '21-poyga uchun 36-raqamga qaytdi' but understandable; also 'Labbe' missing accent.,deepseek-v4-flash
e9c0b6fe7319091a9128,correct,0.95,"Proper names transliterated, translation accurate.",deepseek-v4-flash
8f78ad51ec913f8f9286,correct,0.93,Accurate translation with slight structure change.,deepseek-v4-flash
520850228a848cbd5e8a,correct,0.96,Accurate translation.,deepseek-v4-flash
40967c3f908b05197b96,correct,0.98,Accurate translation.,deepseek-v4-flash
cecf5481374d72d99f97,correct,0.95,Accurate translation; minor lack of capitalization in brand names but acceptable.,deepseek-v4-flash
1215682ec62162e72bcc,correct,0.9,,deepseek-v4-flash
12143b579bd5220bb5a0,correct,1.0,,deepseek-v4-flash
37c4c1cd152460d69c4b,correct,0.9,,deepseek-v4-flash
5428583cbc6ed9482745,correct,1.0,,deepseek-v4-flash
40273f8f6d530233b4f7,correct,1.0,,deepseek-v4-flash
1d2eb03228acfe402543,minor,0.7,Minor awkward phrasing.,deepseek-v4-flash
56565ad9cd5666ee1821,correct,1.0,,deepseek-v4-flash
e57800ce243e0a7dfe77,correct,1.0,,deepseek-v4-flash
eabb14d51f611eab5006,correct,1.0,,deepseek-v4-flash
fda3bd14f59fc437fb6e,wrong,0.9,Machine translation error: 'indüksiyon' not Uzbek.,deepseek-v4-flash
67e10dc3195e4c91467a,correct,1.0,,deepseek-v4-flash
0e388c5574d4812d4d54,correct,0.9,,deepseek-v4-flash
019296954969352a9f75,correct,0.9,,deepseek-v4-flash
e0007ed983cc9c5f5af3,correct,1.0,,deepseek-v4-flash
ee3a3ffc83e1e8773108,correct,1.0,,deepseek-v4-flash
2bdafb4b65f5282f1185,correct,1.0,,deepseek-v4-flash
8322882c07792621da79,minor,0.8,Incorrect capitalization: 'Qizlar' should be lowercase.,deepseek-v4-flash
402e0fb69a439d7aa5b2,correct,0.9,,deepseek-v4-flash
89bad4dd83bbe5a5ec9a,correct,1.0,,deepseek-v4-flash
c3a08f2e71f351e9b08b,correct,1.0,,deepseek-v4-flash
7b742eac5611dd7d5676,correct,0.99,,deepseek-v4-flash
79514ae9057fa3f97f1a,minor,0.7,"Minor wording and a misspelled 'playformas' instead of 'platformas', but overall clear.",deepseek-v4-flash
44386ccdc1d7f63239da,correct,0.99,,deepseek-v4-flash
5b60e69e097b9d65930a,correct,0.99,,deepseek-v4-flash
ed921578fa39e7ed655a,minor,0.8,"Small awkward phrasing in relative clause, but understandable.",deepseek-v4-flash
b67592cef9ab55132fc3,minor,0.8,Slight redundancy ('Qozondagi ... yonidagi') but acceptable.,deepseek-v4-flash
9161f8978642869ac5da,correct,0.99,,deepseek-v4-flash
5a614bbdf270d9b703c8,correct,0.99,,deepseek-v4-flash
2926b09a57fe36d6cb8e,minor,0.8,Extra spaces and odd wording but acceptable.,deepseek-v4-flash
0020be690e0aa49d4e25,correct,0.99,,deepseek-v4-flash
2731d34a2f52150546a1,correct,0.99,,deepseek-v4-flash
fae0da21abdec883ffa5,minor,0.8,"English terms 'baccalauréat' and 'professionnel' retained, but understandable.",deepseek-v4-flash
ef05575cf8583b1e7f54,correct,0.99,,deepseek-v4-flash
e3f31844dab5b967d5ba,wrong,0.95,Missing most of original name and romanization.,deepseek-v4-flash
e05e13d5c1af02a88a21,correct,0.99,,deepseek-v4-flash
3819c397f7d66cb043ac,correct,0.99,,deepseek-v4-flash
e3b9fa6647583179bd23,correct,0.99,,deepseek-v4-flash
9e866ce0dd99b362bf09,correct,0.99,,deepseek-v4-flash
cf3a1680830a6a8c14b6,correct,0.99,,deepseek-v4-flash
cd41c62a861f58b36027,correct,0.99,,deepseek-v4-flash
26cb2cdf7fb8dd5ce1d7,minor,0.8,英文'and Lucifer'残留，应翻译为'va Lyusifer'，且'well as'应为'as well as'的误写。,deepseek-v4-flash
a583496bf1262449dbf0,correct,0.95,翻译准确自然，无英文残留。,deepseek-v4-flash
9b69999eecbf7669fcf8,correct,0.9,翻译准确，'qatl etildi'对应'massacred'，语义恰当。,deepseek-v4-flash
520059c5c7bfb8f33f0e,correct,0.95,翻译自然完整，无问题。,deepseek-v4-flash
e71dab4c9ad65f5415c5,correct,0.95,翻译准确，专有名词保留合理。,deepseek-v4-flash
ce99cccc66195394ee21,minor,0.85,报纸名'Post-Intelligencer'被误译为'Post-Intelligence'，应全称保留。,deepseek-v4-flash
2bb7de2a2c22cd119d6c,minor,0.8,'streak of three consecutive Finals appearances'译为'ketma-ket uchta Final o'yinlari seriyasini'稍显不自然，可更精确为'uch marta ketma-ket finalga chiqis,deepseek-v4-flash
eee08492d70af12fcf55,correct,0.95,翻译流畅，人名拼写略有差异但可接受。,deepseek-v4-flash
36446e4bdd6335c6b2f3,correct,0.95,翻译准确自然。,deepseek-v4-flash
82095abe5d1c6c6b7702,minor,0.8,英文原文包含俄语名称和IATA/ICAO代码，乌兹别克语仅保留'Russian'并省略代码，信息不完整，但主体翻译正确。,deepseek-v4-flash
9bf4638b80c9f5ca44b5,correct,0.95,翻译准确，历史名称保留合理。,deepseek-v4-flash
3fcbb24fc0ee72130f47,minor,0.85,人名'Strýcová'被简化为'Strycova'，缺少重音符号，但可接受。,deepseek-v4-flash
af6ea3c55ae2b1b0131d,correct,0.9,翻译准确，'NIT unvonlari'表达合理。,deepseek-v4-flash
160861f8124ea1b12a8f,minor,0.9,末尾多了一个空格，且'La Liga'和'Qirol kubogi'翻译正确，但'Copa del Rey'译为'Qirol kubogi'可接受，整体无大问题。,deepseek-v4-flash
c8d1acd58c30153a169a,correct,0.95,翻译准确自然。,deepseek-v4-flash
b18ef119af452fe923d0,correct,0.95,翻译准确，'o'zlashtirdi'对应'absorbed'恰当。,deepseek-v4-flash
3fea4589a14885ec8d23,correct,0.95,翻译准确。,deepseek-v4-flash
ddf2c5538676f0513df7,minor,0.85,'parts on Police Woman'译为'qismlar'，稍显直译，但整体可理解，且英文'Starsky and Hutch'未加引号，可接受。,deepseek-v4-flash
1fec06e4129963e08102,correct,0.95,翻译准确自然，无英文残留。,deepseek-v4-flash
1a2632f14c083b736cbd,correct,0.95,翻译准确。,deepseek-v4-flash
8185ba1c3009396ecdc4,correct,0.95,翻译完整准确，专有名词保留，无语义或语法错误。,deepseek-v4-flash
a74f56970fc72538c88a,correct,0.95,翻译准确，奖项名称和电影名保留原文，整体自然。,deepseek-v4-flash
e50714d3923ddf1aee31,correct,0.98,翻译简洁准确，日期格式正确。,deepseek-v4-flash
38bb378be8fd3c85761a,correct,0.92,翻译基本准确，但 'Burnside' 部分译为 'Bernsayd' 可能拼写不标准，其余正确。,deepseek-v4-flash
fd734eee5599b3d5dea9,wrong,0.97,错误翻译：原文是作曲家，乌方译为歌手；且后半句添加了不实信息，严重偏离原意。,deepseek-v4-flash
9bf062f98f57c66ccccd,correct,0.97,翻译准确，人名和俱乐部名保留，结构合理。,deepseek-v4-flash
df4ec29b067d83e0ca23,correct,0.93,基本准确，但展览名保留英文，'De Xaanning' 拼写不一致，属轻微。,deepseek-v4-flash
7e03a9abf023276244a6,correct,0.96,翻译准确，专有名词保留，无歧义。,deepseek-v4-flash
1fef1edbf04e6e58e9e7,minor,0.9,翻译正确但用词不自然，如 'qilingan'，其余准确。,deepseek-v4-flash
548eb871b44776bb6082,correct,0.97,翻译全面准确，保留人名词及联赛名，无错误。,deepseek-v4-flash
fc08fb314a35587619dc,correct,0.95,翻译准确流畅，无重大问题。,deepseek-v4-flash
e3f1c848a609a0cd1041,minor,0.85,翻译基本准确，但 'first goldir' 有笔误，术语不够准确。,deepseek-v4-flash
0aced2c7f8a3ab274191,wrong,0.94,翻译错误：原文是关于搜索市场份额，译文将 'Bing' 说成 'vakolatli'（授权），不准确且含混。,deepseek-v4-flash
ad4e11a3489fa5994b64,minor,0.92,地名翻译存在不一致：原文两个不同地名 'Dubininkas' 和 'Varėna'，译文写成 'Varena'，造成混淆。,deepseek-v4-flash
1febdd1092f9b74a6ce9,correct,0.98,翻译简洁准确，无问题。,deepseek-v4-flash
a1b981fbc14ffd6c8b5d,correct,0.97,翻译准确，术语恰当。,deepseek-v4-flash
9f64016a734072d499dc,correct,0.98,翻译准确无误。,deepseek-v4-flash
8456f0268d9600231577,correct,0.96,翻译准确，比分和细节都清楚。,deepseek-v4-flash
631a4de53839313194b9,minor,0.9,地名翻译不一致：原文 'Varėna' 和 'Alytus'，译文写成 'Varena' 和 'Alytus'，但 'tumanidagi' 重复导致不自然。,deepseek-v4-flash
0ede888cd9b7aad44d39,correct,0.95,翻译完整准确，专有名词和作品名保留，无错误。,deepseek-v4-flash
6fa87ea52cc9ec8bb18b,minor,0.85,English word 's' (possessive) retained in 'Priyadarshan 's Oppam'; should be 'Priyadarshanning Oppam'.,deepseek-v4-flash
4a8f448d23a1f422de17,correct,1.0,Accurate and natural translation.,deepseek-v4-flash
87347b7612a9712c845d,correct,0.98,Accurate and natural translation.,deepseek-v4-flash
c75076d315336ac3252c,correct,0.98,Accurate and natural translation.,deepseek-v4-flash
79cb2de7a71b729cfdb1,correct,0.98,Accurate and natural translation.,deepseek-v4-flash
04b52d874a57800a271c,minor,0.75,Slight ambiguity in 'jamoasi bilan' (with his team) but overall conveys meaning; minor punctuation.,deepseek-v4-flash
ec8c3b58e27e37e3bb61,correct,0.98,Accurate and natural translation.,deepseek-v4-flash
295a197e2f2ace0e6a00,minor,0.85,Minor wording: 'qattiq zarba' instead of 'qattiq jarohat' but acceptable; awkward comma placement.,deepseek-v4-flash
2ec39529efa869ff7282,correct,0.98,Accurate and natural translation.,deepseek-v4-flash
5dcfaaab4afb81da004b,correct,0.98,Accurate and natural translation.,deepseek-v4-flash
28ad39a4123d6eb16dee,correct,1.0,Accurate and natural translation.,deepseek-v4-flash
8ed1ea6f0052183ec722,correct,1.0,Accurate and natural translation.,deepseek-v4-flash
8f4eadb4e8aba2f07ce7,correct,0.98,Accurate and natural translation.,deepseek-v4-flash
190aa442753baf5f61dd,minor,0.8,Slight awkwardness 'Hoa xitoylari' retains English word 'Hoa'; should be 'Hoa xitoylari' but it's understandable.,deepseek-v4-flash
133c7a1ce7c98551b76e,minor,0.85,English word 'South' retained in 'Filmfare mukofoti Janubiy' instead of 'Janubiy Filmfare'; should be 'Janubiy Filmfare mukofoti'.,deepseek-v4-flash
bf7b28ef687e7707a6db,correct,0.98,Accurate and natural translation.,deepseek-v4-flash
ce2a54c2809a7f33692e,minor,0.85,Translation is acceptable but 'Meir Xalabi' could be better transliterated; minor.,deepseek-v4-flash
13b1d7e70a5cfade650c,correct,0.98,Accurate and natural translation.,deepseek-v4-flash
47ccaec17e323e789c9e,correct,0.98,Accurate and natural translation.,deepseek-v4-flash
012eca33114fe8865a1b,correct,1.0,Accurate and natural translation.,deepseek-v4-flash
24abdc2763bd0d8f0b29,correct,0.95,,deepseek-v4-flash
4721857312325974ed2a,correct,0.98,,deepseek-v4-flash
51286b3f4b044499575c,correct,0.99,,deepseek-v4-flash
1036416786be61da8381,minor,0.8,乌兹别克语中保留了'Krătunesku'，但'Crătunescu'转为'Krătunesku'可能拼写不准确，但整体可接受,deepseek-v4-flash
dd08ccf6e9cbfdf91847,correct,0.98,,deepseek-v4-flash
39d00c07e49705eec892,correct,0.97,,deepseek-v4-flash
af5ca8b968a6bbf4b912,minor,0.7,英文中有多个角色名称，乌兹别克语翻译中'Dylan Weir'保留了英文，但整体结构基本自然，有部分英文残留,deepseek-v4-flash
e7d16ea3e2aefb3b65f5,correct,0.9,英文中'Bolton Wanderers'被翻译为'Bolton Uonderers'，可能音译不标准，但整体准确,deepseek-v4-flash
784b07387fde222b4e39,correct,0.95,,deepseek-v4-flash
d5e73f8f8d5e37d5708b,correct,0.98,,deepseek-v4-flash
2953174057fc72bf7a77,minor,0.8,'notched on assist'翻译为'golli uzatmani amalga oshirdi'，可能不自然，但意思正确,deepseek-v4-flash
19d9ed20210ad2fa58ea,correct,0.98,,deepseek-v4-flash
9ff84c675a6bbf1c3cf9,minor,0.75,'double-bye'翻译为'ikki marta bayt'不准确，应为'to'g'ridan-to'g'ri o'tish'等，但整体可理解,deepseek-v4-flash
bf9ed6a3e1bb53f91714,correct,0.98,,deepseek-v4-flash
4cce6ad55b1654813963,correct,0.99,,deepseek-v4-flash
fc52ebb8c79491492382,correct,0.96,,deepseek-v4-flash
8ec455d6b5d5807629a2,minor,0.85,'I. Muminov'在乌兹别克语中写成'Moʻminov'，但缺少'Bosh harf'，可能不准确,deepseek-v4-flash
4f35b4e2a55aa98eebda,minor,0.8,中文引号保留，但乌兹别克语中应使用引号，且'市区'翻译为'shahar hududi'，但英文中直接使用中文，这里乌兹别克语翻译正确，但保留中文不自然,deepseek-v4-flash
f6f18c0e082a63297e9c,correct,0.99,,deepseek-v4-flash
8ca20e655c71a5d74eff,correct,0.99,,deepseek-v4-flash
6c01a469c12f4e158253,correct,0.9,"The translation is accurate and natural, with no significant issues.",deepseek-v4-flash
322f46dbb37aeddb4c4f,correct,0.9,The translation conveys the meaning accurately and naturally.,deepseek-v4-flash
fa62f2890883aaf1887d,correct,1.0,Simple and accurate translation.,deepseek-v4-flash
9d4176695a18024af560,correct,0.9,"Translation is accurate, though 'taqiqlab qo'yadi' is present tense; could be past, but acceptable.",deepseek-v4-flash
79a8a98bab624c0fb0e4,correct,0.9,Translation is accurate and natural.,deepseek-v4-flash
3f091d78213b6669446d,correct,1.0,Accurate translation.,deepseek-v4-flash
d3c18f3312439d5a6adb,minor,0.7,"The phrase 'G'ozning o'g'li' is literal for 'Goose's son'; may need context. Also 'rolini o'ynadi' means 'played the role', but for cast it'",deepseek-v4-flash
5d995e01ae42bdda865e,correct,0.9,"Accurate translation, though 'qilgan' is past tense perfect, but acceptable.",deepseek-v4-flash
30fa89f07523730208ca,wrong,0.8,"Incomplete translation: 'Estonian' and 'Estoniya' left as is, and structure is awkward. Not a full translation.",deepseek-v4-flash
3bcd6d676ea3de7a00f9,minor,0.8,"Translated as 'B Seriyaning Pro Vercelli klubi ijaraga oldi' which is 'Serie B's Pro Vercelli club loaned him' (active), whereas English is ",deepseek-v4-flash
29933a38ff58775c3730,correct,0.95,Accurate and natural.,deepseek-v4-flash
37de0780a5af6ebed87c,correct,1.0,Exact translation of title.,deepseek-v4-flash
693adf4eace81a9bbfcf,correct,0.95,Accurate translation.,deepseek-v4-flash
16d261de37ea1a8c72e0,minor,0.8,"Missing 'better known as' phrase translated as 'yoki ... nomi bilan tanilgan' which is fine, but 'Ixsoniya' should probably be 'Ihsaniyyah'?",deepseek-v4-flash
cf70ef8bbb6711c91887,correct,0.95,Accurate and natural translation including pronunciation.,deepseek-v4-flash
75ecbef8feac6638df8b,correct,0.9,"Accurate translation; 'Charente-Dengiz' is a literal translation for 'Charente-Maritime' which is a region name, so it's acceptable.",deepseek-v4-flash
2ab08f90c70be95b5aba,correct,1.0,Simple accurate translation.,deepseek-v4-flash
60aff6a056965f059346,correct,0.95,Accurate translation.,deepseek-v4-flash
319da7611dcc24978ea3,minor,0.8,"Missing space before 'Liverpool' and word order slightly awkward: 'ayollar Superligasi""Liverpool"" darvozaboni' should be 'Liverpool' in Wome",deepseek-v4-flash
8f58ecb0d93690731b53,correct,0.95,Accurate translation; 'Braslav voevodeligi' is acceptable proper noun.,deepseek-v4-flash
eb3c583b3ec058b0007e,correct,0.9,,deepseek-v4-flash
c79a52b0717adc2f902a,correct,0.9,,deepseek-v4-flash
1ab7cfc02ebdf95ec7af,correct,0.9,,deepseek-v4-flash
86d0f251b5b4a9bd6ce8,correct,0.9,,deepseek-v4-flash
444a67a652d0853bcaf5,correct,0.9,,deepseek-v4-flash
34e52f85a658de72319e,correct,0.9,,deepseek-v4-flash
c1cb005eb335e3c567c1,correct,0.9,"Minor style issue: 'AQSh' abbreviation, but still natural.",deepseek-v4-flash
f8e963c013b0c3d984da,correct,0.9,,deepseek-v4-flash
29ae0e3176e62e4a5995,correct,0.9,,deepseek-v4-flash
8c6b1dda56aad6a7b721,correct,0.9,,deepseek-v4-flash
c35093f9dd4da9a2ab58,correct,0.9,,deepseek-v4-flash
6d7c14b24c54faa27181,correct,0.9,,deepseek-v4-flash
f05945031d6d4707c202,correct,0.9,,deepseek-v4-flash
b875de26d9fd590d337f,correct,0.9,,deepseek-v4-flash
4e2ed15a1246d474ee3f,correct,0.9,,deepseek-v4-flash
15964a00b1ee53f97a65,minor,0.7,Typo 'Kostićć' should be 'Kostić'.,deepseek-v4-flash
d051fa640ddcff9b32b7,correct,0.9,,deepseek-v4-flash
0481fba6f1cfdf08ae1a,correct,0.9,,deepseek-v4-flash
70f295d6bab51fbcff63,correct,0.9,,deepseek-v4-flash
47c13baea1f9e978b5d7,correct,0.9,,deepseek-v4-flash
735b3cc25dcbb8f03dc1,correct,0.95,Natural and complete translation.,deepseek-v4-flash
729b3ec8cac569c50b3c,correct,0.95,"Accurate translation, slight name difference but acceptable.",deepseek-v4-flash
799435aad33a15ad06df,correct,0.95,Natural and accurate.,deepseek-v4-flash
a98907eb8118ca297783,correct,0.9,"Concise phrase, correct translation.",deepseek-v4-flash
99055b5da6822792000a,minor,0.8,Translation conveys meaning but phrase 'eng yoshi ulug' is slightly awkward; should be 'eng keksa' or similar.,deepseek-v4-flash
822add9e71efa86eeb29,correct,0.95,Accurate and natural.,deepseek-v4-flash
254dd6b7f6dc90f2e66d,correct,0.95,Accurate translation.,deepseek-v4-flash
41b7ac846b3b5472bbf5,minor,0.8,"Russian and English words left in parentheses, but translation is complete. Minor issue.",deepseek-v4-flash
69e11bdea2edf9206138,correct,0.95,Accurate.,deepseek-v4-flash
5e5216e5c24b553e64d6,correct,0.95,Accurate.,deepseek-v4-flash
3a901f23041886fc85f8,minor,0.8,Extra space before parentheses and name transliteration slightly off but acceptable.,deepseek-v4-flash
41c2b4fba5bee06622c3,minor,0.85,"Should be '1,818 ayollar' for plural, but singular used. Minor.",deepseek-v4-flash
7661bb34308c45e273f3,minor,0.85,"Should be 'qishloqlar' for plural, but singular used. Minor.",deepseek-v4-flash
3cbf66104117d9987896,correct,0.95,Accurate.,deepseek-v4-flash
e687f1dc6ab2eb20f5af,correct,0.95,Accurate.,deepseek-v4-flash
64d09dec7f7061f7f23b,minor,0.85,Missing 'Jozefina Çoba Topalli' full name; uses only first name. Also 'Speaker' translated as 'raisi' but should be 'spikeri'. Minor.,deepseek-v4-flash
0add7b429c0e6352a941,correct,0.95,Transliteration of publisher name acceptable.,deepseek-v4-flash
030abaa4ba0c629dd04b,minor,0.85,'ukraincha uslundagi' is not idiomatic; should be 'ukrain uslubidagi'.,deepseek-v4-flash
27806a7ef9fccb7077bd,minor,0.8,'qidira olish' is awkward; should be 'qidirish' or 'qidiruv'. Minor.,deepseek-v4-flash
d41e35b0d7a18fda6653,minor,0.85,'milliy terma jamoadagi debyutini' should be 'milliy terma jamoadagi debyutini o'tkazdi'? Actually 'o'tkazgan' is fine but 'nisbatan kech gu,deepseek-v4-flash
a82f35a9c0c986fcc8c2,correct,1.0,,deepseek-v4-flash
0c40328d5f8723b956f0,minor,0.7,Word order slightly awkward; 'Phillaur shahrida joylashgan' could be better structured.,deepseek-v4-flash
948929809bf02f75d7b5,wrong,0.9,'bronza' should be 'bronza medallari'; 'kumush medalini' should be 'bronza medallarini' (translated 'bronzes' as 'bronza' and added 'kumush',deepseek-v4-flash
51a60c7603818200ce52,correct,1.0,,deepseek-v4-flash
25e2085c5ce55e4848dc,correct,1.0,,deepseek-v4-flash
9296e92f7e47a9b94232,minor,0.8,Redundant 'muvaffaqiyatini muvaffaqiyatli takrorlagan' is repetitive.,deepseek-v4-flash
77dd5dea028963f7750a,correct,1.0,,deepseek-v4-flash
13f3b863f2f370a244ca,correct,1.0,,deepseek-v4-flash
8c74246fd971dc8c216f,correct,1.0,,deepseek-v4-flash
9e7f7e3285d943c29820,minor,0.8,'Brandenburg shahridagi' should be 'Brandenburgdagi' since Brandenburg is a state.,deepseek-v4-flash
81ed2536ba04d8b2150a,correct,1.0,,deepseek-v4-flash
1dca89d8579c888dd34a,minor,0.8,"'Yevropa sayohatiga' is a literal translation; 'European Tour' is a proper name, should be 'Yevropa Turiga'.",deepseek-v4-flash
76e2c22eb501b3dca4c7,correct,1.0,,deepseek-v4-flash
f5daa12b773962b7b5c6,minor,0.8,'Dominikaga joylashgan daryo' should be 'Dominika daryosi'.,deepseek-v4-flash
41fbb856568bfc08c876,correct,1.0,,deepseek-v4-flash
47403fefeb1a6b43c98e,minor,0.8,'Warsaw gersogligi' should be 'Varshava gersogligi'.,deepseek-v4-flash
f8ddc12b2714df692560,wrong,0.9,Translation errors: 'Birkir Bjarnason scored from a Jóhann Berg Guðmundsson cross that had been missed by Portugal's Vieirinha' is mistransl,deepseek-v4-flash
c29b2fccf115f93a20fc,correct,1.0,,deepseek-v4-flash
321b3e34407c2c443215,correct,1.0,,deepseek-v4-flash
129d7d4e5b2f516dfd87,wrong,0.9,Repetition of 'ingliz tilida' and 'Jahon xizmati' ; awkward structure.,deepseek-v4-flash
45beb0704176bf017b2e,correct,0.95,Accurate translation with proper grammar and natural phrasing.,deepseek-v4-flash
7773d67a9e27812003fa,correct,0.95,Accurate translation.,deepseek-v4-flash
f2eb8b0db3f7500628b6,correct,0.95,Accurate translation.,deepseek-v4-flash
928fa69410ecfb99540c,correct,0.9,Minor variation 'o'sish kuzatilgan' for 'saw growth' is acceptable.,deepseek-v4-flash
aee009c9752fc71667e4,correct,0.95,Accurate translation.,deepseek-v4-flash
a0b3177bfe337335bf68,correct,0.9,"Accurate translation, minor missing space after period is insignificant.",deepseek-v4-flash
ef3c438d860e7c49222f,minor,0.8,"Extra 'Etimologiyasi' not in English, but translation is otherwise accurate.",deepseek-v4-flash
d309f8887cbdbc557578,correct,0.95,Accurate translation with minor name transliteration acceptable.,deepseek-v4-flash
dfbfe5e73288896b09df,correct,0.95,Accurate translation.,deepseek-v4-flash
9940c2c0950650a13529,correct,0.9,"Abbreviation VIFF kept, but translation is accurate.",deepseek-v4-flash
adfce4e902c060bf346f,correct,0.95,Accurate translation.,deepseek-v4-flash
efc2973aa18a97b0ba8f,correct,0.85,Minor extra 'o'zlarining birinchi chiqishlari bilan' - awkward but understandable.,deepseek-v4-flash
a46f5bcf271c98efea4d,minor,0.8,"English 'Italian pronunciation' kept, but translation is accurate otherwise.",deepseek-v4-flash
72250b8831079a2d5d78,correct,0.95,Accurate translation.,deepseek-v4-flash
b9d94dc4796ee5adae5c,correct,0.95,Accurate translation.,deepseek-v4-flash
f75faad800c74bee607b,correct,0.9,"Slight wordiness, but correct.",deepseek-v4-flash
233eedca604aba5a6e22,correct,0.9,"Accurate translation, brand and color names kept.",deepseek-v4-flash
00f6295b1ff7655952ff,correct,0.9,"Accurate translation, slight omission of 'Supplement', but acceptable.",deepseek-v4-flash
95d64ae14e6225d40149,correct,0.9,Accurate translation of titles.,deepseek-v4-flash
cb528eb6bab97995dcb7,correct,0.9,"Accurate translation, minor word order OK.",deepseek-v4-flash
f21cf3b6d7c96be373bb,correct,0.95,Natural and complete translation without English remnants.,deepseek-v4-flash
6c67ed55b5dd8eee2b76,correct,0.9,"Translation is accurate and natural, though paraphrased slightly.",deepseek-v4-flash
4ada87c9bfb7c814b0d0,correct,0.95,Accurate and natural translation.,deepseek-v4-flash
7c034eaf1fced47716d3,correct,0.95,Accurate and natural translation.,deepseek-v4-flash
6c44c0bcf99d0ba4e0f1,correct,0.9,"Simple phrase, correct translation.",deepseek-v4-flash
15f1457125758ec3b581,minor,0.8,Minor formatting issue: missing space before parentheses.,deepseek-v4-flash
b3f93ea8220e3fda13eb,correct,0.95,Accurate and natural translation.,deepseek-v4-flash
57f8b3680fdfccf0a090,correct,0.9,"Accurate translation, but slight ambiguity in phrase order.",deepseek-v4-flash
6ab56f5194100ae53db4,correct,0.95,Accurate and natural translation.,deepseek-v4-flash
eb161afb2d9915395fcd,correct,1.0,"Simple heading, correctly translated.",deepseek-v4-flash
4213aa99bd9147ca41ac,minor,0.7,Missing possessive suffix on 'universitetida' to match 'Ege University' exactly; and minor style.,deepseek-v4-flash
f026a333e4253eac625d,correct,0.95,Accurate and natural translation.,deepseek-v4-flash
af0f7bc279b95a785a4a,correct,0.95,Accurate and natural translation.,deepseek-v4-flash
b67fb651a9e5137fb66c,minor,0.8,"Number style: '1975-76-yillardagi' should be '1975–76-yillardagi' with en dash, but passive phrasing acceptable.",deepseek-v4-flash
0db002160a369a13ef0c,correct,0.95,Accurate and natural translation.,deepseek-v4-flash
22413ae4c33e42e12d09,wrong,0.85,Mis-translation: 'Sakrash bo'yicha Jahon Chempionatida' is 'World Championships in Ski Jumping' but should be 'Ski Jumping World Cup'.,deepseek-v4-flash
236385cd4d5e8372b96c,correct,0.95,Accurate and natural translation.,deepseek-v4-flash
5be236fed4201f260277,correct,0.95,Accurate and natural translation.,deepseek-v4-flash
2083d71041d7dc6e48ff,correct,0.95,Accurate and natural translation.,deepseek-v4-flash
24c008002daf4f4f3ec8,minor,0.7,English word 'Elections' left untranslated at start.,deepseek-v4-flash
e106b9895d15c8e4eca7,correct,1.0,,deepseek-v4-flash
b7eabad62e0021400932,correct,1.0,,deepseek-v4-flash
e613567bc3b3d9e7b65d,correct,0.95,Minor spacing issue around parentheses.,deepseek-v4-flash
562a446ddf59076d25d6,correct,1.0,,deepseek-v4-flash
d059b1b75f27a63a80fc,correct,0.95,Minor extra space before period.,deepseek-v4-flash
12efed03e37a34eabfc8,wrong,1.0,"'notijorat' means non-profit, but English says for-profit.",deepseek-v4-flash
8474c1ee16c906c6ca4c,correct,1.0,,deepseek-v4-flash
88757531fd4be56f7218,wrong,1.0,"Literal translation of temperature unit, unnatural in Uzbek.",deepseek-v4-flash
9a49c5d19c9e4c217a2c,minor,0.9,Redundant 'ular ham'.,deepseek-v4-flash
d110188a9e60ceea00fb,correct,1.0,,deepseek-v4-flash
ce964148655f43ebc2ac,correct,1.0,,deepseek-v4-flash
511eb50324e3029c5037,minor,0.9,Missing 'to' before 'lose' and unnatural phrase.,deepseek-v4-flash
283842c11ab5e7187e66,correct,1.0,,deepseek-v4-flash
5adb9778470a30125878,correct,1.0,,deepseek-v4-flash
a08fb251df18e1148100,minor,0.85,Awkward phrasing in relative clause.,deepseek-v4-flash
b08c142cedf510a78070,correct,1.0,,deepseek-v4-flash
6c989928c02a6ed8ae7b,correct,1.0,,deepseek-v4-flash
efeeb0f09d29d5de04d1,junk,1.0,Fragment title.,deepseek-v4-flash
ae307783dc0e351f9129,correct,1.0,,deepseek-v4-flash
ff372f11a84cdad16529,minor,0.9,Extra spaces around title.,deepseek-v4-flash
7934e461f0125b155cf1,correct,0.9,Translation is accurate and natural.,deepseek-v4-flash
a3b3905e86ee9235773a,minor,0.8,Missing hyphen in 'Ust-Kan' and minor spacing issues.,deepseek-v4-flash
94b04f8e928aebf3dc2a,minor,0.7,Incomplete sentence; missing information about the Wii version release date.,deepseek-v4-flash
e1af6c9e758db49fc1ee,minor,0.8,"Extra spaces around parentheses and Persian script remains, but framework is correct.",deepseek-v4-flash
8a5260a043d398efecb1,correct,0.95,Accurate and natural translation.,deepseek-v4-flash
6f27eaf458f28df380ce,minor,0.7,'88% vengerlar' should be '88% Vengriya islohotchilari' to be accurate.,deepseek-v4-flash
aec85f95ec593d0078ec,minor,0.8,Incomplete rendering of Serbian Cyrillic name; 'Serbian Cyrillic' left incomplete.,deepseek-v4-flash
aab9b45d0c7781543466,wrong,0.9,Meaning altered; 'tarkibidagi' is misplaced and grammar awkward.,deepseek-v4-flash
875d39007282f7521b16,correct,0.9,Accurate translation.,deepseek-v4-flash
5ed8c2015503d2c8e999,correct,0.9,Accurate translation.,deepseek-v4-flash
0f65c55615fb5f370530,correct,0.9,Accurate translation.,deepseek-v4-flash
3c9020d828c12aa24398,correct,0.95,Accurate translation.,deepseek-v4-flash
72b98eb9b07d695f04da,correct,0.95,Accurate translation.,deepseek-v4-flash
9057c9a447ad27c2a160,wrong,0.95,"Severe word order issues; 'qilish boshladi' is unnatural, should be 'bera boshladi'.",deepseek-v4-flash
0deb1ea68b0b5440185c,correct,0.95,Accurate translation.,deepseek-v4-flash
5d7131e905630303d97a,correct,0.95,Accurate translation.,deepseek-v4-flash
7f975e644765aee2ec4c,correct,0.9,Accurate translation.,deepseek-v4-flash
ba9a1b730c126f1140bc,minor,0.7,Slightly awkward 'Sazovor bo'ladi' should be 'nominatsiyasida qatnashgan'.,deepseek-v4-flash
94ed9b76b9edd9009c6b,correct,0.95,Accurate translation.,deepseek-v4-flash
9434022c6f17815ab379,correct,0.95,Accurate translation.,deepseek-v4-flash
61a1a619a98cd2677058,correct,0.95,,deepseek-v4-flash
0c9c8154700df4f51c0a,correct,0.9,,deepseek-v4-flash
5caa65ff2a26a914ecb2,correct,0.9,,deepseek-v4-flash
1f296b5e7182630beae1,correct,0.9,,deepseek-v4-flash
f826782492247cad5d00,wrong,0.8,英文中只有一句话，乌兹别克语在句末添加了'Bular:'（这些是：），但英文没有对应的列表，因此不完整翻译或添加了额外内容。,deepseek-v4-flash
372094a46455d649e8b6,wrong,0.9,英文说The Colne and Misbourne rivers pass through the park and the Grand Union Canal forms its eastern boundary. 乌兹别克语译成了'Colne va Misbourne da,deepseek-v4-flash
79c470862f77192d51bc,correct,0.95,,deepseek-v4-flash
01b0ac10367ee2884f26,correct,0.9,,deepseek-v4-flash
8fb3cde9e64f0ffcd035,correct,0.95,,deepseek-v4-flash
7e3b2f654b72cec337cf,correct,0.95,,deepseek-v4-flash
711695933b5a41e504d7,wrong,0.8,英文句子结构复杂，乌兹别克语翻译中'Kavkazdagi Kavkazdagi'重复了'Caucasus'，并且'Russian-held'未译出，其他部分基本正确，但重复和遗漏构成错误。,deepseek-v4-flash
abcfe6b9d73b30ded70c,correct,0.95,,deepseek-v4-flash
5674bfe90ce93b070757,correct,0.95,,deepseek-v4-flash
2e5d5ad1e8b2f3bbdf5b,correct,0.95,,deepseek-v4-flash
713da5fcebef01b41908,correct,0.9,,deepseek-v4-flash
08c8cd305eab7443ec31,correct,0.9,,deepseek-v4-flash
d453d9414f94808a1bc8,correct,0.9,,deepseek-v4-flash
3f070ab4654d50cb5f62,correct,0.95,,deepseek-v4-flash
8dc13935b782fbc81a6f,junk,0.9,这是表格的标题和列名，没有完整句子，属于碎片。,deepseek-v4-flash
25f1623d09b3dd5995e6,correct,0.95,,deepseek-v4-flash
f9a3542da7c2fe6efec6,correct,0.95,,deepseek-v4-flash
ce6a3f483ee7d630d7e2,correct,0.95,,deepseek-v4-flash
de17852602c74074560c,correct,0.9,,deepseek-v4-flash
2b869517e5dbe7eaa571,correct,0.95,,deepseek-v4-flash
16047270453a470ce84c,correct,0.9,,deepseek-v4-flash
3cc850e0cca965d3a34e,minor,0.8,"Missing comma between clauses, but natural translation",deepseek-v4-flash
26fe719a9a8d265d5156,minor,0.8,"Slight awkwardness, but acceptable",deepseek-v4-flash
6d60deacac229280bb54,correct,0.95,,deepseek-v4-flash
4d6943cb7a749f39887d,correct,0.95,,deepseek-v4-flash
501e51d76337539dbd69,correct,0.95,,deepseek-v4-flash
88e40e4194496fc87b0c,correct,0.95,,deepseek-v4-flash
783f203e120cb3db8ec9,correct,0.95,,deepseek-v4-flash
2bda94960db1568340b4,wrong,0.9,Incorrect translation of 'A Study in Scarlet',deepseek-v4-flash
e6380c0c64d5ce79c285,correct,0.95,,deepseek-v4-flash
8a63f3a4f31fd63c3008,correct,0.95,,deepseek-v4-flash
c926232810ae6c675a64,correct,0.95,,deepseek-v4-flash
9ee66e2f1daf63b4c8e9,correct,0.95,,deepseek-v4-flash
dd9625db31c1f40e1891,correct,0.95,,deepseek-v4-flash
762665a0a8c377192633,minor,0.85,Missing [citation needed] but acceptable,deepseek-v4-flash
ed97cc6e78a8ef170bb6,minor,0.8,Extra spaces in team name due to quotes,deepseek-v4-flash
201ef640be571fd3d4bc,correct,1.0,,deepseek-v4-flash
12540410a8147a966d94,correct,1.0,,deepseek-v4-flash
5e12451dc3042d1263d2,correct,1.0,,deepseek-v4-flash
74e4cbe4cf50779fed99,correct,1.0,,deepseek-v4-flash
533d48bbbaa6365dbe69,correct,0.9,,deepseek-v4-flash
40cbcc67281355d51c1a,junk,1.0,标题碎片,deepseek-v4-flash
d991f0d7d92089ddc41a,correct,1.0,,deepseek-v4-flash
36cb73b82cd0a06bba0a,correct,1.0,,deepseek-v4-flash
d95ac3d90fcdaea20333,junk,1.0,列表碎片,deepseek-v4-flash
d7c1a56ef800e5dcf6e9,correct,1.0,,deepseek-v4-flash
ae9272461f5124ec25a1,correct,1.0,,deepseek-v4-flash
302211d343563b983846,minor,0.8,轻微翻译不当,deepseek-v4-flash
10f2b90e5a83013fd167,correct,1.0,,deepseek-v4-flash
ae0ad797980258c59c5d,correct,1.0,,deepseek-v4-flash
8a242a0aa819ee2f42fc,correct,1.0,,deepseek-v4-flash
1ed57acc18dd7d8d7419,correct,1.0,,deepseek-v4-flash
def970e9ea5fc28bcb7d,correct,1.0,,deepseek-v4-flash
289a1a39b41f0a6ab544,correct,1.0,,deepseek-v4-flash
e7d61cbfb7d70aac31fb,minor,0.8,轻微语法问题,deepseek-v4-flash
63cd2bd1a55da46073c5,correct,1.0,,deepseek-v4-flash
d3e38d343c104b0627a2,correct,0.95,The translation is accurate and natural.,deepseek-v4-flash
0d2efb8d36bf31c08bee,correct,0.95,"The translation correctly conveys the meaning, including the score and league name.",deepseek-v4-flash
46b5f5cd9e2e8c1d8847,minor,0.8,The phrase 'Freshman of the Week honors' is simplified to 'haftalik birinchi kursi uchun g'olib' but does not capture 'honors' fully; minor ,deepseek-v4-flash
b73bf2fd5b6c1c610277,correct,0.9,Translation accurately reflects the fragmented style of the original.,deepseek-v4-flash
81275e4b05fa3afb180a,correct,0.9,Turkish movie titles retained but appropriate; translation is natural.,deepseek-v4-flash
75ff4e2e31ff7492b3ff,correct,0.95,Accurate and natural translation.,deepseek-v4-flash
504f4ac730f1e99e5055,minor,0.7,"Place name 'Vienne' translated as 'Vena' which is Vienna, not Vienne; likely should be 'Vyenn' or kept as is; minor error.",deepseek-v4-flash
d32660da57e8e01a9a3e,correct,0.95,Accurate and natural.,deepseek-v4-flash
3ee5eeea131f9858df68,minor,0.7,Missing space after period in 'oshgan.U' and double period in 'kichik..Dupree'; minor punctuation issues.,deepseek-v4-flash
446f06b5042a23b5f6e8,correct,0.9,Accurate translation.,deepseek-v4-flash
9a3bbf5f6054b7f6def2,minor,0.8,Missing unit 'kg' in 'taxminan 12' should be '12 kg' or '12 kilogramm'; minor omission.,deepseek-v4-flash
ce32394cd3a70a8300df,correct,0.9,Accurate and natural.,deepseek-v4-flash
ccb45ce000e32a4a6d21,correct,0.9,"Accurate translation, retained 'Championship' as proper noun.",deepseek-v4-flash
31f5651804bae2e74a20,correct,0.9,Accurate and natural.,deepseek-v4-flash
112da1f888487218fb2f,correct,0.95,Accurate and natural.,deepseek-v4-flash
70f7fae3e3e81097949d,correct,0.9,Accurate and natural.,deepseek-v4-flash
c1eedb893cbac45f047e,correct,0.9,Accurate and natural.,deepseek-v4-flash
3010f781d4b245af06d0,correct,0.95,Accurate and natural.,deepseek-v4-flash
67eb19b0b76e716f1b8b,minor,0.7,The quotation marks around 'Next Door Witch J' are not translated; also should be 'qo'shilishi e'lon qilindi' instead of 'suratga tushishi e,deepseek-v4-flash
749a32427e88ad6c7c1e,correct,0.9,Accurate and natural.,deepseek-v4-flash
7686f3a0ebdb67656065,correct,0.99,Natural and accurate translation with proper transliteration and terminology.,deepseek-v4-flash
c547c33d4bf93dc8569e,correct,0.99,"Accurate translation, no significant issues.",deepseek-v4-flash
a104548fcc2587171adf,minor,0.85,Missing final word 'suratda' (photo) but contextually understandable.,deepseek-v4-flash
ded89c11500bd17ba994,minor,0.9,Typo 'oʻynat olmadi' should be 'o'ynay olmadi'; meaning clear.,deepseek-v4-flash
1bd185062ec5aa0792a2,correct,0.98,Accurate and natural translation.,deepseek-v4-flash
756947a3ccc78e339607,minor,0.8,Slightly awkward phrasing; 'sayyohlik qilishadi' would be more natural but acceptable.,deepseek-v4-flash
c90f4b1eee584c92123e,correct,0.99,Accurate translation of caption.,deepseek-v4-flash
a37382137e35bd15ae37,correct,0.99,Accurate and natural.,deepseek-v4-flash
f1f44fa5d19cdd1461c4,correct,0.99,Accurate translation; 'o'tdi' is acceptable for moved.,deepseek-v4-flash
ef1770ec2b5d1023fe2e,correct,0.99,Accurate and natural.,deepseek-v4-flash
a2f63fbc112e40d45129,correct,0.98,Accurate translation; retains '2 Fast 2 Furious' as proper noun.,deepseek-v4-flash
d576b580203e627df98b,correct,0.99,Accurate translation.,deepseek-v4-flash
c2686e6155a4b1b168a3,correct,0.99,Accurate and natural.,deepseek-v4-flash
95633efcb80a843dea26,minor,0.85,'Bir kun' should be 'Bir kunlik' or 'Bir kun' but slightly awkward; meaning clear.,deepseek-v4-flash
57cddd1c3f7560c05ff7,correct,0.99,Accurate translation.,deepseek-v4-flash
a24735e7e0e54fa69cdf,correct,0.99,Accurate translation.,deepseek-v4-flash
11d0463713fc75e4fa03,minor,0.85,Missing subject 'U' (he) but common in Uzbek; acceptable.,deepseek-v4-flash
f3a57bc9abda423dfec2,correct,0.99,Accurate translation.,deepseek-v4-flash
a2e6c42cac6495f908be,correct,0.99,Accurate translation with proper transliteration.,deepseek-v4-flash
561e6bc783ecf3887d9d,minor,0.9,'Gonen' should be 'Gönen' but omission of umlaut is minor.,deepseek-v4-flash
9813f38c88b58d4a5eb1,correct,1.0,Proper name transliterated correctly in Uzbek context.,deepseek-v4-flash
e197a8a66721f3caadcc,correct,0.9,Natural and complete translation.,deepseek-v4-flash
f87a4d9a9ac93c1312b4,correct,1.0,Match information and score correctly conveyed.,deepseek-v4-flash
8caf7a29bc2d8ee54c9a,minor,0.8,Slightly awkward 'ortidan' but conveys meaning well.,deepseek-v4-flash
6b749f83953cbcb57516,minor,0.7,Redundant 'jurnalistik faoliyatini' and awkward phrasing.,deepseek-v4-flash
0a96de72151c49e5c1e8,wrong,0.95,"Missing original names in parentheses, translation errors.",deepseek-v4-flash
f80c2337bd58e0075d74,correct,1.0,Accurate and natural.,deepseek-v4-flash
0fd52a6babd6310c541d,correct,1.0,Complete phrase translated.,deepseek-v4-flash
e0627ca79e92e829f84e,correct,1.0,Accurate translation.,deepseek-v4-flash
08436e8d12859d4c0b02,minor,0.8,"Slight awkwardness, but meaning preserved.",deepseek-v4-flash
b148166c85af397f87bf,correct,1.0,Clear and accurate.,deepseek-v4-flash
17155a23741b5c7a537c,correct,1.0,Accurate translation.,deepseek-v4-flash
d6e581be1f5cd65a4809,minor,0.75,"Slight awkwardness in 'dominant' translation, but fine.",deepseek-v4-flash
4ccc62c2852dd9166265,correct,1.0,Natural translation.,deepseek-v4-flash
144a4f85a8565fd37eae,correct,1.0,Accurate.,deepseek-v4-flash
d4c5169e0a122d3c90d5,correct,1.0,Good translation.,deepseek-v4-flash
7d0365bdfb1dfc67edc8,correct,1.0,Accurate.,deepseek-v4-flash
925666201a9bd14c2501,correct,1.0,Proper name and translation correct.,deepseek-v4-flash
8d78404ce33d7c93cbc3,minor,0.8,Slight grammatical issue in 'Stillwaterda yashayotganida' but understandable.,deepseek-v4-flash
099fcfb381e34937a883,correct,1.0,Accurate translation.,deepseek-v4-flash
ea55b6d4101f9d1344d0,correct,1.0,,deepseek-v4-flash
3bc03736935546929bf0,correct,1.0,,deepseek-v4-flash
78f2c04d496ded7f8139,correct,0.95,"Minor: capitalization of 'Luxembourg' not consistent, but translation is accurate.",deepseek-v4-flash
f73b1c3e2fef8b4c94bb,correct,1.0,,deepseek-v4-flash
3a746dcb099d207f6f63,correct,1.0,,deepseek-v4-flash
73473510e3274935f25e,correct,1.0,,deepseek-v4-flash
eb72b3fd8606098849d0,correct,1.0,,deepseek-v4-flash
479ea19ff1d1109bad20,correct,1.0,,deepseek-v4-flash
c2ac02720705f4460994,correct,1.0,,deepseek-v4-flash
3d3318173412f549cb96,correct,0.9,Minor: 'Ro'yandoshlar oilasiga' might be a slight mistranslation of 'Rubiaceae' but acceptable.,deepseek-v4-flash
ca6052bf75f500de5760,correct,1.0,,deepseek-v4-flash
dd2e95b8ed6e7e5e6cd8,correct,1.0,,deepseek-v4-flash
8dff478421ad6ac20007,minor,0.8,The word 'Caires' appears unexpectedly in the Uzbek translation.,deepseek-v4-flash
e2fecc1dffefa58384ee,correct,1.0,,deepseek-v4-flash
9e408e0dcf23ea067fd5,wrong,0.9,The translation omits '1980 European Nations' Cup' and says '1960' which is incorrect.,deepseek-v4-flash
152867039ba39c555db1,correct,1.0,,deepseek-v4-flash
6ac8622275a523267b65,correct,1.0,,deepseek-v4-flash
678c1c79ae6cf97acbc0,correct,1.0,,deepseek-v4-flash
3a4c33d41cb9513851a9,correct,1.0,,deepseek-v4-flash
c0b8b11ce1e2ac7e35e1,correct,1.0,,deepseek-v4-flash
754d111605c1d149f591,correct,0.9,乌兹别克语翻译自然、完整，包含所有学科名称，未发现英文残留或错译。,deepseek-v4-flash
86155df9608b8c68b733,correct,0.95,翻译完全表达英文意思，'Meramec Community College'未译写但属专有名词，符合惯例。,deepseek-v4-flash
0fcf2cb1b7e2971b3ad7,correct,0.95,翻译准确，'spacewalk'译为'kosmik parvoz'稍有偏差但可接受，整体自然。,deepseek-v4-flash
f43a1225c27e61847e99,correct,0.9,翻译准确，'patent protection'译为'patent muhofazasi'恰当，语句通顺。,deepseek-v4-flash
56320c131aa9c52e6183,correct,0.9,翻译保留品牌名称，整体通顺，'rivojlanayotgan iste'dodlar'正确表达'emerging talent'。,deepseek-v4-flash
feee75ae934e09b29783,minor,0.8,翻译整体正确，但'league champions'译为'liga chempioni'稍显直译，'sifatida yakunladi'可更自然，属轻微问题。,deepseek-v4-flash
8a83e164f7b1557a3928,correct,0.9,翻译准确，'re-entered the atmosphere'译为'atmosferaga qaytganda'恰当，专有名词保留原文。,deepseek-v4-flash
f06cbcb4c04db8b7221a,correct,0.95,翻译完整自然，所有学院名称均正确翻译。,deepseek-v4-flash
34b16d34b3b0f7ff3aee,correct,0.9,翻译准确，'marching band'译为'marsh guruhi'稍有直译但可理解，整体通顺。,deepseek-v4-flash
8d4c8a8363c90b26cbfd,minor,0.8,乌兹别克语缺少句号，结尾不完整；'tomonidan'后缺名词，英文是完整句子，乌兹别克语不完整，属轻微问题。,deepseek-v4-flash
c41bc1d2e5a1c32c1d68,correct,0.95,翻译准确，日期和事件均正确表达。,deepseek-v4-flash
ef765087e2641a65587e,correct,0.95,翻译准确，地名使用惯用译法，语句通顺。,deepseek-v4-flash
84a3d67bd6a9ad4b44af,correct,0.9,翻译准确，标题类内容翻译自然，保留专有名词。,deepseek-v4-flash
60c5debdf3e47669d291,correct,0.95,翻译准确，'sports medicine'译为'sport tibbiyoti'恰当，语句通顺。,deepseek-v4-flash
365b0f2f3d028dea80dd,correct,0.95,翻译准确完整，地理描述清晰。,deepseek-v4-flash
17a9b8a91bf804662ebc,correct,0.9,翻译准确，'small borough status'译为'kichik tuman maqomi'合理。,deepseek-v4-flash
5715c9a6f64f6e9a4968,minor,0.8,翻译整体正确，但'ppg'未翻译（保留符号）且'field goal shooting percentage'译为'maydonda gol urish'不够准确，属轻微问题。,deepseek-v4-flash
a519a0a8742505d24b07,correct,0.9,翻译准确，'College of Physicians and Surgeons'译为'shifokorlar va jarrohlar kolleji'恰当。,deepseek-v4-flash
008cd7563a182f319a15,correct,0.9,翻译完整，人名保留原文，符合惯例，语句通顺。,deepseek-v4-flash
7291d972db1f45c39d21,correct,0.9,翻译准确，'Tales of Suspense #52'保留原文，整体自然。,deepseek-v4-flash
8d08e6f72e2eb2ebbf71,minor,0.85,"Mostly accurate, but '2002 yilgi' is ambiguous and 'assotsiatsiyasi' could be improved.",deepseek-v4-flash
d53e2e298ac19cc52105,correct,1.0,Accurate and natural translation.,deepseek-v4-flash
309cd89ae0c0f08a5355,minor,0.8,Missing 'in Arts' could be considered incomplete.,deepseek-v4-flash
2abd244a338d1c26e227,correct,1.0,Accurate and natural translation.,deepseek-v4-flash
2401d91f5f55e3e43b58,correct,1.0,Accurate and natural translation.,deepseek-v4-flash
d9219b3c99d6bddf1a82,correct,1.0,Accurate and natural translation.,deepseek-v4-flash
f3149a7b7cfd1a8b6246,minor,0.8,"Retains Greek script, but acceptable as proper names; otherwise fine.",deepseek-v4-flash
eb57508ccd5c77a70517,minor,0.75,"Retains English units 'metres' and 'fut', should be localized.",deepseek-v4-flash
b3b600b908c243bc3f3b,correct,1.0,Accurate and natural translation.,deepseek-v4-flash
382fba26f1cd2146e263,junk,1.0,"Fragmented citation, not a full sentence, lacks context.",deepseek-v4-flash
9703c2129ebe5fb753fb,junk,1.0,"List-like data, possibly from a filmography, not a coherent sentence.",deepseek-v4-flash
c147009b45f6b6ddc17a,correct,1.0,Accurate and natural translation.,deepseek-v4-flash
302750b0d0e4e95b9948,minor,0.7,"Incomplete infobox: missing director, producer; retained English 'United States'.",deepseek-v4-flash
f835f7e6ce102dd2f8de,correct,1.0,Accurate and natural translation.,deepseek-v4-flash
f86eb15c95217ef597c2,minor,0.8,"Retains 'Turkish' instead of translating, and transliteration of place name.",deepseek-v4-flash
2507b6a330a3a67c5a21,correct,1.0,Accurate and natural translation.,deepseek-v4-flash
f2dad70b6f583df357ad,correct,1.0,Accurate and natural translation.,deepseek-v4-flash
45cc829dbeab849bddf8,minor,0.85,Slight awkwardness; 'Adrian Bootening' should be 'Adrian Boote' but understandable.,deepseek-v4-flash
6b5b3180b6dc33e76ba1,correct,1.0,Accurate and natural translation.,deepseek-v4-flash
9f152565fca15ac87c7b,correct,1.0,Accurate and natural translation.,deepseek-v4-flash
bb8a80038c53c8e77b06,correct,1.0,Natural and complete translation,deepseek-v4-flash
84eff05930789d86b1da,correct,1.0,Accurate translation,deepseek-v4-flash
572e90863b43e76b1c2e,correct,1.0,Accurate translation,deepseek-v4-flash
4f9f79996b5d15f63970,correct,1.0,Natural translation,deepseek-v4-flash
5205fc7bcbd6d3e4217f,correct,1.0,Complete and accurate,deepseek-v4-flash
11a7dfc5da52654e7826,correct,1.0,Accurate translation,deepseek-v4-flash
73771e91afb5665c6fe0,correct,1.0,Accurate translation,deepseek-v4-flash
1f138df8b700b15f8a67,correct,1.0,Natural translation,deepseek-v4-flash
c136d52dd294a5fd284e,junk,1.0,Table/data fragment,deepseek-v4-flash
c4bdd4f236f364365ec4,minor,0.7,Typo 'jaoasida' instead of 'bo'limida',deepseek-v4-flash
753aea0c908a827927e1,correct,1.0,Accurate translation,deepseek-v4-flash
b4c4cc44c695b0c0a5c4,correct,0.9,"Complete, though some terms translated loosely",deepseek-v4-flash
910b0d93b0aef04075e0,correct,1.0,Accurate translation,deepseek-v4-flash
e0196ca1ed0cc92100cb,minor,0.7,'Ayollar Kubogi' omits 'AmeriCup',deepseek-v4-flash
51560ebec9661c3b3809,junk,1.0,Title fragment,deepseek-v4-flash
6aed03d5bf6c1389061a,correct,1.0,Accurate translation,deepseek-v4-flash
551df19d84d7adf443d6,minor,0.7,Original names not transliterated in Uzbek script,deepseek-v4-flash
bd69fba719fd7477350d,junk,1.0,Title fragment,deepseek-v4-flash
e6f30fd0107f0d827ab8,correct,1.0,Accurate translation,deepseek-v4-flash
354b8820f08004593b2e,correct,1.0,Complex quote translated accurately,deepseek-v4-flash
acd44d57de7f595f653c,correct,1.0,,deepseek-v4-flash
3c02f8f60386c1f106c9,correct,1.0,,deepseek-v4-flash
b70788351c4ecaedd8d1,correct,1.0,,deepseek-v4-flash
3ef0c654c4fd2ac56f7e,minor,0.8,Korean text missing in parentheses: (koreyscha: 오늘밤 일) or similar,deepseek-v4-flash
a4f192fa52837551c251,correct,1.0,,deepseek-v4-flash
88c4ab31343230d0d441,correct,1.0,,deepseek-v4-flash
afb4c7be8da2af94bc5b,correct,1.0,,deepseek-v4-flash
3272746e055b08eca0d9,correct,1.0,,deepseek-v4-flash
bab1ddd510a74f664806,correct,1.0,,deepseek-v4-flash
2e351ca1beaa69c87b42,correct,1.0,,deepseek-v4-flash
ceea6233c121fac2b88c,correct,1.0,,deepseek-v4-flash
326721437eea3808ac3d,correct,1.0,,deepseek-v4-flash
6f2a6386baf13671ef22,correct,1.0,,deepseek-v4-flash
09897b1abec8683cedf9,minor,0.9,"""WUBA Southern Lady Generals"" translated as ""WUBA janubiy xonim generallari"" which is awkward but acceptable; might be better to keep origin",deepseek-v4-flash
ed140a141510766e4c56,minor,0.9,"Missing punctuation at end; ""Baturyn Hetmanda"" slightly awkward, should be ""Baturin hetmani"" or ""Baturinda""",deepseek-v4-flash
ef7a37d826fe41e1f83c,correct,1.0,,deepseek-v4-flash
f22b39e9d5f0de0b4a08,correct,1.0,,deepseek-v4-flash
f61934a79438e2290538,correct,1.0,,deepseek-v4-flash
bdfc107d8d118beb8a9a,minor,0.8,"""Shirin Gupta"" for ""Sweety Gupta"" is a translation of 'Sweety' to 'Shirin' which is not standard; better to keep as 'Sweety Gupta' or transl",deepseek-v4-flash
29225816cc89ff1c061b,correct,1.0,,deepseek-v4-flash
ecfb8d24540e02d0f506,minor,0.8,Translation is mostly correct but has minor grammar issue: 'bir necha kurslarda' should be 'kurslar' and omits the breakdown of program coun,deepseek-v4-flash
5873a53d6afd56b88ac4,correct,0.9,Natural and complete translation.,deepseek-v4-flash
31c2b3542892defd7247,wrong,0.9,"English says 'Jacov Frenkel' but Uzbek translated as 'Yakov Frenkel' and initial 'Y.' instead of 'J.', misinterpreting the name.",deepseek-v4-flash
605a78942a6c8d14f85d,minor,0.85,"Translation is natural but redundant: repeats 'Scott Fraser' instead of using pronoun, and missing comma after 'futbolchisi'.",deepseek-v4-flash
2fb1da384740d9271d0f,correct,0.9,Accurate and natural translation.,deepseek-v4-flash
13f88e32a914980e7d4a,correct,0.9,Simple heading translated correctly.,deepseek-v4-flash
906c201c094dbbc2d6fa,correct,0.9,Natural and complete translation.,deepseek-v4-flash
93da98f0d41c3c842f1e,minor,0.85,Extra space in '1902 -yilda' but otherwise correct.,deepseek-v4-flash
f987dcd942110ccd376e,correct,0.95,Accurate and natural.,deepseek-v4-flash
08bf7a4847f39ebdea20,minor,0.8,Translation is understandable but phrase 'Dahlkvistning Shvetsiyadagi debyutini' could be clearer: 'Dahlkvistning Shvetsiya terma jamoasidag,deepseek-v4-flash
4e0fa84f19288fab3377,correct,0.9,Simple caption translated correctly.,deepseek-v4-flash
2ef7c60dfee3437b5469,correct,0.9,Accurate and natural.,deepseek-v4-flash
a820ef36c2304034a0e5,wrong,0.9,Uzbek contains English words 'Czech' and 'pas' left untranslated in parentheses; should be 'Chexiya' and 'pasport'.,deepseek-v4-flash
5b4c68c78a0b8214829c,wrong,0.95,Name 'Vasyl Barvinsky' incorrectly translated as 'Vasiliy Barvinskiy'.,deepseek-v4-flash
4718de7c5d5b8d68879b,correct,0.9,Accurate and natural.,deepseek-v4-flash
ac2093ff991bcb9f2b46,minor,0.85,"Translation is natural but omits 'future' in 'Melania Knauss (future Trump)', rendering it just 'bo'lajak Tramp' which is acceptable but sli",deepseek-v4-flash
65ae7040dab4fc786ad4,minor,0.8,"Translation is correct but 'née' left as is, could be translated as 'qizlik familiyasi' but common practice is to keep it; minor issue.",deepseek-v4-flash
4b2670d8a87a6f043fb7,correct,0.95,Accurate and natural.,deepseek-v4-flash
996815416fb215d2ff5d,minor,0.85,Translation is understandable but 'o'tkazib yuborilgan' is not the best for 'eliminated'; 'chiqarib yuborilgan' would be more natural.,deepseek-v4-flash
7e3bfec04ed37c62ccb5,correct,0.9,Accurate and natural.,deepseek-v4-flash
02eb7defea72a81abf2f,correct,1.0,,deepseek-v4-flash
e64d8ff3652329bf8a21,correct,1.0,,deepseek-v4-flash
d3b2e94924c51d7a780c,correct,0.9,,deepseek-v4-flash
80fb5b6d4d9bbd023348,minor,0.8,"""left winger"" translated as ""chap qanot himoyachisi"" which is defender; should be ""chap qanot hujumchisi"" or similar.",deepseek-v4-flash
be1d94f56fefd8010068,minor,0.8,Quotes around Matildas are unnatural; should be without quotes.,deepseek-v4-flash
71a01cb98b71951e09a6,correct,1.0,,deepseek-v4-flash
15d18dc7554c7260689b,correct,1.0,,deepseek-v4-flash
311ca064938a08400827,correct,0.9,Minor grammatical issue: 'Fortaleza'nın' should be 'Fortalezaning'.,deepseek-v4-flash
1377009d8fa13a55e6e3,correct,1.0,,deepseek-v4-flash
aecf4bb2f635b432063f,correct,1.0,,deepseek-v4-flash
9b8e35f9c4417b13e7db,correct,0.9,Slight awkwardness but acceptable.,deepseek-v4-flash
84395981e8d0f141f777,correct,1.0,,deepseek-v4-flash
81cb9d2cf01fde592fb1,correct,1.0,,deepseek-v4-flash
eca9923cb96ed61a7e27,correct,1.0,,deepseek-v4-flash
ebf68995cc9c134edda3,correct,1.0,,deepseek-v4-flash
4849bf8fdf06bdffce09,correct,1.0,,deepseek-v4-flash
4bb59eee5b0e85397246,correct,1.0,,deepseek-v4-flash
47b32f43ef86d1665d76,correct,1.0,,deepseek-v4-flash
f2158147ec63e8131ac5,correct,1.0,,deepseek-v4-flash
ba81508c72fb22c5bd84,correct,1.0,,deepseek-v4-flash
