eval_id,benchmark,pair_id,src_lang,tgt_lang,source,reference,model_name,prediction,total_seconds,generated_tokens,has_repetition,hit_max_tokens
en-ru-0063,flores_devtest,63,en,ru,"Historians have criticized past FBI policies for focusing resources on cases which are easy to solve, especially stolen car cases, with the intent of boosting the agency's success rate.","Историки критикуют прошлую политику ФБР за то, что выделяла большую часть ресурсов на дела, которые легко раскрываются, особенно на дела об угоне автомобилей, с целью повышения уровня успешности работы агентства.",m2m100_1_2b,"Историки критиковали прошлую политику ФБР за сосредоточение ресурсов на случаях, которые легко решать, особенно в случаях похищенных автомобилей, с целью повышения успеха агентства.",0.9019485999597237,50,False,False
en-ru-0068,flores_devtest,68,en,ru,"U.S. President George W. Bush arrived in Singapore the morning of November 16, beginning a week-long tour of Asia.","Президент США Джордж Буш прибыл в Сингапур утром 16 ноября, начав свой недельный тур по Азии.",m2m100_1_2b,"Президент США Джордж Буш прибыл в Сингапур утром 16 ноября, чтобы начать недельное турне по Азии.",0.5081042000092566,32,False,False
en-ru-0083,flores_devtest,83,en,ru,"The Ninth Ward, which saw flooding as high as 20 feet during Hurricane Katrina, is currently in waist-high water as the nearby levee was overtopped.","Девятый административный район, затопленный на 20 футов во время урагана Катрина, сейчас по пояс залит водой, поскольку дамба, находящаяся неподалеку, оказалась недостаточно высокой, чтобы удержать воду.",m2m100_1_2b,"Девятый квартал, который видел наводнения высотой до 20 футов во время урагана Катрина, в настоящее время находится в высокой воде, поскольку близлежащая левица была перевернута.",0.7780109000159428,50,False,False
en-ru-0085,flores_devtest,85,en,ru,Commons Administrator Adam Cuerden expressed his frustration over the deletions when he spoke to Wikinews last month.,Администратор Commons Адам Керден выразил своё разочарование в связи с удалениями в своем разговоре  в прошлом месяце с Wikinews.,m2m100_1_2b,"Администратор Commons Адам Керден выразил свое разочарование из-за удалений, когда он говорил с Wikinews в прошлом месяце.",0.49900259997230023,35,False,False
en-ru-0091,flores_devtest,91,en,ru,The scientists were able to conclude that the dark matter affect other dark matter in the same way regular matter does.,"Ученые смогли сделать вывод, что темная материя воздействует на другую темную материю так же, как и в случае с обычной материей.",m2m100_1_2b,"Ученые смогли сделать вывод, что темная материя влияет на другую темную материю так же, как и обычная.",0.5811205999925733,35,False,False
en-ru-0125,flores_devtest,125,en,ru,"A person working in a garage near where the accident occurred said: ""There were children waiting to cross the road and they were all screaming and crying.""","Человек, работающий в гараже недалеко от того места, где произошла авария, сказал: ""Там стояли дети, которые ждали, чтобы перейти дорогу. Все они кричали и плакали.",m2m100_1_2b,"Один человек, работавший в гараже рядом с местом происшествия, сказал: «Есть дети, которые ждут, чтобы пересечь дорогу, и все они кричат и плачут».",0.7354025999084115,47,False,False
en-ru-0165,flores_devtest,165,en,ru,"Since 1988, ballot boxes must be transparent so that voters and observers can witness that no envelopes are present at the start of the vote and that no envelopes are added except those of the duly counted and authorized voters.","Начиная с 1988 года урны для избирательных бюллетеней должны быть прозрачными, чтобы избиратели и наблюдатели могли убедиться в том, что в начале голосования внутри нет конвертов и что к ним не добавлены какие-либо другие конверты, кроме конвертов тех людей, которых допустили к участию в голосовании и голоса которых подсчитали надлежащим образом.",m2m100_1_2b,"С 1988 года избирательные бюллетени должны быть прозрачными, чтобы избиратели и наблюдатели могли свидетельствовать о том, что на начало голосования не присутствуют конверты и что не добавляются конверти, кроме тех, которые принадлежат должным образом подсчитанным и уполномоченным избирателям.",1.1786382000427693,76,False,False
en-ru-0179,flores_devtest,179,en,ru,"It was the final match for the All Blacks, who had already won the trophy two weeks ago.","Этот матч стал последним для ""Олл Блэкс"", уже завоевавших кубок две недели назад.",m2m100_1_2b,"Это был последний матч для «всех черных», которые уже выиграли трофей две недели назад.",0.43230500002391636,28,False,False
en-ru-0195,flores_devtest,195,en,ru,"The photographer was transported to Ronald Reagan UCLA Medical Center, where he subsequently died.","Фотограф был доставлен в медицинский центр имени Рональда Рейгана при  Калифорнийском университете в Лос-Анджелесе, где он впоследствии скончался.",m2m100_1_2b,"Фотограф был доставлен в Медицинский центр Рональда Рейгана UCLA, где он впоследствии умер.",0.5348987999605015,33,False,False
en-ru-0225,flores_devtest,225,en,ru,The rock band was due to tour the United States and Canada until September 16.,Рок-группа должна была гастролировать по США и Канаде до 16 сентября.,m2m100_1_2b,Рок-группа должна была совершить тур по США и Канаде до 16 сентября.,0.4422117000212893,23,False,False
en-ru-0277,flores_devtest,277,en,ru,The Madhya Pradesh Police recovered the stolen laptop and mobile phone.,Полиция штата Мадхья-Прадеш вернула украденные ноутбук и мобильный телефон.,m2m100_1_2b,Полиция Мадхья-Прадеш восстановила украденный ноутбук и мобильный телефон.,0.44949880009517074,27,False,False
en-ru-0356,flores_devtest,356,en,ru,It takes a giant rocket over a 100 feet high to put a satellite or telescope in space.,Для запуска в космос спутника или телескопа необходима гигантская ракета высотой более 100 футов.,m2m100_1_2b,"Потребуется гигантская ракета высотой более 100 футов, чтобы поставить спутник или телескоп в космос.",0.3993684999877587,31,False,False
en-ru-0364,flores_devtest,364,en,ru,"The females are usually closely related to each other, being a large family of sisters and daughters.",Самки обычно находятся друг с другом в родстве и составляют большую семью сестёр и дочерей.,m2m100_1_2b,"Женщины обычно тесно связаны друг с другом, являясь большой семьей сестер и дочерей.",0.47628760000225157,28,False,False
en-ru-0397,flores_devtest,397,en,ru,"There were no large forests in the land of Canaan, so wood was extremely expensive.","На земле Ханаана не было больших лесов, поэтому древесина была чрезвычайно дорогой.",m2m100_1_2b,"В Ханаанской земле не было больших лесов, поэтому древесина была чрезвычайно дорогой.",0.3778146000113338,29,False,False
en-ru-0418,flores_devtest,418,en,ru,"Italy's national football, along with German national football team is the second most successful team in the world and were the FIFA World Cup champions in 2006.","Итальянская сборная по футболу, наряду с немецкой, является второй самой успешной командой в мире и в 2006 году выиграла Кубок мира ФИФА.",m2m100_1_2b,"Итальянский национальный футбол, наряду с немецкой национальной футбольной командой является второй наиболее успешной командой в мире и был чемпионом FIFA World Cup в 2006 году.",0.8054509999928996,43,False,False
en-ru-0423,flores_devtest,423,en,ru,"Taiwan beginning start way back in 15th century where European sailors passing by record the island’s name as Ilha Formosa, or beautiful island.","Тайвань берёт своё начало много лет назад, в XV веке, когда европейские мореплаватели, проплывающие мимо, записали название острова как Ilha Formosa, или ""прекрасный остров"".",m2m100_1_2b,"Тайвань начинается еще в XV веке, когда европейские моряки, проходя мимо, записывают название острова как Ilha Formosa, или красивый остров.",0.6421918999403715,42,False,False
en-ru-0439,flores_devtest,439,en,ru,Its all-pervading power affected everyone from king to commoner.,Её всепроникающая сила коснулась каждого - от короля до простолюдина.,m2m100_1_2b,"Его всеобъемлющая сила повлияла на всех, от короля до обычного.",0.35411740001291037,24,False,False
en-ru-0442,flores_devtest,442,en,ru,"Soon after the outbreak of hostilities, Britain initiated a naval blockade of Germany.",Вскоре после начала военных действий Британия устроила морскую блокаду Германии.,m2m100_1_2b,Вскоре после начала военных действий Великобритания инициировала военно-морскую блокаду Германии.,0.5070784001145512,29,False,False
en-ru-0447,flores_devtest,447,en,ru,"After seeing the horrors and atrocities of war during World War I, nations desired to avoid such a situation again in the future.","Познав ужасы и зверства Первой мировой войны, государства хотели избежать подобной ситуации в будущем.",m2m100_1_2b,"Увидев ужасы и зверства войны во время Первой мировой войны, народы желали избежать подобной ситуации в будущем.",0.49614049994852394,33,False,False
en-ru-0449,flores_devtest,449,en,ru,"He arrived in the US with 4 cents to his name, a book of poetry, and a letter of recommendation from Charles Batchelor (his manager in his previous job) to Thomas Edison.","Он приехал в США с четырьмя центами в кармане, книгой стихов и рекомендательным письмом от Чарльза Бэтчелора, который был его начальником на предыдущей работе, к Томасу Эдисону.",m2m100_1_2b,"Он прибыл в США с четырьмя центами на свое имя, книгой стихов и рекомендательным письмом от Чарльза Батчелора (его менеджера на предыдущей должности) Томасу Эдисону.",0.9793568999739364,56,False,False
en-ru-0491,flores_devtest,491,en,ru,It was at this time that the transfer of the title of Fashion Capital from Constantinople to Paris was made.,В этот момент и произошел переход титула Столицы Моды от Константинополя к Парижу.,m2m100_1_2b,Именно в это время была осуществлена передача титула столицы моды из Константинополя в Париж.,0.3735208000289276,28,False,False
en-ru-0502,flores_devtest,502,en,ru,"Members of a subculture often signal their membership through a distinctive and symbolic use of style, which includes fashions, mannerisms, and argot.","Представители определенной субкультуры зачастую заявляют о своей принадлежности через своеобразное и символичное использование стиля, в том числе через моду, манеры и жаргон.",m2m100_1_2b,"Члены субкультуры часто сигнализируют о своем членстве через отличительное и символическое использование стиля, которое включает в себя моды, маневризмы и арго.",0.7980008000740781,45,False,False
en-ru-0512,flores_devtest,512,en,ru,"Children are placed in Foster Care for a wide variety of reasons that range from neglect, to abuse, and even to extortion.",Дети передаются под опеку по множеству разнообразных причин: от беспризорности до жестокого обращения и даже вымогательств.,m2m100_1_2b,"Дети размещаются в Foster Care по разнообразным причинам, которые варьируются от пренебрежения, до жестокого обращения и даже до вымогательства.",0.6486998000182211,44,False,False
en-ru-0540,flores_devtest,540,en,ru,"The Tibetan Buddhism is based on the teachings of Buddha, but were extended by the mahayana path of love and by a lot of techniques from Indian Yoga.","Тибетский буддизм основан на учениях Будды, но был дополнен махаянским путем любви и множеством техник индийской йоги.",m2m100_1_2b,"Тибетский буддизм основан на учениях Будды, но был расширен махаянским путем любви и многими техниками из индийской йоги.",0.5671530999243259,41,False,False
en-ru-0552,flores_devtest,552,en,ru,"At the same time, the German navy, using mainly U-boats, was trying to stop this traffic.","В это же время немецкий военно-морской флот, используя в основном свои подводные лодки, пытался остановить это движение.",m2m100_1_2b,"В то же время немецкий флот, используя преимущественно подводные лодки, пытался остановить этот трафик.",0.4431677999673411,33,False,False
en-ru-0631,flores_devtest,631,en,ru,Vatican City's population is around 800. It is the smallest independent country in the world and the country with the lowest population.,"Население Ватикана составляет около 800 человек. Это самая маленькая независимая страна в мире, а также страна, имеющая наименьшее население.",m2m100_1_2b,"Население Ватикана составляет около 800 человек, это самая маленькая независимая страна в мире и страна с самым низким числом населения.",0.5943940998986363,34,False,False
en-ru-0632,flores_devtest,632,en,ru,Vatican City uses Italian in its legislation and official communications.,В Ватикане используют итальянский язык в законодательстве и официальных сообщениях.,m2m100_1_2b,Ватикан использует итальянский язык в своем законодательстве и официальных коммуникациях.,0.3708563999971375,25,False,False
en-ru-0636,flores_devtest,636,en,ru,"Aristotle, a philosopher, theorised that everything is made up of a mixture of one or more of four elements. They were earth, water, air, and fire.","Философ Аристотель считал, что всё состоит из смеси одного или нескольких из четырёх элементов. Это были земля, вода, воздух и огонь.",m2m100_1_2b,"Аристотель, философ, теоретизировал, что все состоит из смеси одного или более из четырех элементов: земли, воды, воздуха и огня.",0.700665200012736,41,False,False
en-ru-0676,flores_devtest,676,en,ru,The rise of new technologies allows us to see and investigate brain structures and processes never seen before.,Появление новых технологий позволяет нам увидеть и исследовать невиданные ранее структуры и процессы мозга.,m2m100_1_2b,"Появление новых технологий позволяет нам видеть и исследовать структуры и процессы мозга, никогда ранее не виденные.",0.4167618000647053,31,False,False
en-ru-0685,flores_devtest,685,en,ru,Sharing a field trip virtually is also a great way to reflect a on a trip and share experiences with future classes.,Выкладывание экскурсии в виртуальное пространство для всеобщего обозрения — это также отличный способ освежить в памяти экскурсию и поделиться своим полученными знаниями с будущими классами.,m2m100_1_2b,Обмен полевой поездкой практически также является отличным способом размышлять о поездке и делиться опытом с будущими классами.,0.6435049999272451,37,False,False
en-ru-0700,flores_devtest,700,en,ru,"The Arabs also brought Islam to the lands, and it took in a big way in the Comoros and Mayotte.","Арабы также принесли в этот регион ислам, особенно он укоренился на Коморах и Майотте.",m2m100_1_2b,"Арабы также принесли ислам на земли, и он занял большой путь в Коморах и Майотте.",0.40093869995325804,29,False,False
en-ru-0704,flores_devtest,704,en,ru,It is helpful to also wear a ring (just not one that looks too expensive.,Также полезно носить кольцо (только не слишком дорогое на вид).,m2m100_1_2b,"Полезно также надеть кольцо (только не то, что выглядит слишком дорого.",0.36497839994262904,25,False,False
en-ru-0717,flores_devtest,717,en,ru,"Combined with its relative inaccessibility, ""Timbuktu"" has come to be used as a metaphor for exotic, distant lands.","В связи со своей относительной недоступностью, ""Тимбукту"" стал метафорой экзотической дальней земли.",m2m100_1_2b,"В сочетании со своей относительной недоступностью, «Тимбукту» стал использоваться как метафора для экзотических, далеких земель.",0.6200475000077859,39,False,False
en-ru-0742,flores_devtest,742,en,ru,"The two towers rise to a height of 83 meters, it's 378 meters long and it has two lanes of 3.50 m wide.","Эти две башни достигают 83 метра в высоту, а сам мост 378 метров в длину и имеет две полосы движения шириной 3,5 метра.",m2m100_1_2b,"Две башни возвышаются на высоту 83 метра, длиной 378 метров и имеют две полосы шириной 3,50 метра.",0.604077700059861,35,False,False
en-ru-0746,flores_devtest,746,en,ru,"The Chaco region was home to other groups of indigenous tribes such as the Guaycurú and Payaguá, who survived by hunting, gathering and fishing.","Область Чако служила домом для разных групп местных племен, например для Гуайкуру и Паягуа, они выживали при помощи охоты, собирательства и рыбалки.",m2m100_1_2b,"Регион Чако был домом для других групп коренных племен, таких как Гуаикуру и Паягуа, которые выжили на охоте, сборе и рыбалке.",0.7029312000377104,48,False,False
en-ru-0761,flores_devtest,761,en,ru,"The winter can be deceptively chilly: temperatures rarely go below freezing, but the wind and humidity combine to make it feel colder than what the thermometer says.","Зима может быть обманчиво холодной: температура редко опускается ниже нуля, но сочетание ветра и влажности воздуха создает ощущение более холодной погоды в сравнении с тем, что показывает термометр.",m2m100_1_2b,"Зима может быть обманчиво прохладной: температуры редко опускаются ниже замерзания, но ветер и влажность сочетаются, чтобы чувствовать себя холоднее, чем то, что говорит термометр.",0.7870502000441775,54,False,False
en-ru-0768,flores_devtest,768,en,ru,"Apia is the capital of Samoa. The town is on the island of Upolu and has a population of just under 40,000.",Апиа – столица Самоа. Город расположен на острове Уполу и имеет население чуть менее 40 000 жителей.,m2m100_1_2b,Апия является столицей Самоа. Город находится на острове Уполу и имеет население чуть менее 40 000 человек.,0.39110489992890507,30,False,False
en-ru-0771,flores_devtest,771,en,ru,"All the ships were sunk, except for one British cruiser. Nearly 200 American and German lives were lost.","Все корабли затонули, за исключением одного британского крейсера. Погибли около 200 американских и немецких моряков.",m2m100_1_2b,"Все корабли были потоплены, за исключением одного британского крейсера.",0.5394244999624789,22,False,False
en-ru-0787,flores_devtest,787,en,ru,"Saltwater Crocodiles do not actively live in the ocean, their primary habitat is in river estuaries north from Rockhampton.","Гребнистые крокодилы не ведут активную жизнь в океане, а их основная среда обитания — эстуарии рек к северу от Рокгемптона.",m2m100_1_2b,"Соляные крокодилы не живут активно в океане, их основная среда обитания находится в речных ущельях к северу от Рокхэмптона.",0.5745949000120163,45,False,False
en-ru-0814,flores_devtest,814,en,ru,"If you booked your flights and accommodation for 2020 before the postponement was announced, you may have a tricky situation.","Если вы забронировали авиабилеты и проживание на 2020 год до того, как было объявлено о переносе даты, у вас может возникнуть непростая ситуация.",m2m100_1_2b,"Если вы забронировали рейсы и проживание на 2020 год до объявления отсрочки, у вас может возникнуть сложная ситуация.",0.48342699999921024,33,False,False
en-ru-0823,flores_devtest,823,en,ru,Travellers may encounter animal pests that they are not familiar with in their home regions.,"Путешественники могут встретиться с животными-вредителями, которых они не видели в своих родных краях.",m2m100_1_2b,"Путешественники могут столкнуться с вредителями животных, с которыми они не знакомы в своих родных регионах.",0.5321413000347093,33,False,False
en-ru-0827,flores_devtest,827,en,ru,"Travellers bound for countries with heavy taxation can sometimes save a considerable amount of money, especially on products such as alcoholic beverages and tobacco.","Путешественники, направляющиеся в страны с высоким налогообложением, могут иногда сэкономить значительную сумму, особенно на таких товарах, как спиртные напитки и табак.",m2m100_1_2b,"Путешественники, направляющиеся в страны с высокими налогами, иногда могут сэкономить значительную сумму денег, особенно на таких продуктах, как алкогольные напитки и табак.",0.7180393999442458,47,False,False
en-ru-0831,flores_devtest,831,en,ru,"Curiously, though, mobile phone service is much stronger here than along many other stretches of the route, e.g. the Pennsylvania Wilds.","Однако, как ни странно, мобильная телефонная связь здесь намного лучше, чем на многих других участках маршрута, например в Пенсильвании Уайлдс.",m2m100_1_2b,"Интересно, однако, что мобильный телефон здесь намного сильнее, чем на многих других участках маршрута, например, в Пенсильвании.",0.5404289000434801,37,False,False
en-ru-0857,flores_devtest,857,en,ru,"Europe is a continent that is relatively small but with many independent countries. Under normal circumstances, travelling through multiple countries would mean having to go through visa applications and passport control multiple times.","Европа — относительно маленький континент, но на нём много независимых государств. В обычных обстоятельствах путешествие через множество стран означало бы необходимость подачи прошений для получения визы и многократного прохождения паспортного контроля.",m2m100_1_2b,"Европа - это континент, который относительно небольшой, но с многими независимыми странами.В обычных обстоятельствах, путешествие через несколько стран означало бы, что нужно пройти визовые заявления и паспортный контроль несколько раз.",0.8320500999689102,57,False,False
en-ru-0885,flores_devtest,885,en,ru,Willingness of foreign governments to honour these documents is just as widely variable.,Готовность зарубежных правительств выполнять свои обязательства по данным документам столь же весьма различна.,m2m100_1_2b,Готовность иностранных правительств уважать эти документы также сильно варьируется.,0.28707229997962713,22,False,False
en-ru-0902,flores_devtest,902,en,ru,The scenes are displayed on the pyramids and the different pyramids are lit up.,"Сцены показывают на пирамидах, и разные пирамиды освещаются.",m2m100_1_2b,"Сцены отображаются на пирамидах, а различные пирамиды освещаются.",0.40100880002137274,24,False,False
en-ru-0913,flores_devtest,913,en,ru,An increasingly more popular option for those planning a gap-year is to travel and learn.,"Вариант, становящийся всё более популярным для тех, кто планирует взять академический год, это путешествовать и учиться.",m2m100_1_2b,"Все более популярным вариантом для тех, кто планирует разрывный год, является путешествие и обучение.",0.35063529992476106,27,False,False
en-ru-0950,flores_devtest,950,en,ru,"Also to the north visit the great Sanctuary of Our Lady of Fatima (Shrine), a place of worldwide famous Marian apparitions.",Севернее посетите также великий Храм Фатимской Богоматери (усыпальница) — место всемирно известных явлений Девы Марии.,m2m100_1_2b,"Также на севере посетите великое святилище Богоматери Фатимы (святилище), место всемирно известных Марианских явлений.",0.5965338000096381,35,False,False
en-ru-0978,flores_devtest,978,en,ru,Persian has a relatively easy and mostly regular grammar.,В персидском языке относительно лёгкая и в основном закономерная грамматика.,m2m100_1_2b,Персидский имеет относительно легкую и в основном регулярную грамматику.,0.32188880001194775,22,False,False
en-ru-0994,flores_devtest,994,en,ru,Inland waterways can be a good theme to base a holiday around.,Внутренние водные пути могут стать хорошей темой для проведения какого-либо праздника.,m2m100_1_2b,Внутренние водные пути могут быть хорошей темой для основания отдыха.,0.33507689996622503,21,False,False
en-uz-0063,flores_devtest,63,en,uz,"Historians have criticized past FBI policies for focusing resources on cases which are easy to solve, especially stolen car cases, with the intent of boosting the agency's success rate.","Tarixchilar agentlikning muvaffaqiyat darajasini kuchaytirish uchun osongina hal qilish mumkin bo'lgan, ayniqsa avtomobil o'g'rilanishi bo'yicha ishlarga resurslarning qaratilganligi uchun FQB agentligining o'tmishdagi siyosatlarini tanqid qildilar.",m2m100_1_2b,"Istoriyollara FBI politikalarni o‘z bilan qilmadi, o‘zi qilmidi qilmidir, veçanti qalmadi avtomobillarni, o’z bu agentiyadi suksesini bo‘ladi.",0.7978001999435946,54,False,False
en-uz-0068,flores_devtest,68,en,uz,"U.S. President George W. Bush arrived in Singapore the morning of November 16, beginning a week-long tour of Asia.","AQSH Prezidenti Jorj V. Bush, Osiyo bo'ylab bir haftalik sayohatini boshlab, 16-noyabr kuni tongda Singapurga yetib keldi.",m2m100_1_2b,U.S. president George W. Bush Singapourga 16 Nombard o‘z bilan o‘ladi.,0.5338000999763608,28,False,False
en-uz-0083,flores_devtest,83,en,uz,"The Ninth Ward, which saw flooding as high as 20 feet during Hurricane Katrina, is currently in waist-high water as the nearby levee was overtopped.","Katrina bo'roni vaqtida 20 fut balandlikdagi toshqinga guvoh bo'lgan to'qqizinchi bo'linma, suv yaqindagi to'g'ondan oshib o'tgani sababli, hozirda belgacha keladigan suv ostida qolgan.",m2m100_1_2b,"Ninth Ward, ki o‘z uragani Katrina ko‘rda 20 feet o‘ladi, o‘zi o‘ldiradi.",0.7120140000479296,38,False,False
en-uz-0085,flores_devtest,85,en,uz,Commons Administrator Adam Cuerden expressed his frustration over the deletions when he spoke to Wikinews last month.,Parlamentning quyi palatasi ma'muri Adam Kuerden o'tgan oyda Wikinews bilan suhbatida o'chirishlardan ranjiganini aytdi.,m2m100_1_2b,Commons administrator Adam Cuerden o‘z qilmizini qilmishadi Wikinews yondani.,0.4845255999825895,28,False,False
en-uz-0091,flores_devtest,91,en,uz,The scientists were able to conclude that the dark matter affect other dark matter in the same way regular matter does.,"Olimlar qora materiya boshqa qora materiyaga xuddi odatiy materiya ta'sir qilgani kabi ta'sir ko'rsatadi, degan xulosaga kelishdi.",m2m100_1_2b,"O‘zlar o‘zlari qilmadi ki, qilmidi qilmidir, o‘zi qilmizdir, o’zlar qilmiydir.",0.5465216999873519,40,False,False
en-uz-0125,flores_devtest,125,en,uz,"A person working in a garage near where the accident occurred said: ""There were children waiting to cross the road and they were all screaming and crying.""","Ko'ngilsiz hodisa yuz bergan joy yaqinidagi garajda ishlayotgan kishi: ""U yerda yo'lni kesib o'tmoqchi bo'layotgan bolalar bor edi va ularning barchasi qichqirib yig'layotgandi"" deb aytdi.",m2m100_1_2b,"Bir o‘z garazhda o‘ladi: “O‘llar o‘çizgini qilmadi, o’llar qalmadi”.",0.6056410999735817,38,False,False
en-uz-0165,flores_devtest,165,en,uz,"Since 1988, ballot boxes must be transparent so that voters and observers can witness that no envelopes are present at the start of the vote and that no envelopes are added except those of the duly counted and authorized voters.",1988-yildan beri ovoz beruvchilar va kuzatuvchilar boshlanishida konvertlar mavjud emasligi va mos tarzda sanalgan va vakolat berilgan ovoz beruvchilardan tashqari hech qanday konvertlar qo'shilmasligiga guvohlik bera olishlari uchun saylov qutilarining shaffof bo'lishi talab qilinadi.,m2m100_1_2b,"1988-cından, voting boxes must be transparent so voters and observers can witness that no envelopes are present at the start of the voting and that no encapsulations are added except those of the duly counted and authorized voters.",0.9990400999085978,62,False,False
en-uz-0179,flores_devtest,179,en,uz,"It was the final match for the All Blacks, who had already won the trophy two weeks ago.","Bu ikki hafta avval sovrin yutgan ""All Blacks"" jamoasi uchun oxirgi o'yin edi.",m2m100_1_2b,"Bu, All Blacks’larni son qo‘yadi, o‘z bilan iki o‘zi bo‘ladi.",0.37943580001592636,30,False,False
en-uz-0195,flores_devtest,195,en,uz,"The photographer was transported to Ronald Reagan UCLA Medical Center, where he subsequently died.",Fotosuratchi Ronald Reygan nomidagi UCLA Tibbiyot Markaziga yetkazilgan va keyinchalik u yerda vafot etgan.,m2m100_1_2b,"Fotografa Ronald Reagan UCLA Medical Center, orada o‘z qilmadi.",0.42277279996778816,22,False,False
en-uz-0225,flores_devtest,225,en,uz,The rock band was due to tour the United States and Canada until September 16.,Rok guruhi AQSH va Kanadada 16-sentyabrga qadar gastrol safarida bo'lishi kerak edi.,m2m100_1_2b,Rock bandni 16 septembrini Amerika və Kanada turni qoʻyaradi.,0.2772356999339536,21,False,False
en-uz-0277,flores_devtest,277,en,uz,The Madhya Pradesh Police recovered the stolen laptop and mobile phone.,Madxya-Pradesh politsiyasi o'g'irlangan noutbuk hamda mobil telefonni qaytardi.,m2m100_1_2b,Madhya Pradesh polisini mobil telefonni qaytaradi.,0.34101239999290556,18,False,False
en-uz-0356,flores_devtest,356,en,uz,It takes a giant rocket over a 100 feet high to put a satellite or telescope in space.,Sun'iy yo'ldosh yoki teleskopni kosmosga joylashtirish uchun 100 futdan ortiq balandlikdagi ulkan raketa talab qilinadi.,m2m100_1_2b,Bu raketi 100 ft-dan çoxni teleskop qoysan.,0.35439710004720837,19,False,False
en-uz-0364,flores_devtest,364,en,uz,"The females are usually closely related to each other, being a large family of sisters and daughters.","Urg'ochilar, odatda, katta oilaning opa-singillari yoki qizi bo'lib, bir-biriga chambarchas bog'liqdir.",m2m100_1_2b,"Bu o‘zganlar o‘zimlikdir, o‘zi o‘ziklikdirlar.",0.6073787999339402,25,False,False
en-uz-0397,flores_devtest,397,en,uz,"There were no large forests in the land of Canaan, so wood was extremely expensive.","Kan'on yerlarida keng o'rmonlar yo'q edi, shu sababdan yog'och nihoyatda qimmat edi.",m2m100_1_2b,"Kanaan o‘zingizdi, o‘zi bo‘ladi, o’zdan o‘zini bo’ldi.",0.442393200006336,31,False,False
en-uz-0418,flores_devtest,418,en,uz,"Italy's national football, along with German national football team is the second most successful team in the world and were the FIFA World Cup champions in 2006.","Italiya milliy futbol jamoasi Germaniya milliy futbol jamoasi qatori dunyodagi eng muvaffaqiyatli ikkinchi jamoa bo'lib, 2006-yilda FIFA Jahon chempionatida g'olib chiqqan.",m2m100_1_2b,"Italiya futbola, alman futbola klubi, dünyanın ikinci ən suksesli klubidir və 2006-cı ildə FIFA World Cup kampiyalaridir.",0.5925662000663579,35,False,False
en-uz-0423,flores_devtest,423,en,uz,"Taiwan beginning start way back in 15th century where European sailors passing by record the island’s name as Ilha Formosa, or beautiful island.","Tayvanning boshlanishi 15-asrga borib taqaladi, bunda o'tib ketayotgan yevropalik dengizchilar orol nomini Ilha Formosa yoki go'zal orol deb yozib qoldirishadi.",m2m100_1_2b,"Taiwan o‘z 15th century, o‘zi European marmarlar o‘zimini Ilha Formosa, ya da o‘çizgan adlarnamadi.",0.6213125999784097,40,False,False
en-uz-0439,flores_devtest,439,en,uz,Its all-pervading power affected everyone from king to commoner.,"Uning keng qamrovli qudrati shohdan tortib, oddiy insongacha ta'sir qildi.",m2m100_1_2b,"Men o‘z o‘q o‘ladi, o’z o’ldi, o'ldi oʻldi.",0.5448392999824136,32,False,False
en-uz-0442,flores_devtest,442,en,uz,"Soon after the outbreak of hostilities, Britain initiated a naval blockade of Germany.","Harbiy harakatlar xurujidan ko'p o'tmay, Britaniya Germaniyani dengizda blokada qilishni boshladi.",m2m100_1_2b,"Britaniya o‘z qo‘ladi, Britain o‘ldi almaniya blokadi.",0.3636727000121027,25,False,False
en-uz-0447,flores_devtest,447,en,uz,"After seeing the horrors and atrocities of war during World War I, nations desired to avoid such a situation again in the future.",Birinchi jahon urushi vaqtida urush dahshatlari va vahshiyliklarini ko'rgan xalqlar kelajakda shu kabi holatlarning oldini olishni istaganlar.,m2m100_1_2b,"Men o‘z o‘ladi, o’ldi, oʻldi o‘lladi, nativlar o‘lo‘ldi ko‘lidi.",0.6041265999665484,40,False,False
en-uz-0449,flores_devtest,449,en,uz,"He arrived in the US with 4 cents to his name, a book of poetry, and a letter of recommendation from Charles Batchelor (his manager in his previous job) to Thomas Edison.","U AQSHga o'z nomidagi 4 sent, she'riy kitob va Charlz Batchelordan (oldingi ish joyidagi ish boshqaruvchisi) Tomas Edisonga tavsiyanoma bilan kelgandi.",m2m100_1_2b,"O‘z 4 cents o‘z amerikaliyga qaytaradi, bir poezi kitab, Charles Batchelor (manageri) Thomas Edison.",0.6425975000020117,38,False,False
en-uz-0491,flores_devtest,491,en,uz,It was at this time that the transfer of the title of Fashion Capital from Constantinople to Paris was made.,Moda poytaxti unvonining Konstantinopoldan Parijga o'tishi aynan shu vaqtda yuz berdi.,m2m100_1_2b,Bu vaxtda Fashion Capital titlin Konstantinopoli Parisni transferdi.,0.3419849000638351,20,False,False
en-uz-0502,flores_devtest,502,en,uz,"Members of a subculture often signal their membership through a distinctive and symbolic use of style, which includes fashions, mannerisms, and argot.","Submadaniyat a'zolari ko'pincha o'z a'zoliklarini modalar, xulq-atvor va jargonlarni o'z ichiga olgan uslubdan o'ziga xos va ramziy foydalanish orqali namoyon etadilar.",m2m100_1_2b,"Subculture o‘zimlar o‘z o‘ladi y‘lidi, o‘lo‘ldi, o’ldi oʻldi.",0.534661200013943,38,False,False
en-uz-0512,flores_devtest,512,en,uz,"Children are placed in Foster Care for a wide variety of reasons that range from neglect, to abuse, and even to extortion.","Bolalar e'tiborsizlikdan tortib, zo'ravonlik va hatto tovlamachilikka qadar turli sabablarga ko'ra homiylik parvarishiga topshiriladi.",m2m100_1_2b,"Foster Care o‘z o‘ladi, o’ldi, oʻldi.",0.5181576999602839,24,False,False
en-uz-0540,flores_devtest,540,en,uz,"The Tibetan Buddhism is based on the teachings of Buddha, but were extended by the mahayana path of love and by a lot of techniques from Indian Yoga.","Tibet buddizmi Budda ta'limotlariga asoslanadi, lekin muhabbatning mahayana yo'li bilan va hind yogasining ko'plab uslublari bilan kengaytirilgan.",m2m100_1_2b,"Tibet Buddhizmi Buddhizmin doktrinalarni bazadi, amma mahayana yoluna bo‘ladi, o‘z Indiya Yoga teknikalarni.",0.5619036999996752,41,False,False
en-uz-0552,flores_devtest,552,en,uz,"At the same time, the German navy, using mainly U-boats, was trying to stop this traffic.","Shu bilan birga Nemis dengiz floti, asosan, dengizosti qayiqlaridan foydalanib, ushbu transport harakatini to'xtatishga urinayotgandi.",m2m100_1_2b,"Uga, alman marshalar, o‘z bilan U-boatlar kulladi, bu trafikni qilmadi.",0.46756580006331205,31,False,False
en-uz-0631,flores_devtest,631,en,uz,Vatican City's population is around 800. It is the smallest independent country in the world and the country with the lowest population.,Vatikan shahri aholisi 800 kishi atrofida. U dunyodagi eng kichik mustaqil davlat va eng kam aholiga ega mamlakatdir.,m2m100_1_2b,"Vatican City‘nin əhalisini 800 o‘z, o‘zi dünyanın ən az o‘zimli ölkalaridir.",0.6201628999551758,30,False,False
en-uz-0632,flores_devtest,632,en,uz,Vatican City uses Italian in its legislation and official communications.,Vatikan shahri qonunchilik va rasmiy muloqot uchun italyan tilini qo'llaydi.,m2m100_1_2b,Vatican City o‘z italiyani y‘radi y‘tadi.,0.2773358999984339,21,False,False
en-uz-0636,flores_devtest,636,en,uz,"Aristotle, a philosopher, theorised that everything is made up of a mixture of one or more of four elements. They were earth, water, air, and fire.","Faylasuf Aristotel barcha narsa to'rt unsurning bir yoki bir nechtasi aralashmasidan tashkil topgan degan nazariyani ilgari surgan. Ularni tuproq, suv, havo va olov ekanligini aytib o'tgan.",m2m100_1_2b,"Aristotle, filosoffi, o‘z o‘ladi ki, hər şey 4 elementdan birini və ya daha çoxdan qoʻyidir: yerd, air, water, fire.",0.7651254000375047,47,False,False
en-uz-0676,flores_devtest,676,en,uz,The rise of new technologies allows us to see and investigate brain structures and processes never seen before.,Yangi texnologiyalarning rivojlanishi bizga oldin hech qachon kuzatilmagan miyaning tuzilishi hamda ishlash jarayonini ko'rish va tadqiq etish imkon yaratdi.,m2m100_1_2b,"O‘z yeni teknolojiyalar bizni o‘z qilmadi, o‘zi strukturlar və proseslar o‘zuladi.",0.4639994000317529,32,False,False
en-uz-0685,flores_devtest,685,en,uz,Sharing a field trip virtually is also a great way to reflect a on a trip and share experiences with future classes.,Ekskursiyalarni virtual tarzda bo'lishish sayohat haqida fikr yuritish va kelasi darslar bilan tajriba almashish uchun ajoyib usuldir.,m2m100_1_2b,"Bu yolda o‘z bilan o‘ladi, o‘zi o‘zuldi, o’z o’ldi.",0.5172656000358984,31,False,False
en-uz-0700,flores_devtest,700,en,uz,"The Arabs also brought Islam to the lands, and it took in a big way in the Comoros and Mayotte.",Arablar bu yerlarga islomni ham olib kelishdi va bu Komor orollari hamda Mayottada katta ahamiyat kasb etdi.,m2m100_1_2b,"Arabi o‘z islamlarni qaytaradi, o‘zi Komorozlarni və Mayotte.",0.4121354999952018,27,False,False
en-uz-0704,flores_devtest,704,en,uz,It is helpful to also wear a ring (just not one that looks too expensive.,Uzuk taqish ham foydali (shunchaki nihoyatda qimmat ko'rinmaydiganini.,m2m100_1_2b,"O‘z o‘z bir o’z oʻz bu’z, o‘zi o‘q o‘zini.",0.49288929998874664,30,False,False
en-uz-0717,flores_devtest,717,en,uz,"Combined with its relative inaccessibility, ""Timbuktu"" has come to be used as a metaphor for exotic, distant lands.","Yetishish imkoniyati nisbatan kamligi bilan birga, ""Timbuktu"" uzoq, ekzotik o'lkalar uchun metafora sifatida ishlatila boshlandi.",m2m100_1_2b,"“Timbuktu” bilan o‘zingizdir, o‘zi bilan eksotik, distansiyalarni metaforik.",0.4944399999221787,33,False,False
en-uz-0742,flores_devtest,742,en,uz,"The two towers rise to a height of 83 meters, it's 378 meters long and it has two lanes of 3.50 m wide.","Ikki minoraning balandligi 83 metrga yetadi, u uzunligi 378 metr hamda kengligi 3,5 m bo'lgan ikkita yo'lakchaga ega.",m2m100_1_2b,"İki kullar 83 metrin hadi, 378 metrin uzunluqdir, iki 3,50 metrin genişdir.",0.5638978000497445,29,False,False
en-uz-0746,flores_devtest,746,en,uz,"The Chaco region was home to other groups of indigenous tribes such as the Guaycurú and Payaguá, who survived by hunting, gathering and fishing.","Chako mintaqasida Guaykuru va Payagua kabi mahalliy qabilalarning boshqa guruhlari yashab, ular ovchilik, termachilik va baliq ovlash orqali hayotlarini saqlab qolishgan.",m2m100_1_2b,"Chaco regionda Guaycurú‘lar, Payaguá‘lar o‘z o‘ladi, o‘li ko‘ldi, ko’ldi.",0.598584600025788,40,False,False
en-uz-0761,flores_devtest,761,en,uz,"The winter can be deceptively chilly: temperatures rarely go below freezing, but the wind and humidity combine to make it feel colder than what the thermometer says.","Qish chalg'itadigan sovuq bo'lishi mumkin: haroratlar kamdan-ham hollarda muzlash nuqtasidan pastga tushadi, biroq shamol va namlik birlashgan holda termometr ko'rsatganiga qaraganda sovuqroqdek tuyulishi mumkin.",m2m100_1_2b,"Winter o‘z o‘zi qilmadi: temperaturlar qilmidi qilmiddir, amma wind and humidity kombinasiyadi, o‘zini qilmidir ki, thermometerni qo‘yadi.",0.644837399944663,53,False,False
en-uz-0768,flores_devtest,768,en,uz,"Apia is the capital of Samoa. The town is on the island of Upolu and has a population of just under 40,000.",Apia Samoaning poytaxtidir. Shahar Upolu orolida va 40 000 nafardan kamroq aholiga ega.,m2m100_1_2b,"Apia, Samoa’nın kapitalidir.O‘qani Upolu adlarda və 40,000-dan az nüfusga var.",0.45729429996572435,33,False,False
en-uz-0771,flores_devtest,771,en,uz,"All the ships were sunk, except for one British cruiser. Nearly 200 American and German lives were lost.",Bitta Britaniya kreyseridan boshqa barcha kemalar cho'ktirilgan edi. 200 ga yaqin amerikalik va nemis halok bo'lgan.,m2m100_1_2b,"O‘z o‘z bo‘ladi, o‘zi o‘ldi, o’z bo’ldi. 200 amerikaliyani və almaniyani boʻlidi.",0.725899700075388,45,False,False
en-uz-0787,flores_devtest,787,en,uz,"Saltwater Crocodiles do not actively live in the ocean, their primary habitat is in river estuaries north from Rockhampton.","Sho'r suv timsohlari okeanda ko'p uchramaydi, ularning asosiy yashash joyi Rokxemptondan shimolda joylashgan daryolarning quyilish joylaridir.",m2m100_1_2b,"Saltwater Crocodiles aktiv o‘zayda yaşaymazlar, primary habitatlar Rockefeller'in North of Rockhampton.",0.5057946000015363,36,False,False
en-uz-0814,flores_devtest,814,en,uz,"If you booked your flights and accommodation for 2020 before the postponement was announced, you may have a tricky situation.","Agar siz kechiktirish e'lon qilinishidan avval 2020-yil uchun reyslar va mehmonxonani buyurtna qilgan bo'lsangiz, siz qiyin vaziyatda qolishingiz mumkin.",m2m100_1_2b,"Siz 2020-ni o‘z bilan qaytarmadi, o‘zi qaytarmaydi, siz o‘zini qaytarma biladi.",0.43432779994327575,34,False,False
en-uz-0823,flores_devtest,823,en,uz,Travellers may encounter animal pests that they are not familiar with in their home regions.,Sayyohlar o'z mintaqalarida noma'lum bo'lgan hayvon parazitlariga duch kelishlari mumkin.,m2m100_1_2b,"Yoldaşlar o‘z o‘zi o‘zini bo‘ladi, o‘zu o‘di bo’ldi.",0.43936209997627884,31,False,False
en-uz-0827,flores_devtest,827,en,uz,"Travellers bound for countries with heavy taxation can sometimes save a considerable amount of money, especially on products such as alcoholic beverages and tobacco.","Og'ir soliqlarga ega mamlakatlarga boruvchi sayohatchilar ba'zi hollarda, ayniqsa, spirtli ichimliklar va tamaki mahsulotlari kabilardan anchagina pul tejab qolishlari mumkin.",m2m100_1_2b,"Ularlar o‘z qilmadi, o‘zi o‘qilmadi o’z o‘zhildi, oʻz oʻqilmidi, o`z o’zhilidi.",0.7362593000289053,48,False,False
en-uz-0831,flores_devtest,831,en,uz,"Curiously, though, mobile phone service is much stronger here than along many other stretches of the route, e.g. the Pennsylvania Wilds.","Qizig'i shuki, bu yerda mobil telefon xizmati, boshqa ko'p yo'nalishlarga qaraganda, masalan, Pensilvaniya Uayldzdan ko'ra ancha kuchliroq.",m2m100_1_2b,"Men, mobil telefoni servisni buradi o‘z bilan o‘lishadi, o‘ll Pennsylvaniya Wilds.",0.4228733000345528,32,False,False
en-uz-0857,flores_devtest,857,en,uz,"Europe is a continent that is relatively small but with many independent countries. Under normal circumstances, travelling through multiple countries would mean having to go through visa applications and passport control multiple times.","Yevropa nisbatan kichik, biroq ko'plab mustaqil davlatlarga ega bo'lgan qit'adir. Odatiy sharoitlarda bir nechta mamlakatlar bo'ylab sayohat qilish bir necha marta vizaga ariza topshirish va pasport nazoratidan o'tish kerakligini anglatadi.",m2m100_1_2b,"Evropa o‘z relatively small kontinent but with many independent countries.With normal circumstances, traveling through multiple countries would mean having to go through visa applications and passport control multiple times.",0.6063531000399962,46,False,False
en-uz-0885,flores_devtest,885,en,uz,Willingness of foreign governments to honour these documents is just as widely variable.,Chet el hukumatlarining mazkur hujjatlarni hurmat qilishga tayyorligi xuddi shu darajada o'zgaruvchandir.,m2m100_1_2b,Bu dokumentlarni qaytarmaqda qoysanlar o‘zingizdir.,0.3209432000294328,21,False,False
en-uz-0902,flores_devtest,902,en,uz,The scenes are displayed on the pyramids and the different pyramids are lit up.,Sahnalar piramidalar ustida namoyish etildi va turli xil piramidalar yoritildi.,m2m100_1_2b,"Piramida o‘zingizdir, piramida bo‘llar.",0.32506699999794364,20,False,False
en-uz-0913,flores_devtest,913,en,uz,An increasingly more popular option for those planning a gap-year is to travel and learn.,Akademik ta'tilni rejalashtirayotganlar orasida tobora ommalashib borayotgan tanlov – sayohat hamda o'rganishdir.,m2m100_1_2b,"Bir o‘z daha populyar variantlar plan qo‘ladi, o’z o‘zi bo‘ldi.",0.4652105000568554,29,False,False
en-uz-0950,flores_devtest,950,en,uz,"Also to the north visit the great Sanctuary of Our Lady of Fatima (Shrine), a place of worldwide famous Marian apparitions.",Yana shimolda butun dunyoga mashhur bo'lgan Mariam onamizning ko'rinish joyi bo'lgan Fotima onamiz ibodatxonasiga (Muqaddas jiy) ham tashrif buyuring.,m2m100_1_2b,"Biz o‘z o‘zimda Fatima Mariya Sanctuary’ni (Shrine) ziyaretimiz, o‘zi Mariya apparitions.",0.505381099996157,37,False,False
en-uz-0978,flores_devtest,978,en,uz,Persian has a relatively easy and mostly regular grammar.,Fors tili nisbatan oson va aksariyat hollarda o'zgarmas grammatikaga ega.,m2m100_1_2b,Persish o‘z relatively easy and mostly regular grammar.,0.25589260004926473,18,False,False
en-uz-0994,flores_devtest,994,en,uz,Inland waterways can be a good theme to base a holiday around.,Ichki suv yo'llari ta'til uchun yaxshi mavzu bo'lishi mumkin.,m2m100_1_2b,Bina o‘z o‘zi o‘q o‘qi o‘zini o‘ldi.,0.4842140000546351,25,False,False
en-zh-0063,flores_devtest,63,en,zh,"Historians have criticized past FBI policies for focusing resources on cases which are easy to solve, especially stolen car cases, with the intent of boosting the agency's success rate.",历史学家批判了联邦调查局的过往政策，这种政策会把资源集中到容易破获的案件上，尤以偷车案件居多，目的只在于提高该机构的成功破案率。,m2m100_1_2b,"历史学家批评了过去的联邦调查局政策,因为它把资源集中在容易解决的案例上,特别是盗车案,旨在提高该机构的成功率。",0.6618973999284208,45,False,False
en-zh-0068,flores_devtest,68,en,zh,"U.S. President George W. Bush arrived in Singapore the morning of November 16, beginning a week-long tour of Asia.",美国总统乔治·沃克·布什于 11 月 16 日上午抵达新加坡，开始为期一周的亚洲之行。,m2m100_1_2b,"美国总统布什11月16日上午抵达新加坡,开始为期一周的亚洲之旅。",0.4324622000567615,27,False,False
en-zh-0083,flores_devtest,83,en,zh,"The Ninth Ward, which saw flooding as high as 20 feet during Hurricane Katrina, is currently in waist-high water as the nearby levee was overtopped.",“卡特里娜”飓风来袭时，第九区洪水水位一度高达 20 英尺，由于附近的防洪堤已经被淹没，目前水位已达齐腰深度。,m2m100_1_2b,"在飓风卡特里娜期间看到高达20英尺的洪水的第九区目前处于腰部高水域,因为附近的河流被淹没了。",0.5881451999302953,42,False,False
en-zh-0085,flores_devtest,85,en,zh,Commons Administrator Adam Cuerden expressed his frustration over the deletions when he spoke to Wikinews last month.,共享资源管理员亚当·库尔登 (Adam Cuerden) 上个月在接受维基新闻 (Wikinews) 采访时表达了他对删除相关内容的不满。,m2m100_1_2b,Commons管理员Adam Cuerden在上个月对维基百科发表讲话时表达了对删除的沮丧。,0.5546971999574453,32,False,False
en-zh-0091,flores_devtest,91,en,zh,The scientists were able to conclude that the dark matter affect other dark matter in the same way regular matter does.,科学家们可以得出结论，暗物质对其他暗物质的影响方式与普通物质相同。,m2m100_1_2b,"科学家们得出的结论是,黑暗物质会像正常物质那样影响其他黑色物质。",0.43213540001306683,31,False,False
en-zh-0125,flores_devtest,125,en,zh,"A person working in a garage near where the accident occurred said: ""There were children waiting to cross the road and they were all screaming and crying.""",一名在事故发生地附近的车库立的工作人员说：“孩子们正等着过马路，并且都在大声尖叫，哭个不停。”,m2m100_1_2b,"一名在事故发生地附近的车库工作的人说:“有孩子在等待越过道路,他们都在尖叫和哭泣。",0.6079679999966174,34,False,False
en-zh-0165,flores_devtest,165,en,zh,"Since 1988, ballot boxes must be transparent so that voters and observers can witness that no envelopes are present at the start of the vote and that no envelopes are added except those of the duly counted and authorized voters.",自 1988 年以来，投票箱就必须是透明的，这样选民和观察员才能看到投票开始时箱内没有信封，还能看到除了那些及时统计过、有权投票的选民以外，没有其他人向箱内投入信封。,m2m100_1_2b,"自1988年以来,投票箱必须是透明的,以便选民和观察者可以见证,在投票开始时没有信封存在,除了正确计数和授权的选民的信封之外,没有添加信封。",0.9504220000235364,61,False,False
en-zh-0179,flores_devtest,179,en,zh,"It was the final match for the All Blacks, who had already won the trophy two weeks ago.",全黑队在两周前已经赢得了奖杯，而这场比赛是他们打的最后一场。,m2m100_1_2b,"这是黑人队的最后一场比赛,他们两周前已经赢得了奖杯。",0.3381015999475494,25,False,False
en-zh-0195,flores_devtest,195,en,zh,"The photographer was transported to Ronald Reagan UCLA Medical Center, where he subsequently died.",这名摄影师被送往加州大学洛杉矶分校罗纳德·里根医疗中心，其后不治。,m2m100_1_2b,"摄影师被送往罗纳德·里根(Ronald Reagan)UCLA医疗中心,在那里他随后去世。",0.5396283000009134,36,False,False
en-zh-0225,flores_devtest,225,en,zh,The rock band was due to tour the United States and Canada until September 16.,这支摇滚乐队原定在美国和加拿大巡演，一直持续到 9 月 16 日。,m2m100_1_2b,该乐队将于9月16日之前在美国和加拿大巡演。,0.2698274999856949,21,False,False
en-zh-0277,flores_devtest,277,en,zh,The Madhya Pradesh Police recovered the stolen laptop and mobile phone.,中央邦警方追回了被盗的笔记本电脑和手机。,m2m100_1_2b,马德亚布拉德斯警方恢复了被盗的笔记本电脑和手机。,0.3699726000195369,25,False,False
en-zh-0356,flores_devtest,356,en,zh,It takes a giant rocket over a 100 feet high to put a satellite or telescope in space.,要把卫星或望远镜送入太空，需要一枚超过 100 英尺高的巨型火箭。,m2m100_1_2b,需要一枚高达100英尺的巨型火箭将卫星或望远镜送入太空。,0.38333260000217706,29,False,False
en-zh-0364,flores_devtest,364,en,zh,"The females are usually closely related to each other, being a large family of sisters and daughters.",作为大家庭里的姐妹和女儿，雌性之间通常彼此关系密切。,m2m100_1_2b,"女性通常彼此密切相关,是姐妹和女儿的大家庭。",0.3968366999179125,21,False,False
en-zh-0397,flores_devtest,397,en,zh,"There were no large forests in the land of Canaan, so wood was extremely expensive.",迦南没有大森林，所以木材非常昂贵。,m2m100_1_2b,"迦南地没有大森林,所以木材非常昂贵。",0.24941839999519289,19,False,False
en-zh-0418,flores_devtest,418,en,zh,"Italy's national football, along with German national football team is the second most successful team in the world and were the FIFA World Cup champions in 2006.",意大利国家足球队和德国国家足球队都是世界上第二成功的球队，在 2006 年拿下了足球世界杯冠军。,m2m100_1_2b,"意大利国家足球队,以及德国国家足球队,是世界上第二大最成功的球队,并在2006年成为国际足联世界杯冠军。",0.5987750999629498,37,False,False
en-zh-0423,flores_devtest,423,en,zh,"Taiwan beginning start way back in 15th century where European sailors passing by record the island’s name as Ilha Formosa, or beautiful island.",西方对台湾的了解可以追溯到 15 世纪。当时路过的欧洲水手将该岛命名为“福尔摩沙岛”(Ilha Formosa)，意思是美丽的岛屿。,m2m100_1_2b,"台灣的起源可以追溯到15世紀,歐洲水手通過記錄島嶼的名稱為Ilha Formosa,或美麗的島嶼。",0.6057924000779167,41,False,False
en-zh-0439,flores_devtest,439,en,zh,Its all-pervading power affected everyone from king to commoner.,从国王到平民，它遍布十方的力量影响着每一个人。,m2m100_1_2b,它的万能影响了从国王到更普通的每个人。,0.32734489999711514,19,False,False
en-zh-0442,flores_devtest,442,en,zh,"Soon after the outbreak of hostilities, Britain initiated a naval blockade of Germany.",敌对行动爆发后不久，英国开始对德国实施海上封锁。,m2m100_1_2b,"战争爆发后不久,英国开始对德国实施海军封锁。",0.3566389000043273,22,False,False
en-zh-0447,flores_devtest,447,en,zh,"After seeing the horrors and atrocities of war during World War I, nations desired to avoid such a situation again in the future.",目睹第一次世界大战中的肆虐残暴后，各国都渴望避免重蹈覆辙。,m2m100_1_2b,"在第一次世界大战期间看到战争的恐怖和残酷之后,各国希望在未来避免再次发生这种情况。",0.47207910008728504,30,False,False
en-zh-0449,flores_devtest,449,en,zh,"He arrived in the US with 4 cents to his name, a book of poetry, and a letter of recommendation from Charles Batchelor (his manager in his previous job) to Thomas Edison.",他在抵达美国时，身上带着 4 美分、一本诗集，还有一封查尔斯•巴舍勒（Charles Batchelor）（他前份工作的经理）写给托马斯•爱迪生（Thomas Edison）的推荐信。,m2m100_1_2b,"他带着4美分的名字来到美国,一本诗歌书,以及查尔斯·巴切洛尔(他以前的工作经理)给托马斯·爱迪生的推荐信。",0.7596306999912485,46,False,False
en-zh-0491,flores_devtest,491,en,zh,It was at this time that the transfer of the title of Fashion Capital from Constantinople to Paris was made.,正是在这个时候，时尚之都的称号从君士坦丁堡转移到了巴黎。,m2m100_1_2b,"正是此时,从君士坦丁堡转移到巴黎的时尚首都称号。",0.5232085000025108,27,False,False
en-zh-0502,flores_devtest,502,en,zh,"Members of a subculture often signal their membership through a distinctive and symbolic use of style, which includes fashions, mannerisms, and argot.",亚文化群体的成员，常常会象征性地利用独特的行事风格来表明他们的成员身份，包括时尚服装、举止和黑话。,m2m100_1_2b,"子文化的成员往往通过一种独特的和象征性的风格使用来标志他们的成员身份,其中包括时尚,风格主义和语。",0.6022337001049891,40,False,False
en-zh-0512,flores_devtest,512,en,zh,"Children are placed in Foster Care for a wide variety of reasons that range from neglect, to abuse, and even to extortion.",孩子们因为各种原因被寄养，原因有被忽视、被虐待，甚至是被勒索。,m2m100_1_2b,"儿童因各种各样的原因被放置在Foster Care中,从忽视到虐待,甚至是勒索。",0.5422231999691576,31,False,False
en-zh-0540,flores_devtest,540,en,zh,"The Tibetan Buddhism is based on the teachings of Buddha, but were extended by the mahayana path of love and by a lot of techniques from Indian Yoga.",藏传佛教以佛陀的教义为基础，但通过大乘佛教的普世之爱和印度瑜伽的许多技巧得到了拓展。,m2m100_1_2b,"西藏佛教是基于佛陀的教导,但被爱的马哈雅纳之路和印度瑜伽的许多技巧延伸。",0.513238099985756,38,False,False
en-zh-0552,flores_devtest,552,en,zh,"At the same time, the German navy, using mainly U-boats, was trying to stop this traffic.",与此同时，以 U 型潜艇为主力的德国海军试图拦截这场运输。,m2m100_1_2b,"与此同时,德国海军主要使用潜艇,试图阻止这种交通。",0.31004699994809926,23,False,False
en-zh-0631,flores_devtest,631,en,zh,Vatican City's population is around 800. It is the smallest independent country in the world and the country with the lowest population.,梵蒂冈城的人口大约有 800 人。它是世界上最小的独立国家，也是人口最少的国家。,m2m100_1_2b,"梵蒂冈市人口约800人,是世界上最小的独立国家,也是人口最低的国家。",0.4317004999611527,26,False,False
en-zh-0632,flores_devtest,632,en,zh,Vatican City uses Italian in its legislation and official communications.,梵蒂冈城在法律法规和官方通信中使用意大利语。,m2m100_1_2b,梵蒂冈在其立法和官方通信中使用意大利语。,0.28610049991402775,19,False,False
en-zh-0636,flores_devtest,636,en,zh,"Aristotle, a philosopher, theorised that everything is made up of a mixture of one or more of four elements. They were earth, water, air, and fire.",哲学家亚里士多德提出一种理论，即任何事物都是由土、水、空气和火四种元素中的一种或多种组成的。,m2m100_1_2b,"哲学家亚里士多德(Aristotle)认为,一切都是由四个元素组成的,包括大地、水、空气和火。",0.7313467999920249,41,False,False
en-zh-0676,flores_devtest,676,en,zh,The rise of new technologies allows us to see and investigate brain structures and processes never seen before.,新技术的兴起让我们能够看到和研究大脑的结构和工作过程，这些是以前从未见过的。,m2m100_1_2b,新技术的兴起使我们能够看到和研究前所未有的大脑结构和过程。,0.32063600001856685,24,False,False
en-zh-0685,flores_devtest,685,en,zh,Sharing a field trip virtually is also a great way to reflect a on a trip and share experiences with future classes.,以虚拟方式分享实地考察，也是回顾行程以及与以后班级分享经验的好办法。,m2m100_1_2b,"分享实地旅行也是一种很好的方式来反思旅行,并与未来的课程分享经验。",0.4428715000394732,26,False,False
en-zh-0700,flores_devtest,700,en,zh,"The Arabs also brought Islam to the lands, and it took in a big way in the Comoros and Mayotte.",阿拉伯人也把伊斯兰教带到了这片土地，这一教义在科摩罗和马约特国家盛行。,m2m100_1_2b,"阿拉伯人也把伊斯兰教带到了这些土地上,它在科摩罗和迈奥特地区得到了很大影响。",0.46365439996588975,35,False,False
en-zh-0704,flores_devtest,704,en,zh,It is helpful to also wear a ring (just not one that looks too expensive.,戴戒指也会有帮助（但不要戴看上去太贵的戒指。,m2m100_1_2b,还可以使用戒指(只是看起来不太贵的戒指)。,0.3476500000106171,20,False,False
en-zh-0717,flores_devtest,717,en,zh,"Combined with its relative inaccessibility, ""Timbuktu"" has come to be used as a metaphor for exotic, distant lands.",又因为相对偏僻，“廷巴克图”被用来比喻遥远的异国他乡。,m2m100_1_2b,"结合其相对不可及,“Timbuktu”被用来描述异国情调、遥远的土地。",0.3980291999178007,31,False,False
en-zh-0742,flores_devtest,742,en,zh,"The two towers rise to a height of 83 meters, it's 378 meters long and it has two lanes of 3.50 m wide.",两座桥塔高 83 米，桥的长度为 378 米，有两条 3.50米宽的车道。,m2m100_1_2b,"这两个塔的高度达到83米,长度为378米,宽度为3.50米的两条轨道。",0.5086506999796256,31,False,False
en-zh-0746,flores_devtest,746,en,zh,"The Chaco region was home to other groups of indigenous tribes such as the Guaycurú and Payaguá, who survived by hunting, gathering and fishing.",查科 (Chaco) 地区是瓜伊库鲁 (Guaycuru) 和帕亚瓜 (Payagua) 等其他土著部落的家园，他们靠狩猎、采集和捕鱼为生。,m2m100_1_2b,"查科地区是其他土著部落群体的家园,如Guaycurú和Payaguá,他们通过狩猎,收集和捕鱼生存下来。",0.6462962001096457,44,False,False
en-zh-0761,flores_devtest,761,en,zh,"The winter can be deceptively chilly: temperatures rarely go below freezing, but the wind and humidity combine to make it feel colder than what the thermometer says.",冬天可能会比看上去显得更冷：温度很少低于零度，但当风和湿度结合在一起，会让人感觉比温度计显示的温度要冷。,m2m100_1_2b,"冬天可以是欺骗性的凉爽:温度很少低于冻结,但风和湿度相结合,使它感觉比温度计说的更冷。",0.7605494000017643,42,False,False
en-zh-0768,flores_devtest,768,en,zh,"Apia is the capital of Samoa. The town is on the island of Upolu and has a population of just under 40,000.",阿皮亚是萨摩亚的首都。该城镇位于乌波卢（Upolu）岛上，人口数量不足 4 万。,m2m100_1_2b,"阿皮亚是萨摩亚的首都,位于Upolu岛上,人口不到4万。",0.3737760999938473,26,False,False
en-zh-0771,flores_devtest,771,en,zh,"All the ships were sunk, except for one British cruiser. Nearly 200 American and German lives were lost.",除了一艘英国巡航舰外，其余船只悉数沉没。近 200 名美国人和德国人丧失生命。,m2m100_1_2b,"除一艘英国巡洋舰外,所有船只都沉没,近200名美国人和德国人丧生。",0.5376670000841841,31,False,False
en-zh-0787,flores_devtest,787,en,zh,"Saltwater Crocodiles do not actively live in the ocean, their primary habitat is in river estuaries north from Rockhampton.",咸水鳄的主要栖息地并非海洋，而是罗克汉普顿 (Rockhampton) 北部的河口。,m2m100_1_2b,"盐水鳄鱼并不活跃地生活在海洋中,它们的主要栖息地是在罗克汉普顿以北的河流河流。",0.544296000036411,38,False,False
en-zh-0814,flores_devtest,814,en,zh,"If you booked your flights and accommodation for 2020 before the postponement was announced, you may have a tricky situation.",如果你在宣布推迟之前预订了 2020 年的航班和住宿，则可能会面临棘手的情况。,m2m100_1_2b,"如果您在推迟之前预订了2020年的航班和住宿,您可能会遇到麻烦。",0.4571734999772161,26,False,False
en-zh-0823,flores_devtest,823,en,zh,Travellers may encounter animal pests that they are not familiar with in their home regions.,旅行者可能会遇到在家乡不常见的有害动物。,m2m100_1_2b,旅行者可能会遇到他们在家乡不熟悉的动物害虫。,0.2858039999846369,20,False,False
en-zh-0827,flores_devtest,827,en,zh,"Travellers bound for countries with heavy taxation can sometimes save a considerable amount of money, especially on products such as alcoholic beverages and tobacco.",前往课征重税的国家/地区的旅客有时可以省下一大笔钱，在这些地方购买酒水和烟草等产品特别划算。,m2m100_1_2b,"往重税的国家旅行者有时可以节省大量资金,特别是酒精饮料和烟草等产品。",0.512357100029476,30,False,False
en-zh-0831,flores_devtest,831,en,zh,"Curiously, though, mobile phone service is much stronger here than along many other stretches of the route, e.g. the Pennsylvania Wilds.",不过，令人奇怪的是，这里的手机服务比沿途的许多其他路线（例如宾夕法尼亚州荒原）要强得多。,m2m100_1_2b,"有趣的是,移动电话服务在这里比路线的许多其他部分更强大,例如宾夕法尼亚州野生地区。",0.4704593999776989,33,False,False
en-zh-0857,flores_devtest,857,en,zh,"Europe is a continent that is relatively small but with many independent countries. Under normal circumstances, travelling through multiple countries would mean having to go through visa applications and passport control multiple times.",欧洲是片面积相对较小但有着许多独立国家的大陆。在通常情况下，穿越多个国家旅行意味着必须多次经历签证申请和护照检查。,m2m100_1_2b,"欧洲是一个相对较小的大陆,但有许多独立国家,在正常情况下,通过多个国家意味着必须多次通过签证申请和护照检查。",0.6092330000828952,38,False,False
en-zh-0885,flores_devtest,885,en,zh,Willingness of foreign governments to honour these documents is just as widely variable.,外国政府对这些文件的认可程度也千差万别。,m2m100_1_2b,外国政府尊重这些文件的意愿也同样在很大程度上变化。,0.3270047000842169,20,False,False
en-zh-0902,flores_devtest,902,en,zh,The scenes are displayed on the pyramids and the different pyramids are lit up.,场景在金字塔上展示，不同的金字塔被点亮。,m2m100_1_2b,"这些场景被显示在金字塔上,不同的金字架被照亮。",0.3828282000031322,23,False,False
en-zh-0913,flores_devtest,913,en,zh,An increasingly more popular option for those planning a gap-year is to travel and learn.,对于那些计划怎么度过空档年的人来说，游学成为越来越受欢迎的选择。,m2m100_1_2b,"对于那些计划假期的人来说,一个越来越受欢迎的选择是旅行和学习。",0.41845050000119954,23,False,False
en-zh-0950,flores_devtest,950,en,zh,"Also to the north visit the great Sanctuary of Our Lady of Fatima (Shrine), a place of worldwide famous Marian apparitions.",也可以到北部参观法蒂玛圣母院（圣地），它是举世闻名的圣母玛丽亚显现之地。,m2m100_1_2b,"此外,前往北方参观法提马大圣所(圣所),这是世界著名的玛丽亚显现的地方。",0.44642229995224625,32,False,False
en-zh-0978,flores_devtest,978,en,zh,Persian has a relatively easy and mostly regular grammar.,波斯语的语法大多相对简单，有规律可循。,m2m100_1_2b,波斯语具有相对简单且大多是规律的语法。,0.3104507999960333,20,False,False
en-zh-0994,flores_devtest,994,en,zh,Inland waterways can be a good theme to base a holiday around.,内陆水道可以作为假期游玩的一个不错的主题。,m2m100_1_2b,内陆水道可以是一个很好的主题来建立一个假期周围。,0.2737096999771893,21,False,False
ru-en-0063,flores_devtest,63,ru,en,"Историки критикуют прошлую политику ФБР за то, что выделяла большую часть ресурсов на дела, которые легко раскрываются, особенно на дела об угоне автомобилей, с целью повышения уровня успешности работы агентства.","Historians have criticized past FBI policies for focusing resources on cases which are easy to solve, especially stolen car cases, with the intent of boosting the agency's success rate.",m2m100_1_2b,"Historians criticize the FBI’s past policy for allocating most of its resources to cases that are easily uncovered, especially car theft cases, in order to increase the agency’s success.",0.6803823999362066,50,False,False
ru-en-0068,flores_devtest,68,ru,en,"Президент США Джордж Буш прибыл в Сингапур утром 16 ноября, начав свой недельный тур по Азии.","U.S. President George W. Bush arrived in Singapore the morning of November 16, beginning a week-long tour of Asia.",m2m100_1_2b,"U.S. President George W. Bush arrived in Singapore on November 16, starting his weekly tour of Asia.",0.511644099955447,27,False,False
ru-en-0083,flores_devtest,83,ru,en,"Девятый административный район, затопленный на 20 футов во время урагана Катрина, сейчас по пояс залит водой, поскольку дамба, находящаяся неподалеку, оказалась недостаточно высокой, чтобы удержать воду.","The Ninth Ward, which saw flooding as high as 20 feet during Hurricane Katrina, is currently in waist-high water as the nearby levee was overtopped.",m2m100_1_2b,"The ninth administrative district, flooded 20 feet during Hurricane Katrina, is now overwhelmed by the belt because the dam nearby was not high enough to hold water.",0.6922638000687584,46,False,False
ru-en-0085,flores_devtest,85,ru,en,Администратор Commons Адам Керден выразил своё разочарование в связи с удалениями в своем разговоре  в прошлом месяце с Wikinews.,Commons Administrator Adam Cuerden expressed his frustration over the deletions when he spoke to Wikinews last month.,m2m100_1_2b,Commons administrator Adam Corden expressed his disappointment over the deletions in his conversation last month with Wikinews.,0.5540788000216708,31,False,False
ru-en-0091,flores_devtest,91,ru,en,"Ученые смогли сделать вывод, что темная материя воздействует на другую темную материю так же, как и в случае с обычной материей.",The scientists were able to conclude that the dark matter affect other dark matter in the same way regular matter does.,m2m100_1_2b,Scientists have been able to conclude that dark matter affects other dark matter in the same way as ordinary matter.,0.49805329996161163,29,False,False
ru-en-0125,flores_devtest,125,ru,en,"Человек, работающий в гараже недалеко от того места, где произошла авария, сказал: ""Там стояли дети, которые ждали, чтобы перейти дорогу. Все они кричали и плакали.","A person working in a garage near where the accident occurred said: ""There were children waiting to cross the road and they were all screaming and crying.""",m2m100_1_2b,A man working in a garage near the place where the accident occurred said: “There were children standing there waiting to cross the road.,0.583985700039193,33,False,False
ru-en-0165,flores_devtest,165,ru,en,"Начиная с 1988 года урны для избирательных бюллетеней должны быть прозрачными, чтобы избиратели и наблюдатели могли убедиться в том, что в начале голосования внутри нет конвертов и что к ним не добавлены какие-либо другие конверты, кроме конвертов тех людей, которых допустили к участию в голосовании и голоса которых подсчитали надлежащим образом.","Since 1988, ballot boxes must be transparent so that voters and observers can witness that no envelopes are present at the start of the vote and that no envelopes are added except those of the duly counted and authorized voters.",m2m100_1_2b,"Since 1988, the ballots must be transparent so that voters and observers can make sure that there are no envelopes inside at the start of the ballot and that no other envelope has been added to them except the envelopes of those who have been allowed to vote and whose votes have been counted properly.",1.2242660999763757,76,False,False
ru-en-0179,flores_devtest,179,ru,en,"Этот матч стал последним для ""Олл Блэкс"", уже завоевавших кубок две недели назад.","It was the final match for the All Blacks, who had already won the trophy two weeks ago.",m2m100_1_2b,"This was the last match for the All Blacks, who had already won the cup two weeks ago.",0.456848599947989,24,False,False
ru-en-0195,flores_devtest,195,ru,en,"Фотограф был доставлен в медицинский центр имени Рональда Рейгана при  Калифорнийском университете в Лос-Анджелесе, где он впоследствии скончался.","The photographer was transported to Ronald Reagan UCLA Medical Center, where he subsequently died.",m2m100_1_2b,"The photographer was taken to the Ronald Reagan Medical Center at the University of California in Los Angeles, where he later died.",0.5476445000385866,29,False,False
ru-en-0225,flores_devtest,225,ru,en,Рок-группа должна была гастролировать по США и Канаде до 16 сентября.,The rock band was due to tour the United States and Canada until September 16.,m2m100_1_2b,The band was scheduled to tour the United States and Canada until September 16.,0.27023299993015826,19,False,False
ru-en-0277,flores_devtest,277,ru,en,Полиция штата Мадхья-Прадеш вернула украденные ноутбук и мобильный телефон.,The Madhya Pradesh Police recovered the stolen laptop and mobile phone.,m2m100_1_2b,Police in the state of Madhya Pradesh returned the stolen laptop and mobile phone.,0.40668000001460314,24,False,False
ru-en-0356,flores_devtest,356,ru,en,Для запуска в космос спутника или телескопа необходима гигантская ракета высотой более 100 футов.,It takes a giant rocket over a 100 feet high to put a satellite or telescope in space.,m2m100_1_2b,"To launch a satellite or telescope into space, a giant rocket with a height of more than 100 feet is needed.",0.5512829000363126,33,False,False
ru-en-0364,flores_devtest,364,ru,en,Самки обычно находятся друг с другом в родстве и составляют большую семью сестёр и дочерей.,"The females are usually closely related to each other, being a large family of sisters and daughters.",m2m100_1_2b,The females are usually related to each other and make up a large family of sisters and daughters.,0.4853621000656858,26,False,False
ru-en-0397,flores_devtest,397,ru,en,"На земле Ханаана не было больших лесов, поэтому древесина была чрезвычайно дорогой.","There were no large forests in the land of Canaan, so wood was extremely expensive.",m2m100_1_2b,"There were no large forests in the land of Canaan, so wood was extremely expensive.",0.38431320001836866,23,False,False
ru-en-0418,flores_devtest,418,ru,en,"Итальянская сборная по футболу, наряду с немецкой, является второй самой успешной командой в мире и в 2006 году выиграла Кубок мира ФИФА.","Italy's national football, along with German national football team is the second most successful team in the world and were the FIFA World Cup champions in 2006.",m2m100_1_2b,"The Italian football team, along with the German, is the second most successful team in the world and won the 2006 FIFA World Cup.",0.5554550000233576,30,False,False
ru-en-0423,flores_devtest,423,ru,en,"Тайвань берёт своё начало много лет назад, в XV веке, когда европейские мореплаватели, проплывающие мимо, записали название острова как Ilha Formosa, или ""прекрасный остров"".","Taiwan beginning start way back in 15th century where European sailors passing by record the island’s name as Ilha Formosa, or beautiful island.",m2m100_1_2b,"Taiwan originated many years ago, in the 15th century, when European sailors passing by recorded the island's name as Ilha Formosa, or ""the beautiful island"".",0.592568299965933,43,False,False
ru-en-0439,flores_devtest,439,ru,en,Её всепроникающая сила коснулась каждого - от короля до простолюдина.,Its all-pervading power affected everyone from king to commoner.,m2m100_1_2b,"Her all-pervading power touched everyone, from the king to the ordinary man.",0.4118777000112459,23,False,False
ru-en-0442,flores_devtest,442,ru,en,Вскоре после начала военных действий Британия устроила морскую блокаду Германии.,"Soon after the outbreak of hostilities, Britain initiated a naval blockade of Germany.",m2m100_1_2b,"Shortly after the war, Britain imposed a naval blockade on Germany.",0.3127686999505386,21,False,False
ru-en-0447,flores_devtest,447,ru,en,"Познав ужасы и зверства Первой мировой войны, государства хотели избежать подобной ситуации в будущем.","After seeing the horrors and atrocities of war during World War I, nations desired to avoid such a situation again in the future.",m2m100_1_2b,"Knowing the horrors and atrocities of the First World War, states wanted to avoid a similar situation in the future.",0.48064600001089275,30,False,False
ru-en-0449,flores_devtest,449,ru,en,"Он приехал в США с четырьмя центами в кармане, книгой стихов и рекомендательным письмом от Чарльза Бэтчелора, который был его начальником на предыдущей работе, к Томасу Эдисону.","He arrived in the US with 4 cents to his name, a book of poetry, and a letter of recommendation from Charles Batchelor (his manager in his previous job) to Thomas Edison.",m2m100_1_2b,"He came to the U.S. with four cents in his pocket, a book of poems and a letter of recommendation from Charles Butchellor, who was his boss at previous work, to Thomas Edison.",0.7565244000870734,51,False,False
ru-en-0491,flores_devtest,491,ru,en,В этот момент и произошел переход титула Столицы Моды от Константинополя к Парижу.,It was at this time that the transfer of the title of Fashion Capital from Constantinople to Paris was made.,m2m100_1_2b,"At this point, the title of Capital of Fashion was transferred from Constantinople to Paris.",0.39527030009776354,22,False,False
ru-en-0502,flores_devtest,502,ru,en,"Представители определенной субкультуры зачастую заявляют о своей принадлежности через своеобразное и символичное использование стиля, в том числе через моду, манеры и жаргон.","Members of a subculture often signal their membership through a distinctive and symbolic use of style, which includes fashions, mannerisms, and argot.",m2m100_1_2b,"Representatives of a particular subculture often declare their belonging through a peculiar and symbolic use of style, including through fashion, manners and jargon.",0.5517371000023559,41,False,False
ru-en-0512,flores_devtest,512,ru,en,Дети передаются под опеку по множеству разнообразных причин: от беспризорности до жестокого обращения и даже вымогательств.,"Children are placed in Foster Care for a wide variety of reasons that range from neglect, to abuse, and even to extortion.",m2m100_1_2b,Children are transferred under custody for a variety of reasons: from carelessness to abuse and even extortion.,0.5338559000520036,29,False,False
ru-en-0540,flores_devtest,540,ru,en,"Тибетский буддизм основан на учениях Будды, но был дополнен махаянским путем любви и множеством техник индийской йоги.","The Tibetan Buddhism is based on the teachings of Buddha, but were extended by the mahayana path of love and by a lot of techniques from Indian Yoga.",m2m100_1_2b,"Tibetan Buddhism is based on the teachings of Buddha, but has been complemented by the Mahayana way of love and a multitude of techniques of Indian yoga.",0.6159339000005275,41,False,False
ru-en-0552,flores_devtest,552,ru,en,"В это же время немецкий военно-морской флот, используя в основном свои подводные лодки, пытался остановить это движение.","At the same time, the German navy, using mainly U-boats, was trying to stop this traffic.",m2m100_1_2b,"At the same time, the German Navy, using mainly its submarines, tried to stop this movement.",0.4012581999413669,27,False,False
ru-en-0631,flores_devtest,631,ru,en,"Население Ватикана составляет около 800 человек. Это самая маленькая независимая страна в мире, а также страна, имеющая наименьшее население.",Vatican City's population is around 800. It is the smallest independent country in the world and the country with the lowest population.,m2m100_1_2b,"The population of the Vatican is about 800 people.It is the smallest independent country in the world, as well as the country with the least population.",0.5634974000276998,35,False,False
ru-en-0632,flores_devtest,632,ru,en,В Ватикане используют итальянский язык в законодательстве и официальных сообщениях.,Vatican City uses Italian in its legislation and official communications.,m2m100_1_2b,The Vatican uses Italian in legislation and official communications.,0.22687140002381057,16,False,False
ru-en-0636,flores_devtest,636,ru,en,"Философ Аристотель считал, что всё состоит из смеси одного или нескольких из четырёх элементов. Это были земля, вода, воздух и огонь.","Aristotle, a philosopher, theorised that everything is made up of a mixture of one or more of four elements. They were earth, water, air, and fire.",m2m100_1_2b,"The philosopher Aristotle believed that everything was made up of a mixture of one or more of the four elements: earth, water, air and fire.",0.6913596000522375,39,False,False
ru-en-0676,flores_devtest,676,ru,en,Появление новых технологий позволяет нам увидеть и исследовать невиданные ранее структуры и процессы мозга.,The rise of new technologies allows us to see and investigate brain structures and processes never seen before.,m2m100_1_2b,The emergence of new technologies allows us to see and explore previously unprecedented brain structures and processes.,0.43719580001197755,30,False,False
ru-en-0685,flores_devtest,685,ru,en,Выкладывание экскурсии в виртуальное пространство для всеобщего обозрения — это также отличный способ освежить в памяти экскурсию и поделиться своим полученными знаниями с будущими классами.,Sharing a field trip virtually is also a great way to reflect a on a trip and share experiences with future classes.,m2m100_1_2b,Placing a tour into the virtual space for general view is also a great way to refresh the memory of the tour and share your knowledge with future classes.,0.6454355999594554,35,False,False
ru-en-0700,flores_devtest,700,ru,en,"Арабы также принесли в этот регион ислам, особенно он укоренился на Коморах и Майотте.","The Arabs also brought Islam to the lands, and it took in a big way in the Comoros and Mayotte.",m2m100_1_2b,"The Arabs also brought Islam to the region, especially it has its roots in the Comoros and Mayotte.",0.36951270001009107,27,False,False
ru-en-0704,flores_devtest,704,ru,en,Также полезно носить кольцо (только не слишком дорогое на вид).,It is helpful to also wear a ring (just not one that looks too expensive.,m2m100_1_2b,It is also useful to wear a ring (only not too expensive to look).,0.3200116999214515,21,False,False
ru-en-0717,flores_devtest,717,ru,en,"В связи со своей относительной недоступностью, ""Тимбукту"" стал метафорой экзотической дальней земли.","Combined with its relative inaccessibility, ""Timbuktu"" has come to be used as a metaphor for exotic, distant lands.",m2m100_1_2b,"Due to its relative inaccessibility, ""Timbuktu"" has become a metaphor of the exotic far land.",0.4260680000297725,31,False,False
ru-en-0742,flores_devtest,742,ru,en,"Эти две башни достигают 83 метра в высоту, а сам мост 378 метров в длину и имеет две полосы движения шириной 3,5 метра.","The two towers rise to a height of 83 meters, it's 378 meters long and it has two lanes of 3.50 m wide.",m2m100_1_2b,"These two towers reach 83 meters in height, and the bridge itself is 378 meters long and has two traffic lanes 3.5 meters wide.",0.7051767000230029,37,False,False
ru-en-0746,flores_devtest,746,ru,en,"Область Чако служила домом для разных групп местных племен, например для Гуайкуру и Паягуа, они выживали при помощи охоты, собирательства и рыбалки.","The Chaco region was home to other groups of indigenous tribes such as the Guaycurú and Payaguá, who survived by hunting, gathering and fishing.",m2m100_1_2b,"The Chako area served as the home of various groups of local tribes, such as Guaykuru and Pajaguas, who survived by hunting, gathering and fishing.",0.7058586999773979,46,False,False
ru-en-0761,flores_devtest,761,ru,en,"Зима может быть обманчиво холодной: температура редко опускается ниже нуля, но сочетание ветра и влажности воздуха создает ощущение более холодной погоды в сравнении с тем, что показывает термометр.","The winter can be deceptively chilly: temperatures rarely go below freezing, but the wind and humidity combine to make it feel colder than what the thermometer says.",m2m100_1_2b,"Winters can be deceptively cold: temperatures rarely fall below zero, but the combination of wind and humidity creates a feeling of cooler weather compared to what the thermometer shows.",0.8767583000008017,49,False,False
ru-en-0768,flores_devtest,768,ru,en,Апиа – столица Самоа. Город расположен на острове Уполу и имеет население чуть менее 40 000 жителей.,"Apia is the capital of Samoa. The town is on the island of Upolu and has a population of just under 40,000.",m2m100_1_2b,"Apia – the capital of Samoa. The city is located on the island of Upolu and has a population of just under 40,000 inhabitants.",0.5589589000446722,36,False,False
ru-en-0771,flores_devtest,771,ru,en,"Все корабли затонули, за исключением одного британского крейсера. Погибли около 200 американских и немецких моряков.","All the ships were sunk, except for one British cruiser. Nearly 200 American and German lives were lost.",m2m100_1_2b,"All the ships sank, except for one British cruiser, and about 200 American and German sailors were killed.",0.38722049992065877,29,False,False
ru-en-0787,flores_devtest,787,ru,en,"Гребнистые крокодилы не ведут активную жизнь в океане, а их основная среда обитания — эстуарии рек к северу от Рокгемптона.","Saltwater Crocodiles do not actively live in the ocean, their primary habitat is in river estuaries north from Rockhampton.",m2m100_1_2b,"The crocodiles do not live an active life in the ocean, and their main habitat is the estuary of the rivers north of Rockhampton.",0.7218514999840409,40,False,False
ru-en-0814,flores_devtest,814,ru,en,"Если вы забронировали авиабилеты и проживание на 2020 год до того, как было объявлено о переносе даты, у вас может возникнуть непростая ситуация.","If you booked your flights and accommodation for 2020 before the postponement was announced, you may have a tricky situation.",m2m100_1_2b,"If you booked airline tickets and accommodation for 2020 before the date was announced, you may have a difficult situation.",0.42525929992552847,29,False,False
ru-en-0823,flores_devtest,823,ru,en,"Путешественники могут встретиться с животными-вредителями, которых они не видели в своих родных краях.",Travellers may encounter animal pests that they are not familiar with in their home regions.,m2m100_1_2b,Travellers may encounter pests they have not seen in their homeland.,0.3955123999621719,21,False,False
ru-en-0827,flores_devtest,827,ru,en,"Путешественники, направляющиеся в страны с высоким налогообложением, могут иногда сэкономить значительную сумму, особенно на таких товарах, как спиртные напитки и табак.","Travellers bound for countries with heavy taxation can sometimes save a considerable amount of money, especially on products such as alcoholic beverages and tobacco.",m2m100_1_2b,"Travellers traveling to countries with high taxes can sometimes save significant amounts, especially on goods such as alcoholic beverages and tobacco.",0.5497229999164119,38,False,False
ru-en-0831,flores_devtest,831,ru,en,"Однако, как ни странно, мобильная телефонная связь здесь намного лучше, чем на многих других участках маршрута, например в Пенсильвании Уайлдс.","Curiously, though, mobile phone service is much stronger here than along many other stretches of the route, e.g. the Pennsylvania Wilds.",m2m100_1_2b,"However, strangely enough, mobile phone connectivity here is much better than in many other sections of the route, such as Pennsylvania Wilds.",0.5154445000225678,36,False,False
ru-en-0857,flores_devtest,857,ru,en,"Европа — относительно маленький континент, но на нём много независимых государств. В обычных обстоятельствах путешествие через множество стран означало бы необходимость подачи прошений для получения визы и многократного прохождения паспортного контроля.","Europe is a continent that is relatively small but with many independent countries. Under normal circumstances, travelling through multiple countries would mean having to go through visa applications and passport control multiple times.",m2m100_1_2b,"Europe is a relatively small continent, but it has many independent states.In normal circumstances, traveling through many countries would mean the need to apply for a visa and pass multiple passport checks.",0.6696293000131845,46,False,False
ru-en-0885,flores_devtest,885,ru,en,Готовность зарубежных правительств выполнять свои обязательства по данным документам столь же весьма различна.,Willingness of foreign governments to honour these documents is just as widely variable.,m2m100_1_2b,The readiness of foreign governments to fulfill their obligations under these documents is equally very different.,0.3291744999587536,25,False,False
ru-en-0902,flores_devtest,902,ru,en,"Сцены показывают на пирамидах, и разные пирамиды освещаются.",The scenes are displayed on the pyramids and the different pyramids are lit up.,m2m100_1_2b,"Scenes show on the pyramids, and various pyramides are illuminated.",0.3603879999136552,22,False,False
ru-en-0913,flores_devtest,913,ru,en,"Вариант, становящийся всё более популярным для тех, кто планирует взять академический год, это путешествовать и учиться.",An increasingly more popular option for those planning a gap-year is to travel and learn.,m2m100_1_2b,An option that is becoming increasingly popular for those planning to take an academic year is to travel and study.,0.3916652000043541,27,False,False
ru-en-0950,flores_devtest,950,ru,en,Севернее посетите также великий Храм Фатимской Богоматери (усыпальница) — место всемирно известных явлений Девы Марии.,"Also to the north visit the great Sanctuary of Our Lady of Fatima (Shrine), a place of worldwide famous Marian apparitions.",m2m100_1_2b,"To the north, visit also the great Temple of the Mother of God of Fatima – the place of the world-famous appearances of the Virgin Mary.",0.6264537000097334,40,False,False
ru-en-0978,flores_devtest,978,ru,en,В персидском языке относительно лёгкая и в основном закономерная грамматика.,Persian has a relatively easy and mostly regular grammar.,m2m100_1_2b,The Persian language has a relatively light and mostly logical grammar.,0.2515063000610098,20,False,False
ru-en-0994,flores_devtest,994,ru,en,Внутренние водные пути могут стать хорошей темой для проведения какого-либо праздника.,Inland waterways can be a good theme to base a holiday around.,m2m100_1_2b,Inland waterways can be a good theme for any celebration.,0.25024050008505583,17,False,False
ru-uz-0063,flores_devtest,63,ru,uz,"Историки критикуют прошлую политику ФБР за то, что выделяла большую часть ресурсов на дела, которые легко раскрываются, особенно на дела об угоне автомобилей, с целью повышения уровня успешности работы агентства.","Tarixchilar agentlikning muvaffaqiyat darajasini kuchaytirish uchun osongina hal qilish mumkin bo'lgan, ayniqsa avtomobil o'g'rilanishi bo'yicha ishlarga resurslarning qaratilganligi uchun FQB agentligining o'tmishdagi siyosatlarini tanqid qildilar.",m2m100_1_2b,"Istorikanlar FBI-nin bilan politikasını o‘z qilmadi, o‘zi qilmidi, o’z qalmadi, e‘zingizdi.",0.7766251000575721,40,False,False
ru-uz-0068,flores_devtest,68,ru,uz,"Президент США Джордж Буш прибыл в Сингапур утром 16 ноября, начав свой недельный тур по Азии.","AQSH Prezidenti Jorj V. Bush, Osiyo bo'ylab bir haftalik sayohatini boshlab, 16-noyabr kuni tongda Singapurga yetib keldi.",m2m100_1_2b,"U.S. President George W. Bush o‘z 16 novembir Singapourga qaytaradi, o’z ayda bir Aziyani turni qaytardi.",0.7467275999952108,40,False,False
ru-uz-0083,flores_devtest,83,ru,uz,"Девятый административный район, затопленный на 20 футов во время урагана Катрина, сейчас по пояс залит водой, поскольку дамба, находящаяся неподалеку, оказалась недостаточно высокой, чтобы удержать воду.","Katrina bo'roni vaqtida 20 fut balandlikdagi toshqinga guvoh bo'lgan to'qqizinchi bo'linma, suv yaqindagi to'g'ondan oshib o'tgani sababli, hozirda belgacha keladigan suv ostida qolgan.",m2m100_1_2b,"9 administrative district, uragan Katrina o‘z 20 feet bo‘ladi, o‘zi ko‘rga bo’ladi.",0.7802779000485316,35,False,False
ru-uz-0085,flores_devtest,85,ru,uz,Администратор Commons Адам Керден выразил своё разочарование в связи с удалениями в своем разговоре  в прошлом месяце с Wikinews.,Parlamentning quyi palatasi ma'muri Adam Kuerden o'tgan oyda Wikinews bilan suhbatida o'chirishlardan ranjiganini aytdi.,m2m100_1_2b,Commons administrator Adam Carden va Wikinews o‘zi ayda o‘z qilmadi.,0.44038619997445494,25,False,False
ru-uz-0091,flores_devtest,91,ru,uz,"Ученые смогли сделать вывод, что темная материя воздействует на другую темную материю так же, как и в случае с обычной материей.","Olimlar qora materiya boshqa qora materiyaga xuddi odatiy materiya ta'sir qilgani kabi ta'sir ko'rsatadi, degan xulosaga kelishdi.",m2m100_1_2b,"O‘z o‘z qilmadi, o‘zi qilmidi, o’z oʻz qalmadi.",0.5101971999974921,30,False,False
ru-uz-0125,flores_devtest,125,ru,uz,"Человек, работающий в гараже недалеко от того места, где произошла авария, сказал: ""Там стояли дети, которые ждали, чтобы перейти дорогу. Все они кричали и плакали.","Ko'ngilsiz hodisa yuz bergan joy yaqinidagi garajda ishlayotgan kishi: ""U yerda yo'lni kesib o'tmoqchi bo'layotgan bolalar bor edi va ularning barchasi qichqirib yig'layotgandi"" deb aytdi.",m2m100_1_2b,"O‘z, o‘z o‘zi, o’z oʻz o`z o ́z o'z o.o.o., o‘zini o‘zuldi, oʻzi o‘ldi.",1.1454185000620782,51,True,False
ru-uz-0165,flores_devtest,165,ru,uz,"Начиная с 1988 года урны для избирательных бюллетеней должны быть прозрачными, чтобы избиратели и наблюдатели могли убедиться в том, что в начале голосования внутри нет конвертов и что к ним не добавлены какие-либо другие конверты, кроме конвертов тех людей, которых допустили к участию в голосовании и голоса которых подсчитали надлежащим образом.",1988-yildan beri ovoz beruvchilar va kuzatuvchilar boshlanishida konvertlar mavjud emasligi va mos tarzda sanalgan va vakolat berilgan ovoz beruvchilardan tashqari hech qanday konvertlar qo'shilmasligiga guvohlik bera olishlari uchun saylov qutilarining shaffof bo'lishi talab qilinadi.,m2m100_1_2b,"1988-cından o‘z urnalarni qilmadi, o‘zimlarni və observatorlarni o‘qilmadi ki, qilmidi o‘zi qilmdi, ko‘zlarni qalmadi, ko’zlar o‘zini qilmiddi.",1.242955100024119,67,False,False
ru-uz-0179,flores_devtest,179,ru,uz,"Этот матч стал последним для ""Олл Блэкс"", уже завоевавших кубок две недели назад.","Bu ikki hafta avval sovrin yutgan ""All Blacks"" jamoasi uchun oxirgi o'yin edi.",m2m100_1_2b,"O‘z o‘z “All Blacks” o‘zi bo‘ladi, o‘zini bo’ldi.",0.7327828000998124,30,False,False
ru-uz-0195,flores_devtest,195,ru,uz,"Фотограф был доставлен в медицинский центр имени Рональда Рейгана при  Калифорнийском университете в Лос-Анджелесе, где он впоследствии скончался.",Fotosuratchi Ronald Reygan nomidagi UCLA Tibbiyot Markaziga yetkazilgan va keyinchalik u yerda vafot etgan.,m2m100_1_2b,"Fotografa Ronald Reagan Medical Center Californiya Universiteti Los Angeles-da qaytaradi, o‘z o‘ladi.",0.5637694000033662,33,False,False
ru-uz-0225,flores_devtest,225,ru,uz,Рок-группа должна была гастролировать по США и Канаде до 16 сентября.,Rok guruhi AQSH va Kanadada 16-sentyabrga qadar gastrol safarida bo'lishi kerak edi.,m2m100_1_2b,Bu bandni 16 may ayda Amerika və Kanada turni qoʻyaradi.,0.27891789993736893,20,False,False
ru-uz-0277,flores_devtest,277,ru,uz,Полиция штата Мадхья-Прадеш вернула украденные ноутбук и мобильный телефон.,Madxya-Pradesh politsiyasi o'g'irlangan noutbuk hamda mobil telefonni qaytardi.,m2m100_1_2b,"Madhya Pradesh polisini qaytaradi, laptopdan mobilni qaytardi.",0.35284690000116825,23,False,False
ru-uz-0356,flores_devtest,356,ru,uz,Для запуска в космос спутника или телескопа необходима гигантская ракета высотой более 100 футов.,Sun'iy yo'ldosh yoki teleskopni kosmosga joylashtirish uchun 100 futdan ortiq balandlikdagi ulkan raketa talab qilinadi.,m2m100_1_2b,"Satellite, teleskop o‘z orbitni qilmadi.",0.40966210002079606,20,False,False
ru-uz-0364,flores_devtest,364,ru,uz,Самки обычно находятся друг с другом в родстве и составляют большую семью сестёр и дочерей.,"Urg'ochilar, odatda, katta oilaning opa-singillari yoki qizi bo'lib, bir-biriga chambarchas bog'liqdir.",m2m100_1_2b,"Men o‘z o‘ladi, o’ldi, o‘lo‘ldi.",0.4684227999532595,24,False,False
ru-uz-0397,flores_devtest,397,ru,uz,"На земле Ханаана не было больших лесов, поэтому древесина была чрезвычайно дорогой.","Kan'on yerlarida keng o'rmonlar yo'q edi, shu sababdan yog'och nihoyatda qimmat edi.",m2m100_1_2b,"Men o‘z o‘zi o‘q o‘ldi, o’ldi oʻldi.",0.38800220005214214,27,False,False
ru-uz-0418,flores_devtest,418,ru,uz,"Итальянская сборная по футболу, наряду с немецкой, является второй самой успешной командой в мире и в 2006 году выиграла Кубок мира ФИФА.","Italiya milliy futbol jamoasi Germaniya milliy futbol jamoasi qatori dunyodagi eng muvaffaqiyatli ikkinchi jamoa bo'lib, 2006-yilda FIFA Jahon chempionatida g'olib chiqqan.",m2m100_1_2b,"Italiyani futbola, almaniyani, dünyanın ikinci ən suksesli klubudur və 2006-cı ildə FIFA World Cup bo‘ladi.",0.5460648000007495,34,False,False
ru-uz-0423,flores_devtest,423,ru,uz,"Тайвань берёт своё начало много лет назад, в XV веке, когда европейские мореплаватели, проплывающие мимо, записали название острова как Ilha Formosa, или ""прекрасный остров"".","Tayvanning boshlanishi 15-asrga borib taqaladi, bunda o'tib ketayotgan yevropalik dengizchilar orol nomini Ilha Formosa yoki go'zal orol deb yozib qoldirishadi.",m2m100_1_2b,"Taiwan o‘z 15th century, o‘zi europiyalar o‘zimini Ilha Formosa, ya‘lishani o‘lashani, ya’lishadi yazan.",0.6863748000469059,46,False,False
ru-uz-0439,flores_devtest,439,ru,uz,Её всепроникающая сила коснулась каждого - от короля до простолюдина.,"Uning keng qamrovli qudrati shohdan tortib, oddiy insongacha ta'sir qildi.",m2m100_1_2b,"O‘z o‘z qilmadi, o‘zi o‘zuldi, o’z oʻldi.",0.5532083000289276,29,False,False
ru-uz-0442,flores_devtest,442,ru,uz,Вскоре после начала военных действий Британия устроила морскую блокаду Германии.,"Harbiy harakatlar xurujidan ko'p o'tmay, Britaniya Germaniyani dengizda blokada qilishni boshladi.",m2m100_1_2b,"Britannia o‘z qaytarmadi, almanlar o‘zi blokad qo‘qlar.",0.45296289992984384,27,False,False
ru-uz-0447,flores_devtest,447,ru,uz,"Познав ужасы и зверства Первой мировой войны, государства хотели избежать подобной ситуации в будущем.",Birinchi jahon urushi vaqtida urush dahshatlari va vahshiyliklarini ko'rgan xalqlar kelajakda shu kabi holatlarning oldini olishni istaganlar.,m2m100_1_2b,"Birth warga o‘z o‘ladi, o‘li o‘lo‘ldi, o’ldi o‘lldi.",0.5920002000639215,34,False,False
ru-uz-0449,flores_devtest,449,ru,uz,"Он приехал в США с четырьмя центами в кармане, книгой стихов и рекомендательным письмом от Чарльза Бэтчелора, который был его начальником на предыдущей работе, к Томасу Эдисону.","U AQSHga o'z nomidagi 4 sent, she'riy kitob va Charlz Batchelordan (oldingi ish joyidagi ish boshqaruvchisi) Tomas Edisonga tavsiyanoma bilan kelgandi.",m2m100_1_2b,"O‘z 4 centi o‘z amerikaliydi, o‘zi kitab, Charles Batchellor, ki o‘nun bossidir, Thomas Edison.",0.6949620000086725,39,False,False
ru-uz-0491,flores_devtest,491,ru,uz,В этот момент и произошел переход титула Столицы Моды от Константинополя к Парижу.,Moda poytaxti unvonining Konstantinopoldan Parijga o'tishi aynan shu vaqtda yuz berdi.,m2m100_1_2b,"O‘z o‘z Paris, Konstantinopoli o’z Paris.",0.3032407999271527,21,False,False
ru-uz-0502,flores_devtest,502,ru,uz,"Представители определенной субкультуры зачастую заявляют о своей принадлежности через своеобразное и символичное использование стиля, в том числе через моду, манеры и жаргон.","Submadaniyat a'zolari ko'pincha o'z a'zoliklarini modalar, xulq-atvor va jargonlarni o'z ichiga olgan uslubdan o'ziga xos va ramziy foydalanish orqali namoyon etadilar.",m2m100_1_2b,"Subculture o‘z o‘zi o‘q o‘ladi, o‘zini o’ldi, oʻldi o‘li, o`ldi y‘ldi.",0.7592454000841826,45,False,False
ru-uz-0512,flores_devtest,512,ru,uz,Дети передаются под опеку по множеству разнообразных причин: от беспризорности до жестокого обращения и даже вымогательств.,"Bolalar e'tiborsizlikdan tortib, zo'ravonlik va hatto tovlamachilikka qadar turli sabablarga ko'ra homiylik parvarishiga topshiriladi.",m2m100_1_2b,"Men o‘z o‘ladi, o‘ll o’ldi, o`ldi o‘li, oʻldi y‘ldi.",0.5159922000020742,37,False,False
ru-uz-0540,flores_devtest,540,ru,uz,"Тибетский буддизм основан на учениях Будды, но был дополнен махаянским путем любви и множеством техник индийской йоги.","Tibet buddizmi Budda ta'limotlariga asoslanadi, lekin muhabbatning mahayana yo'li bilan va hind yogasining ko'plab uslublari bilan kengaytirilgan.",m2m100_1_2b,"Tibet buddhizmi Buddhizmin doktrinalarni bazadi, amma o‘z mahayani yoga yoga o‘ladi.",0.5190965000074357,36,False,False
ru-uz-0552,flores_devtest,552,ru,uz,"В это же время немецкий военно-морской флот, используя в основном свои подводные лодки, пытался остановить это движение.","Shu bilan birga Nemis dengiz floti, asosan, dengizosti qayiqlaridan foydalanib, ushbu transport harakatini to'xtatishga urinayotgandi.",m2m100_1_2b,"Bu vaxt, alman marshalar, o‘z o‘zi submarines, o’z qo‘ladi.",0.476844499935396,30,False,False
ru-uz-0631,flores_devtest,631,ru,uz,"Население Ватикана составляет около 800 человек. Это самая маленькая независимая страна в мире, а также страна, имеющая наименьшее население.",Vatikan shahri aholisi 800 kishi atrofida. U dunyodagi eng kichik mustaqil davlat va eng kam aholiga ega mamlakatdir.,m2m100_1_2b,"Vatikan o‘z 800 o‘zi o‘ladi, o‘ll bu‘l bu’l bu`l bu‘li, o’l oʻl bu'l bu ́l buʻl.",0.8808397999964654,49,False,False
ru-uz-0632,flores_devtest,632,ru,uz,В Ватикане используют итальянский язык в законодательстве и официальных сообщениях.,Vatikan shahri qonunchilik va rasmiy muloqot uchun italyan tilini qo'llaydi.,m2m100_1_2b,Vatikanda italyan dilini yasalarda və resmi mesajlarda kulladi.,0.3081904000137001,21,False,False
ru-uz-0636,flores_devtest,636,ru,uz,"Философ Аристотель считал, что всё состоит из смеси одного или нескольких из четырёх элементов. Это были земля, вода, воздух и огонь.","Faylasuf Aristotel barcha narsa to'rt unsurning bir yoki bir nechtasi aralashmasidan tashkil topgan degan nazariyani ilgari surgan. Ularni tuproq, suv, havo va olov ekanligini aytib o'tgan.",m2m100_1_2b,"Filosoffi Aristotel o‘z bu 4 elementni qo‘ladi, o‘zi, air, and fire.",0.5077299999538809,30,False,False
ru-uz-0676,flores_devtest,676,ru,uz,Появление новых технологий позволяет нам увидеть и исследовать невиданные ранее структуры и процессы мозга.,Yangi texnologiyalarning rivojlanishi bizga oldin hech qachon kuzatilmagan miyaning tuzilishi hamda ishlash jarayonini ko'rish va tadqiq etish imkon yaratdi.,m2m100_1_2b,"O‘z o‘z qilmadi, o‘zi qilmidi, o’z o’zi qalmadi.",0.4940528000006452,30,False,False
ru-uz-0685,flores_devtest,685,ru,uz,Выкладывание экскурсии в виртуальное пространство для всеобщего обозрения — это также отличный способ освежить в памяти экскурсию и поделиться своим полученными знаниями с будущими классами.,Ekskursiyalarni virtual tarzda bo'lishish sayohat haqida fikr yuritish va kelasi darslar bilan tajriba almashish uchun ajoyib usuldir.,m2m100_1_2b,"O‘z o‘z, o‘zi, o’z oʻz o`z, e’z e‘z.",0.786879799910821,31,False,False
ru-uz-0700,flores_devtest,700,ru,uz,"Арабы также принесли в этот регион ислам, особенно он укоренился на Коморах и Майотте.",Arablar bu yerlarga islomni ham olib kelishdi va bu Komor orollari hamda Mayottada katta ahamiyat kasb etdi.,m2m100_1_2b,"Arabi o‘z regionni islami qaytaradi, ham o‘zi Komorlarda və Mayotta.",0.3654296000022441,28,False,False
ru-uz-0704,flores_devtest,704,ru,uz,Также полезно носить кольцо (только не слишком дорогое на вид).,Uzuk taqish ham foydali (shunchaki nihoyatda qimmat ko'rinmaydiganini.,m2m100_1_2b,"Men o‘z o‘zi o‘q o‘ladi, o’z o’ldi.",0.4139065999770537,26,False,False
ru-uz-0717,flores_devtest,717,ru,uz,"В связи со своей относительной недоступностью, ""Тимбукту"" стал метафорой экзотической дальней земли.","Yetishish imkoniyati nisbatan kamligi bilan birga, ""Timbuktu"" uzoq, ekzotik o'lkalar uchun metafora sifatida ishlatila boshlandi.",m2m100_1_2b,"O‘z bilan o‘z o‘q o‘zi, o’z oʻz o`z o'z o ́z o’zi.",0.5792644000612199,36,False,False
ru-uz-0742,flores_devtest,742,ru,uz,"Эти две башни достигают 83 метра в высоту, а сам мост 378 метров в длину и имеет две полосы движения шириной 3,5 метра.","Ikki minoraning balandligi 83 metrga yetadi, u uzunligi 378 metr hamda kengligi 3,5 m bo'lgan ikkita yo'lakchaga ega.",m2m100_1_2b,"Bu iki kullar 83 metrin hadi, o‘zi 378 metrin uzunluqdir, iki 3,5 metrin qilmizdir.",0.5858645000262186,34,False,False
ru-uz-0746,flores_devtest,746,ru,uz,"Область Чако служила домом для разных групп местных племен, например для Гуайкуру и Паягуа, они выживали при помощи охоты, собирательства и рыбалки.","Chako mintaqasida Guaykuru va Payagua kabi mahalliy qabilalarning boshqa guruhlari yashab, ular ovchilik, termachilik va baliq ovlash orqali hayotlarini saqlab qolishgan.",m2m100_1_2b,"Çako regionni, guaykuru, payagua o‘zingizdi, o‘zi qilmadi, qilmidi qilmiyadi, o’zizga qilmiddi.",0.7604364000726491,47,False,False
ru-uz-0761,flores_devtest,761,ru,uz,"Зима может быть обманчиво холодной: температура редко опускается ниже нуля, но сочетание ветра и влажности воздуха создает ощущение более холодной погоды в сравнении с тем, что показывает термометр.","Qish chalg'itadigan sovuq bo'lishi mumkin: haroratlar kamdan-ham hollarda muzlash nuqtasidan pastga tushadi, biroq shamol va namlik birlashgan holda termometr ko'rsatganiga qaraganda sovuqroqdek tuyulishi mumkin.",m2m100_1_2b,"Bilmiz o‘z o‘zi qilmizdir: temperatur o‘zini qilmidir, amma wind and moisture kombinasiyalarni o‘za o’z daha soğuk hava yaradi.",0.824860299937427,50,False,False
ru-uz-0768,flores_devtest,768,ru,uz,Апиа – столица Самоа. Город расположен на острове Уполу и имеет население чуть менее 40 000 жителей.,Apia Samoaning poytaxtidir. Shahar Upolu orolida va 40 000 nafardan kamroq aholiga ega.,m2m100_1_2b,"Apiya – Samoa kapitalidir. Şəhər Upolu adlasda yerləşir, o‘z 40,000 o‘zi.",0.5187368000624701,32,False,False
ru-uz-0771,flores_devtest,771,ru,uz,"Все корабли затонули, за исключением одного британского крейсера. Погибли около 200 американских и немецких моряков.",Bitta Britaniya kreyseridan boshqa barcha kemalar cho'ktirilgan edi. 200 ga yaqin amerikalik va nemis halok bo'lgan.,m2m100_1_2b,"O‘z o‘z bo‘ladi, o‘zi bo’ldi, o’z oʻz bo’ll o‘ldi.",0.776863000006415,36,False,False
ru-uz-0787,flores_devtest,787,ru,uz,"Гребнистые крокодилы не ведут активную жизнь в океане, а их основная среда обитания — эстуарии рек к северу от Рокгемптона.","Sho'r suv timsohlari okeanda ko'p uchramaydi, ularning asosiy yashash joyi Rokxemptondan shimolda joylashgan daryolarning quyilish joylaridir.",m2m100_1_2b,"Bu krokodillar o‘zidanda aktiv yaşaymazlar, o’zidanlar bu‘zida o‘zhiddirlar.",0.7529367000097409,34,False,False
ru-uz-0814,flores_devtest,814,ru,uz,"Если вы забронировали авиабилеты и проживание на 2020 год до того, как было объявлено о переносе даты, у вас может возникнуть непростая ситуация.","Agar siz kechiktirish e'lon qilinishidan avval 2020-yil uchun reyslar va mehmonxonani buyurtna qilgan bo'lsangiz, siz qiyin vaziyatda qolishingiz mumkin.",m2m100_1_2b,"Siz 2020-ni aviyalar o‘z bilan o‘ladi, o‘zi o‘zuldi.",0.5478739000391215,27,False,False
ru-uz-0823,flores_devtest,823,ru,uz,"Путешественники могут встретиться с животными-вредителями, которых они не видели в своих родных краях.",Sayyohlar o'z mintaqalarida noma'lum bo'lgan hayvon parazitlariga duch kelishlari mumkin.,m2m100_1_2b,"Ularlar o‘z o‘ladi, o‘li o’ldi, oʻldi.",0.34487030003219843,27,False,False
ru-uz-0827,flores_devtest,827,ru,uz,"Путешественники, направляющиеся в страны с высоким налогообложением, могут иногда сэкономить значительную сумму, особенно на таких товарах, как спиртные напитки и табак.","Og'ir soliqlarga ega mamlakatlarga boruvchi sayohatchilar ba'zi hollarda, ayniqsa, spirtli ichimliklar va tamaki mahsulotlari kabilardan anchagina pul tejab qolishlari mumkin.",m2m100_1_2b,"Ularlar o‘z o‘ladi, o‘li o’ldi, oʻldi o`ldi.",0.6251299000578001,31,False,False
ru-uz-0831,flores_devtest,831,ru,uz,"Однако, как ни странно, мобильная телефонная связь здесь намного лучше, чем на многих других участках маршрута, например в Пенсильвании Уайлдс.","Qizig'i shuki, bu yerda mobil telefon xizmati, boshqa ko'p yo'nalishlarga qaraganda, masalan, Pensilvaniya Uayldzdan ko'ra ancha kuchliroq.",m2m100_1_2b,"Men, o‘z mobilni telefoni o‘zimni o‘zi qilmadi, o’z Pennsylvaniya Wilds.",0.6601953000063077,34,False,False
ru-uz-0857,flores_devtest,857,ru,uz,"Европа — относительно маленький континент, но на нём много независимых государств. В обычных обстоятельствах путешествие через множество стран означало бы необходимость подачи прошений для получения визы и многократного прохождения паспортного контроля.","Yevropa nisbatan kichik, biroq ko'plab mustaqil davlatlarga ega bo'lgan qit'adir. Odatiy sharoitlarda bir nechta mamlakatlar bo'ylab sayohat qilish bir necha marta vizaga ariza topshirish va pasport nazoratidan o'tish kerakligini anglatadi.",m2m100_1_2b,Evropa relatively small kontinent but many independent states.In normal circumstances traveling through a lot of countries would mean requests for a visa and multiple passport checks.,0.6217504000524059,41,False,False
ru-uz-0885,flores_devtest,885,ru,uz,Готовность зарубежных правительств выполнять свои обязательства по данным документам столь же весьма различна.,Chet el hukumatlarining mazkur hujjatlarni hurmat qilishga tayyorligi xuddi shu darajada o'zgaruvchandir.,m2m100_1_2b,Bu dokumentlarda qoysanlar o‘z bilan qaytaradi.,0.334532400011085,19,False,False
ru-uz-0902,flores_devtest,902,ru,uz,"Сцены показывают на пирамидах, и разные пирамиды освещаются.",Sahnalar piramidalar ustida namoyish etildi va turli xil piramidalar yoritildi.,m2m100_1_2b,"Piramida o‘z o‘ladi, piramida bo‘ldi.",0.30764789995737374,22,False,False
ru-uz-0913,flores_devtest,913,ru,uz,"Вариант, становящийся всё более популярным для тех, кто планирует взять академический год, это путешествовать и учиться.",Akademik ta'tilni rejalashtirayotganlar orasida tobora ommalashib borayotgan tanlov – sayohat hamda o'rganishdir.,m2m100_1_2b,"Men o‘z o‘zi o‘q o‘yni, o‘zini o’z o’zi, oʻz oʻi o‘qi o‘ldi, o’ldi o‘yo.",0.7427192999748513,50,False,False
ru-uz-0950,flores_devtest,950,ru,uz,Севернее посетите также великий Храм Фатимской Богоматери (усыпальница) — место всемирно известных явлений Девы Марии.,Yana shimolda butun dunyoga mashhur bo'lgan Mariam onamizning ko'rinish joyi bo'lgan Fotima onamiz ibodatxonasiga (Muqaddas jiy) ham tashrif buyuring.,m2m100_1_2b,"Siz o‘z o‘zi o‘q o‘ladi, o‘yni o‘zuldi, o’ldi oʻldi.",0.6163980000419542,36,False,False
ru-uz-0978,flores_devtest,978,ru,uz,В персидском языке относительно лёгкая и в основном закономерная грамматика.,Fors tili nisbatan oson va aksariyat hollarda o'zgarmas grammatikaga ega.,m2m100_1_2b,Persi dili relatively lightig and mostly logical grammar.,0.23667809995822608,19,False,False
ru-uz-0994,flores_devtest,994,ru,uz,Внутренние водные пути могут стать хорошей темой для проведения какого-либо праздника.,Ichki suv yo'llari ta'til uchun yaxshi mavzu bo'lishi mumkin.,m2m100_1_2b,Bina suvarganlar o‘z bu festivalni qilmadi.,0.5220298999920487,19,False,False
ru-zh-0063,flores_devtest,63,ru,zh,"Историки критикуют прошлую политику ФБР за то, что выделяла большую часть ресурсов на дела, которые легко раскрываются, особенно на дела об угоне автомобилей, с целью повышения уровня успешности работы агентства.",历史学家批判了联邦调查局的过往政策，这种政策会把资源集中到容易破获的案件上，尤以偷车案件居多，目的只在于提高该机构的成功破案率。,m2m100_1_2b,"历史学家批评联邦调查局过去的政策,因为它将大部分资源用于容易被揭露的案件,特别是汽车盗窃案,以提高该机构的成功水平。",0.7138038999401033,44,False,False
ru-zh-0068,flores_devtest,68,ru,zh,"Президент США Джордж Буш прибыл в Сингапур утром 16 ноября, начав свой недельный тур по Азии.",美国总统乔治·沃克·布什于 11 月 16 日上午抵达新加坡，开始为期一周的亚洲之行。,m2m100_1_2b,"美国总统布什11月16日上午抵达新加坡,开始了他的亚洲周游。",0.4358687000349164,24,False,False
ru-zh-0083,flores_devtest,83,ru,zh,"Девятый административный район, затопленный на 20 футов во время урагана Катрина, сейчас по пояс залит водой, поскольку дамба, находящаяся неподалеку, оказалась недостаточно высокой, чтобы удержать воду.",“卡特里娜”飓风来袭时，第九区洪水水位一度高达 20 英尺，由于附近的防洪堤已经被淹没，目前水位已达齐腰深度。,m2m100_1_2b,"第九个行政区在卡特里娜飓风期间被淹没了20英尺,现在已经被带水淹没,因为附近的一座坑不足以维持水位。",0.7599192999769002,44,False,False
ru-zh-0085,flores_devtest,85,ru,zh,Администратор Commons Адам Керден выразил своё разочарование в связи с удалениями в своем разговоре  в прошлом месяце с Wikinews.,共享资源管理员亚当·库尔登 (Adam Cuerden) 上个月在接受维基新闻 (Wikinews) 采访时表达了他对删除相关内容的不满。,m2m100_1_2b,Commons管理员亚当·卡登(Adam Corden)在上个月给维基百科的谈话中对删除表示失望。,0.49396990006789565,36,False,False
ru-zh-0091,flores_devtest,91,ru,zh,"Ученые смогли сделать вывод, что темная материя воздействует на другую темную материю так же, как и в случае с обычной материей.",科学家们可以得出结论，暗物质对其他暗物质的影响方式与普通物质相同。,m2m100_1_2b,"科学家们得出结论,暗物质对其他暗物质的影响与普通物质一样。",0.44569089997094125,27,False,False
ru-zh-0125,flores_devtest,125,ru,zh,"Человек, работающий в гараже недалеко от того места, где произошла авария, сказал: ""Там стояли дети, которые ждали, чтобы перейти дорогу. Все они кричали и плакали.",一名在事故发生地附近的车库立的工作人员说：“孩子们正等着过马路，并且都在大声尖叫，哭个不停。”,m2m100_1_2b,"在事故发生地点附近的车库里工作的人说:“有孩子在那里等待过路,他们都尖叫着哭泣。",0.512076299986802,34,False,False
ru-zh-0165,flores_devtest,165,ru,zh,"Начиная с 1988 года урны для избирательных бюллетеней должны быть прозрачными, чтобы избиратели и наблюдатели могли убедиться в том, что в начале голосования внутри нет конвертов и что к ним не добавлены какие-либо другие конверты, кроме конвертов тех людей, которых допустили к участию в голосовании и голоса которых подсчитали надлежащим образом.",自 1988 年以来，投票箱就必须是透明的，这样选民和观察员才能看到投票开始时箱内没有信封，还能看到除了那些及时统计过、有权投票的选民以外，没有其他人向箱内投入信封。,m2m100_1_2b,"自1988年起,选票表单的表单必须是透明的,以便选民和观察者可以确认投票开始时没有封信,并且除了被允许投票的人的封信之外,没有其他封信被添加。",1.1344815000193194,62,False,False
ru-zh-0179,flores_devtest,179,ru,zh,"Этот матч стал последним для ""Олл Блэкс"", уже завоевавших кубок две недели назад.",全黑队在两周前已经赢得了奖杯，而这场比赛是他们打的最后一场。,m2m100_1_2b,"这场比赛是布莱克斯队的最后一场比赛,他们两周前已经赢得了世界杯。",0.37876250001136214,29,False,False
ru-zh-0195,flores_devtest,195,ru,zh,"Фотограф был доставлен в медицинский центр имени Рональда Рейгана при  Калифорнийском университете в Лос-Анджелесе, где он впоследствии скончался.",这名摄影师被送往加州大学洛杉矶分校罗纳德·里根医疗中心，其后不治。,m2m100_1_2b,"摄影师被送到洛杉矶加利福尼亚大学的罗纳德·里根医疗中心,随后他去世。",0.566881199949421,35,False,False
ru-zh-0225,flores_devtest,225,ru,zh,Рок-группа должна была гастролировать по США и Канаде до 16 сентября.,这支摇滚乐队原定在美国和加拿大巡演，一直持续到 9 月 16 日。,m2m100_1_2b,该乐队将于9月16日之前在美国和加拿大巡演。,0.3784144000383094,21,False,False
ru-zh-0277,flores_devtest,277,ru,zh,Полиция штата Мадхья-Прадеш вернула украденные ноутбук и мобильный телефон.,中央邦警方追回了被盗的笔记本电脑和手机。,m2m100_1_2b,马德贾普拉德斯州警方收回了被盗的笔记本电脑和手机。,0.3962186999851838,26,False,False
ru-zh-0356,flores_devtest,356,ru,zh,Для запуска в космос спутника или телескопа необходима гигантская ракета высотой более 100 футов.,要把卫星或望远镜送入太空，需要一枚超过 100 英尺高的巨型火箭。,m2m100_1_2b,发射卫星或望远镜需要高达100英尺的巨型火箭。,0.4325977999251336,24,False,False
ru-zh-0364,flores_devtest,364,ru,zh,Самки обычно находятся друг с другом в родстве и составляют большую семью сестёр и дочерей.,作为大家庭里的姐妹和女儿，雌性之间通常彼此关系密切。,m2m100_1_2b,"女性通常是彼此亲戚,并构成一个大的姐妹和女儿的家庭。",0.39192059997003525,24,False,False
ru-zh-0397,flores_devtest,397,ru,zh,"На земле Ханаана не было больших лесов, поэтому древесина была чрезвычайно дорогой.",迦南没有大森林，所以木材非常昂贵。,m2m100_1_2b,"在迦南土地上没有大森林,所以木材非常昂贵。",0.2992491000331938,20,False,False
ru-zh-0418,flores_devtest,418,ru,zh,"Итальянская сборная по футболу, наряду с немецкой, является второй самой успешной командой в мире и в 2006 году выиграла Кубок мира ФИФА.",意大利国家足球队和德国国家足球队都是世界上第二成功的球队，在 2006 年拿下了足球世界杯冠军。,m2m100_1_2b,"意大利队和德国队是世界上第二个最成功的球队,并在2006年赢得了国际足联世界杯。",0.44234109995886683,31,False,False
ru-zh-0423,flores_devtest,423,ru,zh,"Тайвань берёт своё начало много лет назад, в XV веке, когда европейские мореплаватели, проплывающие мимо, записали название острова как Ilha Formosa, или ""прекрасный остров"".",西方对台湾的了解可以追溯到 15 世纪。当时路过的欧洲水手将该岛命名为“福尔摩沙岛”(Ilha Formosa)，意思是美丽的岛屿。,m2m100_1_2b,"台湾起源于十五世纪,当时沿海的欧洲水手们将岛屿命名为Ilha Formosa,即“美丽的岛屿”。",0.5817229999229312,39,False,False
ru-zh-0439,flores_devtest,439,ru,zh,Её всепроникающая сила коснулась каждого - от короля до простолюдина.,从国王到平民，它遍布十方的力量影响着每一个人。,m2m100_1_2b,"她的全能触及了每个人,从国王到普通人。",0.33360990008804947,20,False,False
ru-zh-0442,flores_devtest,442,ru,zh,Вскоре после начала военных действий Британия устроила морскую блокаду Германии.,敌对行动爆发后不久，英国开始对德国实施海上封锁。,m2m100_1_2b,"战争开始后不久,英国就对德国实行海上封锁。",0.3106625999789685,22,False,False
ru-zh-0447,flores_devtest,447,ru,zh,"Познав ужасы и зверства Первой мировой войны, государства хотели избежать подобной ситуации в будущем.",目睹第一次世界大战中的肆虐残暴后，各国都渴望避免重蹈覆辙。,m2m100_1_2b,"认识到第一次世界大战的恐怖和残酷,各国希望在未来避免这种情况。",0.41494640009477735,25,False,False
ru-zh-0449,flores_devtest,449,ru,zh,"Он приехал в США с четырьмя центами в кармане, книгой стихов и рекомендательным письмом от Чарльза Бэтчелора, который был его начальником на предыдущей работе, к Томасу Эдисону.",他在抵达美国时，身上带着 4 美分、一本诗集，还有一封查尔斯•巴舍勒（Charles Batchelor）（他前份工作的经理）写给托马斯•爱迪生（Thomas Edison）的推荐信。,m2m100_1_2b,"他带着四美分在口袋里,一本诗书和一封从查尔斯·巴切洛尔,谁是他的上司在以前的工作推荐信给托马斯·爱迪生。",0.721705500036478,49,False,False
ru-zh-0491,flores_devtest,491,ru,zh,В этот момент и произошел переход титула Столицы Моды от Константинополя к Парижу.,正是在这个时候，时尚之都的称号从君士坦丁堡转移到了巴黎。,m2m100_1_2b,"这时,时尚之都的头衔从君士坦丁堡转移到巴黎。",0.45940089994110167,25,False,False
ru-zh-0502,flores_devtest,502,ru,zh,"Представители определенной субкультуры зачастую заявляют о своей принадлежности через своеобразное и символичное использование стиля, в том числе через моду, манеры и жаргон.",亚文化群体的成员，常常会象征性地利用独特的行事风格来表明他们的成员身份，包括时尚服装、举止和黑话。,m2m100_1_2b,"某些子文化的代表往往通过风格的特殊和象征性使用声明他们的属性,包括时尚,风格和口语。",0.5272056000540033,37,False,False
ru-zh-0512,flores_devtest,512,ru,zh,Дети передаются под опеку по множеству разнообразных причин: от беспризорности до жестокого обращения и даже вымогательств.,孩子们因为各种原因被寄养，原因有被忽视、被虐待，甚至是被勒索。,m2m100_1_2b,"儿童因各种各样的原因被转移到监护,从无视到虐待,甚至是勒索。",0.46563310001511127,29,False,False
ru-zh-0540,flores_devtest,540,ru,zh,"Тибетский буддизм основан на учениях Будды, но был дополнен махаянским путем любви и множеством техник индийской йоги.",藏传佛教以佛陀的教义为基础，但通过大乘佛教的普世之爱和印度瑜伽的许多技巧得到了拓展。,m2m100_1_2b,"西藏佛教以佛陀的教导为基础,但被爱的马哈伊人之道和许多印度瑜伽技巧所补充。",0.5539069999940693,38,False,False
ru-zh-0552,flores_devtest,552,ru,zh,"В это же время немецкий военно-морской флот, используя в основном свои подводные лодки, пытался остановить это движение.",与此同时，以 U 型潜艇为主力的德国海军试图拦截这场运输。,m2m100_1_2b,"与此同时,德国海军主要使用自己的潜艇,试图阻止这一运动。",0.37496639997698367,24,False,False
ru-zh-0631,flores_devtest,631,ru,zh,"Население Ватикана составляет около 800 человек. Это самая маленькая независимая страна в мире, а также страна, имеющая наименьшее население.",梵蒂冈城的人口大约有 800 人。它是世界上最小的独立国家，也是人口最少的国家。,m2m100_1_2b,"梵蒂冈人口约800人,是世界上最小的独立国家,也是人口最少的国家。",0.3876128999982029,26,False,False
ru-zh-0632,flores_devtest,632,ru,zh,В Ватикане используют итальянский язык в законодательстве и официальных сообщениях.,梵蒂冈城在法律法规和官方通信中使用意大利语。,m2m100_1_2b,梵蒂冈在法律和官方通讯中使用意大利语。,0.33693200000561774,18,False,False
ru-zh-0636,flores_devtest,636,ru,zh,"Философ Аристотель считал, что всё состоит из смеси одного или нескольких из четырёх элементов. Это были земля, вода, воздух и огонь.",哲学家亚里士多德提出一种理论，即任何事物都是由土、水、空气和火四种元素中的一种或多种组成的。,m2m100_1_2b,"哲学家亚里士多德认为,一切都是由四个元素中的一个或多个组成,它们是地球,水,空气和火。",0.6466550000477582,39,False,False
ru-zh-0676,flores_devtest,676,ru,zh,Появление новых технологий позволяет нам увидеть и исследовать невиданные ранее структуры и процессы мозга.,新技术的兴起让我们能够看到和研究大脑的结构和工作过程，这些是以前从未见过的。,m2m100_1_2b,新技术的出现使我们能够看到和探索前所未有的大脑结构和过程。,0.39912830002140254,23,False,False
ru-zh-0685,flores_devtest,685,ru,zh,Выкладывание экскурсии в виртуальное пространство для всеобщего обозрения — это также отличный способ освежить в памяти экскурсию и поделиться своим полученными знаниями с будущими классами.,以虚拟方式分享实地考察，也是回顾行程以及与以后班级分享经验的好办法。,m2m100_1_2b,"在虚拟空间进行游览,以便公众了解 - 也是一个很好的方式来刷新游览的记忆,并与未来的班级分享所获得的知识。",0.6182649999391288,43,False,False
ru-zh-0700,flores_devtest,700,ru,zh,"Арабы также принесли в этот регион ислам, особенно он укоренился на Коморах и Майотте.",阿拉伯人也把伊斯兰教带到了这片土地，这一教义在科摩罗和马约特国家盛行。,m2m100_1_2b,"阿拉伯人也将伊斯兰教带入该地区,特别是它植根于科摩拉群岛和迈奥特。",0.5694468000438064,34,False,False
ru-zh-0704,flores_devtest,704,ru,zh,Также полезно носить кольцо (только не слишком дорогое на вид).,戴戒指也会有帮助（但不要戴看上去太贵的戒指。,m2m100_1_2b,戴上戒指(只是看起来不太贵)也是有用的。,0.26164479996077716,20,False,False
ru-zh-0717,flores_devtest,717,ru,zh,"В связи со своей относительной недоступностью, ""Тимбукту"" стал метафорой экзотической дальней земли.",又因为相对偏僻，“廷巴克图”被用来比喻遥远的异国他乡。,m2m100_1_2b,"由于其相对不可及,蒂姆布库特已经成为一个异国情调遥远的土地的比喻。",0.4744999000104144,30,False,False
ru-zh-0742,flores_devtest,742,ru,zh,"Эти две башни достигают 83 метра в высоту, а сам мост 378 метров в длину и имеет две полосы движения шириной 3,5 метра.",两座桥塔高 83 米，桥的长度为 378 米，有两条 3.50米宽的车道。,m2m100_1_2b,"这两座塔高达83米,大桥长378米,有两条宽 3.5 米的交通轨道。",0.42292399995494634,31,False,False
ru-zh-0746,flores_devtest,746,ru,zh,"Область Чако служила домом для разных групп местных племен, например для Гуайкуру и Паягуа, они выживали при помощи охоты, собирательства и рыбалки.",查科 (Chaco) 地区是瓜伊库鲁 (Guaycuru) 和帕亚瓜 (Payagua) 等其他土著部落的家园，他们靠狩猎、采集和捕鱼为生。,m2m100_1_2b,"查科地区曾是当地部落群体的家园,如瓜伊库拉和帕亚瓜,他们通过狩猎,采集和捕鱼生存下来。",0.6713401000015438,42,False,False
ru-zh-0761,flores_devtest,761,ru,zh,"Зима может быть обманчиво холодной: температура редко опускается ниже нуля, но сочетание ветра и влажности воздуха создает ощущение более холодной погоды в сравнении с тем, что показывает термометр.",冬天可能会比看上去显得更冷：温度很少低于零度，但当风和湿度结合在一起，会让人感觉比温度计显示的温度要冷。,m2m100_1_2b,"冬天可能很冷:温度很少低于零,但风和湿度的组合会产生比温度计显示的更冷的天气感觉。",0.5989421000704169,41,False,False
ru-zh-0768,flores_devtest,768,ru,zh,Апиа – столица Самоа. Город расположен на острове Уполу и имеет население чуть менее 40 000 жителей.,阿皮亚是萨摩亚的首都。该城镇位于乌波卢（Upolu）岛上，人口数量不足 4 万。,m2m100_1_2b,"阿比亚是萨摩亚的首都,位于乌波卢岛,人口不到4万。",0.3778265999862924,26,False,False
ru-zh-0771,flores_devtest,771,ru,zh,"Все корабли затонули, за исключением одного британского крейсера. Погибли около 200 американских и немецких моряков.",除了一艘英国巡航舰外，其余船只悉数沉没。近 200 名美国人和德国人丧失生命。,m2m100_1_2b,"除一艘英国巡洋舰外,所有船只都沉没,约有200名美国和德国水手遇难。",0.42167120007798076,32,False,False
ru-zh-0787,flores_devtest,787,ru,zh,"Гребнистые крокодилы не ведут активную жизнь в океане, а их основная среда обитания — эстуарии рек к северу от Рокгемптона.",咸水鳄的主要栖息地并非海洋，而是罗克汉普顿 (Rockhampton) 北部的河口。,m2m100_1_2b,"鳄鱼在海洋中没有活跃的生活,它们的主要栖息地是洛克汉普顿以北的河流。",0.5686735999770463,33,False,False
ru-zh-0814,flores_devtest,814,ru,zh,"Если вы забронировали авиабилеты и проживание на 2020 год до того, как было объявлено о переносе даты, у вас может возникнуть непростая ситуация.",如果你在宣布推迟之前预订了 2020 年的航班和住宿，则可能会面临棘手的情况。,m2m100_1_2b,"如果您在推迟日期之前预订了2020年航班和住宿,您可能会遇到困难的情况。",0.4244039999321103,28,False,False
ru-zh-0823,flores_devtest,823,ru,zh,"Путешественники могут встретиться с животными-вредителями, которых они не видели в своих родных краях.",旅行者可能会遇到在家乡不常见的有害动物。,m2m100_1_2b,旅行者可能会遇到他们在家乡从未见过的害虫。,0.2924512999597937,20,False,False
ru-zh-0827,flores_devtest,827,ru,zh,"Путешественники, направляющиеся в страны с высоким налогообложением, могут иногда сэкономить значительную сумму, особенно на таких товарах, как спиртные напитки и табак.",前往课征重税的国家/地区的旅客有时可以省下一大笔钱，在这些地方购买酒水和烟草等产品特别划算。,m2m100_1_2b,"前往高税收国家的旅行者有时可以节省大量资金,特别是在酒精饮料和烟草等商品上。",0.5253839999204502,33,False,False
ru-zh-0831,flores_devtest,831,ru,zh,"Однако, как ни странно, мобильная телефонная связь здесь намного лучше, чем на многих других участках маршрута, например в Пенсильвании Уайлдс.",不过，令人奇怪的是，这里的手机服务比沿途的许多其他路线（例如宾夕法尼亚州荒原）要强得多。,m2m100_1_2b,"然而,奇怪的是,这里的移动电话比宾夕法尼亚州威尔兹的其他许多地方要好得多。",0.5247868000296876,33,False,False
ru-zh-0857,flores_devtest,857,ru,zh,"Европа — относительно маленький континент, но на нём много независимых государств. В обычных обстоятельствах путешествие через множество стран означало бы необходимость подачи прошений для получения визы и многократного прохождения паспортного контроля.",欧洲是片面积相对较小但有着许多独立国家的大陆。在通常情况下，穿越多个国家旅行意味着必须多次经历签证申请和护照检查。,m2m100_1_2b,"欧洲是一个相对较小的大陆,但它拥有许多独立的国家. 通常情况下,通过许多国家旅行意味着需要申请签证和多次通过护照检查。",0.7145163000095636,41,False,False
ru-zh-0885,flores_devtest,885,ru,zh,Готовность зарубежных правительств выполнять свои обязательства по данным документам столь же весьма различна.,外国政府对这些文件的认可程度也千差万别。,m2m100_1_2b,外国政府履行这些文件义务的意愿也同样不同。,0.31114040000829846,19,False,False
ru-zh-0902,flores_devtest,902,ru,zh,"Сцены показывают на пирамидах, и разные пирамиды освещаются.",场景在金字塔上展示，不同的金字塔被点亮。,m2m100_1_2b,"场景显示在金字塔上,并照亮了不同的金字架。",0.27364129992201924,22,False,False
ru-zh-0913,flores_devtest,913,ru,zh,"Вариант, становящийся всё более популярным для тех, кто планирует взять академический год, это путешествовать и учиться.",对于那些计划怎么度过空档年的人来说，游学成为越来越受欢迎的选择。,m2m100_1_2b,"对于那些计划参加学年的人来说,越来越受欢迎的选择是旅行和学习。",0.4159681999590248,23,False,False
ru-zh-0950,flores_devtest,950,ru,zh,Севернее посетите также великий Храм Фатимской Богоматери (усыпальница) — место всемирно известных явлений Девы Марии.,也可以到北部参观法蒂玛圣母院（圣地），它是举世闻名的圣母玛丽亚显现之地。,m2m100_1_2b,"在北方,您还可以参观法蒂姆圣母大教堂(火炬) - 世界著名的圣母玛利亚现象的场所。",0.5756911999778822,39,False,False
ru-zh-0978,flores_devtest,978,ru,zh,В персидском языке относительно лёгкая и в основном закономерная грамматика.,波斯语的语法大多相对简单，有规律可循。,m2m100_1_2b,"在波斯语中,语法相对简单,基本上是合理的。",0.3631230000173673,20,False,False
ru-zh-0994,flores_devtest,994,ru,zh,Внутренние водные пути могут стать хорошей темой для проведения какого-либо праздника.,内陆水道可以作为假期游玩的一个不错的主题。,m2m100_1_2b,内陆水路可以成为举办任何节日的好话题。,0.24645700003020465,18,False,False
uz-en-0063,flores_devtest,63,uz,en,"Tarixchilar agentlikning muvaffaqiyat darajasini kuchaytirish uchun osongina hal qilish mumkin bo'lgan, ayniqsa avtomobil o'g'rilanishi bo'yicha ishlarga resurslarning qaratilganligi uchun FQB agentligining o'tmishdagi siyosatlarini tanqid qildilar.","Historians have criticized past FBI policies for focusing resources on cases which are easy to solve, especially stolen car cases, with the intent of boosting the agency's success rate.",m2m100_1_2b,Chennai  Madurai  Salem  Delhi  Mumbai  Pune  Bhopal  Trichy  Tirupur  coimbatore  Cuddalore  Dindigul  Erode  Kanchipuram  Karur  Nagapattinam  Namakkal  Perambalur  Ramanathapuram  Pudukkottai  Thanjavur  Theni  Thirunelveli  Hyderabad  Madras  Karnataka,2.022346599958837,111,False,False
uz-en-0068,flores_devtest,68,uz,en,"AQSH Prezidenti Jorj V. Bush, Osiyo bo'ylab bir haftalik sayohatini boshlab, 16-noyabr kuni tongda Singapurga yetib keldi.","U.S. President George W. Bush arrived in Singapore the morning of November 16, beginning a week-long tour of Asia.",m2m100_1_2b,President George W. Bush announced a weekly visit to Singapore on November 16.,0.29554879991337657,19,False,False
uz-en-0083,flores_devtest,83,uz,en,"Katrina bo'roni vaqtida 20 fut balandlikdagi toshqinga guvoh bo'lgan to'qqizinchi bo'linma, suv yaqindagi to'g'ondan oshib o'tgani sababli, hozirda belgacha keladigan suv ostida qolgan.","The Ninth Ward, which saw flooding as high as 20 feet during Hurricane Katrina, is currently in waist-high water as the nearby levee was overtopped.",m2m100_1_2b,"[20] Thus the Lord said unto them, Thou shalt not give up unto thee, but to thee shall be given the power, and thee the power shall be placed in the midst of the earth.",1.0348322000354528,54,False,False
uz-en-0085,flores_devtest,85,uz,en,Parlamentning quyi palatasi ma'muri Adam Kuerden o'tgan oyda Wikinews bilan suhbatida o'chirishlardan ranjiganini aytdi.,Commons Administrator Adam Cuerden expressed his frustration over the deletions when he spoke to Wikinews last month.,m2m100_1_2b,"Adam Kuerden, the parliamentary leader, told Wikinews about the rankings of the Chinese in the talks.",0.4178956000832841,31,False,False
uz-en-0091,flores_devtest,91,uz,en,"Olimlar qora materiya boshqa qora materiyaga xuddi odatiy materiya ta'sir qilgani kabi ta'sir ko'rsatadi, degan xulosaga kelishdi.",The scientists were able to conclude that the dark matter affect other dark matter in the same way regular matter does.,m2m100_1_2b,"The Qur’an and the Scriptures are written in the Quran, and the Quran and the Bible are in the Qur'an and in the Koran.",0.7923823000164703,36,False,False
uz-en-0125,flores_devtest,125,uz,en,"Ko'ngilsiz hodisa yuz bergan joy yaqinidagi garajda ishlayotgan kishi: ""U yerda yo'lni kesib o'tmoqchi bo'layotgan bolalar bor edi va ularning barchasi qichqirib yig'layotgandi"" deb aytdi.","A person working in a garage near where the accident occurred said: ""There were children waiting to cross the road and they were all screaming and crying.""",m2m100_1_2b,"He said, “But when he came to the earth, he said to him, ‘I am in the midst of the earth; and I am on the edge of the land; and you are in the middle of the ground; and there is a place where you are, and there will be a place for you, and you will be there for you.’”",1.26404439995531,80,False,False
uz-en-0165,flores_devtest,165,uz,en,1988-yildan beri ovoz beruvchilar va kuzatuvchilar boshlanishida konvertlar mavjud emasligi va mos tarzda sanalgan va vakolat berilgan ovoz beruvchilardan tashqari hech qanday konvertlar qo'shilmasligiga guvohlik bera olishlari uchun saylov qutilarining shaffof bo'lishi talab qilinadi.,"Since 1988, ballot boxes must be transparent so that voters and observers can witness that no envelopes are present at the start of the vote and that no envelopes are added except those of the duly counted and authorized voters.",m2m100_1_2b,"Since 1988, it has been that there have been conversions in the country since 1988 and that there has been conversations in the world since then, and that it has not been said that there will be conversions since then and that the conversions will not be made until then.",0.8956307000480592,61,False,False
uz-en-0179,flores_devtest,179,uz,en,"Bu ikki hafta avval sovrin yutgan ""All Blacks"" jamoasi uchun oxirgi o'yin edi.","It was the final match for the All Blacks, who had already won the trophy two weeks ago.",m2m100_1_2b,"This week, the “All Blacks” are out.",0.22939890006091446,15,False,False
uz-en-0195,flores_devtest,195,uz,en,Fotosuratchi Ronald Reygan nomidagi UCLA Tibbiyot Markaziga yetkazilgan va keyinchalik u yerda vafot etgan.,"The photographer was transported to Ronald Reagan UCLA Medical Center, where he subsequently died.",m2m100_1_2b,Photographer Ronald Reagan and UCLA’s Tibbiot Markaship may be in doubt about the situation.,0.44155160000082105,28,False,False
uz-en-0225,flores_devtest,225,uz,en,Rok guruhi AQSH va Kanadada 16-sentyabrga qadar gastrol safarida bo'lishi kerak edi.,The rock band was due to tour the United States and Canada until September 16.,m2m100_1_2b,A 16-year-old Canadian tourist travelled to Canada.,0.28966430004220456,18,False,False
uz-en-0277,flores_devtest,277,uz,en,Madxya-Pradesh politsiyasi o'g'irlangan noutbuk hamda mobil telefonni qaytardi.,The Madhya Pradesh Police recovered the stolen laptop and mobile phone.,m2m100_1_2b,Mexico-Pradesh political summit in New York returned mobile phones.,0.24799459998030216,20,False,False
uz-en-0356,flores_devtest,356,uz,en,Sun'iy yo'ldosh yoki teleskopni kosmosga joylashtirish uchun 100 futdan ortiq balandlikdagi ulkan raketa talab qilinadi.,It takes a giant rocket over a 100 feet high to put a satellite or telescope in space.,m2m100_1_2b,"The Sun and the Space Telescope, or 100 satellites, or rocket telescopes.",0.44342539994977415,26,False,False
uz-en-0364,flores_devtest,364,uz,en,"Urg'ochilar, odatda, katta oilaning opa-singillari yoki qizi bo'lib, bir-biriga chambarchas bog'liqdir.","The females are usually closely related to each other, being a large family of sisters and daughters.",m2m100_1_2b,"In the Qur’an, it is said, “Those who do not know the truth, do not understand the truth and do not believe the truth.”",0.5823940000263974,35,False,False
uz-en-0397,flores_devtest,397,uz,en,"Kan'on yerlarida keng o'rmonlar yo'q edi, shu sababdan yog'och nihoyatda qimmat edi.","There were no large forests in the land of Canaan, so wood was extremely expensive.",m2m100_1_2b,"The Qur’an says, “They have made the earth a place of worship, and they have made it a place for worshipping.”",0.5183845000574365,36,False,False
uz-en-0418,flores_devtest,418,uz,en,"Italiya milliy futbol jamoasi Germaniya milliy futbol jamoasi qatori dunyodagi eng muvaffaqiyatli ikkinchi jamoa bo'lib, 2006-yilda FIFA Jahon chempionatida g'olib chiqqan.","Italy's national football, along with German national football team is the second most successful team in the world and were the FIFA World Cup champions in 2006.",m2m100_1_2b,"Italy's national football team was the world's second-most competitive football team in Germany, winning the 2006 FIFA Championship.",0.5583652999484912,33,False,False
uz-en-0423,flores_devtest,423,uz,en,"Tayvanning boshlanishi 15-asrga borib taqaladi, bunda o'tib ketayotgan yevropalik dengizchilar orol nomini Ilha Formosa yoki go'zal orol deb yozib qoldirishadi.","Taiwan beginning start way back in 15th century where European sailors passing by record the island’s name as Ilha Formosa, or beautiful island.",m2m100_1_2b,"15Then it shall come to pass, and shall come unto them, and they shall go unto the land of Israel; and they will be unto him, and the people of Israel shall be unbelieved.",0.7488935999572277,50,False,False
uz-en-0439,flores_devtest,439,uz,en,"Uning keng qamrovli qudrati shohdan tortib, oddiy insongacha ta'sir qildi.",Its all-pervading power affected everyone from king to commoner.,m2m100_1_2b,"Thus, the people of the covenant, who are in the midst of the wicked, will be brought to death, and they will be put to death.",0.6282245999900624,40,False,False
uz-en-0442,flores_devtest,442,uz,en,"Harbiy harakatlar xurujidan ko'p o'tmay, Britaniya Germaniyani dengizda blokada qilishni boshladi.","Soon after the outbreak of hostilities, Britain initiated a naval blockade of Germany.",m2m100_1_2b,"In the midst of the war, the British and German army were blocking the country.",0.3280743999639526,23,False,False
uz-en-0447,flores_devtest,447,uz,en,Birinchi jahon urushi vaqtida urush dahshatlari va vahshiyliklarini ko'rgan xalqlar kelajakda shu kabi holatlarning oldini olishni istaganlar.,"After seeing the horrors and atrocities of war during World War I, nations desired to avoid such a situation again in the future.",m2m100_1_2b,"Thus, in the first instance, the worshippers of the righteousness of the wicked, and the wrath of the unbelievers of the evildoers, and in the second instance the wretchmen of the inhabitants of the kingdom.",1.547289300011471,71,False,False
uz-en-0449,flores_devtest,449,uz,en,"U AQSHga o'z nomidagi 4 sent, she'riy kitob va Charlz Batchelordan (oldingi ish joyidagi ish boshqaruvchisi) Tomas Edisonga tavsiyanoma bilan kelgandi.","He arrived in the US with 4 cents to his name, a book of poetry, and a letter of recommendation from Charles Batchelor (his manager in his previous job) to Thomas Edison.",m2m100_1_2b,"The four-year-old, who had been in charge of the trial, was given the right to do so by Charles Batchellard (ex-Jewish chief of staff) Thomas Edison.",0.7847220000112429,48,False,False
uz-en-0491,flores_devtest,491,uz,en,Moda poytaxti unvonining Konstantinopoldan Parijga o'tishi aynan shu vaqtda yuz berdi.,It was at this time that the transfer of the title of Fashion Capital from Constantinople to Paris was made.,m2m100_1_2b,The fate of Constantiopoly to Paris is in the midst of it.,0.3476576000684872,22,False,False
uz-en-0502,flores_devtest,502,uz,en,"Submadaniyat a'zolari ko'pincha o'z a'zoliklarini modalar, xulq-atvor va jargonlarni o'z ichiga olgan uslubdan o'ziga xos va ramziy foydalanish orqali namoyon etadilar.","Members of a subculture often signal their membership through a distinctive and symbolic use of style, which includes fashions, mannerisms, and argot.",m2m100_1_2b,"In the Qur’an, it is said that the wicked and the ungrateful are the worshipers of the righteous.",0.9964281999273226,36,False,False
uz-en-0512,flores_devtest,512,uz,en,"Bolalar e'tiborsizlikdan tortib, zo'ravonlik va hatto tovlamachilikka qadar turli sabablarga ko'ra homiylik parvarishiga topshiriladi.","Children are placed in Foster Care for a wide variety of reasons that range from neglect, to abuse, and even to extortion.",m2m100_1_2b,"Those who do not know the truth, and whoever does not know what it is, and whosoever is unbelieving in it, will bear witness to the truth. {E. G. White, Review and Herald, May 3, 1899}",0.9036231000209227,62,False,False
uz-en-0540,flores_devtest,540,uz,en,"Tibet buddizmi Budda ta'limotlariga asoslanadi, lekin muhabbatning mahayana yo'li bilan va hind yogasining ko'plab uslublari bilan kengaytirilgan.","The Tibetan Buddhism is based on the teachings of Buddha, but were extended by the mahayana path of love and by a lot of techniques from Indian Yoga.",m2m100_1_2b,"Tibetan Buddhism is not associated with Buddha's boundary, but it is a conversation between the Buddhists of Tibet and the Muslims of the Middle East.",0.8355315000517294,44,False,False
uz-en-0552,flores_devtest,552,uz,en,"Shu bilan birga Nemis dengiz floti, asosan, dengizosti qayiqlaridan foydalanib, ushbu transport harakatini to'xtatishga urinayotgandi.","At the same time, the German navy, using mainly U-boats, was trying to stop this traffic.",m2m100_1_2b,"He said: “Now the sea and the sea are in the midst of the earth, and the land is in the middle of the sea; and the earth is in its midst, and it is in it that the sea is in their midst.",0.8775367999915034,57,False,False
uz-en-0631,flores_devtest,631,uz,en,Vatikan shahri aholisi 800 kishi atrofida. U dunyodagi eng kichik mustaqil davlat va eng kam aholiga ega mamlakatdir.,Vatican City's population is around 800. It is the smallest independent country in the world and the country with the lowest population.,m2m100_1_2b,"The Vatican has 800 people who have been atrophyed, and the world’s government is in a state of uncertainty.",0.5557131000095978,34,False,False
uz-en-0632,flores_devtest,632,uz,en,Vatikan shahri qonunchilik va rasmiy muloqot uchun italyan tilini qo'llaydi.,Vatican City uses Italian in its legislation and official communications.,m2m100_1_2b,The Vatican was a great place for the Italians to take advantage of.,0.24426259996835142,19,False,False
uz-en-0636,flores_devtest,636,uz,en,"Faylasuf Aristotel barcha narsa to'rt unsurning bir yoki bir nechtasi aralashmasidan tashkil topgan degan nazariyani ilgari surgan. Ularni tuproq, suv, havo va olov ekanligini aytib o'tgan.","Aristotle, a philosopher, theorised that everything is made up of a mixture of one or more of four elements. They were earth, water, air, and fire.",m2m100_1_2b,"Thus, in the Qur’an, it is said that God is the God of all sins, and that He is the one who gives righteousness to those who do not desire to be worshipped by God. {E. G. White, Review and Herald, May 3, 1892 par.",1.2162777000339702,72,False,False
uz-en-0676,flores_devtest,676,uz,en,Yangi texnologiyalarning rivojlanishi bizga oldin hech qachon kuzatilmagan miyaning tuzilishi hamda ishlash jarayonini ko'rish va tadqiq etish imkon yaratdi.,The rise of new technologies allows us to see and investigate brain structures and processes never seen before.,m2m100_1_2b,"What kind of creation do we have, and what kinds of creations do we possibly possibly have?",0.4763110999483615,27,False,False
uz-en-0685,flores_devtest,685,uz,en,Ekskursiyalarni virtual tarzda bo'lishish sayohat haqida fikr yuritish va kelasi darslar bilan tajriba almashish uchun ajoyib usuldir.,Sharing a field trip virtually is also a great way to reflect a on a trip and share experiences with future classes.,m2m100_1_2b,"In the virtual way of traveling, the idea of boulish in the country and the class of the class is for those who do not want to go.",0.6290086000226438,36,False,False
uz-en-0700,flores_devtest,700,uz,en,Arablar bu yerlarga islomni ham olib kelishdi va bu Komor orollari hamda Mayottada katta ahamiyat kasb etdi.,"The Arabs also brought Islam to the lands, and it took in a big way in the Comoros and Mayotte.",m2m100_1_2b,"The Arabs came to this earth, and the Islamic people came to it, and it was on this earth that the Qur’an was revealed to them.",0.6847722999518737,38,False,False
uz-en-0704,flores_devtest,704,uz,en,Uzuk taqish ham foydali (shunchaki nihoyatda qimmat ko'rinmaydiganini.,It is helpful to also wear a ring (just not one that looks too expensive.,m2m100_1_2b,"So, let’s take a look at the shadows (which are not in the shade).",0.4067249000072479,26,False,False
uz-en-0717,flores_devtest,717,uz,en,"Yetishish imkoniyati nisbatan kamligi bilan birga, ""Timbuktu"" uzoq, ekzotik o'lkalar uchun metafora sifatida ishlatila boshlandi.","Combined with its relative inaccessibility, ""Timbuktu"" has come to be used as a metaphor for exotic, distant lands.",m2m100_1_2b,"In the end, he said, “There is no such thing as an evil thing in the world, but the evil of the world,” and he said: “The evil is in the midst of the earth.”",0.9958627000451088,51,False,False
uz-en-0742,flores_devtest,742,uz,en,"Ikki minoraning balandligi 83 metrga yetadi, u uzunligi 378 metr hamda kengligi 3,5 m bo'lgan ikkita yo'lakchaga ega.","The two towers rise to a height of 83 meters, it's 378 meters long and it has two lanes of 3.50 m wide.",m2m100_1_2b,"The second minoraning reached 83 meters, with a length of 378 meters and a height of 3.5 meters.",0.4796487999847159,32,False,False
uz-en-0746,flores_devtest,746,uz,en,"Chako mintaqasida Guaykuru va Payagua kabi mahalliy qabilalarning boshqa guruhlari yashab, ular ovchilik, termachilik va baliq ovlash orqali hayotlarini saqlab qolishgan.","The Chaco region was home to other groups of indigenous tribes such as the Guaycurú and Payaguá, who survived by hunting, gathering and fishing.",m2m100_1_2b,"Those who are in the midst of the wicked, and those who are on the edge of the righteous, and they who are unto them, and who are not unto him, and whom he hath unto thee, shall be unto you.",1.5103174999821931,65,False,False
uz-en-0761,flores_devtest,761,uz,en,"Qish chalg'itadigan sovuq bo'lishi mumkin: haroratlar kamdan-ham hollarda muzlash nuqtasidan pastga tushadi, biroq shamol va namlik birlashgan holda termometr ko'rsatganiga qaraganda sovuqroqdek tuyulishi mumkin.","The winter can be deceptively chilly: temperatures rarely go below freezing, but the wind and humidity combine to make it feel colder than what the thermometer says.",m2m100_1_2b,Chennai  Madurai  Salem  Delhi  Mumbai  Pune  Bhopal  Trichy  Tirupur  coimbatore  Cuddalore  Dindigul  Erode  Kanchipuram  Karur  Nagapattinam  Namakkal  Perambalur  Ramanathapuram  Pudukkottai  Thanjavur  Theni  Thirunelveli  Hyderabad  Madras  Karnataka,1.9535133000463247,111,False,False
uz-en-0768,flores_devtest,768,uz,en,Apia Samoaning poytaxtidir. Shahar Upolu orolida va 40 000 nafardan kamroq aholiga ega.,"Apia is the capital of Samoa. The town is on the island of Upolu and has a population of just under 40,000.",m2m100_1_2b,"Apia Samoaning is an exotic species. Shahar has a population of 40,000 people in the world.",0.4037895000074059,28,False,False
uz-en-0771,flores_devtest,771,uz,en,Bitta Britaniya kreyseridan boshqa barcha kemalar cho'ktirilgan edi. 200 ga yaqin amerikalik va nemis halok bo'lgan.,"All the ships were sunk, except for one British cruiser. Nearly 200 American and German lives were lost.",m2m100_1_2b,"In the UK, there are only about 200 people who speak English or American.",0.31739760003983974,19,False,False
uz-en-0787,flores_devtest,787,uz,en,"Sho'r suv timsohlari okeanda ko'p uchramaydi, ularning asosiy yashash joyi Rokxemptondan shimolda joylashgan daryolarning quyilish joylaridir.","Saltwater Crocodiles do not actively live in the ocean, their primary habitat is in river estuaries north from Rockhampton.",m2m100_1_2b,"Sho'r swt did not wander in the ocean, and he said: ""The wanderers of the sea are in the sea, and the wanderer of the water is in the shore.""",0.8278800999978557,48,False,False
uz-en-0814,flores_devtest,814,uz,en,"Agar siz kechiktirish e'lon qilinishidan avval 2020-yil uchun reyslar va mehmonxonani buyurtna qilgan bo'lsangiz, siz qiyin vaziyatda qolishingiz mumkin.","If you booked your flights and accommodation for 2020 before the postponement was announced, you may have a tricky situation.",m2m100_1_2b,"If you do not know what you are doing in this world, then you will be able to understand what you have done in the world, and what you will do in the future.",0.7439747999887913,40,False,False
uz-en-0823,flores_devtest,823,uz,en,Sayyohlar o'z mintaqalarida noma'lum bo'lgan hayvon parazitlariga duch kelishlari mumkin.,Travellers may encounter animal pests that they are not familiar with in their home regions.,m2m100_1_2b,"They say, “I am a man, and I am a woman, and you are a man; you are the one who speaks to me.”",0.6487186000449583,34,False,False
uz-en-0827,flores_devtest,827,uz,en,"Og'ir soliqlarga ega mamlakatlarga boruvchi sayohatchilar ba'zi hollarda, ayniqsa, spirtli ichimliklar va tamaki mahsulotlari kabilardan anchagina pul tejab qolishlari mumkin.","Travellers bound for countries with heavy taxation can sometimes save a considerable amount of money, especially on products such as alcoholic beverages and tobacco.",m2m100_1_2b,"And they say to them, ""They are the people of the land, and they are the men of the earth, and the people who are the nations, and those who live in the land; and the men who are in the world, and all those who do not live in them.""",1.2946319000329822,64,False,False
uz-en-0831,flores_devtest,831,uz,en,"Qizig'i shuki, bu yerda mobil telefon xizmati, boshqa ko'p yo'nalishlarga qaraganda, masalan, Pensilvaniya Uayldzdan ko'ra ancha kuchliroq.","Curiously, though, mobile phone service is much stronger here than along many other stretches of the route, e.g. the Pennsylvania Wilds.",m2m100_1_2b,"Qizig shuki, this is a mobile phone call, and I’m in charge of the charger, the masalan, the Pennsylvanian Wayldz, and a little talk about it.",0.7575610000640154,48,False,False
uz-en-0857,flores_devtest,857,uz,en,"Yevropa nisbatan kichik, biroq ko'plab mustaqil davlatlarga ega bo'lgan qit'adir. Odatiy sharoitlarda bir nechta mamlakatlar bo'ylab sayohat qilish bir necha marta vizaga ariza topshirish va pasport nazoratidan o'tish kerakligini anglatadi.","Europe is a continent that is relatively small but with many independent countries. Under normal circumstances, travelling through multiple countries would mean having to go through visa applications and passport control multiple times.",m2m100_1_2b,Chennai  Madurai  Salem  Delhi  Mumbai  Pune  Bhopal  Trichy  Tirupur  coimbatore  Cuddalore  Dindigul  Erode  Kanchipuram  Karur  Nagapattinam  Namakkal  Perambalur  Ramanathapuram  Pudukkottai  Thanjavur  Theni  Thirunelveli  Hyderabad  Madras  Karnataka,2.066051800036803,111,False,False
uz-en-0885,flores_devtest,885,uz,en,Chet el hukumatlarining mazkur hujjatlarni hurmat qilishga tayyorligi xuddi shu darajada o'zgaruvchandir.,Willingness of foreign governments to honour these documents is just as widely variable.,m2m100_1_2b,"The Qur’an says that in the Qur’aan, the Qur'an is written in the words of the Prophet Muhammad (peace be upon him) and in the word of the Lord (prayer).",0.7028852999210358,48,False,False
uz-en-0902,flores_devtest,902,uz,en,Sahnalar piramidalar ustida namoyish etildi va turli xil piramidalar yoritildi.,The scenes are displayed on the pyramids and the different pyramids are lit up.,m2m100_1_2b,The scenes of the pyramids were shrouded and the pyramid was eroded.,0.4058546000160277,24,False,False
uz-en-0913,flores_devtest,913,uz,en,Akademik ta'tilni rejalashtirayotganlar orasida tobora ommalashib borayotgan tanlov – sayohat hamda o'rganishdir.,An increasingly more popular option for those planning a gap-year is to travel and learn.,m2m100_1_2b,Academic events are held in the city of Tenerife (Tennessee) and are organized by the National Academy of Sciences.,0.5981429000385106,33,False,False
uz-en-0950,flores_devtest,950,uz,en,Yana shimolda butun dunyoga mashhur bo'lgan Mariam onamizning ko'rinish joyi bo'lgan Fotima onamiz ibodatxonasiga (Muqaddas jiy) ham tashrif buyuring.,"Also to the north visit the great Sanctuary of Our Lady of Fatima (Shrine), a place of worldwide famous Marian apparitions.",m2m100_1_2b,In the Qur’an it is said that Mary was the son of the prophet (Maryam) and that she was the Son of the Prophet (Jesus).,0.6830645999871194,39,False,False
uz-en-0978,flores_devtest,978,uz,en,Fors tili nisbatan oson va aksariyat hollarda o'zgarmas grammatikaga ega.,Persian has a relatively easy and mostly regular grammar.,m2m100_1_2b,There is no such thing as grammatical or verbal.,0.23571129993069917,17,False,False
uz-en-0994,flores_devtest,994,uz,en,Ichki suv yo'llari ta'til uchun yaxshi mavzu bo'lishi mumkin.,Inland waterways can be a good theme to base a holiday around.,m2m100_1_2b,I am the one who gives the Qur’an to the Prophet Muhammad (peace and blessings be upon him).,0.5028310000197962,28,False,False
uz-ru-0063,flores_devtest,63,uz,ru,"Tarixchilar agentlikning muvaffaqiyat darajasini kuchaytirish uchun osongina hal qilish mumkin bo'lgan, ayniqsa avtomobil o'g'rilanishi bo'yicha ishlarga resurslarning qaratilganligi uchun FQB agentligining o'tmishdagi siyosatlarini tanqid qildilar.","Историки критикуют прошлую политику ФБР за то, что выделяла большую часть ресурсов на дела, которые легко раскрываются, особенно на дела об угоне автомобилей, с целью повышения уровня успешности работы агентства.",m2m100_1_2b,"В то же время, как и в случае с другими странами-членами Совета Безопасности ООН (ОБСЕ) и другими государствами-участниками Организации Объединенных Наций (ОООН), в соответствии со статьей 9 Конвенции о защите прав человека и прав человека, в соответствии с которой права человека, находящегося на территории Союза, должны быть защищены от дискриминации.",1.5936768000246957,98,False,False
uz-ru-0068,flores_devtest,68,uz,ru,"AQSH Prezidenti Jorj V. Bush, Osiyo bo'ylab bir haftalik sayohatini boshlab, 16-noyabr kuni tongda Singapurga yetib keldi.","Президент США Джордж Буш прибыл в Сингапур утром 16 ноября, начав свой недельный тур по Азии.",m2m100_1_2b,Президент США Джордж Буш объявил о своем еженедельном визите в Сингапур 16 ноября.,0.41268319997470826,30,False,False
uz-ru-0083,flores_devtest,83,uz,ru,"Katrina bo'roni vaqtida 20 fut balandlikdagi toshqinga guvoh bo'lgan to'qqizinchi bo'linma, suv yaqindagi to'g'ondan oshib o'tgani sababli, hozirda belgacha keladigan suv ostida qolgan.","Девятый административный район, затопленный на 20 футов во время урагана Катрина, сейчас по пояс залит водой, поскольку дамба, находящаяся неподалеку, оказалась недостаточно высокой, чтобы удержать воду.",m2m100_1_2b,"В то же время, как и в 20-х годах прошлого столетия, в 20-ти годах до н.э. было принято решение о том, что он должен был бы выйти замуж за своих родственников.",0.9913346999092028,54,False,False
uz-ru-0085,flores_devtest,85,uz,ru,Parlamentning quyi palatasi ma'muri Adam Kuerden o'tgan oyda Wikinews bilan suhbatida o'chirishlardan ranjiganini aytdi.,Администратор Commons Адам Керден выразил своё разочарование в связи с удалениями в своем разговоре  в прошлом месяце с Wikinews.,m2m100_1_2b,"В парламенте Адам Керден (Adam Kuerden) рассказал о том, как Wikinews оценивает ситуацию в Китае.",0.5600986999925226,35,False,False
uz-ru-0091,flores_devtest,91,uz,ru,"Olimlar qora materiya boshqa qora materiyaga xuddi odatiy materiya ta'sir qilgani kabi ta'sir ko'rsatadi, degan xulosaga kelishdi.","Ученые смогли сделать вывод, что темная материя воздействует на другую темную материю так же, как и в случае с обычной материей.",m2m100_1_2b,"В книге рассказывается о том, что в одном из книг, написанных в честь Иисуса Христа, говорится: «Клянусь Аллахом, Господь повелевает вам, чтобы вы были счастливы».",0.8452828000299633,56,False,False
uz-ru-0125,flores_devtest,125,uz,ru,"Ko'ngilsiz hodisa yuz bergan joy yaqinidagi garajda ishlayotgan kishi: ""U yerda yo'lni kesib o'tmoqchi bo'layotgan bolalar bor edi va ularning barchasi qichqirib yig'layotgandi"" deb aytdi.","Человек, работающий в гараже недалеко от того места, где произошла авария, сказал: ""Там стояли дети, которые ждали, чтобы перейти дорогу. Все они кричали и плакали.",m2m100_1_2b,"Он сказал: «Если кто-то из тех, кто пришел на землю, будет жить на земле, то они будут жить на ней, а кто-нибудь из них будет жить в ней» (Мф.",0.7597723000217229,50,False,False
uz-ru-0165,flores_devtest,165,uz,ru,1988-yildan beri ovoz beruvchilar va kuzatuvchilar boshlanishida konvertlar mavjud emasligi va mos tarzda sanalgan va vakolat berilgan ovoz beruvchilardan tashqari hech qanday konvertlar qo'shilmasligiga guvohlik bera olishlari uchun saylov qutilarining shaffof bo'lishi talab qilinadi.,"Начиная с 1988 года урны для избирательных бюллетеней должны быть прозрачными, чтобы избиратели и наблюдатели могли убедиться в том, что в начале голосования внутри нет конвертов и что к ним не добавлены какие-либо другие конверты, кроме конвертов тех людей, которых допустили к участию в голосовании и голоса которых подсчитали надлежащим образом.",m2m100_1_2b,"Начиная с 1988-го года, ученые пришли к выводу, что, несмотря на то, что они не знают о том, что происходило с ними, они не понимают, что произошло с ними.",0.8874308000085875,53,False,False
uz-ru-0179,flores_devtest,179,uz,ru,"Bu ikki hafta avval sovrin yutgan ""All Blacks"" jamoasi uchun oxirgi o'yin edi.","Этот матч стал последним для ""Олл Блэкс"", уже завоевавших кубок две недели назад.",m2m100_1_2b,На этой неделе он выступил в номинации «Все черные» (All Blacks).,0.31776570004876703,25,False,False
uz-ru-0195,flores_devtest,195,uz,ru,Fotosuratchi Ronald Reygan nomidagi UCLA Tibbiyot Markaziga yetkazilgan va keyinchalik u yerda vafot etgan.,"Фотограф был доставлен в медицинский центр имени Рональда Рейгана при  Калифорнийском университете в Лос-Анджелесе, где он впоследствии скончался.",m2m100_1_2b,Фотографии Рональда Рейгана с тибетским Тибетом Маркасом могут оказаться под угрозой.,0.6560937999747694,32,False,False
uz-ru-0225,flores_devtest,225,uz,ru,Rok guruhi AQSH va Kanadada 16-sentyabrga qadar gastrol safarida bo'lishi kerak edi.,Рок-группа должна была гастролировать по США и Канаде до 16 сентября.,m2m100_1_2b,Рок-гуру AQSH провел в Канаде 16-секундный тур по туризму.,0.4008234000066295,25,False,False
uz-ru-0277,flores_devtest,277,uz,ru,Madxya-Pradesh politsiyasi o'g'irlangan noutbuk hamda mobil telefonni qaytardi.,Полиция штата Мадхья-Прадеш вернула украденные ноутбук и мобильный телефон.,m2m100_1_2b,Мадагаскар-Прадесский политический саммит в Нью-Йорке вернул мобильный телефон.,0.45553579996339977,27,False,False
uz-ru-0356,flores_devtest,356,uz,ru,Sun'iy yo'ldosh yoki teleskopni kosmosga joylashtirish uchun 100 futdan ortiq balandlikdagi ulkan raketa talab qilinadi.,Для запуска в космос спутника или телескопа необходима гигантская ракета высотой более 100 футов.,m2m100_1_2b,"«Солнце» — это не телескоп, а спутниковый телескоп с ракетой-носителем на 100 миль.",0.4802273999666795,35,False,False
uz-ru-0364,flores_devtest,364,uz,ru,"Urg'ochilar, odatda, katta oilaning opa-singillari yoki qizi bo'lib, bir-biriga chambarchas bog'liqdir.",Самки обычно находятся друг с другом в родстве и составляют большую семью сестёр и дочерей.,m2m100_1_2b,"В этом и заключается истинная сущность того, что в Коране сказано: «Клянусь Аллахом, Аллах приветствует вас, ибо Аллах Всевышний сказал: «Поистине, Господь есть Всемогущий».",1.4060560000361875,60,False,False
uz-ru-0397,flores_devtest,397,uz,ru,"Kan'on yerlarida keng o'rmonlar yo'q edi, shu sababdan yog'och nihoyatda qimmat edi.","На земле Ханаана не было больших лесов, поэтому древесина была чрезвычайно дорогой.",m2m100_1_2b,"Иоанн (да благословит его Аллах и приветствует) сказал: «Иоанна (мир ему и благословение Аллаха) не было нигде в мире, ни на земле.",0.8766317000845447,50,False,False
uz-ru-0418,flores_devtest,418,uz,ru,"Italiya milliy futbol jamoasi Germaniya milliy futbol jamoasi qatori dunyodagi eng muvaffaqiyatli ikkinchi jamoa bo'lib, 2006-yilda FIFA Jahon chempionatida g'olib chiqqan.","Итальянская сборная по футболу, наряду с немецкой, является второй самой успешной командой в мире и в 2006 году выиграла Кубок мира ФИФА.",m2m100_1_2b,"Итальянский национальный футбольный клуб стал четвертым в мире футбольным клубом, выигравшим Чемпионат мира по футболу 2006 года.",0.6233776999870315,37,False,False
uz-ru-0423,flores_devtest,423,uz,ru,"Tayvanning boshlanishi 15-asrga borib taqaladi, bunda o'tib ketayotgan yevropalik dengizchilar orol nomini Ilha Formosa yoki go'zal orol deb yozib qoldirishadi.","Тайвань берёт своё начало много лет назад, в XV веке, когда европейские мореплаватели, проплывающие мимо, записали название острова как Ilha Formosa, или ""прекрасный остров"".",m2m100_1_2b,"В пятнадцатом веке, когда он был изгнан из тюрьмы, он был вынужден уйти из страны, где он был, но не мог умереть.",0.8300398000283167,44,False,False
uz-ru-0439,flores_devtest,439,uz,ru,"Uning keng qamrovli qudrati shohdan tortib, oddiy insongacha ta'sir qildi.",Её всепроникающая сила коснулась каждого - от короля до простолюдина.,m2m100_1_2b,"Они не смогли выжить, но пришли к нему из-за того, что они умерли.",0.5283556999638677,26,False,False
uz-ru-0442,flores_devtest,442,uz,ru,"Harbiy harakatlar xurujidan ko'p o'tmay, Britaniya Germaniyani dengizda blokada qilishni boshladi.",Вскоре после начала военных действий Британия устроила морскую блокаду Германии.,m2m100_1_2b,"Несмотря на то, что британские войска оказались в бедственном положении, немецкие войска перешли к блокаде.",0.5917377000441775,34,False,False
uz-ru-0447,flores_devtest,447,uz,ru,Birinchi jahon urushi vaqtida urush dahshatlari va vahshiyliklarini ko'rgan xalqlar kelajakda shu kabi holatlarning oldini olishni istaganlar.,"Познав ужасы и зверства Первой мировой войны, государства хотели избежать подобной ситуации в будущем.",m2m100_1_2b,"В то же время, как и в других городах, они несут ответственность за то, что они находятся в зоне беспорядков, в том числе и за их безопасность.",0.8690210999920964,43,False,False
uz-ru-0449,flores_devtest,449,uz,ru,"U AQSHga o'z nomidagi 4 sent, she'riy kitob va Charlz Batchelordan (oldingi ish joyidagi ish boshqaruvchisi) Tomas Edisonga tavsiyanoma bilan kelgandi.","Он приехал в США с четырьмя центами в кармане, книгой стихов и рекомендательным письмом от Чарльза Бэтчелора, который был его начальником на предыдущей работе, к Томасу Эдисону.",m2m100_1_2b,Спустя четыре года после смерти Чарльза Батчеллона (бывшего главу правительства США) Томас Эдисон (Tomas Edison) оказался в отставке.,0.7379693000111729,47,False,False
uz-ru-0491,flores_devtest,491,uz,ru,Moda poytaxti unvonining Konstantinopoldan Parijga o'tishi aynan shu vaqtda yuz berdi.,В этот момент и произошел переход титула Столицы Моды от Константинополя к Парижу.,m2m100_1_2b,"Мода на то, что Константинополь в Париже, или Париж в консервативном стиле.",0.4901417999062687,28,False,False
uz-ru-0502,flores_devtest,502,uz,ru,"Submadaniyat a'zolari ko'pincha o'z a'zoliklarini modalar, xulq-atvor va jargonlarni o'z ichiga olgan uslubdan o'ziga xos va ramziy foydalanish orqali namoyon etadilar.","Представители определенной субкультуры зачастую заявляют о своей принадлежности через своеобразное и символичное использование стиля, в том числе через моду, манеры и жаргон.",m2m100_1_2b,"Потому что, если бы они не были довольны тем, что они делают, то они могли бы быть уверены в том, что у них есть свои права и обязанности по отношению к тем, кого они хотят.",0.9062092999229208,52,False,False
uz-ru-0512,flores_devtest,512,uz,ru,"Bolalar e'tiborsizlikdan tortib, zo'ravonlik va hatto tovlamachilikka qadar turli sabablarga ko'ra homiylik parvarishiga topshiriladi.",Дети передаются под опеку по множеству разнообразных причин: от беспризорности до жестокого обращения и даже вымогательств.,m2m100_1_2b,"В то же время, они несут ответственность за то, что они совершают преступления, в том числе и в отношении тех, кто совершает преступления против них, а также в том, что им запрещено совершать преступления.",0.874471600051038,54,False,False
uz-ru-0540,flores_devtest,540,uz,ru,"Tibet buddizmi Budda ta'limotlariga asoslanadi, lekin muhabbatning mahayana yo'li bilan va hind yogasining ko'plab uslublari bilan kengaytirilgan.","Тибетский буддизм основан на учениях Будды, но был дополнен махаянским путем любви и множеством техник индийской йоги.",m2m100_1_2b,"Тибетский буддизм не ассоциируется с буддизмом, и он не имеет никакого отношения к буддизму.",0.7738700000336394,32,False,False
uz-ru-0552,flores_devtest,552,uz,ru,"Shu bilan birga Nemis dengiz floti, asosan, dengizosti qayiqlaridan foydalanib, ushbu transport harakatini to'xtatishga urinayotgandi.","В это же время немецкий военно-морской флот, используя в основном свои подводные лодки, пытался остановить это движение.",m2m100_1_2b,"Вместе с тем, он отметил, что в связи с переходом к морю, в том числе и в море, он был вынужден вернуться на территорию страны.",0.703983600018546,42,False,False
uz-ru-0631,flores_devtest,631,uz,ru,Vatikan shahri aholisi 800 kishi atrofida. U dunyodagi eng kichik mustaqil davlat va eng kam aholiga ega mamlakatdir.,"Население Ватикана составляет около 800 человек. Это самая маленькая независимая страна в мире, а также страна, имеющая наименьшее население.",m2m100_1_2b,"Восемьдесят восемь тысяч человек были убиты в результате нападения на Ватикана, что привело к тому, что правительство страны не смогло выйти из строя.",0.6830081000225618,45,False,False
uz-ru-0632,flores_devtest,632,uz,ru,Vatikan shahri qonunchilik va rasmiy muloqot uchun italyan tilini qo'llaydi.,В Ватикане используют итальянский язык в законодательстве и официальных сообщениях.,m2m100_1_2b,"В итальянском городе Ватикане, по его словам, были задержаны несколько человек.",0.4416105999844149,24,False,False
uz-ru-0636,flores_devtest,636,uz,ru,"Faylasuf Aristotel barcha narsa to'rt unsurning bir yoki bir nechtasi aralashmasidan tashkil topgan degan nazariyani ilgari surgan. Ularni tuproq, suv, havo va olov ekanligini aytib o'tgan.","Философ Аристотель считал, что всё состоит из смеси одного или нескольких из четырёх элементов. Это были земля, вода, воздух и огонь.",m2m100_1_2b,"Поистине, Аллах Всевышний сказал: «Ибо Аллах, да благословит его Аллах и приветствует, говорит: «Клянусь Аллахом, Я приветствую Аллаха, Который приветствовал Аллаха» (сура «Аль-Каида», аят 3).",1.3205189999425784,76,False,False
uz-ru-0676,flores_devtest,676,uz,ru,Yangi texnologiyalarning rivojlanishi bizga oldin hech qachon kuzatilmagan miyaning tuzilishi hamda ishlash jarayonini ko'rish va tadqiq etish imkon yaratdi.,Появление новых технологий позволяет нам увидеть и исследовать невиданные ранее структуры и процессы мозга.,m2m100_1_2b,"Итак, что же мы делаем для того, чтобы не допустить того, что мы создадим, и что мы сделаем для этого?",0.6263546000700444,33,False,False
uz-ru-0685,flores_devtest,685,uz,ru,Ekskursiyalarni virtual tarzda bo'lishish sayohat haqida fikr yuritish va kelasi darslar bilan tajriba almashish uchun ajoyib usuldir.,Выкладывание экскурсии в виртуальное пространство для всеобщего обозрения — это также отличный способ освежить в памяти экскурсию и поделиться своим полученными знаниями с будущими классами.,m2m100_1_2b,"Вместе с тем, по его словам, в ходе визита на территорию Боснии и Герцеговины, который проходит в рамках Всемирного дня борьбы с терроризмом (ВКЛ), было принято решение о прекращении боевых действий против террористической группировки.",1.080261000082828,69,False,False
uz-ru-0700,flores_devtest,700,uz,ru,Arablar bu yerlarga islomni ham olib kelishdi va bu Komor orollari hamda Mayottada katta ahamiyat kasb etdi.,"Арабы также принесли в этот регион ислам, особенно он укоренился на Коморах и Майотте.",m2m100_1_2b,"На этой земле, как и в других местах, обитают мусульмане, а на этом месте обитает мусульманский народ.",0.5874132999451831,36,False,False
uz-ru-0704,flores_devtest,704,uz,ru,Uzuk taqish ham foydali (shunchaki nihoyatda qimmat ko'rinmaydiganini.,Также полезно носить кольцо (только не слишком дорогое на вид).,m2m100_1_2b,"И не бойтесь, что в этом случае вы будете счастливы.",0.3309356999816373,19,False,False
uz-ru-0717,flores_devtest,717,uz,ru,"Yetishish imkoniyati nisbatan kamligi bilan birga, ""Timbuktu"" uzoq, ekzotik o'lkalar uchun metafora sifatida ishlatila boshlandi.","В связи со своей относительной недоступностью, ""Тимбукту"" стал метафорой экзотической дальней земли.",m2m100_1_2b,"Вместе с тем, он отметил, что в ходе встречи были обсуждены и другие вопросы, связанные с вопросом о том, будет ли «Аль-Каида» вынуждена вступать в конфликт с Россией.",0.819020799943246,57,False,False
uz-ru-0742,flores_devtest,742,uz,ru,"Ikki minoraning balandligi 83 metrga yetadi, u uzunligi 378 metr hamda kengligi 3,5 m bo'lgan ikkita yo'lakchaga ega.","Эти две башни достигают 83 метра в высоту, а сам мост 378 метров в длину и имеет две полосы движения шириной 3,5 метра.",m2m100_1_2b,"Две миниатюры достигли 83 метров в длину, а длина 378 метров – 3,5 метра.",0.3925120000494644,29,False,False
uz-ru-0746,flores_devtest,746,uz,ru,"Chako mintaqasida Guaykuru va Payagua kabi mahalliy qabilalarning boshqa guruhlari yashab, ular ovchilik, termachilik va baliq ovlash orqali hayotlarini saqlab qolishgan.","Область Чако служила домом для разных групп местных племен, например для Гуайкуру и Паягуа, они выживали при помощи охоты, собирательства и рыбалки.",m2m100_1_2b,"В то же время, если бы они не были вынуждены вступать в войну, они могли бы быть вынуждены вступить в вооруженные конфликты, в том числе и в связи с тем, что они были бы уничтожены, а также вследствие того, что на них возбуждено уголовное дело.",1.356322699924931,80,False,False
uz-ru-0761,flores_devtest,761,uz,ru,"Qish chalg'itadigan sovuq bo'lishi mumkin: haroratlar kamdan-ham hollarda muzlash nuqtasidan pastga tushadi, biroq shamol va namlik birlashgan holda termometr ko'rsatganiga qaraganda sovuqroqdek tuyulishi mumkin.","Зима может быть обманчиво холодной: температура редко опускается ниже нуля, но сочетание ветра и влажности воздуха создает ощущение более холодной погоды в сравнении с тем, что показывает термометр.",m2m100_1_2b,"Он сказал: «Он говорит: «Клянусь Аллахом, Аллах Всевышний Аллах, да благословит его Аллах и приветствует, да будет доволен им Аллах» (сура «Аль-Каида», аят 3).",0.9585834000026807,62,False,False
uz-ru-0768,flores_devtest,768,uz,ru,Apia Samoaning poytaxtidir. Shahar Upolu orolida va 40 000 nafardan kamroq aholiga ega.,Апиа – столица Самоа. Город расположен на острове Уполу и имеет население чуть менее 40 000 жителей.,m2m100_1_2b,Апиа Самоанинг - это поэтаксид. Шахар Уполу живет около 40 000 человек в мире.,0.40279199997894466,31,False,False
uz-ru-0771,flores_devtest,771,uz,ru,Bitta Britaniya kreyseridan boshqa barcha kemalar cho'ktirilgan edi. 200 ga yaqin amerikalik va nemis halok bo'lgan.,"Все корабли затонули, за исключением одного британского крейсера. Погибли около 200 американских и немецких моряков.",m2m100_1_2b,"По его словам, в Великобритании 200 человек, в том числе и американцев, не имеют права выходить замуж.",0.4764651000732556,30,False,False
uz-ru-0787,flores_devtest,787,uz,ru,"Sho'r suv timsohlari okeanda ko'p uchramaydi, ularning asosiy yashash joyi Rokxemptondan shimolda joylashgan daryolarning quyilish joylaridir.","Гребнистые крокодилы не ведут активную жизнь в океане, а их основная среда обитания — эстуарии рек к северу от Рокгемптона.",m2m100_1_2b,"В то же время, по его словам, он не может нести ответственность за то, что он сделал, но он должен быть готов к тому, чтобы сделать все, что в его распоряжении, чтобы защитить его.",0.7128523999126628,51,False,False
uz-ru-0814,flores_devtest,814,uz,ru,"Agar siz kechiktirish e'lon qilinishidan avval 2020-yil uchun reyslar va mehmonxonani buyurtna qilgan bo'lsangiz, siz qiyin vaziyatda qolishingiz mumkin.","Если вы забронировали авиабилеты и проживание на 2020 год до того, как было объявлено о переносе даты, у вас может возникнуть непростая ситуация.",m2m100_1_2b,"Если вы хотите, чтобы в 2020-м году в вашей стране было много людей, которые хотят, чтобы вы были счастливы, то вы должны помнить о том, что в этом году вы будете жить счастливо, и что вы должны сделать для того, чтобы это произошло.",0.977872799965553,64,False,False
uz-ru-0823,flores_devtest,823,uz,ru,Sayyohlar o'z mintaqalarida noma'lum bo'lgan hayvon parazitlariga duch kelishlari mumkin.,"Путешественники могут встретиться с животными-вредителями, которых они не видели в своих родных краях.",m2m100_1_2b,"Если вы говорите о том, что у вас есть паразиты, то это может быть связано с паразитами.",0.4892264000372961,29,False,False
uz-ru-0827,flores_devtest,827,uz,ru,"Og'ir soliqlarga ega mamlakatlarga boruvchi sayohatchilar ba'zi hollarda, ayniqsa, spirtli ichimliklar va tamaki mahsulotlari kabilardan anchagina pul tejab qolishlari mumkin.","Путешественники, направляющиеся в страны с высоким налогообложением, могут иногда сэкономить значительную сумму, особенно на таких товарах, как спиртные напитки и табак.",m2m100_1_2b,"Ибо, как говорится в Писании: «Клянусь Аллахом, Аллах Всевышний, да благословит его Аллах и приветствует, да приведет его в мир, и принесет ему благословение» (Иоан.",1.0357820999342948,63,False,False
uz-ru-0831,flores_devtest,831,uz,ru,"Qizig'i shuki, bu yerda mobil telefon xizmati, boshqa ko'p yo'nalishlarga qaraganda, masalan, Pensilvaniya Uayldzdan ko'ra ancha kuchliroq.","Однако, как ни странно, мобильная телефонная связь здесь намного лучше, чем на многих других участках маршрута, например в Пенсильвании Уайлдс.",m2m100_1_2b,"В этом месте, в том числе и в Киеве, есть мобильные телефоны, телефоны и т.д., а также телефонные разговоры с друзьями из Пенсильвании.",0.7738670000107959,46,False,False
uz-ru-0857,flores_devtest,857,uz,ru,"Yevropa nisbatan kichik, biroq ko'plab mustaqil davlatlarga ega bo'lgan qit'adir. Odatiy sharoitlarda bir nechta mamlakatlar bo'ylab sayohat qilish bir necha marta vizaga ariza topshirish va pasport nazoratidan o'tish kerakligini anglatadi.","Европа — относительно маленький континент, но на нём много независимых государств. В обычных обстоятельствах путешествие через множество стран означало бы необходимость подачи прошений для получения визы и многократного прохождения паспортного контроля.",m2m100_1_2b,"В то же время, как и в других странах Европы, а также в странах СНГ, в том числе и в Азии, в Европе и Азии (например, в Африке, Африке и Юго-Восточной Азии), а также на Ближнем Востоке, в странах Африки и Южной Америке (в частности, в Северной Америке) и в странах Латинской Америки (Венгрии и Индии).",2.4057814000407234,102,False,False
uz-ru-0885,flores_devtest,885,uz,ru,Chet el hukumatlarining mazkur hujjatlarni hurmat qilishga tayyorligi xuddi shu darajada o'zgaruvchandir.,Готовность зарубежных правительств выполнять свои обязательства по данным документам столь же весьма различна.,m2m100_1_2b,"В Коране сказано: «Клянусь Аллахом, Аллах даст вам наказание за то, что вы совершаете» (сура «Аль-Каида», аят 5).",0.692100299987942,48,False,False
uz-ru-0902,flores_devtest,902,uz,ru,Sahnalar piramidalar ustida namoyish etildi va turli xil piramidalar yoritildi.,"Сцены показывают на пирамидах, и разные пирамиды освещаются.",m2m100_1_2b,"Пирамиды были разрушены, а пирамиды разорваны.",0.3375709999818355,19,False,False
uz-ru-0913,flores_devtest,913,uz,ru,Akademik ta'tilni rejalashtirayotganlar orasida tobora ommalashib borayotgan tanlov – sayohat hamda o'rganishdir.,"Вариант, становящийся всё более популярным для тех, кто планирует взять академический год, это путешествовать и учиться.",m2m100_1_2b,"Учёные, работающие в академических кругах, несут ответственность за то, что они делают.",0.6129882999230176,28,False,False
uz-ru-0950,flores_devtest,950,uz,ru,Yana shimolda butun dunyoga mashhur bo'lgan Mariam onamizning ko'rinish joyi bo'lgan Fotima onamiz ibodatxonasiga (Muqaddas jiy) ham tashrif buyuring.,Севернее посетите также великий Храм Фатимской Богоматери (усыпальница) — место всемирно известных явлений Девы Марии.,m2m100_1_2b,"В Коране говорится о том, что Мариам (мир ему и благословение Аллаха) был одним из тех, кто слышал об этом в Коране (Исх.",0.843212699983269,45,False,False
uz-ru-0978,flores_devtest,978,uz,ru,Fors tili nisbatan oson va aksariyat hollarda o'zgarmas grammatikaga ega.,В персидском языке относительно лёгкая и в основном закономерная грамматика.,m2m100_1_2b,"В этом смысле они не имеют ни малейшего значения, кроме грамматики.",0.32379840000066906,23,False,False
uz-ru-0994,flores_devtest,994,uz,ru,Ichki suv yo'llari ta'til uchun yaxshi mavzu bo'lishi mumkin.,Внутренние водные пути могут стать хорошей темой для проведения какого-либо праздника.,m2m100_1_2b,"Иисус сказал: «О Аллах, да благословит его Аллах и приветствует!».",0.4085675000678748,26,False,False
uz-zh-0063,flores_devtest,63,uz,zh,"Tarixchilar agentlikning muvaffaqiyat darajasini kuchaytirish uchun osongina hal qilish mumkin bo'lgan, ayniqsa avtomobil o'g'rilanishi bo'yicha ishlarga resurslarning qaratilganligi uchun FQB agentligining o'tmishdagi siyosatlarini tanqid qildilar.",历史学家批判了联邦调查局的过往政策，这种政策会把资源集中到容易破获的案件上，尤以偷车案件居多，目的只在于提高该机构的成功破案率。,m2m100_1_2b,"經典說明,在《古蘭經》中所說的《古兰經》是指:『古蘭经』的意思是說:『聖經』是指「聖經」的意思,就是說:‘聖經’是指“聖經”的意思。",1.3810300000477582,66,False,False
uz-zh-0068,flores_devtest,68,uz,zh,"AQSH Prezidenti Jorj V. Bush, Osiyo bo'ylab bir haftalik sayohatini boshlab, 16-noyabr kuni tongda Singapurga yetib keldi.",美国总统乔治·沃克·布什于 11 月 16 日上午抵达新加坡，开始为期一周的亚洲之行。,m2m100_1_2b,美国总统乔治·布什(Jorj V. Bush)将于11月16日访问新加坡。,0.4593443999765441,28,False,False
uz-zh-0083,flores_devtest,83,uz,zh,"Katrina bo'roni vaqtida 20 fut balandlikdagi toshqinga guvoh bo'lgan to'qqizinchi bo'linma, suv yaqindagi to'g'ondan oshib o'tgani sababli, hozirda belgacha keladigan suv ostida qolgan.",“卡特里娜”飓风来袭时，第九区洪水水位一度高达 20 英尺，由于附近的防洪堤已经被淹没，目前水位已达齐腰深度。,m2m100_1_2b,"20 耶和華對我說:「你們要聽從我的話,因為你們所說的,就是你們的話,你們必定要聽見你的話,並且你們應當聽從你的話。",0.9534232000587508,54,False,False
uz-zh-0085,flores_devtest,85,uz,zh,Parlamentning quyi palatasi ma'muri Adam Kuerden o'tgan oyda Wikinews bilan suhbatida o'chirishlardan ranjiganini aytdi.,共享资源管理员亚当·库尔登 (Adam Cuerden) 上个月在接受维基新闻 (Wikinews) 采访时表达了他对删除相关内容的不满。,m2m100_1_2b,议会代表亚当·库尔登(Adam Kuerden)在维基百科的谈话中对希腊人进行了排名。,0.6000352000119165,36,False,False
uz-zh-0091,flores_devtest,91,uz,zh,"Olimlar qora materiya boshqa qora materiyaga xuddi odatiy materiya ta'sir qilgani kabi ta'sir ko'rsatadi, degan xulosaga kelishdi.",科学家们可以得出结论，暗物质对其他暗物质的影响方式与普通物质相同。,m2m100_1_2b,"經典的經典,在《古蘭經》和《聖經》中所說的,是經典中所寫的,就是經典中的經典。",0.8777414999203756,41,False,False
uz-zh-0125,flores_devtest,125,uz,zh,"Ko'ngilsiz hodisa yuz bergan joy yaqinidagi garajda ishlayotgan kishi: ""U yerda yo'lni kesib o'tmoqchi bo'layotgan bolalar bor edi va ularning barchasi qichqirib yig'layotgandi"" deb aytdi.",一名在事故发生地附近的车库立的工作人员说：“孩子们正等着过马路，并且都在大声尖叫，哭个不停。”,m2m100_1_2b,"他們說:「在大地上,有許多人說:『你們要在地上行走,你們必定在那裡行走;你們在那裏行走。",0.6317601000191644,45,False,False
uz-zh-0165,flores_devtest,165,uz,zh,1988-yildan beri ovoz beruvchilar va kuzatuvchilar boshlanishida konvertlar mavjud emasligi va mos tarzda sanalgan va vakolat berilgan ovoz beruvchilardan tashqari hech qanday konvertlar qo'shilmasligiga guvohlik bera olishlari uchun saylov qutilarining shaffof bo'lishi talab qilinadi.,自 1988 年以来，投票箱就必须是透明的，这样选民和观察员才能看到投票开始时箱内没有信封，还能看到除了那些及时统计过、有权投票的选民以外，没有其他人向箱内投入信封。,m2m100_1_2b,"從1988年起,他就曾經說過,從1989年以來,他曾經不斷改變自己,從而改變了自己,並且在1998年以後,他也曾經講到,從未改變過自己的生活方式,從不改變自己的工作方式,而是改變他的生活方式。",1.318996399990283,80,False,False
uz-zh-0179,flores_devtest,179,uz,zh,"Bu ikki hafta avval sovrin yutgan ""All Blacks"" jamoasi uchun oxirgi o'yin edi.",全黑队在两周前已经赢得了奖杯，而这场比赛是他们打的最后一场。,m2m100_1_2b,这一周是“所有黑人”(All Blacks)的最后一周。,0.2633986999280751,21,False,False
uz-zh-0195,flores_devtest,195,uz,zh,Fotosuratchi Ronald Reygan nomidagi UCLA Tibbiyot Markaziga yetkazilgan va keyinchalik u yerda vafot etgan.,这名摄影师被送往加州大学洛杉矶分校罗纳德·里根医疗中心，其后不治。,m2m100_1_2b,罗纳德·里根(Ronald Reygan)的摄影师可能对UCLA的Tibbiot Markaz的权力或权力表示怀疑。,0.7044942999491468,42,False,False
uz-zh-0225,flores_devtest,225,uz,zh,Rok guruhi AQSH va Kanadada 16-sentyabrga qadar gastrol safarida bo'lishi kerak edi.,这支摇滚乐队原定在美国和加拿大巡演，一直持续到 9 月 16 日。,m2m100_1_2b,"卡塔尔16日,在加拿大开车。",0.3018700999673456,15,False,False
uz-zh-0277,flores_devtest,277,uz,zh,Madxya-Pradesh politsiyasi o'g'irlangan noutbuk hamda mobil telefonni qaytardi.,中央邦警方追回了被盗的笔记本电脑和手机。,m2m100_1_2b,"马其顿 - 布拉德斯的政治和政治峰会结束了,并恢复了手机。",0.4253660999238491,28,False,False
uz-zh-0356,flores_devtest,356,uz,zh,Sun'iy yo'ldosh yoki teleskopni kosmosga joylashtirish uchun 100 futdan ortiq balandlikdagi ulkan raketa talab qilinadi.,要把卫星或望远镜送入太空，需要一枚超过 100 英尺高的巨型火箭。,m2m100_1_2b,"太阳不是太空望远镜,而是100个火箭发射器。",0.40581859997473657,22,False,False
uz-zh-0364,flores_devtest,364,uz,zh,"Urg'ochilar, odatda, katta oilaning opa-singillari yoki qizi bo'lib, bir-biriga chambarchas bog'liqdir.",作为大家庭里的姐妹和女儿，雌性之间通常彼此关系密切。,m2m100_1_2b,"天下人,天下之人,地上之人;天下者,地下之民,地上的众人,人间之人。",0.5965358000248671,37,False,False
uz-zh-0397,flores_devtest,397,uz,zh,"Kan'on yerlarida keng o'rmonlar yo'q edi, shu sababdan yog'och nihoyatda qimmat edi.",迦南没有大森林，所以木材非常昂贵。,m2m100_1_2b,"古蘭經中說,猶太人曾經在猶太教中受苦,並且曾經受苦。",0.5873955000424758,30,False,False
uz-zh-0418,flores_devtest,418,uz,zh,"Italiya milliy futbol jamoasi Germaniya milliy futbol jamoasi qatori dunyodagi eng muvaffaqiyatli ikkinchi jamoa bo'lib, 2006-yilda FIFA Jahon chempionatida g'olib chiqqan.",意大利国家足球队和德国国家足球队都是世界上第二成功的球队，在 2006 年拿下了足球世界杯冠军。,m2m100_1_2b,意大利国家足球俱乐部是2006年国际足联年度锦标赛的第四届世界杯冠军。,0.6333876000717282,28,False,False
uz-zh-0423,flores_devtest,423,uz,zh,"Tayvanning boshlanishi 15-asrga borib taqaladi, bunda o'tib ketayotgan yevropalik dengizchilar orol nomini Ilha Formosa yoki go'zal orol deb yozib qoldirishadi.",西方对台湾的了解可以追溯到 15 世纪。当时路过的欧洲水手将该岛命名为“福尔摩沙岛”(Ilha Formosa)，意思是美丽的岛屿。,m2m100_1_2b,15 耶和華說:「你們要為你們所受的刑罰而受刑罰。,0.7822332000359893,26,False,False
uz-zh-0439,flores_devtest,439,uz,zh,"Uning keng qamrovli qudrati shohdan tortib, oddiy insongacha ta'sir qildi.",从国王到平民，它遍布十方的力量影响着每一个人。,m2m100_1_2b,"眾生都曾經被人所迷惑,曾經是被人迷惑的,也曾經遭到人們的迷惑。",0.5100933000212535,35,False,False
uz-zh-0442,flores_devtest,442,uz,zh,"Harbiy harakatlar xurujidan ko'p o'tmay, Britaniya Germaniyani dengizda blokada qilishni boshladi.",敌对行动爆发后不久，英国开始对德国实施海上封锁。,m2m100_1_2b,"德意志武装部队在战争中遭到打击,而英国则在德国的封锁中陷入困境。",0.4698248999193311,34,False,False
uz-zh-0447,flores_devtest,447,uz,zh,Birinchi jahon urushi vaqtida urush dahshatlari va vahshiyliklarini ko'rgan xalqlar kelajakda shu kabi holatlarning oldini olishni istaganlar.,目睹第一次世界大战中的肆虐残暴后，各国都渴望避免重蹈覆辙。,m2m100_1_2b,"古蘭經中說,古蘭教的宗族和宗族,都曾經被稱為「族」的,但他們卻被稱作“族”的。",0.6793651999905705,44,False,False
uz-zh-0449,flores_devtest,449,uz,zh,"U AQSHga o'z nomidagi 4 sent, she'riy kitob va Charlz Batchelordan (oldingi ish joyidagi ish boshqaruvchisi) Tomas Edisonga tavsiyanoma bilan kelgandi.",他在抵达美国时，身上带着 4 美分、一本诗集，还有一封查尔斯•巴舍勒（Charles Batchelor）（他前份工作的经理）写给托马斯•爱迪生（Thomas Edison）的推荐信。,m2m100_1_2b,"四年后,他就曾在《古兰经》中提到过,他曾为此作过一项工作,并以此为主。",0.5329579999670386,38,False,False
uz-zh-0491,flores_devtest,491,uz,zh,Moda poytaxti unvonining Konstantinopoldan Parijga o'tishi aynan shu vaqtda yuz berdi.,正是在这个时候，时尚之都的称号从君士坦丁堡转移到了巴黎。,m2m100_1_2b,"巴黎和君士坦丁堡的时尚风格,在这个时候就很明显。",0.45735609997063875,25,False,False
uz-zh-0502,flores_devtest,502,uz,zh,"Submadaniyat a'zolari ko'pincha o'z a'zoliklarini modalar, xulq-atvor va jargonlarni o'z ichiga olgan uslubdan o'ziga xos va ramziy foydalanish orqali namoyon etadilar.",亚文化群体的成员，常常会象征性地利用独特的行事风格来表明他们的成员身份，包括时尚服装、举止和黑话。,m2m100_1_2b,"以色列人,不論是他們的祖先,還是他們的宗族,都曾經說過:『你們應當遵守你的命令,你們要遵守我的命令。",0.7981087999651209,49,False,False
uz-zh-0512,flores_devtest,512,uz,zh,"Bolalar e'tiborsizlikdan tortib, zo'ravonlik va hatto tovlamachilikka qadar turli sabablarga ko'ra homiylik parvarishiga topshiriladi.",孩子们因为各种原因被寄养，原因有被忽视、被虐待，甚至是被勒索。,m2m100_1_2b,"者,者也,之者,其所为也,以之为主,而之之者也。",0.4943918000208214,33,False,False
uz-zh-0540,flores_devtest,540,uz,zh,"Tibet buddizmi Budda ta'limotlariga asoslanadi, lekin muhabbatning mahayana yo'li bilan va hind yogasining ko'plab uslublari bilan kengaytirilgan.",藏传佛教以佛陀的教义为基础，但通过大乘佛教的普世之爱和印度瑜伽的许多技巧得到了拓展。,m2m100_1_2b,"西藏的佛教與佛教的界限有關,他談論了西藏人和佛教徒的關係。",0.711911000078544,32,False,False
uz-zh-0552,flores_devtest,552,uz,zh,"Shu bilan birga Nemis dengiz floti, asosan, dengizosti qayiqlaridan foydalanib, ushbu transport harakatini to'xtatishga urinayotgandi.",与此同时，以 U 型潜艇为主力的德国海军试图拦截这场运输。,m2m100_1_2b,"海洋,海洋和海洋;海洋、海洋与海洋的关系;海水和海水的关系,海水与海水之间的关系,以及海洋之间的关系。",0.6250262000830844,46,False,False
uz-zh-0631,flores_devtest,631,uz,zh,Vatikan shahri aholisi 800 kishi atrofida. U dunyodagi eng kichik mustaqil davlat va eng kam aholiga ega mamlakatdir.,梵蒂冈城的人口大约有 800 人。它是世界上最小的独立国家，也是人口最少的国家。,m2m100_1_2b,"八百人被污,一百人受害,一千人被杀;一千万人被毁,二千人受伤,三千人死亡。",0.5705916999140754,41,False,False
uz-zh-0632,flores_devtest,632,uz,zh,Vatikan shahri qonunchilik va rasmiy muloqot uchun italyan tilini qo'llaydi.,梵蒂冈城在法律法规和官方通信中使用意大利语。,m2m100_1_2b,"梵蒂冈的圣地,是意大利人的圣地。",0.215052800020203,17,False,False
uz-zh-0636,flores_devtest,636,uz,zh,"Faylasuf Aristotel barcha narsa to'rt unsurning bir yoki bir nechtasi aralashmasidan tashkil topgan degan nazariyani ilgari surgan. Ularni tuproq, suv, havo va olov ekanligini aytib o'tgan.",哲学家亚里士多德提出一种理论，即任何事物都是由土、水、空气和火四种元素中的一种或多种组成的。,m2m100_1_2b,"古蘭經中說:「你們在天堂裡面,在地獄裡面;你們要在地狱裡面生活,在大地裏面生活。",1.1748332000570372,41,False,False
uz-zh-0676,flores_devtest,676,uz,zh,Yangi texnologiyalarning rivojlanishi bizga oldin hech qachon kuzatilmagan miyaning tuzilishi hamda ishlash jarayonini ko'rish va tadqiq etish imkon yaratdi.,新技术的兴起让我们能够看到和研究大脑的结构和工作过程，这些是以前从未见过的。,m2m100_1_2b,"我們所創造的萬物,是萬物所造的;萬物的創造者,是万物的造物主。",0.5969167000148445,34,False,False
uz-zh-0685,flores_devtest,685,uz,zh,Ekskursiyalarni virtual tarzda bo'lishish sayohat haqida fikr yuritish va kelasi darslar bilan tajriba almashish uchun ajoyib usuldir.,以虚拟方式分享实地考察，也是回顾行程以及与以后班级分享经验的好办法。,m2m100_1_2b,"在虚拟风格的游览中,关于博尔西斯的观点在当地和其他地方是非常有趣的,因为它是无可奈何的。",0.6053698000032455,41,False,False
uz-zh-0700,flores_devtest,700,uz,zh,Arablar bu yerlarga islomni ham olib kelishdi va bu Komor orollari hamda Mayottada katta ahamiyat kasb etdi.,阿拉伯人也把伊斯兰教带到了这片土地，这一教义在科摩罗和马约特国家盛行。,m2m100_1_2b,"地上的人們都曾經把這塊土地當作一塊大地,因為那塊土地是屬於他們的,而這塊地卻是屬于他們的。",0.6644548999611288,43,False,False
uz-zh-0704,flores_devtest,704,uz,zh,Uzuk taqish ham foydali (shunchaki nihoyatda qimmat ko'rinmaydiganini.,戴戒指也会有帮助（但不要戴看上去太贵的戒指。,m2m100_1_2b,"至於你們的恐懼,你們也必定要害怕。",0.4718372999923304,21,False,False
uz-zh-0717,flores_devtest,717,uz,zh,"Yetishish imkoniyati nisbatan kamligi bilan birga, ""Timbuktu"" uzoq, ekzotik o'lkalar uchun metafora sifatida ishlatila boshlandi.",又因为相对偏僻，“廷巴克图”被用来比喻遥远的异国他乡。,m2m100_1_2b,"」他說:「你們所說的,是因為你們的靈魂,是因你的靈魂而受造的;你們是因你們而被造的。",0.7613598000025377,43,False,False
uz-zh-0742,flores_devtest,742,uz,zh,"Ikki minoraning balandligi 83 metrga yetadi, u uzunligi 378 metr hamda kengligi 3,5 m bo'lgan ikkita yo'lakchaga ega.",两座桥塔高 83 米，桥的长度为 378 米，有两条 3.50米宽的车道。,m2m100_1_2b,"兩個小型飛行機的長度為83米,長度是378米,而距離是3.5米。",0.531719799968414,32,False,False
uz-zh-0746,flores_devtest,746,uz,zh,"Chako mintaqasida Guaykuru va Payagua kabi mahalliy qabilalarning boshqa guruhlari yashab, ular ovchilik, termachilik va baliq ovlash orqali hayotlarini saqlab qolishgan.",查科 (Chaco) 地区是瓜伊库鲁 (Guaycuru) 和帕亚瓜 (Payagua) 等其他土著部落的家园，他们靠狩猎、采集和捕鱼为生。,m2m100_1_2b,"其次,他将以“”,“”和“”()为主,并将“()”与“”。",0.7020073999883607,37,False,False
uz-zh-0761,flores_devtest,761,uz,zh,"Qish chalg'itadigan sovuq bo'lishi mumkin: haroratlar kamdan-ham hollarda muzlash nuqtasidan pastga tushadi, biroq shamol va namlik birlashgan holda termometr ko'rsatganiga qaraganda sovuqroqdek tuyulishi mumkin.",冬天可能会比看上去显得更冷：温度很少低于零度，但当风和湿度结合在一起，会让人感觉比温度计显示的温度要冷。,m2m100_1_2b,"古蘭經中說:『你們所說的,就是說:你們在地上所作的,在地裡所作的事,是說:‘你們要在地裏所做的事,就是在地上的事。",1.0621430999599397,56,False,False
uz-zh-0768,flores_devtest,768,uz,zh,Apia Samoaning poytaxtidir. Shahar Upolu orolida va 40 000 nafardan kamroq aholiga ega.,阿皮亚是萨摩亚的首都。该城镇位于乌波卢（Upolu）岛上，人口数量不足 4 万。,m2m100_1_2b,阿皮亚是萨摩安的产物。 沙哈尔拥有超过4万名成年人。,0.3871148000471294,28,False,False
uz-zh-0771,flores_devtest,771,uz,zh,Bitta Britaniya kreyseridan boshqa barcha kemalar cho'ktirilgan edi. 200 ga yaqin amerikalik va nemis halok bo'lgan.,除了一艘英国巡航舰外，其余船只悉数沉没。近 200 名美国人和德国人丧失生命。,m2m100_1_2b,"英國有兩百個國家的國籍,美國有兩千個國籍。",0.4621478000190109,23,False,False
uz-zh-0787,flores_devtest,787,uz,zh,"Sho'r suv timsohlari okeanda ko'p uchramaydi, ularning asosiy yashash joyi Rokxemptondan shimolda joylashgan daryolarning quyilish joylaridir.",咸水鳄的主要栖息地并非海洋，而是罗克汉普顿 (Rockhampton) 北部的河口。,m2m100_1_2b,"朱元在《古兰经》中写道:《古蘭经》说:‘以色列人必定要在海洋中活下去,因为他们在海中活着,他们必定在海上活着。",0.8271560999564826,56,False,False
uz-zh-0814,flores_devtest,814,uz,zh,"Agar siz kechiktirish e'lon qilinishidan avval 2020-yil uchun reyslar va mehmonxonani buyurtna qilgan bo'lsangiz, siz qiyin vaziyatda qolishingiz mumkin.",如果你在宣布推迟之前预订了 2020 年的航班和住宿，则可能会面临棘手的情况。,m2m100_1_2b,"假如你們在《古蘭經》中所說的,你們將會在那裡生活,而你們會在這裏生活,因為你們要在那裏生活。",0.7063645999878645,46,False,False
uz-zh-0823,flores_devtest,823,uz,zh,Sayyohlar o'z mintaqalarida noma'lum bo'lgan hayvon parazitlariga duch kelishlari mumkin.,旅行者可能会遇到在家乡不常见的有害动物。,m2m100_1_2b,"他們說:「你們要怎樣,你們就怎樣;你們怎樣呢?你們是怎樣的。",0.42079959996044636,32,False,False
uz-zh-0827,flores_devtest,827,uz,zh,"Og'ir soliqlarga ega mamlakatlarga boruvchi sayohatchilar ba'zi hollarda, ayniqsa, spirtli ichimliklar va tamaki mahsulotlari kabilardan anchagina pul tejab qolishlari mumkin.",前往课征重税的国家/地区的旅客有时可以省下一大笔钱，在这些地方购买酒水和烟草等产品特别划算。,m2m100_1_2b,"古蘭經說:「人們在大地上,不論在地上或在地上的東西,都會被人們所欺騙,因為他們的罪惡和罪惡,在他們的手中,也會被他們所欺負。",0.96850020007696,59,False,False
uz-zh-0831,flores_devtest,831,uz,zh,"Qizig'i shuki, bu yerda mobil telefon xizmati, boshqa ko'p yo'nalishlarga qaraganda, masalan, Pensilvaniya Uayldzdan ko'ra ancha kuchliroq.",不过，令人奇怪的是，这里的手机服务比沿途的许多其他路线（例如宾夕法尼亚州荒原）要强得多。,m2m100_1_2b,"此时此刻,这座城市的地下室里,有一座小屋,一座大厦,一个小镇,一个大厦。",0.5058004000457004,36,False,False
uz-zh-0857,flores_devtest,857,uz,zh,"Yevropa nisbatan kichik, biroq ko'plab mustaqil davlatlarga ega bo'lgan qit'adir. Odatiy sharoitlarda bir nechta mamlakatlar bo'ylab sayohat qilish bir necha marta vizaga ariza topshirish va pasport nazoratidan o'tish kerakligini anglatadi.",欧洲是片面积相对较小但有着许多独立国家的大陆。在通常情况下，穿越多个国家旅行意味着必须多次经历签证申请和护照检查。,m2m100_1_2b,"以色列人,在他們的國度裡,有許多人說:「你們要在地獄裡活下去,因為你們在那裡活著,你們必定要在那裏活下去。",0.7097302000038326,51,False,False
uz-zh-0885,flores_devtest,885,uz,zh,Chet el hukumatlarining mazkur hujjatlarni hurmat qilishga tayyorligi xuddi shu darajada o'zgaruvchandir.,外国政府对这些文件的认可程度也千差万别。,m2m100_1_2b,"至于《古兰经》中所述的“法”是“法”,而“法则”则是“权利”。",0.45798519998788834,33,False,False
uz-zh-0902,flores_devtest,902,uz,zh,Sahnalar piramidalar ustida namoyish etildi va turli xil piramidalar yoritildi.,场景在金字塔上展示，不同的金字塔被点亮。,m2m100_1_2b,"金字塔的雕像被打破,金字架被拆除。",0.36074370006099343,21,False,False
uz-zh-0913,flores_devtest,913,uz,zh,Akademik ta'tilni rejalashtirayotganlar orasida tobora ommalashib borayotgan tanlov – sayohat hamda o'rganishdir.,对于那些计划怎么度过空档年的人来说，游学成为越来越受欢迎的选择。,m2m100_1_2b,"学术界的学者们,在学术领域中,都很高兴,因为他们是学者,而不是学者。",0.6053132000379264,34,False,False
uz-zh-0950,flores_devtest,950,uz,zh,Yana shimolda butun dunyoga mashhur bo'lgan Mariam onamizning ko'rinish joyi bo'lgan Fotima onamiz ibodatxonasiga (Muqaddas jiy) ham tashrif buyuring.,也可以到北部参观法蒂玛圣母院（圣地），它是举世闻名的圣母玛丽亚显现之地。,m2m100_1_2b,"耶稣基督的圣母玛丽亚(Maryam)在耶稣的圣所里,在圣所中,有许多人说过:‘我要向你祈祷,我要为你祈求,因为你要为我祈祷。",1.0119121000170708,61,False,False
uz-zh-0978,flores_devtest,978,uz,zh,Fors tili nisbatan oson va aksariyat hollarda o'zgarmas grammatikaga ega.,波斯语的语法大多相对简单，有规律可循。,m2m100_1_2b,"其次,在文学上,不论是文学,还是文学中,都不是文学。",0.42918489989824593,28,False,False
uz-zh-0994,flores_devtest,994,uz,zh,Ichki suv yo'llari ta'til uchun yaxshi mavzu bo'lishi mumkin.,内陆水道可以作为假期游玩的一个不错的主题。,m2m100_1_2b,以色列人說:「你們要為耶和華所賜的恩典而祈禱。,0.5627785000251606,26,False,False
zh-en-0063,flores_devtest,63,zh,en,历史学家批判了联邦调查局的过往政策，这种政策会把资源集中到容易破获的案件上，尤以偷车案件居多，目的只在于提高该机构的成功破案率。,"Historians have criticized past FBI policies for focusing resources on cases which are easy to solve, especially stolen car cases, with the intent of boosting the agency's success rate.",m2m100_1_2b,"Historians have criticized the FBI’s past policy of concentrating resources on cases that are easy to break, especially car theft cases, with the sole aim of increasing the agency’s success rate.",0.8153377000708133,50,False,False
zh-en-0068,flores_devtest,68,zh,en,美国总统乔治·沃克·布什于 11 月 16 日上午抵达新加坡，开始为期一周的亚洲之行。,"U.S. President George W. Bush arrived in Singapore the morning of November 16, beginning a week-long tour of Asia.",m2m100_1_2b,U.S. President George W. Bush arrived in Singapore on the morning of November 16 to begin a week-long trip to Asia.,0.48364900005981326,32,False,False
zh-en-0083,flores_devtest,83,zh,en,“卡特里娜”飓风来袭时，第九区洪水水位一度高达 20 英尺，由于附近的防洪堤已经被淹没，目前水位已达齐腰深度。,"The Ninth Ward, which saw flooding as high as 20 feet during Hurricane Katrina, is currently in waist-high water as the nearby levee was overtopped.",m2m100_1_2b,"At the time of Hurricane Katrina, the flood level of District 9 once reached 20 feet, and as nearby floodproofs have been flooded, the water level has now reached a peak of depth.",0.9537686000112444,55,False,False
zh-en-0085,flores_devtest,85,zh,en,共享资源管理员亚当·库尔登 (Adam Cuerden) 上个月在接受维基新闻 (Wikinews) 采访时表达了他对删除相关内容的不满。,Commons Administrator Adam Cuerden expressed his frustration over the deletions when he spoke to Wikinews last month.,m2m100_1_2b,Shared resource administrator Adam Cuerden last month expressed his dissatisfaction with the removal of related content in an interview with Wikinews.,0.5158431000309065,37,False,False
zh-en-0091,flores_devtest,91,zh,en,科学家们可以得出结论，暗物质对其他暗物质的影响方式与普通物质相同。,The scientists were able to conclude that the dark matter affect other dark matter in the same way regular matter does.,m2m100_1_2b,Scientists can conclude that dark matter affects other dark matter in the same way as ordinary matter.,0.34823110001161695,26,False,False
zh-en-0125,flores_devtest,125,zh,en,一名在事故发生地附近的车库立的工作人员说：“孩子们正等着过马路，并且都在大声尖叫，哭个不停。”,"A person working in a garage near where the accident occurred said: ""There were children waiting to cross the road and they were all screaming and crying.""",m2m100_1_2b,"A garage worker standing near the scene said: “Children were waiting across the road, screaming and crying all the time.”",0.532898599980399,33,False,False
zh-en-0165,flores_devtest,165,zh,en,自 1988 年以来，投票箱就必须是透明的，这样选民和观察员才能看到投票开始时箱内没有信封，还能看到除了那些及时统计过、有权投票的选民以外，没有其他人向箱内投入信封。,"Since 1988, ballot boxes must be transparent so that voters and observers can witness that no envelopes are present at the start of the vote and that no envelopes are added except those of the duly counted and authorized voters.",m2m100_1_2b,"Since 1988, voting boxes must be transparent, so that voters and observers can see that no envelope is in the box at the start of the vote, and that no one else puts the envelopes into the box except those voters who are timely counted and entitled to vote.",1.1109271999448538,71,False,False
zh-en-0179,flores_devtest,179,zh,en,全黑队在两周前已经赢得了奖杯，而这场比赛是他们打的最后一场。,"It was the final match for the All Blacks, who had already won the trophy two weeks ago.",m2m100_1_2b,"All Black had won the cup two weeks ago, and this was their last game.",0.24870080000255257,20,False,False
zh-en-0195,flores_devtest,195,zh,en,这名摄影师被送往加州大学洛杉矶分校罗纳德·里根医疗中心，其后不治。,"The photographer was transported to Ronald Reagan UCLA Medical Center, where he subsequently died.",m2m100_1_2b,"The photographer was sent to the Ronald Reagan Medical Center at the University of California, Los Angeles, after which he was untreated.",0.5753153000259772,32,False,False
zh-en-0225,flores_devtest,225,zh,en,这支摇滚乐队原定在美国和加拿大巡演，一直持续到 9 月 16 日。,The rock band was due to tour the United States and Canada until September 16.,m2m100_1_2b,The band was originally scheduled to tour the United States and Canada until September 16.,0.3187420000322163,21,False,False
zh-en-0277,flores_devtest,277,zh,en,中央邦警方追回了被盗的笔记本电脑和手机。,The Madhya Pradesh Police recovered the stolen laptop and mobile phone.,m2m100_1_2b,Central state police recovered the stolen laptops and mobile phones.,0.303819700027816,19,False,False
zh-en-0356,flores_devtest,356,zh,en,要把卫星或望远镜送入太空，需要一枚超过 100 英尺高的巨型火箭。,It takes a giant rocket over a 100 feet high to put a satellite or telescope in space.,m2m100_1_2b,"To send a satellite or telescope into space, a giant rocket more than 100 feet tall is needed.",0.4212068999186158,29,False,False
zh-en-0364,flores_devtest,364,zh,en,作为大家庭里的姐妹和女儿，雌性之间通常彼此关系密切。,"The females are usually closely related to each other, being a large family of sisters and daughters.",m2m100_1_2b,"As sisters and daughters in a large family, females are usually closely related to each other.",0.41640470002312213,26,False,False
zh-en-0397,flores_devtest,397,zh,en,迦南没有大森林，所以木材非常昂贵。,"There were no large forests in the land of Canaan, so wood was extremely expensive.",m2m100_1_2b,"Canaan has no large forests, so wood is very expensive.",0.29187049996107817,18,False,False
zh-en-0418,flores_devtest,418,zh,en,意大利国家足球队和德国国家足球队都是世界上第二成功的球队，在 2006 年拿下了足球世界杯冠军。,"Italy's national football, along with German national football team is the second most successful team in the world and were the FIFA World Cup champions in 2006.",m2m100_1_2b,"The Italian national team and the German national team were both the second most successful teams in the world, winning the 2006 World Cup in football.",0.5122772000031546,32,False,False
zh-en-0423,flores_devtest,423,zh,en,西方对台湾的了解可以追溯到 15 世纪。当时路过的欧洲水手将该岛命名为“福尔摩沙岛”(Ilha Formosa)，意思是美丽的岛屿。,"Taiwan beginning start way back in 15th century where European sailors passing by record the island’s name as Ilha Formosa, or beautiful island.",m2m100_1_2b,"Western knowledge of Taiwan dates back to the 15th century, when European sailors passed through the island and named it Ilha Formosa, meaning beautiful island.",0.4886159000452608,38,False,False
zh-en-0439,flores_devtest,439,zh,en,从国王到平民，它遍布十方的力量影响着每一个人。,Its all-pervading power affected everyone from king to commoner.,m2m100_1_2b,"From the king to the civilians, its power spreads all over the world and affects everyone.",0.43703340005595237,25,False,False
zh-en-0442,flores_devtest,442,zh,en,敌对行动爆发后不久，英国开始对德国实施海上封锁。,"Soon after the outbreak of hostilities, Britain initiated a naval blockade of Germany.",m2m100_1_2b,"Shortly after the outbreak of hostilities, Britain began to impose a maritime blockade on Germany.",0.3931196000194177,28,False,False
zh-en-0447,flores_devtest,447,zh,en,目睹第一次世界大战中的肆虐残暴后，各国都渴望避免重蹈覆辙。,"After seeing the horrors and atrocities of war during World War I, nations desired to avoid such a situation again in the future.",m2m100_1_2b,"After witnessing the widespread brutality of the First World War, nations are eager to avoid repeating the same.",0.5507090999744833,32,False,False
zh-en-0449,flores_devtest,449,zh,en,他在抵达美国时，身上带着 4 美分、一本诗集，还有一封查尔斯•巴舍勒（Charles Batchelor）（他前份工作的经理）写给托马斯•爱迪生（Thomas Edison）的推荐信。,"He arrived in the US with 4 cents to his name, a book of poetry, and a letter of recommendation from Charles Batchelor (his manager in his previous job) to Thomas Edison.",m2m100_1_2b,"When he arrived in the United States, he carried 4 cents, a collection of poems and a recommendation letter written by Charles Batchelor (his former manager) to Thomas Edison.",0.7651368000078946,45,False,False
zh-en-0491,flores_devtest,491,zh,en,正是在这个时候，时尚之都的称号从君士坦丁堡转移到了巴黎。,It was at this time that the transfer of the title of Fashion Capital from Constantinople to Paris was made.,m2m100_1_2b,It was at this time that the title of Fashion Capital moved from Constantinople to Paris.,0.3964711999287829,21,False,False
zh-en-0502,flores_devtest,502,zh,en,亚文化群体的成员，常常会象征性地利用独特的行事风格来表明他们的成员身份，包括时尚服装、举止和黑话。,"Members of a subculture often signal their membership through a distinctive and symbolic use of style, which includes fashions, mannerisms, and argot.",m2m100_1_2b,"Members of subculture groups often use unique behaviors to symbolize their membership, including fashion clothing, behavior and speech.",0.53026500006672,35,False,False
zh-en-0512,flores_devtest,512,zh,en,孩子们因为各种原因被寄养，原因有被忽视、被虐待，甚至是被勒索。,"Children are placed in Foster Care for a wide variety of reasons that range from neglect, to abuse, and even to extortion.",m2m100_1_2b,"Children are adopted for a variety of reasons, being neglected, abused, and even blackmailed.",0.49098320002667606,27,False,False
zh-en-0540,flores_devtest,540,zh,en,藏传佛教以佛陀的教义为基础，但通过大乘佛教的普世之爱和印度瑜伽的许多技巧得到了拓展。,"The Tibetan Buddhism is based on the teachings of Buddha, but were extended by the mahayana path of love and by a lot of techniques from Indian Yoga.",m2m100_1_2b,"Tibetan Buddhism is based on the teachings of the Buddha, but has been expanded through Buddhist universal love and many techniques of Indian yoga.",0.578205700032413,37,False,False
zh-en-0552,flores_devtest,552,zh,en,与此同时，以 U 型潜艇为主力的德国海军试图拦截这场运输。,"At the same time, the German navy, using mainly U-boats, was trying to stop this traffic.",m2m100_1_2b,"Meanwhile, the German Navy, with the U-type submarine as its lead, attempted to intercept the shipment.",0.5655490999342874,35,False,False
zh-en-0631,flores_devtest,631,zh,en,梵蒂冈城的人口大约有 800 人。它是世界上最小的独立国家，也是人口最少的国家。,Vatican City's population is around 800. It is the smallest independent country in the world and the country with the lowest population.,m2m100_1_2b,Vatican City has a population of about 800 people and is the world’s smallest independent state and the least populated country.,0.42168850009329617,30,False,False
zh-en-0632,flores_devtest,632,zh,en,梵蒂冈城在法律法规和官方通信中使用意大利语。,Vatican City uses Italian in its legislation and official communications.,m2m100_1_2b,The Vatican City uses Italian in legal regulations and official communications.,0.3252114000497386,18,False,False
zh-en-0636,flores_devtest,636,zh,en,哲学家亚里士多德提出一种理论，即任何事物都是由土、水、空气和火四种元素中的一种或多种组成的。,"Aristotle, a philosopher, theorised that everything is made up of a mixture of one or more of four elements. They were earth, water, air, and fire.",m2m100_1_2b,"The philosopher Aristotle proposed a theory that everything is made up of one or more of the four elements earth, water, air and fire.",0.5769496000139043,37,False,False
zh-en-0676,flores_devtest,676,zh,en,新技术的兴起让我们能够看到和研究大脑的结构和工作过程，这些是以前从未见过的。,The rise of new technologies allows us to see and investigate brain structures and processes never seen before.,m2m100_1_2b,The rise of new technologies enables us to see and study the structure and processes of the brain that have never been seen before.,0.5956835000542924,31,False,False
zh-en-0685,flores_devtest,685,zh,en,以虚拟方式分享实地考察，也是回顾行程以及与以后班级分享经验的好办法。,Sharing a field trip virtually is also a great way to reflect a on a trip and share experiences with future classes.,m2m100_1_2b,Sharing field trips in a virtual way is also a great way to review the itinerary and share experiences with later classes.,0.5231121999677271,29,False,False
zh-en-0700,flores_devtest,700,zh,en,阿拉伯人也把伊斯兰教带到了这片土地，这一教义在科摩罗和马约特国家盛行。,"The Arabs also brought Islam to the lands, and it took in a big way in the Comoros and Mayotte.",m2m100_1_2b,"The Arabs also brought Islam to the land, a doctrine that is prevalent in the Comoros and Mayotte countries.",0.5424599000252783,30,False,False
zh-en-0704,flores_devtest,704,zh,en,戴戒指也会有帮助（但不要戴看上去太贵的戒指。,It is helpful to also wear a ring (just not one that looks too expensive.,m2m100_1_2b,It’s also helpful to wear a ring (but don’t wear the ring that looks too expensive).,0.34361330000683665,26,False,False
zh-en-0717,flores_devtest,717,zh,en,又因为相对偏僻，“廷巴克图”被用来比喻遥远的异国他乡。,"Combined with its relative inaccessibility, ""Timbuktu"" has come to be used as a metaphor for exotic, distant lands.",m2m100_1_2b,"Because it is relatively remote, ""Tinbattu"" is used to represent distant exotic countries.",0.5143737000180408,28,False,False
zh-en-0742,flores_devtest,742,zh,en,两座桥塔高 83 米，桥的长度为 378 米，有两条 3.50米宽的车道。,"The two towers rise to a height of 83 meters, it's 378 meters long and it has two lanes of 3.50 m wide.",m2m100_1_2b,"The two bridge towers are 83 meters high, the bridge is 378 meters long, and there are two 3.50 meters wide carriages.",0.5407703999662772,37,False,False
zh-en-0746,flores_devtest,746,zh,en,查科 (Chaco) 地区是瓜伊库鲁 (Guaycuru) 和帕亚瓜 (Payagua) 等其他土著部落的家园，他们靠狩猎、采集和捕鱼为生。,"The Chaco region was home to other groups of indigenous tribes such as the Guaycurú and Payaguá, who survived by hunting, gathering and fishing.",m2m100_1_2b,"The Chaco region is home to other indigenous tribes such as Guaycuru and Payagua, who lived on hunting, harvesting and fishing.",0.7419202999444678,40,False,False
zh-en-0761,flores_devtest,761,zh,en,冬天可能会比看上去显得更冷：温度很少低于零度，但当风和湿度结合在一起，会让人感觉比温度计显示的温度要冷。,"The winter can be deceptively chilly: temperatures rarely go below freezing, but the wind and humidity combine to make it feel colder than what the thermometer says.",m2m100_1_2b,"Winter may seem cooler than it seems: temperatures are rarely below zero degrees, but when wind and humidity are combined, one feels colder than the temperature shown by the thermometer.",0.7224888999480754,48,False,False
zh-en-0768,flores_devtest,768,zh,en,阿皮亚是萨摩亚的首都。该城镇位于乌波卢（Upolu）岛上，人口数量不足 4 万。,"Apia is the capital of Samoa. The town is on the island of Upolu and has a population of just under 40,000.",m2m100_1_2b,"Apia is the capital of Samoa, located on the island of Upolu, with a population of less than 40,000.",0.42660699994303286,29,False,False
zh-en-0771,flores_devtest,771,zh,en,除了一艘英国巡航舰外，其余船只悉数沉没。近 200 名美国人和德国人丧失生命。,"All the ships were sunk, except for one British cruiser. Nearly 200 American and German lives were lost.",m2m100_1_2b,"In addition to one British cruise ship, the rest of the vessels sank and 200 Americans and Germans lost their lives.",0.49701150006148964,32,False,False
zh-en-0787,flores_devtest,787,zh,en,咸水鳄的主要栖息地并非海洋，而是罗克汉普顿 (Rockhampton) 北部的河口。,"Saltwater Crocodiles do not actively live in the ocean, their primary habitat is in river estuaries north from Rockhampton.",m2m100_1_2b,"The main habitat of the saltwater crocodile is not the ocean, but the river outlet north of Rockhampton.",0.4890396000118926,35,False,False
zh-en-0814,flores_devtest,814,zh,en,如果你在宣布推迟之前预订了 2020 年的航班和住宿，则可能会面临棘手的情况。,"If you booked your flights and accommodation for 2020 before the postponement was announced, you may have a tricky situation.",m2m100_1_2b,"If you booked flights and accommodation for 2020 before the announcement of the delay, you may face a tough situation.",0.5059937000041828,31,False,False
zh-en-0823,flores_devtest,823,zh,en,旅行者可能会遇到在家乡不常见的有害动物。,Travellers may encounter animal pests that they are not familiar with in their home regions.,m2m100_1_2b,Travellers may encounter harmful animals uncommon in their homes.,0.3196352000813931,20,False,False
zh-en-0827,flores_devtest,827,zh,en,前往课征重税的国家/地区的旅客有时可以省下一大笔钱，在这些地方购买酒水和烟草等产品特别划算。,"Travellers bound for countries with heavy taxation can sometimes save a considerable amount of money, especially on products such as alcoholic beverages and tobacco.",m2m100_1_2b,Travellers travelling to countries/regions where tax is imposed can sometimes save a lot of money by buying products such as alcohol and tobacco at special rates.,0.7096850000089034,39,False,False
zh-en-0831,flores_devtest,831,zh,en,不过，令人奇怪的是，这里的手机服务比沿途的许多其他路线（例如宾夕法尼亚州荒原）要强得多。,"Curiously, though, mobile phone service is much stronger here than along many other stretches of the route, e.g. the Pennsylvania Wilds.",m2m100_1_2b,"Surprisingly, however, the mobile service here is much stronger than many other routes along the way, such as the Pennsylvania Desert.",0.5052255999762565,33,False,False
zh-en-0857,flores_devtest,857,zh,en,欧洲是片面积相对较小但有着许多独立国家的大陆。在通常情况下，穿越多个国家旅行意味着必须多次经历签证申请和护照检查。,"Europe is a continent that is relatively small but with many independent countries. Under normal circumstances, travelling through multiple countries would mean having to go through visa applications and passport control multiple times.",m2m100_1_2b,Europe is a relatively small continent with many independent nations. Travelling through several countries usually means having to undergo multiple visa applications and passport checks.,0.5177734999451786,36,False,False
zh-en-0885,flores_devtest,885,zh,en,外国政府对这些文件的认可程度也千差万别。,Willingness of foreign governments to honour these documents is just as widely variable.,m2m100_1_2b,The degree of recognition of these documents by foreign governments also varies.,0.2705111999530345,19,False,False
zh-en-0902,flores_devtest,902,zh,en,场景在金字塔上展示，不同的金字塔被点亮。,The scenes are displayed on the pyramids and the different pyramids are lit up.,m2m100_1_2b,"Scenes are displayed on the pyramid, and different pyramids are illuminated.",0.3419907999923453,23,False,False
zh-en-0913,flores_devtest,913,zh,en,对于那些计划怎么度过空档年的人来说，游学成为越来越受欢迎的选择。,An increasingly more popular option for those planning a gap-year is to travel and learn.,m2m100_1_2b,"For those who plan to spend their years in the air, traveling is becoming an increasingly popular option.",0.3986914000706747,26,False,False
zh-en-0950,flores_devtest,950,zh,en,也可以到北部参观法蒂玛圣母院（圣地），它是举世闻名的圣母玛丽亚显现之地。,"Also to the north visit the great Sanctuary of Our Lady of Fatima (Shrine), a place of worldwide famous Marian apparitions.",m2m100_1_2b,"You can also go to the north to visit the Cathedral of Fatima (the Holy Land), which is the world famous place of the apparition of the Virgin Mary.",0.6985340999672189,41,False,False
zh-en-0978,flores_devtest,978,zh,en,波斯语的语法大多相对简单，有规律可循。,Persian has a relatively easy and mostly regular grammar.,m2m100_1_2b,The grammar of Persian is mostly relatively simple and regular.,0.30927510000765324,18,False,False
zh-en-0994,flores_devtest,994,zh,en,内陆水道可以作为假期游玩的一个不错的主题。,Inland waterways can be a good theme to base a holiday around.,m2m100_1_2b,Inland waterways can be a good theme for holiday play.,0.27435439999680966,16,False,False
zh-ru-0063,flores_devtest,63,zh,ru,历史学家批判了联邦调查局的过往政策，这种政策会把资源集中到容易破获的案件上，尤以偷车案件居多，目的只在于提高该机构的成功破案率。,"Историки критикуют прошлую политику ФБР за то, что выделяла большую часть ресурсов на дела, которые легко раскрываются, особенно на дела об угоне автомобилей, с целью повышения уровня успешности работы агентства.",m2m100_1_2b,"Историки критикуют прошлую политику ФБР, которая сосредоточила свои ресурсы на легко поддающихся взлому делах, особенно в случаях кражи автомобилей, с целью только повышения успеха ФБР.",0.8821540999924764,54,False,False
zh-ru-0068,flores_devtest,68,zh,ru,美国总统乔治·沃克·布什于 11 月 16 日上午抵达新加坡，开始为期一周的亚洲之行。,"Президент США Джордж Буш прибыл в Сингапур утром 16 ноября, начав свой недельный тур по Азии.",m2m100_1_2b,"Президент США Джордж Буш прибыл в Сингапур утром 16 ноября, чтобы начать недельное путешествие в Азию.",0.5453234000597149,32,False,False
zh-ru-0083,flores_devtest,83,zh,ru,“卡特里娜”飓风来袭时，第九区洪水水位一度高达 20 英尺，由于附近的防洪堤已经被淹没，目前水位已达齐腰深度。,"Девятый административный район, затопленный на 20 футов во время урагана Катрина, сейчас по пояс залит водой, поскольку дамба, находящаяся неподалеку, оказалась недостаточно высокой, чтобы удержать воду.",m2m100_1_2b,"Во время урагана «Катрина» уровень воды в девятом районе достиг 20-футовой глубины, так как близлежащие водохранилища были затоплены.",0.7217827999265864,45,False,False
zh-ru-0085,flores_devtest,85,zh,ru,共享资源管理员亚当·库尔登 (Adam Cuerden) 上个月在接受维基新闻 (Wikinews) 采访时表达了他对删除相关内容的不满。,Администратор Commons Адам Керден выразил своё разочарование в связи с удалениями в своем разговоре  в прошлом месяце с Wikinews.,m2m100_1_2b,Администратор ресурсов для обмена данными Адам Керден в прошлом месяце в интервью Wikinews выразил свое недовольство удалением соответствующего контента.,0.6581477000145242,40,False,False
zh-ru-0091,flores_devtest,91,zh,ru,科学家们可以得出结论，暗物质对其他暗物质的影响方式与普通物质相同。,"Ученые смогли сделать вывод, что темная материя воздействует на другую темную материю так же, как и в случае с обычной материей.",m2m100_1_2b,"Ученые пришли к выводу, что темная материя влияет на другие темные вещества так же, как и обычная.",0.501918000052683,33,False,False
zh-ru-0125,flores_devtest,125,zh,ru,一名在事故发生地附近的车库立的工作人员说：“孩子们正等着过马路，并且都在大声尖叫，哭个不停。”,"Человек, работающий в гараже недалеко от того места, где произошла авария, сказал: ""Там стояли дети, которые ждали, чтобы перейти дорогу. Все они кричали и плакали.",m2m100_1_2b,"Сотрудник гаража, стоящий неподалеку от места происшествия, сказал: «Дети ждали дорогу и все кричали и плакали».",0.5483950999332592,39,False,False
zh-ru-0165,flores_devtest,165,zh,ru,自 1988 年以来，投票箱就必须是透明的，这样选民和观察员才能看到投票开始时箱内没有信封，还能看到除了那些及时统计过、有权投票的选民以外，没有其他人向箱内投入信封。,"Начиная с 1988 года урны для избирательных бюллетеней должны быть прозрачными, чтобы избиратели и наблюдатели могли убедиться в том, что в начале голосования внутри нет конвертов и что к ним не добавлены какие-либо другие конверты, кроме конвертов тех людей, которых допустили к участию в голосовании и голоса которых подсчитали надлежащим образом.",m2m100_1_2b,"С 1988 года избирательные бюллетени должны быть прозрачными, чтобы избиратели и наблюдатели могли видеть, что в момент начала голосования в них нет ни одного конверта, кроме тех, кто своевременно подсчитал данные и имел право голосовать.",0.9836391999851912,63,False,False
zh-ru-0179,flores_devtest,179,zh,ru,全黑队在两周前已经赢得了奖杯，而这场比赛是他们打的最后一场。,"Этот матч стал последним для ""Олл Блэкс"", уже завоевавших кубок две недели назад.",m2m100_1_2b,"Все чёрные уже выиграли Кубок две недели назад, и это был их последний матч.",0.3381009000586346,26,False,False
zh-ru-0195,flores_devtest,195,zh,ru,这名摄影师被送往加州大学洛杉矶分校罗纳德·里根医疗中心，其后不治。,"Фотограф был доставлен в медицинский центр имени Рональда Рейгана при  Калифорнийском университете в Лос-Анджелесе, где он впоследствии скончался.",m2m100_1_2b,Фотограф был отправлен в Медицинский центр имени Рональда Рейгана в Калифорнийском университете в Лос-Анджелесе.,0.8103429999900982,40,False,False
zh-ru-0225,flores_devtest,225,zh,ru,这支摇滚乐队原定在美国和加拿大巡演，一直持续到 9 月 16 日。,Рок-группа должна была гастролировать по США и Канаде до 16 сентября.,m2m100_1_2b,"Первоначально рок-группа была запланирована на тур в США и Канаде, который продлится до 16 сентября.",0.5123033999698237,33,False,False
zh-ru-0277,flores_devtest,277,zh,ru,中央邦警方追回了被盗的笔记本电脑和手机。,Полиция штата Мадхья-Прадеш вернула украденные ноутбук и мобильный телефон.,m2m100_1_2b,Полицейские изъяли украденные ноутбуки и мобильные телефоны.,0.2825668000150472,22,False,False
zh-ru-0356,flores_devtest,356,zh,ru,要把卫星或望远镜送入太空，需要一枚超过 100 英尺高的巨型火箭。,Для запуска в космос спутника или телескопа необходима гигантская ракета высотой более 100 футов.,m2m100_1_2b,"Чтобы отправить спутник или телескоп в космос, нужна гигантская ракета высотой более 100 футов.",0.489479299983941,30,False,False
zh-ru-0364,flores_devtest,364,zh,ru,作为大家庭里的姐妹和女儿，雌性之间通常彼此关系密切。,Самки обычно находятся друг с другом в родстве и составляют большую семью сестёр и дочерей.,m2m100_1_2b,"Как сестры и дочери в большой семье, самки обычно тесно связаны друг с другом.",0.4032269000308588,26,False,False
zh-ru-0397,flores_devtest,397,zh,ru,迦南没有大森林，所以木材非常昂贵。,"На земле Ханаана не было больших лесов, поэтому древесина была чрезвычайно дорогой.",m2m100_1_2b,"В Канаде нет больших лесов, поэтому древесина очень дорогая.",0.3658663999522105,22,False,False
zh-ru-0418,flores_devtest,418,zh,ru,意大利国家足球队和德国国家足球队都是世界上第二成功的球队，在 2006 年拿下了足球世界杯冠军。,"Итальянская сборная по футболу, наряду с немецкой, является второй самой успешной командой в мире и в 2006 году выиграла Кубок мира ФИФА.",m2m100_1_2b,"Итальянский национальный клуб и немецкий национальный футбольный клуб являются вторым самым успешным клубом в мире, выиграв чемпионат мира по футболу в 2006 году.",0.6917817000066862,42,False,False
zh-ru-0423,flores_devtest,423,zh,ru,西方对台湾的了解可以追溯到 15 世纪。当时路过的欧洲水手将该岛命名为“福尔摩沙岛”(Ilha Formosa)，意思是美丽的岛屿。,"Тайвань берёт своё начало много лет назад, в XV веке, когда европейские мореплаватели, проплывающие мимо, записали название острова как Ilha Formosa, или ""прекрасный остров"".",m2m100_1_2b,"Западное понимание Тайваня восходит к XV веку, когда европейские мореплаватели назвали остров «Ilha Formosa», что означает «красивый остров».",0.7101377000799403,44,False,False
zh-ru-0439,flores_devtest,439,zh,ru,从国王到平民，它遍布十方的力量影响着每一个人。,Её всепроникающая сила коснулась каждого - от короля до простолюдина.,m2m100_1_2b,"От короля до гражданского населения, его силы повлияли на каждого.",0.3062908999854699,19,False,False
zh-ru-0442,flores_devtest,442,zh,ru,敌对行动爆发后不久，英国开始对德国实施海上封锁。,Вскоре после начала военных действий Британия устроила морскую блокаду Германии.,m2m100_1_2b,Вскоре после начала военных действий Великобритания ввела морскую блокаду Германии.,0.37129909999202937,24,False,False
zh-ru-0447,flores_devtest,447,zh,ru,目睹第一次世界大战中的肆虐残暴后，各国都渴望避免重蹈覆辙。,"Познав ужасы и зверства Первой мировой войны, государства хотели избежать подобной ситуации в будущем.",m2m100_1_2b,"После того, как страны стали свидетелями жестокости Первой мировой войны, они стремятся избежать повторения.",0.48854749999009073,30,False,False
zh-ru-0449,flores_devtest,449,zh,ru,他在抵达美国时，身上带着 4 美分、一本诗集，还有一封查尔斯•巴舍勒（Charles Batchelor）（他前份工作的经理）写给托马斯•爱迪生（Thomas Edison）的推荐信。,"Он приехал в США с четырьмя центами в кармане, книгой стихов и рекомендательным письмом от Чарльза Бэтчелора, который был его начальником на предыдущей работе, к Томасу Эдисону.",m2m100_1_2b,"Прибыв в Соединенные Штаты, он взял с собой четыре цента, сборник стихов и рекомендательное письмо, написанное Чарльзом Батчелором, бывшим руководителем компании, Томасом Эдисоном.",1.0778004000894725,60,False,False
zh-ru-0491,flores_devtest,491,zh,ru,正是在这个时候，时尚之都的称号从君士坦丁堡转移到了巴黎。,В этот момент и произошел переход титула Столицы Моды от Константинополя к Парижу.,m2m100_1_2b,Именно в это время название столицы моды было перенесено из Константинополя в Париж.,0.4426547000184655,25,False,False
zh-ru-0502,flores_devtest,502,zh,ru,亚文化群体的成员，常常会象征性地利用独特的行事风格来表明他们的成员身份，包括时尚服装、举止和黑话。,"Представители определенной субкультуры зачастую заявляют о своей принадлежности через своеобразное и символичное использование стиля, в том числе через моду, манеры и жаргон.",m2m100_1_2b,"Члены субкультурных групп часто символически используют уникальные стили поведения для обозначения своей членской принадлежности, включая модные костюмы, поведение и черные слова.",0.918435400002636,49,False,False
zh-ru-0512,flores_devtest,512,zh,ru,孩子们因为各种原因被寄养，原因有被忽视、被虐待，甚至是被勒索。,Дети передаются под опеку по множеству разнообразных причин: от беспризорности до жестокого обращения и даже вымогательств.,m2m100_1_2b,"Детей по разным причинам усыновляют, игнорируют, жестоко обращаются и даже шантажируют.",0.5878700000466779,34,False,False
zh-ru-0540,flores_devtest,540,zh,ru,藏传佛教以佛陀的教义为基础，但通过大乘佛教的普世之爱和印度瑜伽的许多技巧得到了拓展。,"Тибетский буддизм основан на учениях Будды, но был дополнен махаянским путем любви и множеством техник индийской йоги.",m2m100_1_2b,"Тибетский буддизм основан на учениях Будды, но был расширен с помощью всеобщей любви буддизма и многих техник индийской йоги.",0.7398288999684155,41,False,False
zh-ru-0552,flores_devtest,552,zh,ru,与此同时，以 U 型潜艇为主力的德国海军试图拦截这场运输。,"В это же время немецкий военно-морской флот, используя в основном свои подводные лодки, пытался остановить это движение.",m2m100_1_2b,В то же время немецкий флот с подводными лодками типа U попытался перекрыть этот транспорт.,0.40012439992278814,29,False,False
zh-ru-0631,flores_devtest,631,zh,ru,梵蒂冈城的人口大约有 800 人。它是世界上最小的独立国家，也是人口最少的国家。,"Население Ватикана составляет около 800 человек. Это самая маленькая независимая страна в мире, а также страна, имеющая наименьшее население.",m2m100_1_2b,Город Ватикан имеет население около 800 человек. Это самая маленькая независимая страна в мире и самая малонаселенная страна.,0.5969505000393838,35,False,False
zh-ru-0632,flores_devtest,632,zh,ru,梵蒂冈城在法律法规和官方通信中使用意大利语。,В Ватикане используют итальянский язык в законодательстве и официальных сообщениях.,m2m100_1_2b,Ватикан использует итальянский язык в законодательстве и официальной коммуникации.,0.4032444000476971,23,False,False
zh-ru-0636,flores_devtest,636,zh,ru,哲学家亚里士多德提出一种理论，即任何事物都是由土、水、空气和火四种元素中的一种或多种组成的。,"Философ Аристотель считал, что всё состоит из смеси одного или нескольких из четырёх элементов. Это были земля, вода, воздух и огонь.",m2m100_1_2b,"Философ Аристотель выдвинул теорию о том, что все, что существует, состоит из одного или нескольких из четырех элементов: земли, воды, воздуха и огня.",0.7545053000794724,46,False,False
zh-ru-0676,flores_devtest,676,zh,ru,新技术的兴起让我们能够看到和研究大脑的结构和工作过程，这些是以前从未见过的。,Появление новых технологий позволяет нам увидеть и исследовать невиданные ранее структуры и процессы мозга.,m2m100_1_2b,"Появление новых технологий позволяет нам видеть и изучать структуру и рабочие процессы мозга, которые никогда ранее не видели.",0.46092480001971126,32,False,False
zh-ru-0685,flores_devtest,685,zh,ru,以虚拟方式分享实地考察，也是回顾行程以及与以后班级分享经验的好办法。,Выкладывание экскурсии в виртуальное пространство для всеобщего обозрения — это также отличный способ освежить в памяти экскурсию и поделиться своим полученными знаниями с будущими классами.,m2m100_1_2b,Обмен полевыми экскурсиями в виртуальном режиме также является отличным способом просматривать расписание поездок и делиться опытом с последующими классами.,0.7159877999220043,41,False,False
zh-ru-0700,flores_devtest,700,zh,ru,阿拉伯人也把伊斯兰教带到了这片土地，这一教义在科摩罗和马约特国家盛行。,"Арабы также принесли в этот регион ислам, особенно он укоренился на Коморах и Майотте.",m2m100_1_2b,"Арабы также принесли ислам на эту землю, доктрина которой распространена в Коморе и Майоте.",0.4683225000044331,30,False,False
zh-ru-0704,flores_devtest,704,zh,ru,戴戒指也会有帮助（但不要戴看上去太贵的戒指。,Также полезно носить кольцо (только не слишком дорогое на вид).,m2m100_1_2b,"Ношение кольца также поможет (но не стоит надевать кольцо, которое кажется слишком дорогим).",0.4329703999683261,26,False,False
zh-ru-0717,flores_devtest,717,zh,ru,又因为相对偏僻，“廷巴克图”被用来比喻遥远的异国他乡。,"В связи со своей относительной недоступностью, ""Тимбукту"" стал метафорой экзотической дальней земли.",m2m100_1_2b,"Кроме того, из-за своей относительно отдаленности «Тинбакту» использовался для сравнения далеких экзотических стран.",0.4936283000279218,34,False,False
zh-ru-0742,flores_devtest,742,zh,ru,两座桥塔高 83 米，桥的长度为 378 米，有两条 3.50米宽的车道。,"Эти две башни достигают 83 метра в высоту, а сам мост 378 метров в длину и имеет две полосы движения шириной 3,5 метра.",m2m100_1_2b,"Две мостовые башни высотой 83 метра, длина моста 378 метров и две дорожки шириной 3,50 метра.",0.5985299999592826,34,False,False
zh-ru-0746,flores_devtest,746,zh,ru,查科 (Chaco) 地区是瓜伊库鲁 (Guaycuru) 和帕亚瓜 (Payagua) 等其他土著部落的家园，他们靠狩猎、采集和捕鱼为生。,"Область Чако служила домом для разных групп местных племен, например для Гуайкуру и Паягуа, они выживали при помощи охоты, собирательства и рыбалки.",m2m100_1_2b,"Район Чако является домом для других коренных племен, таких как Гуаикуру и Паягуа, которые живут на охоте, сборе и рыбалке.",0.7130278999684379,45,False,False
zh-ru-0761,flores_devtest,761,zh,ru,冬天可能会比看上去显得更冷：温度很少低于零度，但当风和湿度结合在一起，会让人感觉比温度计显示的温度要冷。,"Зима может быть обманчиво холодной: температура редко опускается ниже нуля, но сочетание ветра и влажности воздуха создает ощущение более холодной погоды в сравнении с тем, что показывает термометр.",m2m100_1_2b,"Зима может показаться более холодной, чем кажется: температура редко ниже нуля, но когда ветер и влажность сочетаются, человек чувствует себя холоднее, чем температура, показанная термометром.",0.7282384999562055,51,False,False
zh-ru-0768,flores_devtest,768,zh,ru,阿皮亚是萨摩亚的首都。该城镇位于乌波卢（Upolu）岛上，人口数量不足 4 万。,Апиа – столица Самоа. Город расположен на острове Уполу и имеет население чуть менее 40 000 жителей.,m2m100_1_2b,Апия является столицей Самоа. Город расположен на острове Уполу с населением менее 40 000 человек.,0.41090899996925145,29,False,False
zh-ru-0771,flores_devtest,771,zh,ru,除了一艘英国巡航舰外，其余船只悉数沉没。近 200 名美国人和德国人丧失生命。,"Все корабли затонули, за исключением одного британского крейсера. Погибли около 200 американских и немецких моряков.",m2m100_1_2b,"Помимо одного британского крейсера, все остальные корабли затонули, погибли почти 200 американцев и немцев.",0.5569012000923976,32,False,False
zh-ru-0787,flores_devtest,787,zh,ru,咸水鳄的主要栖息地并非海洋，而是罗克汉普顿 (Rockhampton) 北部的河口。,"Гребнистые крокодилы не ведут активную жизнь в океане, а их основная среда обитания — эстуарии рек к северу от Рокгемптона.",m2m100_1_2b,"Основным местом обитания крокодилов соленой воды является не океан, а устье реки на севере Рокхэмптона.",0.4945110999979079,38,False,False
zh-ru-0814,flores_devtest,814,zh,ru,如果你在宣布推迟之前预订了 2020 年的航班和住宿，则可能会面临棘手的情况。,"Если вы забронировали авиабилеты и проживание на 2020 год до того, как было объявлено о переносе даты, у вас может возникнуть непростая ситуация.",m2m100_1_2b,"Если вы забронировали рейсы и проживание в 2020 году до объявления о задержке, вы можете столкнуться с трудной ситуацией.",0.6020455999532714,37,False,False
zh-ru-0823,flores_devtest,823,zh,ru,旅行者可能会遇到在家乡不常见的有害动物。,"Путешественники могут встретиться с животными-вредителями, которых они не видели в своих родных краях.",m2m100_1_2b,"Путешественники могут столкнуться с вредными животными, которые редко встречаются на родине.",0.3873256000224501,27,False,False
zh-ru-0827,flores_devtest,827,zh,ru,前往课征重税的国家/地区的旅客有时可以省下一大笔钱，在这些地方购买酒水和烟草等产品特别划算。,"Путешественники, направляющиеся в страны с высоким налогообложением, могут иногда сэкономить значительную сумму, особенно на таких товарах, как спиртные напитки и табак.",m2m100_1_2b,"Путешественники, путешествующие в страны/регионы с повышенным налогом, иногда могут сэкономить значительную сумму денег, покупая товары, такие как алкоголь и табак, за специальные расценки.",0.9538453000131994,55,False,False
zh-ru-0831,flores_devtest,831,zh,ru,不过，令人奇怪的是，这里的手机服务比沿途的许多其他路线（例如宾夕法尼亚州荒原）要强得多。,"Однако, как ни странно, мобильная телефонная связь здесь намного лучше, чем на многих других участках маршрута, например в Пенсильвании Уайлдс.",m2m100_1_2b,"Удивительно, однако, что мобильные услуги здесь намного сильнее, чем на многих других маршрутах вдоль пути, например, в пустыне Пенсильвании.",0.7001667999429628,43,False,False
zh-ru-0857,flores_devtest,857,zh,ru,欧洲是片面积相对较小但有着许多独立国家的大陆。在通常情况下，穿越多个国家旅行意味着必须多次经历签证申请和护照检查。,"Европа — относительно маленький континент, но на нём много независимых государств. В обычных обстоятельствах путешествие через множество стран означало бы необходимость подачи прошений для получения визы и многократного прохождения паспортного контроля.",m2m100_1_2b,"Европа является относительно небольшим континентом, но имеет много независимых государств. Обычно путешествие по нескольким странам означает, что вы должны пройти несколько визовых заявлений и паспортных проверок.",0.7359223000239581,49,False,False
zh-ru-0885,flores_devtest,885,zh,ru,外国政府对这些文件的认可程度也千差万别。,Готовность зарубежных правительств выполнять свои обязательства по данным документам столь же весьма различна.,m2m100_1_2b,Степень признания иностранными правительствами этих документов также варьируется.,0.311121900100261,21,False,False
zh-ru-0902,flores_devtest,902,zh,ru,场景在金字塔上展示，不同的金字塔被点亮。,"Сцены показывают на пирамидах, и разные пирамиды освещаются.",m2m100_1_2b,"Сцены демонстрируются на пирамидах, в которых освещаются различные пирамиды.",0.35978260007686913,25,False,False
zh-ru-0913,flores_devtest,913,zh,ru,对于那些计划怎么度过空档年的人来说，游学成为越来越受欢迎的选择。,"Вариант, становящийся всё более популярным для тех, кто планирует взять академический год, это путешествовать и учиться.",m2m100_1_2b,"Для тех, кто планирует провести годы в воздухе, путешествия становятся все более популярным выбором.",0.3589321000035852,27,False,False
zh-ru-0950,flores_devtest,950,zh,ru,也可以到北部参观法蒂玛圣母院（圣地），它是举世闻名的圣母玛丽亚显现之地。,Севернее посетите также великий Храм Фатимской Богоматери (усыпальница) — место всемирно известных явлений Девы Марии.,m2m100_1_2b,"Вы также можете отправиться на север, чтобы посетить Собор Богоматери Фатимы (Святая Земля), который является всемирно известным местом явления Девы Марии.",0.7989480000687763,44,False,False
zh-ru-0978,flores_devtest,978,zh,ru,波斯语的语法大多相对简单，有规律可循。,В персидском языке относительно лёгкая и в основном закономерная грамматика.,m2m100_1_2b,Грамматика персидского языка в большинстве своем относительно проста и имеет регулярность.,0.37967200006823987,24,False,False
zh-ru-0994,flores_devtest,994,zh,ru,内陆水道可以作为假期游玩的一个不错的主题。,Внутренние водные пути могут стать хорошей темой для проведения какого-либо праздника.,m2m100_1_2b,Внутренние водные пути могут быть хорошей темой для отдыха.,0.29835800000000745,19,False,False
zh-uz-0063,flores_devtest,63,zh,uz,历史学家批判了联邦调查局的过往政策，这种政策会把资源集中到容易破获的案件上，尤以偷车案件居多，目的只在于提高该机构的成功破案率。,"Tarixchilar agentlikning muvaffaqiyat darajasini kuchaytirish uchun osongina hal qilish mumkin bo'lgan, ayniqsa avtomobil o'g'rilanishi bo'yicha ishlarga resurslarning qaratilganligi uchun FQB agentligining o'tmishdagi siyosatlarini tanqid qildilar.",m2m100_1_2b,"Istoriyollar FBI-larni o‘z bilan qaytarmadi, o‘zi qaytarma qaytarmalarini qilmadi, veçantiyi qilmidlarni qilmidi, qilmida qilmidir.",0.8959650000324473,54,False,False
zh-uz-0068,flores_devtest,68,zh,uz,美国总统乔治·沃克·布什于 11 月 16 日上午抵达新加坡，开始为期一周的亚洲之行。,"AQSH Prezidenti Jorj V. Bush, Osiyo bo'ylab bir haftalik sayohatini boshlab, 16-noyabr kuni tongda Singapurga yetib keldi.",m2m100_1_2b,"George H.W. Bush o‘z 16 Nombard o‘lani Singapurga qaytaradi, o‘zi ayda bir turga qo‘ladi.",0.6543292000424117,40,False,False
zh-uz-0083,flores_devtest,83,zh,uz,“卡特里娜”飓风来袭时，第九区洪水水位一度高达 20 英尺，由于附近的防洪堤已经被淹没，目前水位已达齐腰深度。,"Katrina bo'roni vaqtida 20 fut balandlikdagi toshqinga guvoh bo'lgan to'qqizinchi bo'linma, suv yaqindagi to'g'ondan oshib o'tgani sababli, hozirda belgacha keladigan suv ostida qolgan.",m2m100_1_2b,"Uragan Katrina o‘z qilmadi, 9. divizyonun suvarga nivoni 20 mni bo‘ladi, o‘zi bu‘ldi bo’ladi.",0.7194019000744447,44,False,False
zh-uz-0085,flores_devtest,85,zh,uz,共享资源管理员亚当·库尔登 (Adam Cuerden) 上个月在接受维基新闻 (Wikinews) 采访时表达了他对删除相关内容的不满。,Parlamentning quyi palatasi ma'muri Adam Kuerden o'tgan oyda Wikinews bilan suhbatida o'chirishlardan ranjiganini aytdi.,m2m100_1_2b,Adam Cuerden bu ay Wikinews intervistayda o‘zingizini qilmadi.,0.4090635000029579,25,False,False
zh-uz-0091,flores_devtest,91,zh,uz,科学家们可以得出结论，暗物质对其他暗物质的影响方式与普通物质相同。,"Olimlar qora materiya boshqa qora materiyaga xuddi odatiy materiya ta'sir qilgani kabi ta'sir ko'rsatadi, degan xulosaga kelishdi.",m2m100_1_2b,"O‘zlar o‘zga qilmadi ki, dark matter o’zga o‘qilmadi.",0.6354897000128403,28,False,False
zh-uz-0125,flores_devtest,125,zh,uz,一名在事故发生地附近的车库立的工作人员说：“孩子们正等着过马路，并且都在大声尖叫，哭个不停。”,"Ko'ngilsiz hodisa yuz bergan joy yaqinidagi garajda ishlayotgan kishi: ""U yerda yo'lni kesib o'tmoqchi bo'layotgan bolalar bor edi va ularning barchasi qichqirib yig'layotgandi"" deb aytdi.",m2m100_1_2b,"Bir o‘z garazga qo‘yadi: “O‘zlar yoldan o‘ladi, o’zlar o‘zuldi, oʻldi qarat”.",0.6120011999737471,43,False,False
zh-uz-0165,flores_devtest,165,zh,uz,自 1988 年以来，投票箱就必须是透明的，这样选民和观察员才能看到投票开始时箱内没有信封，还能看到除了那些及时统计过、有权投票的选民以外，没有其他人向箱内投入信封。,1988-yildan beri ovoz beruvchilar va kuzatuvchilar boshlanishida konvertlar mavjud emasligi va mos tarzda sanalgan va vakolat berilgan ovoz beruvchilardan tashqari hech qanday konvertlar qo'shilmasligiga guvohlik bera olishlari uchun saylov qutilarining shaffof bo'lishi talab qilinadi.,m2m100_1_2b,"1988 yildan bu yana, voting boxes o‘z transparan, o‘zi o‘zarlarlar o‘zullarlar, o’zlarlarlar vallarlarni o‘llarlardi, oʻllardi o‘lizlarni ko‘zlardi.",1.0195527999894693,66,False,False
zh-uz-0179,flores_devtest,179,zh,uz,全黑队在两周前已经赢得了奖杯，而这场比赛是他们打的最后一场。,"Bu ikki hafta avval sovrin yutgan ""All Blacks"" jamoasi uchun oxirgi o'yin edi.",m2m100_1_2b,"Bu o‘zingizni iki o‘zi bo‘ladi, o‘zini bo’ldi.",0.41600770002696663,26,False,False
zh-uz-0195,flores_devtest,195,zh,uz,这名摄影师被送往加州大学洛杉矶分校罗纳德·里根医疗中心，其后不治。,Fotosuratchi Ronald Reygan nomidagi UCLA Tibbiyot Markaziga yetkazilgan va keyinchalik u yerda vafot etgan.,m2m100_1_2b,Fotografa Californiya Universiteti Los Angeles Ronald Reagan Medical Center qaytaradi.,0.4932235999731347,23,False,False
zh-uz-0225,flores_devtest,225,zh,uz,这支摇滚乐队原定在美国和加拿大巡演，一直持续到 9 月 16 日。,Rok guruhi AQSH va Kanadada 16-sentyabrga qadar gastrol safarida bo'lishi kerak edi.,m2m100_1_2b,Bu rock band o‘z Amerika və Kanada turni va 16 septambi.,0.35226920002605766,19,False,False
zh-uz-0277,flores_devtest,277,zh,uz,中央邦警方追回了被盗的笔记本电脑和手机。,Madxya-Pradesh politsiyasi o'g'irlangan noutbuk hamda mobil telefonni qaytardi.,m2m100_1_2b,"Polis o‘z mobil telefonlar, laptoplar qaytaradi.",0.23656679992564023,17,False,False
zh-uz-0356,flores_devtest,356,zh,uz,要把卫星或望远镜送入太空，需要一枚超过 100 英尺高的巨型火箭。,Sun'iy yo'ldosh yoki teleskopni kosmosga joylashtirish uchun 100 futdan ortiq balandlikdagi ulkan raketa talab qilinadi.,m2m100_1_2b,"Satellite o‘z teleskoplarni teleskopi qaytarmaqni, 100 ft-dan çox böyük raketi ehtiyac var.",0.5373488999903202,34,False,False
zh-uz-0364,flores_devtest,364,zh,uz,作为大家庭里的姐妹和女儿，雌性之间通常彼此关系密切。,"Urg'ochilar, odatda, katta oilaning opa-singillari yoki qizi bo'lib, bir-biriga chambarchas bog'liqdir.",m2m100_1_2b,"Biri, o‘z o‘zi, o’z oʻzi o‘zini, oʻz o`z o’zi.",0.5094819000223652,33,False,False
zh-uz-0397,flores_devtest,397,zh,uz,迦南没有大森林，所以木材非常昂贵。,"Kan'on yerlarida keng o'rmonlar yo'q edi, shu sababdan yog'och nihoyatda qimmat edi.",m2m100_1_2b,"Kanaan o‘z o‘ladi, o‘zi o‘lladi.",0.4546396000077948,21,False,False
zh-uz-0418,flores_devtest,418,zh,uz,意大利国家足球队和德国国家足球队都是世界上第二成功的球队，在 2006 年拿下了足球世界杯冠军。,"Italiya milliy futbol jamoasi Germaniya milliy futbol jamoasi qatori dunyodagi eng muvaffaqiyatli ikkinchi jamoa bo'lib, 2006-yilda FIFA Jahon chempionatida g'olib chiqqan.",m2m100_1_2b,"Italiya Football Club və Almaniy Football Club, 2006-cı ildə futbola World Cup kampiyalarni bo‘ladi.",0.48358390002977103,31,False,False
zh-uz-0423,flores_devtest,423,zh,uz,西方对台湾的了解可以追溯到 15 世纪。当时路过的欧洲水手将该岛命名为“福尔摩沙岛”(Ilha Formosa)，意思是美丽的岛屿。,"Tayvanning boshlanishi 15-asrga borib taqaladi, bunda o'tib ketayotgan yevropalik dengizchilar orol nomini Ilha Formosa yoki go'zal orol deb yozib qoldirishadi.",m2m100_1_2b,"Tibet o‘z o‘ladi, o‘zi o‘li o‘lo‘ldi, o’ldi o‘lu‘lidi.",0.6858599000843242,37,False,False
zh-uz-0439,flores_devtest,439,zh,uz,从国王到平民，它遍布十方的力量影响着每一个人。,"Uning keng qamrovli qudrati shohdan tortib, oddiy insongacha ta'sir qildi.",m2m100_1_2b,"Men o‘z o‘q o‘zi, o’z q o‘qi o‘zini, o‘l o‘chi o‘di, oʻl o’zi.",0.710083800018765,42,False,False
zh-uz-0442,flores_devtest,442,zh,uz,敌对行动爆发后不久，英国开始对德国实施海上封锁。,"Harbiy harakatlar xurujidan ko'p o'tmay, Britaniya Germaniyani dengizda blokada qilishni boshladi.",m2m100_1_2b,"Britannia o‘z bilan qaytarmadi, Britain o‘zi blokadlar qo‘ladi.",0.3966277000727132,28,False,False
zh-uz-0447,flores_devtest,447,zh,uz,目睹第一次世界大战中的肆虐残暴后，各国都渴望避免重蹈覆辙。,Birinchi jahon urushi vaqtida urush dahshatlari va vahshiyliklarini ko'rgan xalqlar kelajakda shu kabi holatlarning oldini olishni istaganlar.,m2m100_1_2b,"Birth World War-da o‘z o‘ladi, o‘li o’ldi ko‘ldi.",0.5769966000225395,29,False,False
zh-uz-0449,flores_devtest,449,zh,uz,他在抵达美国时，身上带着 4 美分、一本诗集，还有一封查尔斯•巴舍勒（Charles Batchelor）（他前份工作的经理）写给托马斯•爱迪生（Thomas Edison）的推荐信。,"U AQSHga o'z nomidagi 4 sent, she'riy kitob va Charlz Batchelordan (oldingi ish joyidagi ish boshqaruvchisi) Tomas Edisonga tavsiyanoma bilan kelgandi.",m2m100_1_2b,"O‘z amerikaliyga qaytaradi, o‘z 4 cents, bir poem zbir, Charles Batchelor (ko’nun administrator) Thomas Edisonni yazib.",0.6712678000330925,44,False,False
zh-uz-0491,flores_devtest,491,zh,uz,正是在这个时候，时尚之都的称号从君士坦丁堡转移到了巴黎。,Moda poytaxti unvonining Konstantinopoldan Parijga o'tishi aynan shu vaqtda yuz berdi.,m2m100_1_2b,"O‘z o‘z Paris, Konstantinopoli o’z Paris.",0.3201603000052273,21,False,False
zh-uz-0502,flores_devtest,502,zh,uz,亚文化群体的成员，常常会象征性地利用独特的行事风格来表明他们的成员身份，包括时尚服装、举止和黑话。,"Submadaniyat a'zolari ko'pincha o'z a'zoliklarini modalar, xulq-atvor va jargonlarni o'z ichiga olgan uslubdan o'ziga xos va ramziy foydalanish orqali namoyon etadilar.",m2m100_1_2b,"Subculturalism o‘z o‘zi o‘zini o’z simbolik stili yo‘ladi, o‘zu o‘ldi, oʻldi o’ldi.",0.7663590000011027,46,False,False
zh-uz-0512,flores_devtest,512,zh,uz,孩子们因为各种原因被寄养，原因有被忽视、被虐待，甚至是被勒索。,"Bolalar e'tiborsizlikdan tortib, zo'ravonlik va hatto tovlamachilikka qadar turli sabablarga ko'ra homiylik parvarishiga topshiriladi.",m2m100_1_2b,"O‘zlar o‘zlari qilmadi, o‘zi qilmidi, o’zlar qalmadi.",0.5269262000219896,30,False,False
zh-uz-0540,flores_devtest,540,zh,uz,藏传佛教以佛陀的教义为基础，但通过大乘佛教的普世之爱和印度瑜伽的许多技巧得到了拓展。,"Tibet buddizmi Budda ta'limotlariga asoslanadi, lekin muhabbatning mahayana yo'li bilan va hind yogasining ko'plab uslublari bilan kengaytirilgan.",m2m100_1_2b,"Tibet buddhizmi buddhizmin doktrinalarni bazadi, amma buddhistiki universalized love and many techniques of Indian yoga o‘zingizdi.",0.5826764000812545,41,False,False
zh-uz-0552,flores_devtest,552,zh,uz,与此同时，以 U 型潜艇为主力的德国海军试图拦截这场运输。,"Shu bilan birga Nemis dengiz floti, asosan, dengizosti qayiqlaridan foydalanib, ushbu transport harakatini to'xtatishga urinayotgandi.",m2m100_1_2b,U-Type submarine o‘z German Navy o‘zi qo‘ladi.,0.3984401000197977,25,False,False
zh-uz-0631,flores_devtest,631,zh,uz,梵蒂冈城的人口大约有 800 人。它是世界上最小的独立国家，也是人口最少的国家。,Vatikan shahri aholisi 800 kishi atrofida. U dunyodagi eng kichik mustaqil davlat va eng kam aholiga ega mamlakatdir.,m2m100_1_2b,Vatican City o‘z 800 o‘ladi. O‘z dünyanın ən kiçik bağımsız ölkalaridir.,0.6044669999973848,29,False,False
zh-uz-0632,flores_devtest,632,zh,uz,梵蒂冈城在法律法规和官方通信中使用意大利语。,Vatikan shahri qonunchilik va rasmiy muloqot uchun italyan tilini qo'llaydi.,m2m100_1_2b,"Vatican City o‘z o‘zi o‘ladi yollara, o‘li o’ladi.",0.4088655000086874,28,False,False
zh-uz-0636,flores_devtest,636,zh,uz,哲学家亚里士多德提出一种理论，即任何事物都是由土、水、空气和火四种元素中的一种或多种组成的。,"Faylasuf Aristotel barcha narsa to'rt unsurning bir yoki bir nechtasi aralashmasidan tashkil topgan degan nazariyani ilgari surgan. Ularni tuproq, suv, havo va olov ekanligini aytib o'tgan.",m2m100_1_2b,"Aristotle filozomni o‘z o‘ladi ki, hər şeydir, o‘zi, su, havz, ogildan birini, ya da daha birini qo‘q.",0.8551797999534756,49,False,False
zh-uz-0676,flores_devtest,676,zh,uz,新技术的兴起让我们能够看到和研究大脑的结构和工作过程，这些是以前从未见过的。,Yangi texnologiyalarning rivojlanishi bizga oldin hech qachon kuzatilmagan miyaning tuzilishi hamda ishlash jarayonini ko'rish va tadqiq etish imkon yaratdi.,m2m100_1_2b,"O‘z yeni teknolojiyalar bizni o‘z qilmadi, o’z beynin strukturini və iş prosesini incizdi.",0.5806944000069052,35,False,False
zh-uz-0685,flores_devtest,685,zh,uz,以虚拟方式分享实地考察，也是回顾行程以及与以后班级分享经验的好办法。,Ekskursiyalarni virtual tarzda bo'lishish sayohat haqida fikr yuritish va kelasi darslar bilan tajriba almashish uchun ajoyib usuldir.,m2m100_1_2b,"Uga virtual sharding, o‘z o‘zi qaytarib o‘zini qaytarima, o’z o’zi qilmadi.",0.5891316001070663,36,False,False
zh-uz-0700,flores_devtest,700,zh,uz,阿拉伯人也把伊斯兰教带到了这片土地，这一教义在科摩罗和马约特国家盛行。,Arablar bu yerlarga islomni ham olib kelishdi va bu Komor orollari hamda Mayottada katta ahamiyat kasb etdi.,m2m100_1_2b,"Arabi o‘z islam o‘ladi, bu doktrini Komoroda və Maoyotda dominadi.",0.43947650003246963,29,False,False
zh-uz-0704,flores_devtest,704,zh,uz,戴戒指也会有帮助（但不要戴看上去太贵的戒指。,Uzuk taqish ham foydali (shunchaki nihoyatda qimmat ko'rinmaydiganini.,m2m100_1_2b,"Bu, o‘z o‘zi o‘q o‘zini o‘qi o‘chi o‘di.",0.4251812999136746,27,False,False
zh-uz-0717,flores_devtest,717,zh,uz,又因为相对偏僻，“廷巴克图”被用来比喻遥远的异国他乡。,"Yetishish imkoniyati nisbatan kamligi bilan birga, ""Timbuktu"" uzoq, ekzotik o'lkalar uchun metafora sifatida ishlatila boshlandi.",m2m100_1_2b,"O‘z, o‘z o‘q o‘zi, o’z oʻz o`z o'z o’zi.",0.6434292000485584,33,False,False
zh-uz-0742,flores_devtest,742,zh,uz,两座桥塔高 83 米，桥的长度为 378 米，有两条 3.50米宽的车道。,"Ikki minoraning balandligi 83 metrga yetadi, u uzunligi 378 metr hamda kengligi 3,5 m bo'lgan ikkita yo'lakchaga ega.",m2m100_1_2b,"U bilan 83-metir, 378-metir uzunluqda, iki 3,50-metr bo‘ladi.",0.4318818000610918,31,False,False
zh-uz-0746,flores_devtest,746,zh,uz,查科 (Chaco) 地区是瓜伊库鲁 (Guaycuru) 和帕亚瓜 (Payagua) 等其他土著部落的家园，他们靠狩猎、采集和捕鱼为生。,"Chako mintaqasida Guaykuru va Payagua kabi mahalliy qabilalarning boshqa guruhlari yashab, ular ovchilik, termachilik va baliq ovlash orqali hayotlarini saqlab qolishgan.",m2m100_1_2b,"Chaco regionda Guaycuru, Payagua o‘z o‘zi o‘zini o‘qi o‘yadi, o’z o’zi o’di o‘di yadi.",0.8148319999454543,46,False,False
zh-uz-0761,flores_devtest,761,zh,uz,冬天可能会比看上去显得更冷：温度很少低于零度，但当风和湿度结合在一起，会让人感觉比温度计显示的温度要冷。,"Qish chalg'itadigan sovuq bo'lishi mumkin: haroratlar kamdan-ham hollarda muzlash nuqtasidan pastga tushadi, biroq shamol va namlik birlashgan holda termometr ko'rsatganiga qaraganda sovuqroqdek tuyulishi mumkin.",m2m100_1_2b,"Winter o‘z daha soğuk görün: temperaturni qilmadi qilmidi, amma wind and humidity kombinasyonda, o‘zi qilmizdan soğuddir.",0.6905139000155032,45,False,False
zh-uz-0768,flores_devtest,768,zh,uz,阿皮亚是萨摩亚的首都。该城镇位于乌波卢（Upolu）岛上，人口数量不足 4 万。,Apia Samoaning poytaxtidir. Shahar Upolu orolida va 40 000 nafardan kamroq aholiga ega.,m2m100_1_2b,"O'Brien o'z o'q o'zi, o'bri o'c o'x o'cl o'l o'ch o'll o'ç o'lo'z.",0.7709980000508949,48,False,False
zh-uz-0771,flores_devtest,771,zh,uz,除了一艘英国巡航舰外，其余船只悉数沉没。近 200 名美国人和德国人丧失生命。,Bitta Britaniya kreyseridan boshqa barcha kemalar cho'ktirilgan edi. 200 ga yaqin amerikalik va nemis halok bo'lgan.,m2m100_1_2b,"Biri Britaniya kridan, o‘z bilan bo‘ladi. 200 amerikalı və alman ölüb.",0.4440088999690488,30,False,False
zh-uz-0787,flores_devtest,787,zh,uz,咸水鳄的主要栖息地并非海洋，而是罗克汉普顿 (Rockhampton) 北部的河口。,"Sho'r suv timsohlari okeanda ko'p uchramaydi, ularning asosiy yashash joyi Rokxemptondan shimolda joylashgan daryolarning quyilish joylaridir.",m2m100_1_2b,"O‘z o‘z bu o‘zi, o’z Rockefeller’s Northern River.",0.38972259999718517,27,False,False
zh-uz-0814,flores_devtest,814,zh,uz,如果你在宣布推迟之前预订了 2020 年的航班和住宿，则可能会面临棘手的情况。,"Agar siz kechiktirish e'lon qilinishidan avval 2020-yil uchun reyslar va mehmonxonani buyurtna qilgan bo'lsangiz, siz qiyin vaziyatda qolishingiz mumkin.",m2m100_1_2b,"Siz o‘z bilan 2020-da o‘zi qaytarmadi, o‘zini qaytarmaydi.",0.48606730008032173,27,False,False
zh-uz-0823,flores_devtest,823,zh,uz,旅行者可能会遇到在家乡不常见的有害动物。,Sayyohlar o'z mintaqalarida noma'lum bo'lgan hayvon parazitlariga duch kelishlari mumkin.,m2m100_1_2b,Yoldaşlar o‘z o‘ladi o‘rda o‘lladi.,0.3782754000276327,22,False,False
zh-uz-0827,flores_devtest,827,zh,uz,前往课征重税的国家/地区的旅客有时可以省下一大笔钱，在这些地方购买酒水和烟草等产品特别划算。,"Og'ir soliqlarga ega mamlakatlarga boruvchi sayohatchilar ba'zi hollarda, ayniqsa, spirtli ichimliklar va tamaki mahsulotlari kabilardan anchagina pul tejab qolishlari mumkin.",m2m100_1_2b,"Turistlar o‘z o‘zi / regionlarni qaytarib, o‘zimlarni o’zingizga o‘çizgan o‘zullarni, oʻzizganlarni bu‘zingiz o‘zollarni.",0.8473576999967918,58,False,False
zh-uz-0831,flores_devtest,831,zh,uz,不过，令人奇怪的是，这里的手机服务比沿途的许多其他路线（例如宾夕法尼亚州荒原）要强得多。,"Qizig'i shuki, bu yerda mobil telefon xizmati, boshqa ko'p yo'nalishlarga qaraganda, masalan, Pensilvaniya Uayldzdan ko'ra ancha kuchliroq.",m2m100_1_2b,"Men, o‘z telefoni servisni buradan daha çox qilmizdir, o’z bu yolda bir çox yollar (tadi Pennsylvaniya Desert).",0.5648686999920756,41,False,False
zh-uz-0857,flores_devtest,857,zh,uz,欧洲是片面积相对较小但有着许多独立国家的大陆。在通常情况下，穿越多个国家旅行意味着必须多次经历签证申请和护照检查。,"Yevropa nisbatan kichik, biroq ko'plab mustaqil davlatlarga ega bo'lgan qit'adir. Odatiy sharoitlarda bir nechta mamlakatlar bo'ylab sayohat qilish bir necha marta vizaga ariza topshirish va pasport nazoratidan o'tish kerakligini anglatadi.",m2m100_1_2b,"Men o‘z o‘q o‘zi, o‘zini o‘qi o‘qa, o’zi o‘xi o‘x o‘qo.",0.5332194999791682,37,False,False
zh-uz-0885,flores_devtest,885,zh,uz,外国政府对这些文件的认可程度也千差万别。,Chet el hukumatlarining mazkur hujjatlarni hurmat qilishga tayyorligi xuddi shu darajada o'zgaruvchandir.,m2m100_1_2b,Bu dokumalarlar bilan o‘z bilan qaytaradi.,0.2819539000047371,17,False,False
zh-uz-0902,flores_devtest,902,zh,uz,场景在金字塔上展示，不同的金字塔被点亮。,Sahnalar piramidalar ustida namoyish etildi va turli xil piramidalar yoritildi.,m2m100_1_2b,"Piramida o‘zingizdi, piramida bo‘ladi.",0.25203730002976954,20,False,False
zh-uz-0913,flores_devtest,913,zh,uz,对于那些计划怎么度过空档年的人来说，游学成为越来越受欢迎的选择。,Akademik ta'tilni rejalashtirayotganlar orasida tobora ommalashib borayotgan tanlov – sayohat hamda o'rganishdir.,m2m100_1_2b,"Kim o‘z plan qo‘yadi, o‘zi qo’yadi.",0.3495157000143081,21,False,False
zh-uz-0950,flores_devtest,950,zh,uz,也可以到北部参观法蒂玛圣母院（圣地），它是举世闻名的圣母玛丽亚显现之地。,Yana shimolda butun dunyoga mashhur bo'lgan Mariam onamizning ko'rinish joyi bo'lgan Fotima onamiz ibodatxonasiga (Muqaddas jiy) ham tashrif buyuring.,m2m100_1_2b,"Siz o‘z Northern Fatima Notre-Dame’yi (Santa Terra) ziyarət edə biləriz, o‘zi Maryam Mariya’nın yobadi yobadishdi.",0.7219178000232205,46,False,False
zh-uz-0978,flores_devtest,978,zh,uz,波斯语的语法大多相对简单，有规律可循。,Fors tili nisbatan oson va aksariyat hollarda o'zgarmas grammatikaga ega.,m2m100_1_2b,"Perish o‘z bilan o‘ladi, o‘zi o’ladi.",0.2828979999758303,22,False,False
zh-uz-0994,flores_devtest,994,zh,uz,内陆水道可以作为假期游玩的一个不错的主题。,Ichki suv yo'llari ta'til uchun yaxshi mavzu bo'lishi mumkin.,m2m100_1_2b,Inland waterways o‘z vacationing o‘zi o‘zini qilmadi.,0.4159388999687508,23,False,False
