eval_id,benchmark,pair_id,src_lang,tgt_lang,source,reference,model_name,prediction,total_seconds,generated_tokens,has_repetition,hit_max_tokens
en-ru-0063,flores_devtest,63,en,ru,"Historians have criticized past FBI policies for focusing resources on cases which are easy to solve, especially stolen car cases, with the intent of boosting the agency's success rate.","Историки критикуют прошлую политику ФБР за то, что выделяла большую часть ресурсов на дела, которые легко раскрываются, особенно на дела об угоне автомобилей, с целью повышения уровня успешности работы агентства.",m2m100_418m,"Историки критиковали прошлую политику ФБР за сосредоточение ресурсов на случаях, которые легко решены, особенно краденных автомобилей, с целью повышения скорости успеха агентства.",0.4452694000210613,50,False,False
en-ru-0068,flores_devtest,68,en,ru,"U.S. President George W. Bush arrived in Singapore the morning of November 16, beginning a week-long tour of Asia.","Президент США Джордж Буш прибыл в Сингапур утром 16 ноября, начав свой недельный тур по Азии.",m2m100_418m,"Президент США Джордж Буш прибыл в Сингапур утром 16 ноября, начиная с еженедельного тура по Азии.",0.2848815000616014,34,False,False
en-ru-0083,flores_devtest,83,en,ru,"The Ninth Ward, which saw flooding as high as 20 feet during Hurricane Katrina, is currently in waist-high water as the nearby levee was overtopped.","Девятый административный район, затопленный на 20 футов во время урагана Катрина, сейчас по пояс залит водой, поскольку дамба, находящаяся неподалеку, оказалась недостаточно высокой, чтобы удержать воду.",m2m100_418m,"Девятая стена, которая видела наводнения на высоту до 20 футов во время урагана Катрина, в настоящее время находится в высокой воде, так как близлежащий лев был перетоплен.",0.5154176999349147,52,False,False
en-ru-0085,flores_devtest,85,en,ru,Commons Administrator Adam Cuerden expressed his frustration over the deletions when he spoke to Wikinews last month.,Администратор Commons Адам Керден выразил своё разочарование в связи с удалениями в своем разговоре  в прошлом месяце с Wikinews.,m2m100_418m,"Администратор Commons Адам Курден выразил свою разочарование по поводу удаления, когда он говорил с Wikinews в прошлом месяце.",0.2856071999995038,33,False,False
en-ru-0091,flores_devtest,91,en,ru,The scientists were able to conclude that the dark matter affect other dark matter in the same way regular matter does.,"Ученые смогли сделать вывод, что темная материя воздействует на другую темную материю так же, как и в случае с обычной материей.",m2m100_418m,"Ученые смогли сделать вывод, что темная материя влияет на другую темную материю таким же образом, как и регулярная.",0.3527722000144422,39,False,False
en-ru-0125,flores_devtest,125,en,ru,"A person working in a garage near where the accident occurred said: ""There were children waiting to cross the road and they were all screaming and crying.""","Человек, работающий в гараже недалеко от того места, где произошла авария, сказал: ""Там стояли дети, которые ждали, чтобы перейти дорогу. Все они кричали и плакали.",m2m100_418m,"Человек, работающий в гараже рядом с местом происшествия, сказал: «Дети ждали, чтобы пересечь дорогу, и все они кричали и плакали».",0.3638107000151649,44,False,False
en-ru-0165,flores_devtest,165,en,ru,"Since 1988, ballot boxes must be transparent so that voters and observers can witness that no envelopes are present at the start of the vote and that no envelopes are added except those of the duly counted and authorized voters.","Начиная с 1988 года урны для избирательных бюллетеней должны быть прозрачными, чтобы избиратели и наблюдатели могли убедиться в том, что в начале голосования внутри нет конвертов и что к ним не добавлены какие-либо другие конверты, кроме конвертов тех людей, которых допустили к участию в голосовании и голоса которых подсчитали надлежащим образом.",m2m100_418m,"С 1988 года избирательные коробки должны быть прозрачными для того, чтобы избиратели и наблюдатели могли свидетельствовать о том, что в начале голосования нет конвертов и что не добавляются конверты, кроме тех, которые принадлежат должным образом рассчитанным и уполномоченным избирателям.",0.6146435000700876,75,False,False
en-ru-0179,flores_devtest,179,en,ru,"It was the final match for the All Blacks, who had already won the trophy two weeks ago.","Этот матч стал последним для ""Олл Блэкс"", уже завоевавших кубок две недели назад.",m2m100_418m,"Это был финальный матч для All Blacks, который уже выиграл трофей две недели назад.",0.21586740005295724,27,False,False
en-ru-0195,flores_devtest,195,en,ru,"The photographer was transported to Ronald Reagan UCLA Medical Center, where he subsequently died.","Фотограф был доставлен в медицинский центр имени Рональда Рейгана при  Калифорнийском университете в Лос-Анджелесе, где он впоследствии скончался.",m2m100_418m,"Фотограф был переведен в Медицинский центр Рональда Рейгана, где он впоследствии умер.",0.2449908999260515,31,False,False
en-ru-0225,flores_devtest,225,en,ru,The rock band was due to tour the United States and Canada until September 16.,Рок-группа должна была гастролировать по США и Канаде до 16 сентября.,m2m100_418m,Рок-группа должна была побывать в США и Канаде до 16 сентября.,0.20900999999139458,23,False,False
en-ru-0277,flores_devtest,277,en,ru,The Madhya Pradesh Police recovered the stolen laptop and mobile phone.,Полиция штата Мадхья-Прадеш вернула украденные ноутбук и мобильный телефон.,m2m100_418m,Полиция Мадхиа-Прадеша восстановила украденный ноутбук и мобильный телефон.,0.22119690000545233,27,False,False
en-ru-0356,flores_devtest,356,en,ru,It takes a giant rocket over a 100 feet high to put a satellite or telescope in space.,Для запуска в космос спутника или телескопа необходима гигантская ракета высотой более 100 футов.,m2m100_418m,Для размещения спутника или телескопа в космос понадобится гигантская ракета высотой более 100 футов.,0.261006599990651,32,False,False
en-ru-0364,flores_devtest,364,en,ru,"The females are usually closely related to each other, being a large family of sisters and daughters.",Самки обычно находятся друг с другом в родстве и составляют большую семью сестёр и дочерей.,m2m100_418m,"Женщины обычно тесно связаны друг с другом, являясь большой семьей сестер и дочерей.",0.22335289989132434,28,False,False
en-ru-0397,flores_devtest,397,en,ru,"There were no large forests in the land of Canaan, so wood was extremely expensive.","На земле Ханаана не было больших лесов, поэтому древесина была чрезвычайно дорогой.",m2m100_418m,"В земле Кананы не было крупных лесов, поэтому древесина была очень дорогой.",0.19582340004853904,25,False,False
en-ru-0418,flores_devtest,418,en,ru,"Italy's national football, along with German national football team is the second most successful team in the world and were the FIFA World Cup champions in 2006.","Итальянская сборная по футболу, наряду с немецкой, является второй самой успешной командой в мире и в 2006 году выиграла Кубок мира ФИФА.",m2m100_418m,Национальный футбол Италии вместе с немецкой национальной футбольной командой является второй по величине командой в мире и стал чемпионом Кубка мира ФИФА в 2006 году.,0.32579010003246367,42,False,False
en-ru-0423,flores_devtest,423,en,ru,"Taiwan beginning start way back in 15th century where European sailors passing by record the island’s name as Ilha Formosa, or beautiful island.","Тайвань берёт своё начало много лет назад, в XV веке, когда европейские мореплаватели, проплывающие мимо, записали название острова как Ilha Formosa, или ""прекрасный остров"".",m2m100_418m,"Тайвань начался в 15 веке, когда европейские моряки записали название острова как Илха Формоса, или красивый остров.",0.2752829999662936,35,False,False
en-ru-0439,flores_devtest,439,en,ru,Its all-pervading power affected everyone from king to commoner.,Её всепроникающая сила коснулась каждого - от короля до простолюдина.,m2m100_418m,"Его всеобъемлющая власть повлияла на всех, от короля к общему.",0.20529249997343868,25,False,False
en-ru-0442,flores_devtest,442,en,ru,"Soon after the outbreak of hostilities, Britain initiated a naval blockade of Germany.",Вскоре после начала военных действий Британия устроила морскую блокаду Германии.,m2m100_418m,Вскоре после разрыва враждебности Великобритания инициировала морскую блокаду Германии.,0.21671700000297278,29,False,False
en-ru-0447,flores_devtest,447,en,ru,"After seeing the horrors and atrocities of war during World War I, nations desired to avoid such a situation again in the future.","Познав ужасы и зверства Первой мировой войны, государства хотели избежать подобной ситуации в будущем.",m2m100_418m,"После того, как они увидели ужасы и жестокости войны во время Первой мировой войны, нации хотели избежать такой ситуации в будущем.",0.2930655999807641,37,False,False
en-ru-0449,flores_devtest,449,en,ru,"He arrived in the US with 4 cents to his name, a book of poetry, and a letter of recommendation from Charles Batchelor (his manager in his previous job) to Thomas Edison.","Он приехал в США с четырьмя центами в кармане, книгой стихов и рекомендательным письмом от Чарльза Бэтчелора, который был его начальником на предыдущей работе, к Томасу Эдисону.",m2m100_418m,"Он приехал в Соединенные Штаты с 4 центами по своему имени, книгой поэзии и письмом рекомендации от Чарльза Батчелора (его менеджера в его предыдущей работе) к Томасу Эдисону.",0.5427388999378309,61,False,False
en-ru-0491,flores_devtest,491,en,ru,It was at this time that the transfer of the title of Fashion Capital from Constantinople to Paris was made.,В этот момент и произошел переход титула Столицы Моды от Константинополя к Парижу.,m2m100_418m,Именно в это время был сделан перевод титула столицы моды из Константинополя в Париж.,0.27888809994328767,27,False,False
en-ru-0502,flores_devtest,502,en,ru,"Members of a subculture often signal their membership through a distinctive and symbolic use of style, which includes fashions, mannerisms, and argot.","Представители определенной субкультуры зачастую заявляют о своей принадлежности через своеобразное и символичное использование стиля, в том числе через моду, манеры и жаргон.",m2m100_418m,"Члены субкультуры часто сигнализируют о своем членстве посредством отличительного и символического использования стиля, который включает в себя фашизм, манеризм и арго.",0.4646017999621108,46,False,False
en-ru-0512,flores_devtest,512,en,ru,"Children are placed in Foster Care for a wide variety of reasons that range from neglect, to abuse, and even to extortion.",Дети передаются под опеку по множеству разнообразных причин: от беспризорности до жестокого обращения и даже вымогательств.,m2m100_418m,"Дети размещаются в Foster Care по широкому спектру причин, которые варьируются от игнорирования, к злоупотреблению и даже к изгнанию.",0.451384500018321,44,False,False
en-ru-0540,flores_devtest,540,en,ru,"The Tibetan Buddhism is based on the teachings of Buddha, but were extended by the mahayana path of love and by a lot of techniques from Indian Yoga.","Тибетский буддизм основан на учениях Будды, но был дополнен махаянским путем любви и множеством техник индийской йоги.",m2m100_418m,"Тибетский буддизм основан на учениях Будды, но был расширен махаианским путем любви и множеством методов из индийской йоги.",0.4135815999470651,43,False,False
en-ru-0552,flores_devtest,552,en,ru,"At the same time, the German navy, using mainly U-boats, was trying to stop this traffic.","В это же время немецкий военно-морской флот, используя в основном свои подводные лодки, пытался остановить это движение.",m2m100_418m,"В то же время немецкий флот, используя преимущественно подводные лодки, пытался остановить этот трафик.",0.3650279000867158,33,False,False
en-ru-0631,flores_devtest,631,en,ru,Vatican City's population is around 800. It is the smallest independent country in the world and the country with the lowest population.,"Население Ватикана составляет около 800 человек. Это самая маленькая независимая страна в мире, а также страна, имеющая наименьшее население.",m2m100_418m,Население Ватикана составляет около 800. Это самая маленькая независимая страна в мире и страна с наименьшим числом населения.,0.34299599996302277,33,False,False
en-ru-0632,flores_devtest,632,en,ru,Vatican City uses Italian in its legislation and official communications.,В Ватикане используют итальянский язык в законодательстве и официальных сообщениях.,m2m100_418m,Ватиканский город использует Италию в законодательстве и официальных коммуникациях.,0.27382060000672936,23,False,False
en-ru-0636,flores_devtest,636,en,ru,"Aristotle, a philosopher, theorised that everything is made up of a mixture of one or more of four elements. They were earth, water, air, and fire.","Философ Аристотель считал, что всё состоит из смеси одного или нескольких из четырёх элементов. Это были земля, вода, воздух и огонь.",m2m100_418m,"Аристотель, философ, теорировал, что все состоит из смеси одного или более четырех элементов: земли, воды, воздуха и огня.",0.31706309993751347,39,False,False
en-ru-0676,flores_devtest,676,en,ru,The rise of new technologies allows us to see and investigate brain structures and processes never seen before.,Появление новых технологий позволяет нам увидеть и исследовать невиданные ранее структуры и процессы мозга.,m2m100_418m,"Появление новых технологий позволяет нам видеть и исследовать структуры и процессы мозга, которые никогда раньше не наблюдались.",0.2550221000565216,31,False,False
en-ru-0685,flores_devtest,685,en,ru,Sharing a field trip virtually is also a great way to reflect a on a trip and share experiences with future classes.,Выкладывание экскурсии в виртуальное пространство для всеобщего обозрения — это также отличный способ освежить в памяти экскурсию и поделиться своим полученными знаниями с будущими классами.,m2m100_418m,Поделиться полевой поездкой практически также отличный способ отразить поездку и поделиться опытом с будущими классами.,0.28650579997338355,34,False,False
en-ru-0700,flores_devtest,700,en,ru,"The Arabs also brought Islam to the lands, and it took in a big way in the Comoros and Mayotte.","Арабы также принесли в этот регион ислам, особенно он укоренился на Коморах и Майотте.",m2m100_418m,"Арабы также принесли ислам в землю, и он занял большой путь в Коморах и Майоте.",0.23705350002273917,29,False,False
en-ru-0704,flores_devtest,704,en,ru,It is helpful to also wear a ring (just not one that looks too expensive.,Также полезно носить кольцо (только не слишком дорогое на вид).,m2m100_418m,"Также полезно носить кольцо (только не то, что выглядит слишком дорого.",0.18377540004439652,24,False,False
en-ru-0717,flores_devtest,717,en,ru,"Combined with its relative inaccessibility, ""Timbuktu"" has come to be used as a metaphor for exotic, distant lands.","В связи со своей относительной недоступностью, ""Тимбукту"" стал метафорой экзотической дальней земли.",m2m100_418m,"В сочетании с его относительной недоступностью «Тимбукту» использовались как метафора для экзотических, отдаленных земель.",0.3079644999234006,38,False,False
en-ru-0742,flores_devtest,742,en,ru,"The two towers rise to a height of 83 meters, it's 378 meters long and it has two lanes of 3.50 m wide.","Эти две башни достигают 83 метра в высоту, а сам мост 378 метров в длину и имеет две полосы движения шириной 3,5 метра.",m2m100_418m,"Две башни поднимаются до высоты 83 метров, она длиной 378 метров и имеет две полосы шириной 3,50 метров.",0.296110299997963,37,False,False
en-ru-0746,flores_devtest,746,en,ru,"The Chaco region was home to other groups of indigenous tribes such as the Guaycurú and Payaguá, who survived by hunting, gathering and fishing.","Область Чако служила домом для разных групп местных племен, например для Гуайкуру и Паягуа, они выживали при помощи охоты, собирательства и рыбалки.",m2m100_418m,"Регион Чако был домом для других групп коренных племен, таких как Гуакуру и Паягуа, которые выжили охотой, сбором и рыболовством.",0.3970944000175223,47,False,False
en-ru-0761,flores_devtest,761,en,ru,"The winter can be deceptively chilly: temperatures rarely go below freezing, but the wind and humidity combine to make it feel colder than what the thermometer says.","Зима может быть обманчиво холодной: температура редко опускается ниже нуля, но сочетание ветра и влажности воздуха создает ощущение более холодной погоды в сравнении с тем, что показывает термометр.",m2m100_418m,"Зима может быть разочаровательно холодной: температуры редко падают ниже замораживания, но ветер и влажность сочетаются, чтобы сделать его чувствовать холоднее, чем говорит термометр.",0.4117754000471905,49,False,False
en-ru-0768,flores_devtest,768,en,ru,"Apia is the capital of Samoa. The town is on the island of Upolu and has a population of just under 40,000.",Апиа – столица Самоа. Город расположен на острове Уполу и имеет население чуть менее 40 000 жителей.,m2m100_418m,Апия является столицей Самои. город находится на острове Уполу и имеет население всего менее 40 000 человек.,0.24704480008222163,29,False,False
en-ru-0771,flores_devtest,771,en,ru,"All the ships were sunk, except for one British cruiser. Nearly 200 American and German lives were lost.","Все корабли затонули, за исключением одного британского крейсера. Погибли около 200 американских и немецких моряков.",m2m100_418m,"Все корабли были сброшены, за исключением одного британского круизера. Почти 200 американских и немецких жизней были потеряны.",0.3158672000281513,36,False,False
en-ru-0787,flores_devtest,787,en,ru,"Saltwater Crocodiles do not actively live in the ocean, their primary habitat is in river estuaries north from Rockhampton.","Гребнистые крокодилы не ведут активную жизнь в океане, а их основная среда обитания — эстуарии рек к северу от Рокгемптона.",m2m100_418m,"Солевые крокодилы не активно живут в океане, их основное место обитания находится в речных эстуарах северно от Рокхэмптона.",0.3911071999464184,43,False,False
en-ru-0814,flores_devtest,814,en,ru,"If you booked your flights and accommodation for 2020 before the postponement was announced, you may have a tricky situation.","Если вы забронировали авиабилеты и проживание на 2020 год до того, как было объявлено о переносе даты, у вас может возникнуть непростая ситуация.",m2m100_418m,"Если вы забронировали рейсы и размещение на 2020 год до объявления о задержке, у вас может возникнуть неприятная ситуация.",0.2792040000203997,35,False,False
en-ru-0823,flores_devtest,823,en,ru,Travellers may encounter animal pests that they are not familiar with in their home regions.,"Путешественники могут встретиться с животными-вредителями, которых они не видели в своих родных краях.",m2m100_418m,"Путешественники могут столкнуться с животными, с которыми они не знакомы в своих родных районах.",0.2320666000014171,30,False,False
en-ru-0827,flores_devtest,827,en,ru,"Travellers bound for countries with heavy taxation can sometimes save a considerable amount of money, especially on products such as alcoholic beverages and tobacco.","Путешественники, направляющиеся в страны с высоким налогообложением, могут иногда сэкономить значительную сумму, особенно на таких товарах, как спиртные напитки и табак.",m2m100_418m,"Путешественники, связанные с странами с тяжелым налогом, иногда могут сэкономить значительную сумму денег, особенно на таких продуктах, как алкогольные напитки и табак.",0.3757301999721676,46,False,False
en-ru-0831,flores_devtest,831,en,ru,"Curiously, though, mobile phone service is much stronger here than along many other stretches of the route, e.g. the Pennsylvania Wilds.","Однако, как ни странно, мобильная телефонная связь здесь намного лучше, чем на многих других участках маршрута, например в Пенсильвании Уайлдс.",m2m100_418m,"Интересно, однако, мобильный телефонный сервис здесь намного сильнее, чем на многих других участках маршрута, например, в Пенсильвании.",0.3107971999561414,38,False,False
en-ru-0857,flores_devtest,857,en,ru,"Europe is a continent that is relatively small but with many independent countries. Under normal circumstances, travelling through multiple countries would mean having to go through visa applications and passport control multiple times.","Европа — относительно маленький континент, но на нём много независимых государств. В обычных обстоятельствах путешествие через множество стран означало бы необходимость подачи прошений для получения визы и многократного прохождения паспортного контроля.",m2m100_418m,"Европа - это континент, который относительно небольшой, но с многими независимыми странами.В нормальных обстоятельствах, путешествие через несколько стран означает, что нужно пройти через визовые заявки и паспортную проверку несколько раз.",0.4546860000118613,57,False,False
en-ru-0885,flores_devtest,885,en,ru,Willingness of foreign governments to honour these documents is just as widely variable.,Готовность зарубежных правительств выполнять свои обязательства по данным документам столь же весьма различна.,m2m100_418m,Желание иностранных правительств почитать эти документы так же широко варьируется.,0.18258950009476393,23,False,False
en-ru-0902,flores_devtest,902,en,ru,The scenes are displayed on the pyramids and the different pyramids are lit up.,"Сцены показывают на пирамидах, и разные пирамиды освещаются.",m2m100_418m,"Сцены отображаются на пирамидах, а различные пирамиды освещаются.",0.18538929999340326,24,False,False
en-ru-0913,flores_devtest,913,en,ru,An increasingly more popular option for those planning a gap-year is to travel and learn.,"Вариант, становящийся всё более популярным для тех, кто планирует взять академический год, это путешествовать и учиться.",m2m100_418m,"Все более популярным вариантом для тех, кто планирует разрывный год, является путешествие и обучение.",0.2273451000219211,27,False,False
en-ru-0950,flores_devtest,950,en,ru,"Also to the north visit the great Sanctuary of Our Lady of Fatima (Shrine), a place of worldwide famous Marian apparitions.",Севернее посетите также великий Храм Фатимской Богоматери (усыпальница) — место всемирно известных явлений Девы Марии.,m2m100_418m,"Также на севере посетить великий святилище Нашей леди Фатимы (Схрин), место всемирно известных марианских проявлений.",0.2969620000803843,38,False,False
en-ru-0978,flores_devtest,978,en,ru,Persian has a relatively easy and mostly regular grammar.,В персидском языке относительно лёгкая и в основном закономерная грамматика.,m2m100_418m,Персидский язык имеет относительно легкую и в основном регулярную грамматику.,0.18102999997790903,23,False,False
en-ru-0994,flores_devtest,994,en,ru,Inland waterways can be a good theme to base a holiday around.,Внутренние водные пути могут стать хорошей темой для проведения какого-либо праздника.,m2m100_418m,Внутренние водные пути могут быть хорошей темой для основания отдыха вокруг.,0.17646939994301647,22,False,False
en-uz-0063,flores_devtest,63,en,uz,"Historians have criticized past FBI policies for focusing resources on cases which are easy to solve, especially stolen car cases, with the intent of boosting the agency's success rate.","Tarixchilar agentlikning muvaffaqiyat darajasini kuchaytirish uchun osongina hal qilish mumkin bo'lgan, ayniqsa avtomobil o'g'rilanishi bo'yicha ishlarga resurslarning qaratilganligi uchun FQB agentligining o'tmishdagi siyosatlarini tanqid qildilar.",m2m100_418m,"Historians FBI'nın geçmiş politikalarını, agensi'nin başarısızlaşma oranları artırmaq amacıyla, çalidan araçlar, qasa qasa bilan qasa'qasa'ga odaklanmadi.",0.4057242999551818,53,False,False
en-uz-0068,flores_devtest,68,en,uz,"U.S. President George W. Bush arrived in Singapore the morning of November 16, beginning a week-long tour of Asia.","AQSH Prezidenti Jorj V. Bush, Osiyo bo'ylab bir haftalik sayohatini boshlab, 16-noyabr kuni tongda Singapurga yetib keldi.",m2m100_418m,"U.S. President George W. Bush 16.novemburga Singapur'a qaytadi, bir haftada Asya turni başlar.",0.2695150999352336,35,False,False
en-uz-0083,flores_devtest,83,en,uz,"The Ninth Ward, which saw flooding as high as 20 feet during Hurricane Katrina, is currently in waist-high water as the nearby levee was overtopped.","Katrina bo'roni vaqtida 20 fut balandlikdagi toshqinga guvoh bo'lgan to'qqizinchi bo'linma, suv yaqindagi to'g'ondan oshib o'tgani sababli, hozirda belgacha keladigan suv ostida qolgan.",m2m100_418m,"9th Ward, uragan Katrina'da 20 metri o‘yadi boʻyadi, ko'yadi su'ga boʻya boʻyo.",0.34962860005907714,40,False,False
en-uz-0085,flores_devtest,85,en,uz,Commons Administrator Adam Cuerden expressed his frustration over the deletions when he spoke to Wikinews last month.,Parlamentning quyi palatasi ma'muri Adam Kuerden o'tgan oyda Wikinews bilan suhbatida o'chirishlardan ranjiganini aytdi.,m2m100_418m,"Commons administrator Adam Cuerden, Wikinews-i bu ay qaytadi koʻshayni oʻshahni.",0.3043551000300795,32,False,False
en-uz-0091,flores_devtest,91,en,uz,The scientists were able to conclude that the dark matter affect other dark matter in the same way regular matter does.,"Olimlar qora materiya boshqa qora materiyaga xuddi odatiy materiya ta'sir qilgani kabi ta'sir ko'rsatadi, degan xulosaga kelishdi.",m2m100_418m,"Bilimganlar o‘zingizdi ki, karani materiy o‘t o‘d o‘di o‘r o‘st o‘nd o‘n o‘nt o‘rd o‘ng o’n o’r o’nd o’ng o‘.",0.49796900001820177,63,False,False
en-uz-0125,flores_devtest,125,en,uz,"A person working in a garage near where the accident occurred said: ""There were children waiting to cross the road and they were all screaming and crying.""","Ko'ngilsiz hodisa yuz bergan joy yaqinidagi garajda ishlayotgan kishi: ""U yerda yo'lni kesib o'tmoqchi bo'layotgan bolalar bor edi va ularning barchasi qichqirib yig'layotgandi"" deb aytdi.",m2m100_418m,"Bir garajda çalışan o‘zadi: “O‘zadlar yolda qaytargan o’zadi, o‘zi qaraydi.”",0.2762207000050694,37,False,False
en-uz-0165,flores_devtest,165,en,uz,"Since 1988, ballot boxes must be transparent so that voters and observers can witness that no envelopes are present at the start of the vote and that no envelopes are added except those of the duly counted and authorized voters.",1988-yildan beri ovoz beruvchilar va kuzatuvchilar boshlanishida konvertlar mavjud emasligi va mos tarzda sanalgan va vakolat berilgan ovoz beruvchilardan tashqari hech qanday konvertlar qo'shilmasligiga guvohlik bera olishlari uchun saylov qutilarining shaffof bo'lishi talab qilinadi.,m2m100_418m,"1988 yildan beri voting boxes o‘zadi, voters and observers can witness that no envelopes are present at the beginning of the voting and that no embarks are added except those of the dully counted and authorized voters.",0.4743396999547258,61,False,False
en-uz-0179,flores_devtest,179,en,uz,"It was the final match for the All Blacks, who had already won the trophy two weeks ago.","Bu ikki hafta avval sovrin yutgan ""All Blacks"" jamoasi uchun oxirgi o'yin edi.",m2m100_418m,"Bu All Blacks-i'nin final maqadi, 2 hafta əvvəl bu trofiyini kazdi.",0.21642039995640516,27,False,False
en-uz-0195,flores_devtest,195,en,uz,"The photographer was transported to Ronald Reagan UCLA Medical Center, where he subsequently died.",Fotosuratchi Ronald Reygan nomidagi UCLA Tibbiyot Markaziga yetkazilgan va keyinchalik u yerda vafot etgan.,m2m100_418m,"Fotografi Ronald Reagan UCLA Medical Center'a qaytadi, o‘zdan sonra ölüb.",0.2386015000520274,27,False,False
en-uz-0225,flores_devtest,225,en,uz,The rock band was due to tour the United States and Canada until September 16.,Rok guruhi AQSH va Kanadada 16-sentyabrga qadar gastrol safarida bo'lishi kerak edi.,m2m100_418m,Bu rock band'u 16 Eylül'e kadar USA-da və Kanada-da turniqdirdi.,0.22044970002025366,26,False,False
en-uz-0277,flores_devtest,277,en,uz,The Madhya Pradesh Police recovered the stolen laptop and mobile phone.,Madxya-Pradesh politsiyasi o'g'irlangan noutbuk hamda mobil telefonni qaytardi.,m2m100_418m,Madhya Pradesh polis qurtadan laptop və mobil telefon qaytadi.,0.17328670003917068,21,False,False
en-uz-0356,flores_devtest,356,en,uz,It takes a giant rocket over a 100 feet high to put a satellite or telescope in space.,Sun'iy yo'ldosh yoki teleskopni kosmosga joylashtirish uchun 100 futdan ortiq balandlikdagi ulkan raketa talab qilinadi.,m2m100_418m,"U 100 metri bo‘yadi, teleskopga satellit qo‘yaydi.",0.18599469994660467,24,False,False
en-uz-0364,flores_devtest,364,en,uz,"The females are usually closely related to each other, being a large family of sisters and daughters.","Urg'ochilar, odatda, katta oilaning opa-singillari yoki qizi bo'lib, bir-biriga chambarchas bog'liqdir.",m2m100_418m,"Naqlar normaldi bir-birimizga yaklaşlar, bir qarlar və kızlar böyük bir aimdir.",0.2160200000507757,29,False,False
en-uz-0397,flores_devtest,397,en,uz,"There were no large forests in the land of Canaan, so wood was extremely expensive.","Kan'on yerlarida keng o'rmonlar yo'q edi, shu sababdan yog'och nihoyatda qimmat edi.",m2m100_418m,"Canaani'nin toʻyadi'da büyük bir orman yokdi, bu yüzden ahadi çox pahaydi.",0.2561670000432059,30,False,False
en-uz-0418,flores_devtest,418,en,uz,"Italy's national football, along with German national football team is the second most successful team in the world and were the FIFA World Cup champions in 2006.","Italiya milliy futbol jamoasi Germaniya milliy futbol jamoasi qatori dunyodagi eng muvaffaqiyatli ikkinchi jamoa bo'lib, 2006-yilda FIFA Jahon chempionatida g'olib chiqqan.",m2m100_418m,"İtalya'nın milli futbol, Alman milli futbol takiminin yanı sıra dünyanın ikinci ən başarılı takimdir ve 2006 FIFA World Cup şampiyatlar oldu.",0.3615351999178529,38,False,False
en-uz-0423,flores_devtest,423,en,uz,"Taiwan beginning start way back in 15th century where European sailors passing by record the island’s name as Ilha Formosa, or beautiful island.","Tayvanning boshlanishi 15-asrga borib taqaladi, bunda o'tib ketayotgan yevropalik dengizchilar orol nomini Ilha Formosa yoki go'zal orol deb yozib qoldirishadi.",m2m100_418m,"Tayvan 15th century'da qaytarga başlar ki, European marinarlar o'nun adı Ilha Formosa, ya da bukay o'q.",0.3240475000347942,39,False,False
en-uz-0439,flores_devtest,439,en,uz,Its all-pervading power affected everyone from king to commoner.,"Uning keng qamrovli qudrati shohdan tortib, oddiy insongacha ta'sir qildi.",m2m100_418m,"O‘shimni-masiq o‘shimi-mashimi o’shimi o'shimi, o‘simi o`shimi ma'shini o'simi.",0.3497163000283763,46,False,False
en-uz-0442,flores_devtest,442,en,uz,"Soon after the outbreak of hostilities, Britain initiated a naval blockade of Germany.","Harbiy harakatlar xurujidan ko'p o'tmay, Britaniya Germaniyani dengizda blokada qilishni boshladi.",m2m100_418m,Britaniya'nın düşmanlıklar bo‘dan sonra Almanya'da bir naval blokada başlar.,0.21029959991574287,27,False,False
en-uz-0447,flores_devtest,447,en,uz,"After seeing the horrors and atrocities of war during World War I, nations desired to avoid such a situation again in the future.",Birinchi jahon urushi vaqtida urush dahshatlari va vahshiyliklarini ko'rgan xalqlar kelajakda shu kabi holatlarning oldini olishni istaganlar.,m2m100_418m,"Birinci Dünya Sava'da savaşın korozyonları ve korozoonları gördikten sonra, masalarlar bu durumdan qaytarga qaytadi.",0.36757040000520647,40,False,False
en-uz-0449,flores_devtest,449,en,uz,"He arrived in the US with 4 cents to his name, a book of poetry, and a letter of recommendation from Charles Batchelor (his manager in his previous job) to Thomas Edison.","U AQSHga o'z nomidagi 4 sent, she'riy kitob va Charlz Batchelordan (oldingi ish joyidagi ish boshqaruvchisi) Tomas Edisonga tavsiyanoma bilan kelgandi.",m2m100_418m,"4 cents, bir poetiyari kitab, Charles Batchelor'dan Thomas Edison'dan bir rekomandasyon mektubga USA'da qaytadi.",0.346203500055708,40,False,False
en-uz-0491,flores_devtest,491,en,uz,It was at this time that the transfer of the title of Fashion Capital from Constantinople to Paris was made.,Moda poytaxti unvonining Konstantinopoldan Parijga o'tishi aynan shu vaqtda yuz berdi.,m2m100_418m,Konstantinopoldan Paris’i Fashion Capital titili qaytadi.,0.18080509989522398,19,False,False
en-uz-0502,flores_devtest,502,en,uz,"Members of a subculture often signal their membership through a distinctive and symbolic use of style, which includes fashions, mannerisms, and argot.","Submadaniyat a'zolari ko'pincha o'z a'zoliklarini modalar, xulq-atvor va jargonlarni o'z ichiga olgan uslubdan o'ziga xos va ramziy foydalanish orqali namoyon etadilar.",m2m100_418m,"Subkulture'nin birimlar, birimlik qo‘yadi, stil, fassiyonlar, mannerismlar, argotlar kimi simboliqdir.",0.35018660000059754,40,False,False
en-uz-0512,flores_devtest,512,en,uz,"Children are placed in Foster Care for a wide variety of reasons that range from neglect, to abuse, and even to extortion.","Bolalar e'tiborsizlikdan tortib, zo'ravonlik va hatto tovlamachilikka qadar turli sabablarga ko'ra homiylik parvarishiga topshiriladi.",m2m100_418m,"Foster Care'da çocuklar, negligimdan, abotumdan, hatta ekstorsiya'dan o‘zilgan bir faradaydir.",0.3136157999979332,36,False,False
en-uz-0540,flores_devtest,540,en,uz,"The Tibetan Buddhism is based on the teachings of Buddha, but were extended by the mahayana path of love and by a lot of techniques from Indian Yoga.","Tibet buddizmi Budda ta'limotlariga asoslanadi, lekin muhabbatning mahayana yo'li bilan va hind yogasining ko'plab uslublari bilan kengaytirilgan.",m2m100_418m,"Tibetan Buddhism buddhism, Buddha'nın doktrini bazan, ama mahayana'dan aşk yolda və Hindiyaya Yoga'dan bir çox tekniklar tarafından genişlikdi.",0.36040370003320277,48,False,False
en-uz-0552,flores_devtest,552,en,uz,"At the same time, the German navy, using mainly U-boats, was trying to stop this traffic.","Shu bilan birga Nemis dengiz floti, asosan, dengizosti qayiqlaridan foydalanib, ushbu transport harakatini to'xtatishga urinayotgandi.",m2m100_418m,"Bir o‘z, German Navy, masajda U-boats, bu trafikini durmayaya çalışmaydi.",0.22989800001960248,30,False,False
en-uz-0631,flores_devtest,631,en,uz,Vatican City's population is around 800. It is the smallest independent country in the world and the country with the lowest population.,Vatikan shahri aholisi 800 kishi atrofida. U dunyodagi eng kichik mustaqil davlat va eng kam aholiga ega mamlakatdir.,m2m100_418m,Vatikan City'nin nüfus 800'dir. Bu dünyadan ən küçim bağımsız zemdir ve enni nüfuslu zemdir.,0.25654700002633035,34,False,False
en-uz-0632,flores_devtest,632,en,uz,Vatican City uses Italian in its legislation and official communications.,Vatikan shahri qonunchilik va rasmiy muloqot uchun italyan tilini qo'llaydi.,m2m100_418m,Vatikan City'nin italiyadi lagimda və resmi iletişimlarda kullanır.,0.17798250005580485,23,False,False
en-uz-0636,flores_devtest,636,en,uz,"Aristotle, a philosopher, theorised that everything is made up of a mixture of one or more of four elements. They were earth, water, air, and fire.","Faylasuf Aristotel barcha narsa to'rt unsurning bir yoki bir nechtasi aralashmasidan tashkil topgan degan nazariyani ilgari surgan. Ularni tuproq, suv, havo va olov ekanligini aytib o'tgan.",m2m100_418m,"Aristotle, bir filosofi, o‘ziyadi ki, hər şey bir o‘qor-qor elementin bir kombinasiyadan oluşur. Onlar zem, water, air, and fire.",0.3876236999640241,50,False,False
en-uz-0676,flores_devtest,676,en,uz,The rise of new technologies allows us to see and investigate brain structures and processes never seen before.,Yangi texnologiyalarning rivojlanishi bizga oldin hech qachon kuzatilmagan miyaning tuzilishi hamda ishlash jarayonini ko'rish va tadqiq etish imkon yaratdi.,m2m100_418m,Teknologiyaların yükselişimiz o‘yadi biz o‘cebiy strukturlar ve proseslar o‘s o‘t o‘n o‘d o‘ng o‘r.,0.36124080000445247,45,False,False
en-uz-0685,flores_devtest,685,en,uz,Sharing a field trip virtually is also a great way to reflect a on a trip and share experiences with future classes.,Ekskursiyalarni virtual tarzda bo'lishish sayohat haqida fikr yuritish va kelasi darslar bilan tajriba almashish uchun ajoyib usuldir.,m2m100_418m,Bir yolculuğumda bir rolda paylaşmak da bir yolculukta bir yansımak ve gelecek klaslar ile deneyimlər paylaşmaq üçün bir iyiydir.,0.323038800037466,42,False,False
en-uz-0700,flores_devtest,700,en,uz,"The Arabs also brought Islam to the lands, and it took in a big way in the Comoros and Mayotte.",Arablar bu yerlarga islomni ham olib kelishdi va bu Komor orollari hamda Mayottada katta ahamiyat kasb etdi.,m2m100_418m,"Araballar da İslam'a qaytadi, komorlar və Mayotte'da büyük bir yol qoldi.",0.29443230002652854,28,False,False
en-uz-0704,flores_devtest,704,en,uz,It is helpful to also wear a ring (just not one that looks too expensive.,Uzuk taqish ham foydali (shunchaki nihoyatda qimmat ko'rinmaydiganini.,m2m100_418m,Bir ring (sost o‘yadi ko‘yad) qo‘yagan faydi.,0.20005620003212243,24,False,False
en-uz-0717,flores_devtest,717,en,uz,"Combined with its relative inaccessibility, ""Timbuktu"" has come to be used as a metaphor for exotic, distant lands.","Yetishish imkoniyati nisbatan kamligi bilan birga, ""Timbuktu"" uzoq, ekzotik o'lkalar uchun metafora sifatida ishlatila boshlandi.",m2m100_418m,"""Timbuktu"" relatif oʻshahadi, eksotic, distant zemlar için bir metaphor olarak kullanılır.",0.27616860007401556,34,False,False
en-uz-0742,flores_devtest,742,en,uz,"The two towers rise to a height of 83 meters, it's 378 meters long and it has two lanes of 3.50 m wide.","Ikki minoraning balandligi 83 metrga yetadi, u uzunligi 378 metr hamda kengligi 3,5 m bo'lgan ikkita yo'lakchaga ega.",m2m100_418m,"2 torni 83-metri, 378 metri longdi, 350 metri genişdi.",0.24999720009509474,25,False,False
en-uz-0746,flores_devtest,746,en,uz,"The Chaco region was home to other groups of indigenous tribes such as the Guaycurú and Payaguá, who survived by hunting, gathering and fishing.","Chako mintaqasida Guaykuru va Payagua kabi mahalliy qabilalarning boshqa guruhlari yashab, ular ovchilik, termachilik va baliq ovlash orqali hayotlarini saqlab qolishgan.",m2m100_418m,"Chaco region, Guaycurú, Payaguá o‘qorga, qorga o‘cogga o’coggga o'coggo o’qogga, o‘sqoggan o'qoggo.",0.626403099973686,58,False,False
en-uz-0761,flores_devtest,761,en,uz,"The winter can be deceptively chilly: temperatures rarely go below freezing, but the wind and humidity combine to make it feel colder than what the thermometer says.","Qish chalg'itadigan sovuq bo'lishi mumkin: haroratlar kamdan-ham hollarda muzlash nuqtasidan pastga tushadi, biroq shamol va namlik birlashgan holda termometr ko'rsatganiga qaraganda sovuqroqdek tuyulishi mumkin.",m2m100_418m,"Uzimni kohladi: temperamentlar kohladdan aşağıga gidir, ama ruzdan və nemiyadi koʻyadi thermometer'dan daha soğuk hissingiz.",0.36566140002105385,46,False,False
en-uz-0768,flores_devtest,768,en,uz,"Apia is the capital of Samoa. The town is on the island of Upolu and has a population of just under 40,000.",Apia Samoaning poytaxtidir. Shahar Upolu orolida va 40 000 nafardan kamroq aholiga ega.,m2m100_418m,"Apia, Samoa'nın baştadi. Şehir Upolu'nun adla'da yerdir, 40,000'dan daha az bir nüfus var.",0.2911142000230029,38,False,False
en-uz-0771,flores_devtest,771,en,uz,"All the ships were sunk, except for one British cruiser. Nearly 200 American and German lives were lost.",Bitta Britaniya kreyseridan boshqa barcha kemalar cho'ktirilgan edi. 200 ga yaqin amerikalik va nemis halok bo'lgan.,m2m100_418m,"Bütün yoblar, bir Britaniya krüser o‘zadi. Yak 200 Amerikani və Alman canlılar kaybdi.",0.23059950000606477,32,False,False
en-uz-0787,flores_devtest,787,en,uz,"Saltwater Crocodiles do not actively live in the ocean, their primary habitat is in river estuaries north from Rockhampton.","Sho'r suv timsohlari okeanda ko'p uchramaydi, ularning asosiy yashash joyi Rokxemptondan shimolda joylashgan daryolarning quyilish joylaridir.",m2m100_418m,"Saltwater Crocodiles aktivni oceanda yaşaymazlar, onların primary habitat riyo estuari Rockhampton'dan kuzeydir.",0.29287770006339997,38,False,False
en-uz-0814,flores_devtest,814,en,uz,"If you booked your flights and accommodation for 2020 before the postponement was announced, you may have a tricky situation.","Agar siz kechiktirish e'lon qilinishidan avval 2020-yil uchun reyslar va mehmonxonani buyurtna qilgan bo'lsangiz, siz qiyin vaziyatda qolishingiz mumkin.",m2m100_418m,"Siz 2020 o‘shaytlar bilan bilan bilan bo‘qaytingiz, siz bilan bo’qiytlar.",0.2740691000362858,30,True,False
en-uz-0823,flores_devtest,823,en,uz,Travellers may encounter animal pests that they are not familiar with in their home regions.,Sayyohlar o'z mintaqalarida noma'lum bo'lgan hayvon parazitlariga duch kelishlari mumkin.,m2m100_418m,"Uturganlar, evimiyatliklikliklarda u‘ziyata ko‘zilmilmilmaydi.",0.22689290007110685,29,False,False
en-uz-0827,flores_devtest,827,en,uz,"Travellers bound for countries with heavy taxation can sometimes save a considerable amount of money, especially on products such as alcoholic beverages and tobacco.","Og'ir soliqlarga ega mamlakatlarga boruvchi sayohatchilar ba'zi hollarda, ayniqsa, spirtli ichimliklar va tamaki mahsulotlari kabilardan anchagina pul tejab qolishlari mumkin.",m2m100_418m,"Yolcullar ağır vergi olan ülkelerga bağlanmazlar, zamanlar önemli miktarda qaytarlar, özellikle alkollik içki və tabak gibi ürünler.",0.29495819995645434,39,False,False
en-uz-0831,flores_devtest,831,en,uz,"Curiously, though, mobile phone service is much stronger here than along many other stretches of the route, e.g. the Pennsylvania Wilds.","Qizig'i shuki, bu yerda mobil telefon xizmati, boshqa ko'p yo'nalishlarga qaraganda, masalan, Pensilvaniya Uayldzdan ko'ra ancha kuchliroq.",m2m100_418m,"Men, mobil telefonsiz servis burada, Pennsylvania Wilds kimi yolun o‘zʻzʻqʻʻqqʻqōqʻ qʻqаqʻga o‘qʻyʻq.",0.4743561999639496,49,False,False
en-uz-0857,flores_devtest,857,en,uz,"Europe is a continent that is relatively small but with many independent countries. Under normal circumstances, travelling through multiple countries would mean having to go through visa applications and passport control multiple times.","Yevropa nisbatan kichik, biroq ko'plab mustaqil davlatlarga ega bo'lgan qit'adir. Odatiy sharoitlarda bir nechta mamlakatlar bo'ylab sayohat qilish bir necha marta vizaga ariza topshirish va pasport nazoratidan o'tish kerakligini anglatadi.",m2m100_418m,"Europe is a continent which is relatively small but with many independent countries. Under normal circumstances, traveling through multiple countries will mean having to go through visa applications and passport control multiple times.",0.511616799980402,44,False,False
en-uz-0885,flores_devtest,885,en,uz,Willingness of foreign governments to honour these documents is just as widely variable.,Chet el hukumatlarining mazkur hujjatlarni hurmat qilishga tayyorligi xuddi shu darajada o'zgaruvchandir.,m2m100_418m,Bu doktrinlar o‘shahadi qaytarga qaytargan qaytarma qaytarmadi.,0.24611690000165254,27,False,False
en-uz-0902,flores_devtest,902,en,uz,The scenes are displayed on the pyramids and the different pyramids are lit up.,Sahnalar piramidalar ustida namoyish etildi va turli xil piramidalar yoritildi.,m2m100_418m,"Piyamidlar o'qlarlar, piramidlar o‘qlar qlarlarlar.",0.23601470002904534,26,False,False
en-uz-0913,flores_devtest,913,en,uz,An increasingly more popular option for those planning a gap-year is to travel and learn.,Akademik ta'tilni rejalashtirayotganlar orasida tobora ommalashib borayotgan tanlov – sayohat hamda o'rganishdir.,m2m100_418m,"U'yadi bir gap-yadi planlayganlar için daha popüler bir seçenek, traveling and learning.",0.2208347999257967,29,False,False
en-uz-0950,flores_devtest,950,en,uz,"Also to the north visit the great Sanctuary of Our Lady of Fatima (Shrine), a place of worldwide famous Marian apparitions.",Yana shimolda butun dunyoga mashhur bo'lgan Mariam onamizning ko'rinish joyi bo'lgan Fotima onamiz ibodatxonasiga (Muqaddas jiy) ham tashrif buyuring.,m2m100_418m,"O‘zani qaytdan, Fatima (Shrine) Our Lady's Great Sanctuary, dünyaca ünlik Marian aparijadi'ni vizib.",0.313209000043571,42,False,False
en-uz-0978,flores_devtest,978,en,uz,Persian has a relatively easy and mostly regular grammar.,Fors tili nisbatan oson va aksariyat hollarda o'zgarmas grammatikaga ega.,m2m100_418m,Persiyani o‘yadi o‘ya relativ o‘yo yadi yadi regular grammar.,0.19599170004948974,25,False,False
en-uz-0994,flores_devtest,994,en,uz,Inland waterways can be a good theme to base a holiday around.,Ichki suv yo'llari ta'til uchun yaxshi mavzu bo'lishi mumkin.,m2m100_418m,Inland waterways o‘yani bir tatil dayatmaq üçün bir temaydir.,0.1898532999912277,23,False,False
en-zh-0063,flores_devtest,63,en,zh,"Historians have criticized past FBI policies for focusing resources on cases which are easy to solve, especially stolen car cases, with the intent of boosting the agency's success rate.",历史学家批判了联邦调查局的过往政策，这种政策会把资源集中到容易破获的案件上，尤以偷车案件居多，目的只在于提高该机构的成功破案率。,m2m100_418m,"历史学家批评了过去的联邦调查局政策,因为它将资源集中在易于解决的案例上,特别是盗车案例,旨在提高该机构的成功率。",0.42049789999146014,47,False,False
en-zh-0068,flores_devtest,68,en,zh,"U.S. President George W. Bush arrived in Singapore the morning of November 16, beginning a week-long tour of Asia.",美国总统乔治·沃克·布什于 11 月 16 日上午抵达新加坡，开始为期一周的亚洲之行。,m2m100_418m,"美国总统乔治·布什(George W. Bush)于11月16日早上抵达新加坡,开始一周的亚洲之旅。",0.3747836999827996,37,False,False
en-zh-0083,flores_devtest,83,en,zh,"The Ninth Ward, which saw flooding as high as 20 feet during Hurricane Katrina, is currently in waist-high water as the nearby levee was overtopped.",“卡特里娜”飓风来袭时，第九区洪水水位一度高达 20 英尺，由于附近的防洪堤已经被淹没，目前水位已达齐腰深度。,m2m100_418m,"飓风卡特里纳(Katrina Hurricane)期间看到高达20英尺的洪水的第九大道目前处于高水域,因为附近的河流被淹没。",0.35241900000255555,48,False,False
en-zh-0085,flores_devtest,85,en,zh,Commons Administrator Adam Cuerden expressed his frustration over the deletions when he spoke to Wikinews last month.,共享资源管理员亚当·库尔登 (Adam Cuerden) 上个月在接受维基新闻 (Wikinews) 采访时表达了他对删除相关内容的不满。,m2m100_418m,共产党管理员亚当·库登(Adam Cuerden)在上个月向维基百科发表讲话时对这些删除表示失望。,0.301622899947688,40,False,False
en-zh-0091,flores_devtest,91,en,zh,The scientists were able to conclude that the dark matter affect other dark matter in the same way regular matter does.,科学家们可以得出结论，暗物质对其他暗物质的影响方式与普通物质相同。,m2m100_418m,"科学家们可以得出结论,黑暗物质会以平常物质的方式影响其他黑色物质。",0.22754180000629276,31,False,False
en-zh-0125,flores_devtest,125,en,zh,"A person working in a garage near where the accident occurred said: ""There were children waiting to cross the road and they were all screaming and crying.""",一名在事故发生地附近的车库立的工作人员说：“孩子们正等着过马路，并且都在大声尖叫，哭个不停。”,m2m100_418m,"一位在附近发生事故的车库工作的人说:“有孩子等着穿过道路,他们都大喊大叫。",0.25324380001984537,31,False,False
en-zh-0165,flores_devtest,165,en,zh,"Since 1988, ballot boxes must be transparent so that voters and observers can witness that no envelopes are present at the start of the vote and that no envelopes are added except those of the duly counted and authorized voters.",自 1988 年以来，投票箱就必须是透明的，这样选民和观察员才能看到投票开始时箱内没有信封，还能看到除了那些及时统计过、有权投票的选民以外，没有其他人向箱内投入信封。,m2m100_418m,"自1988年以来,投票箱必须透明,以便选民和观察者能够见证投票开始时没有包裹,除适当计算和授权的选民外,没有包装添加。",0.3856931000482291,53,False,False
en-zh-0179,flores_devtest,179,en,zh,"It was the final match for the All Blacks, who had already won the trophy two weeks ago.",全黑队在两周前已经赢得了奖杯，而这场比赛是他们打的最后一场。,m2m100_418m,"这是所有黑人队的最后一场比赛,两周前已经赢得了奖杯。",0.18005720002111048,25,False,False
en-zh-0195,flores_devtest,195,en,zh,"The photographer was transported to Ronald Reagan UCLA Medical Center, where he subsequently died.",这名摄影师被送往加州大学洛杉矶分校罗纳德·里根医疗中心，其后不治。,m2m100_418m,"摄影师被送往Ronald Reagan UCLA医疗中心,随后他去世。",0.19749680010136217,26,False,False
en-zh-0225,flores_devtest,225,en,zh,The rock band was due to tour the United States and Canada until September 16.,这支摇滚乐队原定在美国和加拿大巡演，一直持续到 9 月 16 日。,m2m100_418m,乐队将于9月16日前往美国和加拿大巡回演出。,0.14093879994470626,20,False,False
en-zh-0277,flores_devtest,277,en,zh,The Madhya Pradesh Police recovered the stolen laptop and mobile phone.,中央邦警方追回了被盗的笔记本电脑和手机。,m2m100_418m,马迪亚普拉德斯警方恢复了被盗的笔记本电脑和手机。,0.18295980000402778,25,False,False
en-zh-0356,flores_devtest,356,en,zh,It takes a giant rocket over a 100 feet high to put a satellite or telescope in space.,要把卫星或望远镜送入太空，需要一枚超过 100 英尺高的巨型火箭。,m2m100_418m,需要一枚超高100英尺的巨型火箭将卫星或望远镜放入太空。,0.25467890000436455,29,False,False
en-zh-0364,flores_devtest,364,en,zh,"The females are usually closely related to each other, being a large family of sisters and daughters.",作为大家庭里的姐妹和女儿，雌性之间通常彼此关系密切。,m2m100_418m,"女性通常是密切相连的,是兄弟姐妹和女儿的大家庭。",0.17098799999803305,22,False,False
en-zh-0397,flores_devtest,397,en,zh,"There were no large forests in the land of Canaan, so wood was extremely expensive.",迦南没有大森林，所以木材非常昂贵。,m2m100_418m,"在迦南的土地上没有大森林,所以木材非常昂贵。",0.1626932000508532,21,False,False
en-zh-0418,flores_devtest,418,en,zh,"Italy's national football, along with German national football team is the second most successful team in the world and were the FIFA World Cup champions in 2006.",意大利国家足球队和德国国家足球队都是世界上第二成功的球队，在 2006 年拿下了足球世界杯冠军。,m2m100_418m,"意大利国家足球与德国国家足球队是世界上第二大成功的球队,并于2006年成为国际足联世界杯冠军。",0.27918890002183616,33,False,False
en-zh-0423,flores_devtest,423,en,zh,"Taiwan beginning start way back in 15th century where European sailors passing by record the island’s name as Ilha Formosa, or beautiful island.",西方对台湾的了解可以追溯到 15 世纪。当时路过的欧洲水手将该岛命名为“福尔摩沙岛”(Ilha Formosa)，意思是美丽的岛屿。,m2m100_418m,"台湾开始回到15世纪,欧洲海军通过记录岛的名称为伊拉·福莫萨,或美丽的岛屿。",0.2790013999911025,34,False,False
en-zh-0439,flores_devtest,439,en,zh,Its all-pervading power affected everyone from king to commoner.,从国王到平民，它遍布十方的力量影响着每一个人。,m2m100_418m,"其全能的力量影响了所有人,从国王到更常见的。",0.1762810000218451,23,False,False
en-zh-0442,flores_devtest,442,en,zh,"Soon after the outbreak of hostilities, Britain initiated a naval blockade of Germany.",敌对行动爆发后不久，英国开始对德国实施海上封锁。,m2m100_418m,"敌意爆发后不久,英国开始对德国进行海上封锁。",0.17018259991891682,22,False,False
en-zh-0447,flores_devtest,447,en,zh,"After seeing the horrors and atrocities of war during World War I, nations desired to avoid such a situation again in the future.",目睹第一次世界大战中的肆虐残暴后，各国都渴望避免重蹈覆辙。,m2m100_418m,"在第一次世界大战期间看到战争的恐怖和残酷之后,各国希望在未来再次避免这种情况。",0.2254273999715224,29,False,False
en-zh-0449,flores_devtest,449,en,zh,"He arrived in the US with 4 cents to his name, a book of poetry, and a letter of recommendation from Charles Batchelor (his manager in his previous job) to Thomas Edison.",他在抵达美国时，身上带着 4 美分、一本诗集，还有一封查尔斯•巴舍勒（Charles Batchelor）（他前份工作的经理）写给托马斯•爱迪生（Thomas Edison）的推荐信。,m2m100_418m,"他以他的名字,一本诗歌书,以及查尔斯·巴切洛尔(他的前任经理)给托马斯·爱迪生的一封推荐信来到美国。",0.34510859998408705,44,False,False
en-zh-0491,flores_devtest,491,en,zh,It was at this time that the transfer of the title of Fashion Capital from Constantinople to Paris was made.,正是在这个时候，时尚之都的称号从君士坦丁堡转移到了巴黎。,m2m100_418m,"当时,从君士坦丁堡转移到巴黎时装首都的称号。",0.21510690008290112,25,False,False
en-zh-0502,flores_devtest,502,en,zh,"Members of a subculture often signal their membership through a distinctive and symbolic use of style, which includes fashions, mannerisms, and argot.",亚文化群体的成员，常常会象征性地利用独特的行事风格来表明他们的成员身份，包括时尚服装、举止和黑话。,m2m100_418m,"一个子文化的成员经常通过一种独特和象征性的风格使用来标志他们的会员资格,其中包括时尚、风格主义和阿尔戈特。",0.39809589996002614,43,False,False
en-zh-0512,flores_devtest,512,en,zh,"Children are placed in Foster Care for a wide variety of reasons that range from neglect, to abuse, and even to extortion.",孩子们因为各种原因被寄养，原因有被忽视、被虐待，甚至是被勒索。,m2m100_418m,"儿童因各种各样的原因被放置在福斯特护理中,从忽视到滥用,甚至被驱逐。",0.27824710006825626,33,False,False
en-zh-0540,flores_devtest,540,en,zh,"The Tibetan Buddhism is based on the teachings of Buddha, but were extended by the mahayana path of love and by a lot of techniques from Indian Yoga.",藏传佛教以佛陀的教义为基础，但通过大乘佛教的普世之爱和印度瑜伽的许多技巧得到了拓展。,m2m100_418m,"西藏佛教是基于佛陀的教义,但通过爱的马哈雅之路和印度瑜伽的许多技巧延伸。",0.3020360000664368,37,False,False
en-zh-0552,flores_devtest,552,en,zh,"At the same time, the German navy, using mainly U-boats, was trying to stop this traffic.",与此同时，以 U 型潜艇为主力的德国海军试图拦截这场运输。,m2m100_418m,"与此同时,德国海军,主要使用潜艇,试图阻止这种交通。",0.1889831000007689,24,False,False
en-zh-0631,flores_devtest,631,en,zh,Vatican City's population is around 800. It is the smallest independent country in the world and the country with the lowest population.,梵蒂冈城的人口大约有 800 人。它是世界上最小的独立国家，也是人口最少的国家。,m2m100_418m,"梵蒂冈市人口约为800人,是世界上最小的独立国家,人口最低的国家。",0.2034898999845609,26,False,False
en-zh-0632,flores_devtest,632,en,zh,Vatican City uses Italian in its legislation and official communications.,梵蒂冈城在法律法规和官方通信中使用意大利语。,m2m100_418m,梵蒂冈市在其法律和官方通讯中使用意大利。,0.1477833999088034,19,False,False
en-zh-0636,flores_devtest,636,en,zh,"Aristotle, a philosopher, theorised that everything is made up of a mixture of one or more of four elements. They were earth, water, air, and fire.",哲学家亚里士多德提出一种理论，即任何事物都是由土、水、空气和火四种元素中的一种或多种组成的。,m2m100_418m,"哲学家亚里士多德认为,一切都是由四个元素组成的混合物组成的,它们是地球、水、空气和火。",0.32526419998612255,40,False,False
en-zh-0676,flores_devtest,676,en,zh,The rise of new technologies allows us to see and investigate brain structures and processes never seen before.,新技术的兴起让我们能够看到和研究大脑的结构和工作过程，这些是以前从未见过的。,m2m100_418m,新技术的崛起使我们能够看到和研究以前从未见过的大脑结构和过程。,0.20864540000911802,25,False,False
en-zh-0685,flores_devtest,685,en,zh,Sharing a field trip virtually is also a great way to reflect a on a trip and share experiences with future classes.,以虚拟方式分享实地考察，也是回顾行程以及与以后班级分享经验的好办法。,m2m100_418m,"分享一个田野之旅实际上也是一个很好的方式来反映一个在旅行,并与未来的班级分享经验。",0.23805829999037087,32,False,False
en-zh-0700,flores_devtest,700,en,zh,"The Arabs also brought Islam to the lands, and it took in a big way in the Comoros and Mayotte.",阿拉伯人也把伊斯兰教带到了这片土地，这一教义在科摩罗和马约特国家盛行。,m2m100_418m,"阿拉伯人也把伊斯兰教带到土地上,它在科莫罗斯和梅奥特大道。",0.2509545999346301,31,False,False
en-zh-0704,flores_devtest,704,en,zh,It is helpful to also wear a ring (just not one that looks too expensive.,戴戒指也会有帮助（但不要戴看上去太贵的戒指。,m2m100_418m,"它是有用的,也穿着一个戒指(只是没有一个看起来太昂贵。",0.18566289998125285,24,False,False
en-zh-0717,flores_devtest,717,en,zh,"Combined with its relative inaccessibility, ""Timbuktu"" has come to be used as a metaphor for exotic, distant lands.",又因为相对偏僻，“廷巴克图”被用来比喻遥远的异国他乡。,m2m100_418m,"与其相对不可用性相结合,“Timbuktu”已被用作异国,遥远的土地的形象。",0.25044049997814,32,False,False
en-zh-0742,flores_devtest,742,en,zh,"The two towers rise to a height of 83 meters, it's 378 meters long and it has two lanes of 3.50 m wide.",两座桥塔高 83 米，桥的长度为 378 米，有两条 3.50米宽的车道。,m2m100_418m,"两座塔升高83米,长378米,有两条3.50米宽的线条。",0.2135394000215456,28,False,False
en-zh-0746,flores_devtest,746,en,zh,"The Chaco region was home to other groups of indigenous tribes such as the Guaycurú and Payaguá, who survived by hunting, gathering and fishing.",查科 (Chaco) 地区是瓜伊库鲁 (Guaycuru) 和帕亚瓜 (Payagua) 等其他土著部落的家园，他们靠狩猎、采集和捕鱼为生。,m2m100_418m,"查科地区是其他原住民部落群体的家园,如瓜伊库鲁和帕亚加瓦,这些部落通过狩猎、收集和钓鱼生存。",0.34341079997830093,46,False,False
en-zh-0761,flores_devtest,761,en,zh,"The winter can be deceptively chilly: temperatures rarely go below freezing, but the wind and humidity combine to make it feel colder than what the thermometer says.",冬天可能会比看上去显得更冷：温度很少低于零度，但当风和湿度结合在一起，会让人感觉比温度计显示的温度要冷。,m2m100_418m,"冬天可以令人沮丧的寒冷:温度很少低于冻结,但风和湿度相结合,使它感觉比温度计所说更冷。",0.30890639999415725,43,False,False
en-zh-0768,flores_devtest,768,en,zh,"Apia is the capital of Samoa. The town is on the island of Upolu and has a population of just under 40,000.",阿皮亚是萨摩亚的首都。该城镇位于乌波卢（Upolu）岛上，人口数量不足 4 万。,m2m100_418m,"阿比亚是萨摩亚的首都,位于乌普卢岛上,人口不到4万。",0.21617709996644408,27,False,False
en-zh-0771,flores_devtest,771,en,zh,"All the ships were sunk, except for one British cruiser. Nearly 200 American and German lives were lost.",除了一艘英国巡航舰外，其余船只悉数沉没。近 200 名美国人和德国人丧失生命。,m2m100_418m,"所有船只都沉没了,除了英国巡航员,几乎有200名美国人和德国人丧生。",0.2568199000088498,30,False,False
en-zh-0787,flores_devtest,787,en,zh,"Saltwater Crocodiles do not actively live in the ocean, their primary habitat is in river estuaries north from Rockhampton.",咸水鳄的主要栖息地并非海洋，而是罗克汉普顿 (Rockhampton) 北部的河口。,m2m100_418m,"盐水鳄鱼不活跃地生活在海洋中,其主要栖息地位于罗克汉普顿北部的河流埃斯图里。",0.3307346000801772,39,False,False
en-zh-0814,flores_devtest,814,en,zh,"If you booked your flights and accommodation for 2020 before the postponement was announced, you may have a tricky situation.",如果你在宣布推迟之前预订了 2020 年的航班和住宿，则可能会面临棘手的情况。,m2m100_418m,"如果您在延迟通知之前预订了2020年的航班和住宿,您可能处于困境。",0.2336023999378085,27,False,False
en-zh-0823,flores_devtest,823,en,zh,Travellers may encounter animal pests that they are not familiar with in their home regions.,旅行者可能会遇到在家乡不常见的有害动物。,m2m100_418m,旅行者可能会遇到他们在家乡地区不熟悉的动物瘟疫。,0.1656801999779418,21,False,False
en-zh-0827,flores_devtest,827,en,zh,"Travellers bound for countries with heavy taxation can sometimes save a considerable amount of money, especially on products such as alcoholic beverages and tobacco.",前往课征重税的国家/地区的旅客有时可以省下一大笔钱，在这些地方购买酒水和烟草等产品特别划算。,m2m100_418m,"被强制征税的国家的旅行者有时可以节省大量的资金,尤其是酒精饮料和烟草等产品。",0.2695374999893829,34,False,False
en-zh-0831,flores_devtest,831,en,zh,"Curiously, though, mobile phone service is much stronger here than along many other stretches of the route, e.g. the Pennsylvania Wilds.",不过，令人奇怪的是，这里的手机服务比沿途的许多其他路线（例如宾夕法尼亚州荒原）要强得多。,m2m100_418m,"奇怪的是,移动电话服务在这里比路线的许多其他边缘,例如宾夕法尼亚野生地区更强大。",0.31820580002386123,34,False,False
en-zh-0857,flores_devtest,857,en,zh,"Europe is a continent that is relatively small but with many independent countries. Under normal circumstances, travelling through multiple countries would mean having to go through visa applications and passport control multiple times.",欧洲是片面积相对较小但有着许多独立国家的大陆。在通常情况下，穿越多个国家旅行意味着必须多次经历签证申请和护照检查。,m2m100_418m,"欧洲是一个相对较小的大陆,但有许多独立国家,在正常情况下,通过多个国家旅行意味着必须多次通过签证申请和护照检查。",0.3265061998972669,39,False,False
en-zh-0885,flores_devtest,885,en,zh,Willingness of foreign governments to honour these documents is just as widely variable.,外国政府对这些文件的认可程度也千差万别。,m2m100_418m,外国政府对这些文件的荣誉的意愿同样广泛变化。,0.15893419994972646,19,False,False
en-zh-0902,flores_devtest,902,en,zh,The scenes are displayed on the pyramids and the different pyramids are lit up.,场景在金字塔上展示，不同的金字塔被点亮。,m2m100_418m,"这些场景显示在金字塔上,各式各样的金字母被照亮。",0.1969657998997718,25,False,False
en-zh-0913,flores_devtest,913,en,zh,An increasingly more popular option for those planning a gap-year is to travel and learn.,对于那些计划怎么度过空档年的人来说，游学成为越来越受欢迎的选择。,m2m100_418m,"对于那些计划差距一年的人来说,一个越来越受欢迎的选择是旅行和学习。",0.193983499892056,24,False,False
en-zh-0950,flores_devtest,950,en,zh,"Also to the north visit the great Sanctuary of Our Lady of Fatima (Shrine), a place of worldwide famous Marian apparitions.",也可以到北部参观法蒂玛圣母院（圣地），它是举世闻名的圣母玛丽亚显现之地。,m2m100_418m,"此外,向北参观我们女士法蒂玛(圣殿)的伟大圣殿,这是世界著名的玛利亚出现的地方。",0.2861397999804467,36,False,False
en-zh-0978,flores_devtest,978,en,zh,Persian has a relatively easy and mostly regular grammar.,波斯语的语法大多相对简单，有规律可循。,m2m100_418m,波斯语具有相对简单而主要是常规的语法。,0.14234789996407926,19,False,False
en-zh-0994,flores_devtest,994,en,zh,Inland waterways can be a good theme to base a holiday around.,内陆水道可以作为假期游玩的一个不错的主题。,m2m100_418m,"室内水道可以是一个很好的主题,以建立一个假期周围。",0.15556410001590848,22,False,False
ru-en-0063,flores_devtest,63,ru,en,"Историки критикуют прошлую политику ФБР за то, что выделяла большую часть ресурсов на дела, которые легко раскрываются, особенно на дела об угоне автомобилей, с целью повышения уровня успешности работы агентства.","Historians have criticized past FBI policies for focusing resources on cases which are easy to solve, especially stolen car cases, with the intent of boosting the agency's success rate.",m2m100_418m,"Historians criticize the FBI’s past policy for spending most of its resources on affairs that are easily disclosed, especially on car raids, in order to increase the agency’s level of success.",0.38448579993564636,52,False,False
ru-en-0068,flores_devtest,68,ru,en,"Президент США Джордж Буш прибыл в Сингапур утром 16 ноября, начав свой недельный тур по Азии.","U.S. President George W. Bush arrived in Singapore the morning of November 16, beginning a week-long tour of Asia.",m2m100_418m,"U.S. President George W. Bush arrived in Singapore in the morning of November 16, starting his weekly tour of Asia.",0.21891199995297939,30,False,False
ru-en-0083,flores_devtest,83,ru,en,"Девятый административный район, затопленный на 20 футов во время урагана Катрина, сейчас по пояс залит водой, поскольку дамба, находящаяся неподалеку, оказалась недостаточно высокой, чтобы удержать воду.","The Ninth Ward, which saw flooding as high as 20 feet during Hurricane Katrina, is currently in waist-high water as the nearby levee was overtopped.",m2m100_418m,"The ninth administrative district, flooded 20 feet during Hurricane Catherine, is now over the belt with water as the dumb nearby was not high enough to hold water.",0.3568393000168726,45,False,False
ru-en-0085,flores_devtest,85,ru,en,Администратор Commons Адам Керден выразил своё разочарование в связи с удалениями в своем разговоре  в прошлом месяце с Wikinews.,Commons Administrator Adam Cuerden expressed his frustration over the deletions when he spoke to Wikinews last month.,m2m100_418m,Commons administrator Adam Keren expressed his disappointment with the deletions in his conversation last month with Wikinews.,0.2734401000197977,31,False,False
ru-en-0091,flores_devtest,91,ru,en,"Ученые смогли сделать вывод, что темная материя воздействует на другую темную материю так же, как и в случае с обычной материей.",The scientists were able to conclude that the dark matter affect other dark matter in the same way regular matter does.,m2m100_418m,The scientists were able to conclude that dark matter affects another dark matter the same as in the case of ordinary matter.,0.2407532000215724,31,False,False
ru-en-0125,flores_devtest,125,ru,en,"Человек, работающий в гараже недалеко от того места, где произошла авария, сказал: ""Там стояли дети, которые ждали, чтобы перейти дорогу. Все они кричали и плакали.","A person working in a garage near where the accident occurred said: ""There were children waiting to cross the road and they were all screaming and crying.""",m2m100_418m,"A man working in a garage near the place where the accident occurred said, “There were children who were waiting to cross the road.",0.3028737000422552,32,False,False
ru-en-0165,flores_devtest,165,ru,en,"Начиная с 1988 года урны для избирательных бюллетеней должны быть прозрачными, чтобы избиратели и наблюдатели могли убедиться в том, что в начале голосования внутри нет конвертов и что к ним не добавлены какие-либо другие конверты, кроме конвертов тех людей, которых допустили к участию в голосовании и голоса которых подсчитали надлежащим образом.","Since 1988, ballot boxes must be transparent so that voters and observers can witness that no envelopes are present at the start of the vote and that no envelopes are added except those of the duly counted and authorized voters.",m2m100_418m,"Starting in 1988, the urns for electoral votes must be transparent so that voters and observers can make sure that at the beginning of the vote there are no curves inside and that no other curves have been added to them except the curves of those people who were allowed to participate in the vote and whose votes were properly counted.",0.6132633000379428,80,False,False
ru-en-0179,flores_devtest,179,ru,en,"Этот матч стал последним для ""Олл Блэкс"", уже завоевавших кубок две недели назад.","It was the final match for the All Blacks, who had already won the trophy two weeks ago.",m2m100_418m,"This match was the last for All Black, who won the cup two weeks ago.",0.15678959991782904,20,False,False
ru-en-0195,flores_devtest,195,ru,en,"Фотограф был доставлен в медицинский центр имени Рональда Рейгана при  Калифорнийском университете в Лос-Анджелесе, где он впоследствии скончался.","The photographer was transported to Ronald Reagan UCLA Medical Center, where he subsequently died.",m2m100_418m,"The photographer was taken to Ronald Reagan’s medical center at the University of California in Los Angeles, where he later died.",0.2604796999366954,30,False,False
ru-en-0225,flores_devtest,225,ru,en,Рок-группа должна была гастролировать по США и Канаде до 16 сентября.,The rock band was due to tour the United States and Canada until September 16.,m2m100_418m,The rock group had to tour the U.S. and Canada until September 16.,0.16339660005178303,19,False,False
ru-en-0277,flores_devtest,277,ru,en,Полиция штата Мадхья-Прадеш вернула украденные ноутбук и мобильный телефон.,The Madhya Pradesh Police recovered the stolen laptop and mobile phone.,m2m100_418m,The police of the state of Mahya Pradesh have returned the stolen laptop and mobile phone.,0.20243199996184558,25,False,False
ru-en-0356,flores_devtest,356,ru,en,Для запуска в космос спутника или телескопа необходима гигантская ракета высотой более 100 футов.,It takes a giant rocket over a 100 feet high to put a satellite or telescope in space.,m2m100_418m,The launch of a satellite or telescope into space requires a giant rocket of a height of more than 100 feet.,0.2550514000467956,33,False,False
ru-en-0364,flores_devtest,364,ru,en,Самки обычно находятся друг с другом в родстве и составляют большую семью сестёр и дочерей.,"The females are usually closely related to each other, being a large family of sisters and daughters.",m2m100_418m,The females are usually in family and make up a large family of sisters and daughters.,0.19345789996441454,24,False,False
ru-en-0397,flores_devtest,397,ru,en,"На земле Ханаана не было больших лесов, поэтому древесина была чрезвычайно дорогой.","There were no large forests in the land of Canaan, so wood was extremely expensive.",m2m100_418m,"There were no large forests on the land of Canaan, so the wood was extremely expensive.",0.1715278000338003,24,False,False
ru-en-0418,flores_devtest,418,ru,en,"Итальянская сборная по футболу, наряду с немецкой, является второй самой успешной командой в мире и в 2006 году выиграла Кубок мира ФИФА.","Italy's national football, along with German national football team is the second most successful team in the world and were the FIFA World Cup champions in 2006.",m2m100_418m,"The Italian football team, along with the German, is the second most successful team in the world and won the FIFA World Cup in 2006.",0.22343440004624426,30,False,False
ru-en-0423,flores_devtest,423,ru,en,"Тайвань берёт своё начало много лет назад, в XV веке, когда европейские мореплаватели, проплывающие мимо, записали название острова как Ilha Formosa, или ""прекрасный остров"".","Taiwan beginning start way back in 15th century where European sailors passing by record the island’s name as Ilha Formosa, or beautiful island.",m2m100_418m,"Taiwan takes its beginning many years ago, in the 15th century, when European seafarers swim over it, recorded the name of the island as Ilha Formosa, or ""a beautiful island"".",0.3454735000850633,48,False,False
ru-en-0439,flores_devtest,439,ru,en,Её всепроникающая сила коснулась каждого - от короля до простолюдина.,Its all-pervading power affected everyone from king to commoner.,m2m100_418m,"Her all-invasive power touched everyone, from the king to the simple man.",0.1585606998996809,22,False,False
ru-en-0442,flores_devtest,442,ru,en,Вскоре после начала военных действий Британия устроила морскую блокаду Германии.,"Soon after the outbreak of hostilities, Britain initiated a naval blockade of Germany.",m2m100_418m,"Shortly after the beginning of the war, Britain established a maritime blockade by Germany.",0.18258189992047846,24,False,False
ru-en-0447,flores_devtest,447,ru,en,"Познав ужасы и зверства Первой мировой войны, государства хотели избежать подобной ситуации в будущем.","After seeing the horrors and atrocities of war during World War I, nations desired to avoid such a situation again in the future.",m2m100_418m,"Knowing the horrors and cruelty of the First World War, states wanted to avoid such a situation in the future.",0.23113610001746565,30,False,False
ru-en-0449,flores_devtest,449,ru,en,"Он приехал в США с четырьмя центами в кармане, книгой стихов и рекомендательным письмом от Чарльза Бэтчелора, который был его начальником на предыдущей работе, к Томасу Эдисону.","He arrived in the US with 4 cents to his name, a book of poetry, and a letter of recommendation from Charles Batchelor (his manager in his previous job) to Thomas Edison.",m2m100_418m,"He arrived in the United States with four cents in the pocket, a book of poems and a recommendation letter from Charles Butcher, who was his boss at his previous work, to Thomas Edison.",0.36792260000947863,48,False,False
ru-en-0491,flores_devtest,491,ru,en,В этот момент и произошел переход титула Столицы Моды от Константинополя к Парижу.,It was at this time that the transfer of the title of Fashion Capital from Constantinople to Paris was made.,m2m100_418m,"At this point, the title of the Capital of Fashion passed from Constantinople to Paris.",0.16331189998891205,22,False,False
ru-en-0502,flores_devtest,502,ru,en,"Представители определенной субкультуры зачастую заявляют о своей принадлежности через своеобразное и символичное использование стиля, в том числе через моду, манеры и жаргон.","Members of a subculture often signal their membership through a distinctive and symbolic use of style, which includes fashions, mannerisms, and argot.",m2m100_418m,"Representatives of a particular subculture often declare their belonging through a peculiar and symbolic use of style, including through fashion, patterns and jargons.",0.32716600003186613,42,False,False
ru-en-0512,flores_devtest,512,ru,en,Дети передаются под опеку по множеству разнообразных причин: от беспризорности до жестокого обращения и даже вымогательств.,"Children are placed in Foster Care for a wide variety of reasons that range from neglect, to abuse, and even to extortion.",m2m100_418m,Children are carried out under care for a variety of reasons: from negligence to cruel treatment and even torture.,0.21844159997999668,29,False,False
ru-en-0540,flores_devtest,540,ru,en,"Тибетский буддизм основан на учениях Будды, но был дополнен махаянским путем любви и множеством техник индийской йоги.","The Tibetan Buddhism is based on the teachings of Buddha, but were extended by the mahayana path of love and by a lot of techniques from Indian Yoga.",m2m100_418m,"Tibetan Buddhism was based on Buddha’s teachings, but was supplemented by the Mahayan way of love and a variety of techniques of Indian yoga.",0.2804543999955058,39,False,False
ru-en-0552,flores_devtest,552,ru,en,"В это же время немецкий военно-морской флот, используя в основном свои подводные лодки, пытался остановить это движение.","At the same time, the German navy, using mainly U-boats, was trying to stop this traffic.",m2m100_418m,"At the same time, the German Navy, mainly using its submarines, tried to stop this movement.",0.20470869995187968,27,False,False
ru-en-0631,flores_devtest,631,ru,en,"Население Ватикана составляет около 800 человек. Это самая маленькая независимая страна в мире, а также страна, имеющая наименьшее население.",Vatican City's population is around 800. It is the smallest independent country in the world and the country with the lowest population.,m2m100_418m,"The population of the Vatican is about 800 people. It is the smallest independent country in the world, as well as the country with the lowest population.",0.41753350000362843,36,False,False
ru-en-0632,flores_devtest,632,ru,en,В Ватикане используют итальянский язык в законодательстве и официальных сообщениях.,Vatican City uses Italian in its legislation and official communications.,m2m100_418m,"In the Vatican, Italian language is used in the legislation and official messages.",0.13958229997660965,20,False,False
ru-en-0636,flores_devtest,636,ru,en,"Философ Аристотель считал, что всё состоит из смеси одного или нескольких из четырёх элементов. Это были земля, вода, воздух и огонь.","Aristotle, a philosopher, theorised that everything is made up of a mixture of one or more of four elements. They were earth, water, air, and fire.",m2m100_418m,"The philosopher Aristotle believed that everything consists of a mixture of one or more of the four elements: earth, water, air and fire.",0.30014599999412894,38,False,False
ru-en-0676,flores_devtest,676,ru,en,Появление новых технологий позволяет нам увидеть и исследовать невиданные ранее структуры и процессы мозга.,The rise of new technologies allows us to see and investigate brain structures and processes never seen before.,m2m100_418m,The emergence of new technologies allows us to see and explore unprecedented structures and processes of the brain.,0.23826270003337413,30,False,False
ru-en-0685,flores_devtest,685,ru,en,Выкладывание экскурсии в виртуальное пространство для всеобщего обозрения — это также отличный способ освежить в памяти экскурсию и поделиться своим полученными знаниями с будущими классами.,Sharing a field trip virtually is also a great way to reflect a on a trip and share experiences with future classes.,m2m100_418m,Placing a tour into a virtual space for a general view is also a great way to refresh the tour in memory and share your knowledge gained with future classes.,0.2689359000651166,37,False,False
ru-en-0700,flores_devtest,700,ru,en,"Арабы также принесли в этот регион ислам, особенно он укоренился на Коморах и Майотте.","The Arabs also brought Islam to the lands, and it took in a big way in the Comoros and Mayotte.",m2m100_418m,"The Arabs also brought Islam to this region, especially it was rooted in the Comores and Mayotte.",0.21660409995820373,26,False,False
ru-en-0704,flores_devtest,704,ru,en,Также полезно носить кольцо (только не слишком дорогое на вид).,It is helpful to also wear a ring (just not one that looks too expensive.,m2m100_418m,It is also useful to wear a ring (only not too expensive to look).,0.14920149999670684,21,False,False
ru-en-0717,flores_devtest,717,ru,en,"В связи со своей относительной недоступностью, ""Тимбукту"" стал метафорой экзотической дальней земли.","Combined with its relative inaccessibility, ""Timbuktu"" has come to be used as a metaphor for exotic, distant lands.",m2m100_418m,"Due to its relatively inaccessible, ""Timbuct"" became a metaphor of the exotic distant earth.",0.23910800006706268,32,False,False
ru-en-0742,flores_devtest,742,ru,en,"Эти две башни достигают 83 метра в высоту, а сам мост 378 метров в длину и имеет две полосы движения шириной 3,5 метра.","The two towers rise to a height of 83 meters, it's 378 meters long and it has two lanes of 3.50 m wide.",m2m100_418m,"These two towers reach 83 meters high, and the bridge itself is 378 meters long and has two lines of movement of 3.5 meters wide.",0.2756623000605032,36,False,False
ru-en-0746,flores_devtest,746,ru,en,"Область Чако служила домом для разных групп местных племен, например для Гуайкуру и Паягуа, они выживали при помощи охоты, собирательства и рыбалки.","The Chaco region was home to other groups of indigenous tribes such as the Guaycurú and Payaguá, who survived by hunting, gathering and fishing.",m2m100_418m,"The Chako area served as the home of various groups of local tribes, such as Guaykure and Payaguah, they survived by hunting, gathering and fishing.",0.34579709998797625,47,False,False
ru-en-0761,flores_devtest,761,ru,en,"Зима может быть обманчиво холодной: температура редко опускается ниже нуля, но сочетание ветра и влажности воздуха создает ощущение более холодной погоды в сравнении с тем, что показывает термометр.","The winter can be deceptively chilly: temperatures rarely go below freezing, but the wind and humidity combine to make it feel colder than what the thermometer says.",m2m100_418m,"The winter can be fraudulently cold: the temperature rarely falls below zero, but the combination of wind and humidity of the air creates a feeling of cold weather compared to what the thermometer shows.",0.3904585998971015,52,False,False
ru-en-0768,flores_devtest,768,ru,en,Апиа – столица Самоа. Город расположен на острове Уполу и имеет население чуть менее 40 000 жителей.,"Apia is the capital of Samoa. The town is on the island of Upolu and has a population of just under 40,000.",m2m100_418m,"Apia is the capital of Samoa. the city is located on the island of Upol and has a population of less than 40,000 inhabitants.",0.2667334999423474,36,False,False
ru-en-0771,flores_devtest,771,ru,en,"Все корабли затонули, за исключением одного британского крейсера. Погибли около 200 американских и немецких моряков.","All the ships were sunk, except for one British cruiser. Nearly 200 American and German lives were lost.",m2m100_418m,"All ships drowned, except one British cruiser. about 200 American and German sailors were killed.",0.25543000001925975,28,False,False
ru-en-0787,flores_devtest,787,ru,en,"Гребнистые крокодилы не ведут активную жизнь в океане, а их основная среда обитания — эстуарии рек к северу от Рокгемптона.","Saltwater Crocodiles do not actively live in the ocean, their primary habitat is in river estuaries north from Rockhampton.",m2m100_418m,"Crocodiles do not live an active life in the ocean, and their main habitat environment is the river estuary north of Rockhempton.",0.3412891000043601,39,False,False
ru-en-0814,flores_devtest,814,ru,en,"Если вы забронировали авиабилеты и проживание на 2020 год до того, как было объявлено о переносе даты, у вас может возникнуть непростая ситуация.","If you booked your flights and accommodation for 2020 before the postponement was announced, you may have a tricky situation.",m2m100_418m,"If you have booked air tickets and stay for 2020 before the date was announced, you may have a difficult situation.",0.23852709995117038,28,False,False
ru-en-0823,flores_devtest,823,ru,en,"Путешественники могут встретиться с животными-вредителями, которых они не видели в своих родных краях.",Travellers may encounter animal pests that they are not familiar with in their home regions.,m2m100_418m,Travellers can encounter animals that they have not seen in their homeland.,0.15559109998866916,21,False,False
ru-en-0827,flores_devtest,827,ru,en,"Путешественники, направляющиеся в страны с высоким налогообложением, могут иногда сэкономить значительную сумму, особенно на таких товарах, как спиртные напитки и табак.","Travellers bound for countries with heavy taxation can sometimes save a considerable amount of money, especially on products such as alcoholic beverages and tobacco.",m2m100_418m,"Travellers travelling to high tax countries can sometimes save a significant amount, especially on goods such as alcohol and tobacco.",0.2388426000252366,31,False,False
ru-en-0831,flores_devtest,831,ru,en,"Однако, как ни странно, мобильная телефонная связь здесь намного лучше, чем на многих других участках маршрута, например в Пенсильвании Уайлдс.","Curiously, though, mobile phone service is much stronger here than along many other stretches of the route, e.g. the Pennsylvania Wilds.",m2m100_418m,"However, it’s strange that the mobile phone here is much better than on many other routes, such as the Pennsylvania Wilds.",0.2957531000720337,32,False,False
ru-en-0857,flores_devtest,857,ru,en,"Европа — относительно маленький континент, но на нём много независимых государств. В обычных обстоятельствах путешествие через множество стран означало бы необходимость подачи прошений для получения визы и многократного прохождения паспортного контроля.","Europe is a continent that is relatively small but with many independent countries. Under normal circumstances, travelling through multiple countries would mean having to go through visa applications and passport control multiple times.",m2m100_418m,"Europe is a relatively small continent, but there are many independent states. In normal circumstances, traveling through many countries would mean the need to apply for a visa and repeated passing pass check.",0.47281359997577965,46,False,False
ru-en-0885,flores_devtest,885,ru,en,Готовность зарубежных правительств выполнять свои обязательства по данным документам столь же весьма различна.,Willingness of foreign governments to honour these documents is just as widely variable.,m2m100_418m,The willingness of foreign governments to comply with their obligations under these documents is also very different.,0.20499840006232262,25,False,False
ru-en-0902,flores_devtest,902,ru,en,"Сцены показывают на пирамидах, и разные пирамиды освещаются.",The scenes are displayed on the pyramids and the different pyramids are lit up.,m2m100_418m,"Scenes are displayed on the pyramids, and different piramids are illuminated.",0.22500059998128563,24,False,False
ru-en-0913,flores_devtest,913,ru,en,"Вариант, становящийся всё более популярным для тех, кто планирует взять академический год, это путешествовать и учиться.",An increasingly more popular option for those planning a gap-year is to travel and learn.,m2m100_418m,The option that is becoming increasingly popular for those who plan to take a academic year is to travel and study.,0.2239492000080645,28,False,False
ru-en-0950,flores_devtest,950,ru,en,Севернее посетите также великий Храм Фатимской Богоматери (усыпальница) — место всемирно известных явлений Девы Марии.,"Also to the north visit the great Sanctuary of Our Lady of Fatima (Shrine), a place of worldwide famous Marian apparitions.",m2m100_418m,"Northern visit is also the great Temple of the Fathimic Mother of God, a place of world-famous phenomena of the Virgin Mary.",0.37548490008339286,39,False,False
ru-en-0978,flores_devtest,978,ru,en,В персидском языке относительно лёгкая и в основном закономерная грамматика.,Persian has a relatively easy and mostly regular grammar.,m2m100_418m,"In the Persian language, the grammar is relatively easy and primarily normative.",0.19678600004408509,22,False,False
ru-en-0994,flores_devtest,994,ru,en,Внутренние водные пути могут стать хорошей темой для проведения какого-либо праздника.,Inland waterways can be a good theme to base a holiday around.,m2m100_418m,Internal waterways can become a good topic for any celebration.,0.1411960000405088,17,False,False
ru-uz-0063,flores_devtest,63,ru,uz,"Историки критикуют прошлую политику ФБР за то, что выделяла большую часть ресурсов на дела, которые легко раскрываются, особенно на дела об угоне автомобилей, с целью повышения уровня успешности работы агентства.","Tarixchilar agentlikning muvaffaqiyat darajasini kuchaytirish uchun osongina hal qilish mumkin bo'lgan, ayniqsa avtomobil o'g'rilanishi bo'yicha ishlarga resurslarning qaratilganligi uchun FQB agentligining o'tmishdagi siyosatlarini tanqid qildilar.",m2m100_418m,"Tariqlar FBI'nın geçmiş politikalarini o‘yadi ki, agensi'nin başarısızlığını artırmak için kolayca açıklayabilni olaylar, özellikle otomobillari olaylar için kaynakların çoğuyingizdi.",0.47476360003929585,56,False,False
ru-uz-0068,flores_devtest,68,ru,uz,"Президент США Джордж Буш прибыл в Сингапур утром 16 ноября, начав свой недельный тур по Азии.","AQSH Prezidenti Jorj V. Bush, Osiyo bo'ylab bir haftalik sayohatini boshlab, 16-noyabr kuni tongda Singapurga yetib keldi.",m2m100_418m,"President George W. Bush 16.novemburga Singapur'a qaytadi, Asya'da bir haftada turni başlar.",0.2819791999645531,33,False,False
ru-uz-0083,flores_devtest,83,ru,uz,"Девятый административный район, затопленный на 20 футов во время урагана Катрина, сейчас по пояс залит водой, поскольку дамба, находящаяся неподалеку, оказалась недостаточно высокой, чтобы удержать воду.","Katrina bo'roni vaqtida 20 fut balandlikdagi toshqinga guvoh bo'lgan to'qqizinchi bo'linma, suv yaqindagi to'g'ondan oshib o'tgani sababli, hozirda belgacha keladigan suv ostida qolgan.",m2m100_418m,"9th administrativ distriktir, uragan Katrina'dan 20 metri boʻyadi, kini kabanda suya bo‘yadi ki, nabayda damba, suya tutmaq için yeterli koʻyaddi.",0.5935040999902412,55,False,False
ru-uz-0085,flores_devtest,85,ru,uz,Администратор Commons Адам Керден выразил своё разочарование в связи с удалениями в своем разговоре  в прошлом месяце с Wikinews.,Parlamentning quyi palatasi ma'muri Adam Kuerden o'tgan oyda Wikinews bilan suhbatida o'chirishlardan ranjiganini aytdi.,m2m100_418m,"Commons administrator Adam Kerden, Wikinews-ga son ayda konuşmayda qaytadiqlar bilan bilan hayaldirdi.",0.25240480003412813,33,False,False
ru-uz-0091,flores_devtest,91,ru,uz,"Ученые смогли сделать вывод, что темная материя воздействует на другую темную материю так же, как и в случае с обычной материей.","Olimlar qora materiya boshqa qora materiyaga xuddi odatiy materiya ta'sir qilgani kabi ta'sir ko'rsatadi, degan xulosaga kelishdi.",m2m100_418m,"Bilimganlar ko‘zadi ki, karani materiya o‘zani karani materya'ga o‘yadi, normal materiya'da o‘yo.",0.40152800001669675,41,False,False
ru-uz-0125,flores_devtest,125,ru,uz,"Человек, работающий в гараже недалеко от того места, где произошла авария, сказал: ""Там стояли дети, которые ждали, чтобы перейти дорогу. Все они кричали и плакали.","Ko'ngilsiz hodisa yuz bergan joy yaqinidagi garajda ishlayotgan kishi: ""U yerda yo'lni kesib o'tmoqchi bo'layotgan bolalar bor edi va ularning barchasi qichqirib yig'layotgandi"" deb aytdi.",m2m100_418m,"Bir garajda çalışan bir adam, kazad o‘yadi, dedi: “O‘yada çocuklar koʻyadi. Bütün onlar qurtlar və ağlarlar.",0.35001589998137206,43,False,False
ru-uz-0165,flores_devtest,165,ru,uz,"Начиная с 1988 года урны для избирательных бюллетеней должны быть прозрачными, чтобы избиратели и наблюдатели могли убедиться в том, что в начале голосования внутри нет конвертов и что к ним не добавлены какие-либо другие конверты, кроме конвертов тех людей, которых допустили к участию в голосовании и голоса которых подсчитали надлежащим образом.",1988-yildan beri ovoz beruvchilar va kuzatuvchilar boshlanishida konvertlar mavjud emasligi va mos tarzda sanalgan va vakolat berilgan ovoz beruvchilardan tashqari hech qanday konvertlar qo'shilmasligiga guvohlik bera olishlari uchun saylov qutilarining shaffof bo'lishi talab qilinadi.,m2m100_418m,"1988 yildan beri, voting bulletin urnlar qadi, voters and observers may qadi ki voting'nin başlangıçta qadi qadi koʻlu koʻl koʻli koʻllay koʻlar koʻlsay, koʻlo koʻla koʻlak koʻt koʻn koʻy koʻz koʻ.",0.867135199951008,85,False,False
ru-uz-0179,flores_devtest,179,ru,uz,"Этот матч стал последним для ""Олл Блэкс"", уже завоевавших кубок две недели назад.","Bu ikki hafta avval sovrin yutgan ""All Blacks"" jamoasi uchun oxirgi o'yin edi.",m2m100_418m,"Bu ma'qadi All Blacks, 2 weeks ago o‘qadi qoldi.",0.1727748999837786,22,False,False
ru-uz-0195,flores_devtest,195,ru,uz,"Фотограф был доставлен в медицинский центр имени Рональда Рейгана при  Калифорнийском университете в Лос-Анджелесе, где он впоследствии скончался.",Fotosuratchi Ronald Reygan nomidagi UCLA Tibbiyot Markaziga yetkazilgan va keyinchalik u yerda vafot etgan.,m2m100_418m,"Fotografi Ronald Reagan'ın Kaliforniya Universiteti'nin Los Angeles-i'nin medical center'a qaytadi, o'nun sonra öldü.",0.34582980000413954,39,False,False
ru-uz-0225,flores_devtest,225,ru,uz,Рок-группа должна была гастролировать по США и Канаде до 16 сентября.,Rok guruhi AQSH va Kanadada 16-sentyabrga qadar gastrol safarida bo'lishi kerak edi.,m2m100_418m,Rock-gruplar 16 septembrini USA-da və Kanada-da qaytariladi.,0.19043880002573133,23,False,False
ru-uz-0277,flores_devtest,277,ru,uz,Полиция штата Мадхья-Прадеш вернула украденные ноутбук и мобильный телефон.,Madxya-Pradesh politsiyasi o'g'irlangan noutbuk hamda mobil telefonni qaytardi.,m2m100_418m,Madhya-Pradesh eyaletinin polisimiz çalgan laptoplar və mobil telefonlar qaytadi.,0.2721034000860527,28,False,False
ru-uz-0356,flores_devtest,356,ru,uz,Для запуска в космос спутника или телескопа необходима гигантская ракета высотой более 100 футов.,Sun'iy yo'ldosh yoki teleskopni kosmosga joylashtirish uchun 100 futdan ortiq balandlikdagi ulkan raketa talab qilinadi.,m2m100_418m,Satellitni ya teleskopi fırlatmaqda 100 ft-dan o‘zayga raketi va‘zadi.,0.3317230000393465,31,False,False
ru-uz-0364,flores_devtest,364,ru,uz,Самки обычно находятся друг с другом в родстве и составляют большую семью сестёр и дочерей.,"Urg'ochilar, odatda, katta oilaning opa-singillari yoki qizi bo'lib, bir-biriga chambarchas bog'liqdir.",m2m100_418m,"Birbirimizga familiyiz, birbirimizda ailiyiz ve birimimizda birimiyiz.",0.22164369991514832,28,False,False
ru-uz-0397,flores_devtest,397,ru,uz,"На земле Ханаана не было больших лесов, поэтому древесина была чрезвычайно дорогой.","Kan'on yerlarida keng o'rmonlar yo'q edi, shu sababdan yog'och nihoyatda qimmat edi.",m2m100_418m,"Hanaana'nın toʻranda buqlar yokdi, bu yüzden ahadi o‘ziydi.",0.2547329000663012,28,False,False
ru-uz-0418,flores_devtest,418,ru,uz,"Итальянская сборная по футболу, наряду с немецкой, является второй самой успешной командой в мире и в 2006 году выиграла Кубок мира ФИФА.","Italiya milliy futbol jamoasi Germaniya milliy futbol jamoasi qatori dunyodagi eng muvaffaqiyatli ikkinchi jamoa bo'lib, 2006-yilda FIFA Jahon chempionatida g'olib chiqqan.",m2m100_418m,"İtalyan futbol takım, Alman ile birlikte, dünyanın ikinci ən siklik ekipdir ve 2006 FIFA World Cup'u kazan.",0.31805829994846135,30,False,False
ru-uz-0423,flores_devtest,423,ru,uz,"Тайвань берёт своё начало много лет назад, в XV веке, когда европейские мореплаватели, проплывающие мимо, записали название острова как Ilha Formosa, или ""прекрасный остров"".","Tayvanning boshlanishi 15-asrga borib taqaladi, bunda o'tib ketayotgan yevropalik dengizchilar orol nomini Ilha Formosa yoki go'zal orol deb yozib qoldirishadi.",m2m100_418m,"Tayvan, 15th century'da, eʻyʻyiyiyiyim, yʻyōyiyim oʻyuyiyim ilha ilha formosa, ya‘yōya ilha, ya`yōyo ilha.",0.5180574000114575,59,False,False
ru-uz-0439,flores_devtest,439,ru,uz,Её всепроникающая сила коснулась каждого - от короля до простолюдина.,"Uning keng qamrovli qudrati shohdan tortib, oddiy insongacha ta'sir qildi.",m2m100_418m,O'qizim o'qihim o’qizimi o'zimi o‘qizimizim o`qizimin o`zimin o’zimin.,0.44849959993734956,42,False,False
ru-uz-0442,flores_devtest,442,ru,uz,Вскоре после начала военных действий Британия устроила морскую блокаду Германии.,"Harbiy harakatlar xurujidan ko'p o'tmay, Britaniya Germaniyani dengizda blokada qilishni boshladi.",m2m100_418m,Britaniya'nın savaşlar başlardan sonra Almanya'nın deniz blokadi qoʻyadi.,0.21002830006182194,25,False,False
ru-uz-0447,flores_devtest,447,ru,uz,"Познав ужасы и зверства Первой мировой войны, государства хотели избежать подобной ситуации в будущем.",Birinchi jahon urushi vaqtida urush dahshatlari va vahshiyliklarini ko'rgan xalqlar kelajakda shu kabi holatlarning oldini olishni istaganlar.,m2m100_418m,"Birinci Dünya Sava'nın korozyonları ve vahimliklarini bildi, vallar bu durumdan qurtlanmaydi.",0.31840870005544275,34,False,False
ru-uz-0449,flores_devtest,449,ru,uz,"Он приехал в США с четырьмя центами в кармане, книгой стихов и рекомендательным письмом от Чарльза Бэтчелора, который был его начальником на предыдущей работе, к Томасу Эдисону.","U AQSHga o'z nomidagi 4 sent, she'riy kitob va Charlz Batchelordan (oldingi ish joyidagi ish boshqaruvchisi) Tomas Edisonga tavsiyanoma bilan kelgandi.",m2m100_418m,"4 centni poqga, bir şiir kitabla, Charles Butchellor'dan, o'nun bir önceki çalışmayda boss, Thomas Edison'a qaytarga Amerikaya qaytardi.",0.3766017999732867,49,False,False
ru-uz-0491,flores_devtest,491,ru,uz,В этот момент и произошел переход титула Столицы Моды от Константинополя к Парижу.,Moda poytaxti unvonining Konstantinopoldan Parijga o'tishi aynan shu vaqtda yuz berdi.,m2m100_418m,Konstantinopolisdan Paris-dan moda kapitalini qaytadi.,0.22989790001884103,20,False,False
ru-uz-0502,flores_devtest,502,ru,uz,"Представители определенной субкультуры зачастую заявляют о своей принадлежности через своеобразное и символичное использование стиля, в том числе через моду, манеры и жаргон.","Submadaniyat a'zolari ko'pincha o'z a'zoliklarini modalar, xulq-atvor va jargonlarni o'z ichiga olgan uslubdan o'ziga xos va ramziy foydalanish orqali namoyon etadilar.",m2m100_418m,"Bir subkulture'nin representantlar, stili, mod, modlar, jargon, ya'qimlik, bir tipik və simboliq kullanımlar aracılığıyla o'qimi'dir.",0.4510967000387609,50,False,False
ru-uz-0512,flores_devtest,512,ru,uz,Дети передаются под опеку по множеству разнообразных причин: от беспризорности до жестокого обращения и даже вымогательств.,"Bolalar e'tiborsizlikdan tortib, zo'ravonlik va hatto tovlamachilikka qadar turli sabablarga ko'ra homiylik parvarishiga topshiriladi.",m2m100_418m,"Çifti koroʻlarga koro‘lar, koro’lardan koro'larga, koroo‘larga qaytadi.",0.3590655999723822,36,False,False
ru-uz-0540,flores_devtest,540,ru,uz,"Тибетский буддизм основан на учениях Будды, но был дополнен махаянским путем любви и множеством техник индийской йоги.","Tibet buddizmi Budda ta'limotlariga asoslanadi, lekin muhabbatning mahayana yo'li bilan va hind yogasining ko'plab uslublari bilan kengaytirilgan.",m2m100_418m,"Tibetani Buddhism buddhismini buddhist o‘zadi, maqaani o’zadi o'zadi yogayni yogiyni.",0.35947029991075397,41,False,False
ru-uz-0552,flores_devtest,552,ru,uz,"В это же время немецкий военно-морской флот, используя в основном свои подводные лодки, пытался остановить это движение.","Shu bilan birga Nemis dengiz floti, asosan, dengizosti qayiqlaridan foydalanib, ushbu transport harakatini to'xtatishga urinayotgandi.",m2m100_418m,"Bir zamanlar, Alman maritimiz, bazda kendi submarinlarga kullumdan, bu hareketini durmaymaya çalışdalar.",0.3618769000750035,34,False,False
ru-uz-0631,flores_devtest,631,ru,uz,"Население Ватикана составляет около 800 человек. Это самая маленькая независимая страна в мире, а также страна, имеющая наименьшее население.",Vatikan shahri aholisi 800 kishi atrofida. U dunyodagi eng kichik mustaqil davlat va eng kam aholiga ega mamlakatdir.,m2m100_418m,"Vatikani'nin nüfus 800 o‘yadi. Bu'yadi dünyanın ən azı bağımsız zemdir, oʻyadi en azı nüfuslu zemdir.",0.34033040003851056,43,False,False
ru-uz-0632,flores_devtest,632,ru,uz,В Ватикане используют итальянский язык в законодательстве и официальных сообщениях.,Vatikan shahri qonunchilik va rasmiy muloqot uchun italyan tilini qo'llaydi.,m2m100_418m,Vatikanda İtalyan dili yasaqlarda və resmi mesajlarda kullanılır.,0.2303356999764219,23,False,False
ru-uz-0636,flores_devtest,636,ru,uz,"Философ Аристотель считал, что всё состоит из смеси одного или нескольких из четырёх элементов. Это были земля, вода, воздух и огонь.","Faylasuf Aristotel barcha narsa to'rt unsurning bir yoki bir nechtasi aralashmasidan tashkil topgan degan nazariyani ilgari surgan. Ularni tuproq, suv, havo va olov ekanligini aytib o'tgan.",m2m100_418m,"Filozof Aristoteles o‘yadi, o‘z o‘q o‘c o‘m o‘k o‘t o‘n o‘r o‘d o‘ng o‘g o‘s o‘.",0.47162830003071576,54,False,False
ru-uz-0676,flores_devtest,676,ru,uz,Появление новых технологий позволяет нам увидеть и исследовать невиданные ранее структуры и процессы мозга.,Yangi texnologiyalarning rivojlanishi bizga oldin hech qachon kuzatilmagan miyaning tuzilishi hamda ishlash jarayonini ko'rish va tadqiq etish imkon yaratdi.,m2m100_418m,"Teknologiyiz o‘yadi, biz o’yadi o‘ya baxmaygan, o‘yo‘ya bakmaygan.",0.4487785000819713,33,False,False
ru-uz-0685,flores_devtest,685,ru,uz,Выкладывание экскурсии в виртуальное пространство для всеобщего обозрения — это также отличный способ освежить в памяти экскурсию и поделиться своим полученными знаниями с будущими классами.,Ekskursiyalarni virtual tarzda bo'lishish sayohat haqida fikr yuritish va kelasi darslar bilan tajriba almashish uchun ajoyib usuldir.,m2m100_418m,"U'qizga bir virtual o‘zizga qo‘yarlar — bu da bu‘zizi ku‘qizganni ko‘zingizga bir yoldir, bu’zizi va‘zidlarga ko‘yardlar.",0.4829833999974653,57,False,False
ru-uz-0700,flores_devtest,700,ru,uz,"Арабы также принесли в этот регион ислам, особенно он укоренился на Коморах и Майотте.",Arablar bu yerlarga islomni ham olib kelishdi va bu Komor orollari hamda Mayottada katta ahamiyat kasb etdi.,m2m100_418m,"Araballar da bu regionni islam qaytadi, özellikle komorlarda və mayotta'da köklikdi.",0.3113712000194937,30,False,False
ru-uz-0704,flores_devtest,704,ru,uz,Также полезно носить кольцо (только не слишком дорогое на вид).,Uzuk taqish ham foydali (shunchaki nihoyatda qimmat ko'rinmaydiganini.,m2m100_418m,U‘ziyni qaytadi ko‘zib (yani o‘zayni ko’zib).,0.2131115000229329,28,False,False
ru-uz-0717,flores_devtest,717,ru,uz,"В связи со своей относительной недоступностью, ""Тимбукту"" стал метафорой экзотической дальней земли.","Yetishish imkoniyati nisbatan kamligi bilan birga, ""Timbuktu"" uzoq, ekzotik o'lkalar uchun metafora sifatida ishlatila boshlandi.",m2m100_418m,"""Timbuctum"" relativ o‘dishayadi, eksotik o‘di'nin metaforiyadi oldu.",0.306999700027518,32,False,False
ru-uz-0742,flores_devtest,742,ru,uz,"Эти две башни достигают 83 метра в высоту, а сам мост 378 метров в длину и имеет две полосы движения шириной 3,5 метра.","Ikki minoraning balandligi 83 metrga yetadi, u uzunligi 378 metr hamda kengligi 3,5 m bo'lgan ikkita yo'lakchaga ega.",m2m100_418m,"Bu iki torni 83-metri, 378-metri uzunluğunda, 3,5-metr qolga 2-turni.",0.24379149999003857,31,False,False
ru-uz-0746,flores_devtest,746,ru,uz,"Область Чако служила домом для разных групп местных племен, например для Гуайкуру и Паягуа, они выживали при помощи охоты, собирательства и рыбалки.","Chako mintaqasida Guaykuru va Payagua kabi mahalliy qabilalarning boshqa guruhlari yashab, ular ovchilik, termachilik va baliq ovlash orqali hayotlarini saqlab qolishgan.",m2m100_418m,"Çakobiyani, Guaykuuru, Piyaguya kimi yeriyani nabiyiyiyani'nin eviyiyadi, onlar avlan, toplaydan, balaydan qaytadi.",0.509417699999176,49,False,False
ru-uz-0761,flores_devtest,761,ru,uz,"Зима может быть обманчиво холодной: температура редко опускается ниже нуля, но сочетание ветра и влажности воздуха создает ощущение более холодной погоды в сравнении с тем, что показывает термометр.","Qish chalg'itadigan sovuq bo'lishi mumkin: haroratlar kamdan-ham hollarda muzlash nuqtasidan pastga tushadi, biroq shamol va namlik birlashgan holda termometr ko'rsatganiga qaraganda sovuqroqdek tuyulishi mumkin.",m2m100_418m,"Zimni kohladi: temperaturlar sıfırdan sıfıdan düşür, ama rüzgar və nematlik bir kombinasiyiz, termometri'nin o‘zaydan daha soğuk bir hissini yaratır.",0.48984850000124425,57,False,False
ru-uz-0768,flores_devtest,768,ru,uz,Апиа – столица Самоа. Город расположен на острове Уполу и имеет население чуть менее 40 000 жителей.,Apia Samoaning poytaxtidir. Shahar Upolu orolida va 40 000 nafardan kamroq aholiga ega.,m2m100_418m,Apiya - Samoa'nın baştadi. Şehir Upolu'da yerdir ve 40 000'dan daha az nüfus var.,0.40271719999145716,35,False,False
ru-uz-0771,flores_devtest,771,ru,uz,"Все корабли затонули, за исключением одного британского крейсера. Погибли около 200 американских и немецких моряков.",Bitta Britaniya kreyseridan boshqa barcha kemalar cho'ktirilgan edi. 200 ga yaqin amerikalik va nemis halok bo'lgan.,m2m100_418m,"Bütün yoblar, bir Britaniq krysser o‘zadi. 200 Amerikani və Alman marinarlar bo‘zdi.",0.25293259997852147,33,False,False
ru-uz-0787,flores_devtest,787,ru,uz,"Гребнистые крокодилы не ведут активную жизнь в океане, а их основная среда обитания — эстуарии рек к северу от Рокгемптона.","Sho'r suv timsohlari okeanda ko'p uchramaydi, ularning asosiy yashash joyi Rokxemptondan shimolda joylashgan daryolarning quyilish joylaridir.",m2m100_418m,"Krokodillar oceanda aktivni yaşam ko‘yadi, onların ana habitatiyiz — Rockefecton'dan kuzeyni riyal estuari.",0.4262114999582991,43,False,False
ru-uz-0814,flores_devtest,814,ru,uz,"Если вы забронировали авиабилеты и проживание на 2020 год до того, как было объявлено о переносе даты, у вас может возникнуть непростая ситуация.","Agar siz kechiktirish e'lon qilinishidan avval 2020-yil uchun reyslar va mehmonxonani buyurtna qilgan bo'lsangiz, siz qiyin vaziyatda qolishingiz mumkin.",m2m100_418m,"Siz 2020 yilda uçuşlar və qaytarlar bilan bilan bilan qaytarga bilan bilan, siz o‘zari bilan bilan va‘zadi.",0.2879670000402257,35,True,False
ru-uz-0823,flores_devtest,823,ru,uz,"Путешественники могут встретиться с животными-вредителями, которых они не видели в своих родных краях.",Sayyohlar o'z mintaqalarida noma'lum bo'lgan hayvon parazitlariga duch kelishlari mumkin.,m2m100_418m,Yolculganlar u‘zizga qo‘zilgan ko‘zilmaydi.,0.30769689998123795,22,False,False
ru-uz-0827,flores_devtest,827,ru,uz,"Путешественники, направляющиеся в страны с высоким налогообложением, могут иногда сэкономить значительную сумму, особенно на таких товарах, как спиртные напитки и табак.","Og'ir soliqlarga ega mamlakatlarga boruvchi sayohatchilar ba'zi hollarda, ayniqsa, spirtli ichimliklar va tamaki mahsulotlari kabilardan anchagina pul tejab qolishlari mumkin.",m2m100_418m,"Uturganlar high taxing zemlarga qaytarda, zamanlar önemli miktarlar o‘shasharadi, özellikle alkoholik içki və tabak gibi mallar.",0.3406420999672264,41,False,False
ru-uz-0831,flores_devtest,831,ru,uz,"Однако, как ни странно, мобильная телефонная связь здесь намного лучше, чем на многих других участках маршрута, например в Пенсильвании Уайлдс.","Qizig'i shuki, bu yerda mobil telefon xizmati, boshqa ko'p yo'nalishlarga qaraganda, masalan, Pensilvaniya Uayldzdan ko'ra ancha kuchliroq.",m2m100_418m,"Men, bizir, mobil telefonlar burada çoxdan daha iyiydir ki, Pennsylvania Wilds'da.",0.38834980002138764,27,False,False
ru-uz-0857,flores_devtest,857,ru,uz,"Европа — относительно маленький континент, но на нём много независимых государств. В обычных обстоятельствах путешествие через множество стран означало бы необходимость подачи прошений для получения визы и многократного прохождения паспортного контроля.","Yevropa nisbatan kichik, biroq ko'plab mustaqil davlatlarga ega bo'lgan qit'adir. Odatiy sharoitlarda bir nechta mamlakatlar bo'ylab sayohat qilish bir necha marta vizaga ariza topshirish va pasport nazoratidan o'tish kerakligini anglatadi.",m2m100_418m,"Europe — relatively small kontinent, ama o‘z bir çox bağımsız vallar. Normal ko‘zlarda, bir çox vallar qaytarga vizayni qaytarma və pasaporta kontrolni qaytadi.",0.5107489000074565,52,False,False
ru-uz-0885,flores_devtest,885,ru,uz,Готовность зарубежных правительств выполнять свои обязательства по данным документам столь же весьма различна.,Chet el hukumatlarining mazkur hujjatlarni hurmat qilishga tayyorligi xuddi shu darajada o'zgaruvchandir.,m2m100_418m,Yunan hükümetlar bu doktrinallarga qaytadiqlar bilan bilan faradiqdir.,0.3015243000118062,27,False,False
ru-uz-0902,flores_devtest,902,ru,uz,"Сцены показывают на пирамидах, и разные пирамиды освещаются.",Sahnalar piramidalar ustida namoyish etildi va turli xil piramidalar yoritildi.,m2m100_418m,"Piyamidlar bo‘zlar, piramidlar bo'zlar bo’zlar.",0.26949870004318655,25,False,False
ru-uz-0913,flores_devtest,913,ru,uz,"Вариант, становящийся всё более популярным для тех, кто планирует взять академический год, это путешествовать и учиться.",Akademik ta'tilni rejalashtirayotganlar orasida tobora ommalashib borayotgan tanlov – sayohat hamda o'rganishdir.,m2m100_418m,"Bir seçenek, bir akademiyata planlayganlar için daha popülerdir, traveling and learning.",0.1961103999055922,26,False,False
ru-uz-0950,flores_devtest,950,ru,uz,Севернее посетите также великий Храм Фатимской Богоматери (усыпальница) — место всемирно известных явлений Девы Марии.,Yana shimolda butun dunyoga mashhur bo'lgan Mariam onamizning ko'rinish joyi bo'lgan Fotima onamiz ibodatxonasiga (Muqaddas jiy) ham tashrif buyuring.,m2m100_418m,Northern vizitatni da Fatimya Godomater's Temple (sapalnik) - All-mari Mariya'nın ünlik fenomeni'nin yerdir.,0.4427146000089124,43,False,False
ru-uz-0978,flores_devtest,978,ru,uz,В персидском языке относительно лёгкая и в основном закономерная грамматика.,Fors tili nisbatan oson va aksariyat hollarda o'zgarmas grammatikaga ega.,m2m100_418m,"Perziyani dilimizda relativni rahmatik, lakimlik grammatik.",0.19631580007262528,23,False,False
ru-uz-0994,flores_devtest,994,ru,uz,Внутренние водные пути могут стать хорошей темой для проведения какого-либо праздника.,Ichki suv yo'llari ta'til uchun yaxshi mavzu bo'lishi mumkin.,m2m100_418m,U'zizni qaytlar bir kutlamalar için iyi bir tema olabildi.,0.17114579991903156,23,False,False
ru-zh-0063,flores_devtest,63,ru,zh,"Историки критикуют прошлую политику ФБР за то, что выделяла большую часть ресурсов на дела, которые легко раскрываются, особенно на дела об угоне автомобилей, с целью повышения уровня успешности работы агентства.",历史学家批判了联邦调查局的过往政策，这种政策会把资源集中到容易破获的案件上，尤以偷车案件居多，目的只在于提高该机构的成功破案率。,m2m100_418m,"历史学家批评FBI过去的政策,因为它将大部分资源用于易于披露的案件,特别是汽车盗窃案件,以提高该机构的工作成功水平。",0.4420765000395477,42,False,False
ru-zh-0068,flores_devtest,68,ru,zh,"Президент США Джордж Буш прибыл в Сингапур утром 16 ноября, начав свой недельный тур по Азии.",美国总统乔治·沃克·布什于 11 月 16 日上午抵达新加坡，开始为期一周的亚洲之行。,m2m100_418m,"美国总统乔治·布什(George Bush)于11月16日早上抵达新加坡,开始周末的亚洲巡回演出。",0.3109481999417767,36,False,False
ru-zh-0083,flores_devtest,83,ru,zh,"Девятый административный район, затопленный на 20 футов во время урагана Катрина, сейчас по пояс залит водой, поскольку дамба, находящаяся неподалеку, оказалась недостаточно высокой, чтобы удержать воду.",“卡特里娜”飓风来袭时，第九区洪水水位一度高达 20 英尺，由于附近的防洪堤已经被淹没，目前水位已达齐腰深度。,m2m100_418m,"飓风卡特里纳(Catrine Hurricane)中沉没20英尺的第九个行政区现在在带上流水,因为附近的山脉不足以保持水。",0.47252329997718334,47,False,False
ru-zh-0085,flores_devtest,85,ru,zh,Администратор Commons Адам Керден выразил своё разочарование в связи с удалениями в своем разговоре  в прошлом месяце с Wikinews.,共享资源管理员亚当·库尔登 (Adam Cuerden) 上个月在接受维基新闻 (Wikinews) 采访时表达了他对删除相关内容的不满。,m2m100_418m,"Commons 管理员 Adam Keren 表示,他对上个月与 Wikinews 进行的对话中删除的消息感到失望。",0.33065140002872795,36,False,False
ru-zh-0091,flores_devtest,91,ru,zh,"Ученые смогли сделать вывод, что темная материя воздействует на другую темную материю так же, как и в случае с обычной материей.",科学家们可以得出结论，暗物质对其他暗物质的影响方式与普通物质相同。,m2m100_418m,"科学家们得出结论,黑暗物质与普通物质相同地对另一个黑色物质产生影响。",0.3124812999740243,33,False,False
ru-zh-0125,flores_devtest,125,ru,zh,"Человек, работающий в гараже недалеко от того места, где произошла авария, сказал: ""Там стояли дети, которые ждали, чтобы перейти дорогу. Все они кричали и плакали.",一名在事故发生地附近的车库立的工作人员说：“孩子们正等着过马路，并且都在大声尖叫，哭个不停。”,m2m100_418m,"一位在车库里工作的人说:“孩子们站在那里等着走路,他们都大喊大叫,哭了。",0.24486269999761134,32,False,False
ru-zh-0165,flores_devtest,165,ru,zh,"Начиная с 1988 года урны для избирательных бюллетеней должны быть прозрачными, чтобы избиратели и наблюдатели могли убедиться в том, что в начале голосования внутри нет конвертов и что к ним не добавлены какие-либо другие конверты, кроме конвертов тех людей, которых допустили к участию в голосовании и голоса которых подсчитали надлежащим образом.",自 1988 年以来，投票箱就必须是透明的，这样选民和观察员才能看到投票开始时箱内没有信封，还能看到除了那些及时统计过、有权投票的选民以外，没有其他人向箱内投入信封。,m2m100_418m,"从1988年开始,选票的选票必须是透明的,以便选民和观察员可以确保在投票开始时没有内置的转换器,并且没有添加任何其他转换机,除了那些被允许参加投票的人和他们的票数正确计算。",0.731585199944675,69,False,False
ru-zh-0179,flores_devtest,179,ru,zh,"Этот матч стал последним для ""Олл Блэкс"", уже завоевавших кубок две недели назад.",全黑队在两周前已经赢得了奖杯，而这场比赛是他们打的最后一场。,m2m100_418m,这场比赛是奥尔·布莱克斯在两周前赢得了杯的最后一场比赛。,0.23424609994981438,28,False,False
ru-zh-0195,flores_devtest,195,ru,zh,"Фотограф был доставлен в медицинский центр имени Рональда Рейгана при  Калифорнийском университете в Лос-Анджелесе, где он впоследствии скончался.",这名摄影师被送往加州大学洛杉矶分校罗纳德·里根医疗中心，其后不治。,m2m100_418m,"这位摄影师被送往洛杉矶加利福尼亚大学的罗纳尔德·雷根医疗中心,后来他去世。",0.3157882000086829,36,False,False
ru-zh-0225,flores_devtest,225,ru,zh,Рок-группа должна была гастролировать по США и Канаде до 16 сентября.,这支摇滚乐队原定在美国和加拿大巡演，一直持续到 9 月 16 日。,m2m100_418m,摇滚乐队将于9月16日之前在美国和加拿大巡回演出。,0.20848729996941984,23,False,False
ru-zh-0277,flores_devtest,277,ru,zh,Полиция штата Мадхья-Прадеш вернула украденные ноутбук и мобильный телефон.,中央邦警方追回了被盗的笔记本电脑和手机。,m2m100_418m,麦地亚普拉德斯州警方恢复了被盗的笔记本电脑和手机。,0.18898959993384778,26,False,False
ru-zh-0356,flores_devtest,356,ru,zh,Для запуска в космос спутника или телескопа необходима гигантская ракета высотой более 100 футов.,要把卫星或望远镜送入太空，需要一枚超过 100 英尺高的巨型火箭。,m2m100_418m,"为了将卫星或望远镜发射到太空,需要一枚超高100英尺的巨型火箭。",0.3112191000254825,32,False,False
ru-zh-0364,flores_devtest,364,ru,zh,Самки обычно находятся друг с другом в родстве и составляют большую семью сестёр и дочерей.,作为大家庭里的姐妹和女儿，雌性之间通常彼此关系密切。,m2m100_418m,"妻子通常是彼此的亲属,构成一个大家庭的姐妹和女儿。",0.1902438000543043,25,False,False
ru-zh-0397,flores_devtest,397,ru,zh,"На земле Ханаана не было больших лесов, поэтому древесина была чрезвычайно дорогой.",迦南没有大森林，所以木材非常昂贵。,m2m100_418m,"哈纳南的土地上没有大森林,所以木材非常昂贵。",0.18518939998466522,22,False,False
ru-zh-0418,flores_devtest,418,ru,zh,"Итальянская сборная по футболу, наряду с немецкой, является второй самой успешной командой в мире и в 2006 году выиграла Кубок мира ФИФА.",意大利国家足球队和德国国家足球队都是世界上第二成功的球队，在 2006 年拿下了足球世界杯冠军。,m2m100_418m,"意大利足球队和德国队是世界上第二个最成功的球队,并在2006年赢得了国际足联世界杯。",0.3663085999432951,32,False,False
ru-zh-0423,flores_devtest,423,ru,zh,"Тайвань берёт своё начало много лет назад, в XV веке, когда европейские мореплаватели, проплывающие мимо, записали название острова как Ilha Formosa, или ""прекрасный остров"".",西方对台湾的了解可以追溯到 15 世纪。当时路过的欧洲水手将该岛命名为“福尔摩沙岛”(Ilha Formosa)，意思是美丽的岛屿。,m2m100_418m,"台湾开始于15世纪,当欧洲航海员在海上游泳时,该岛的名字被命名为Ilha Formosa或“美丽的岛屿”。",0.3421825999394059,42,False,False
ru-zh-0439,flores_devtest,439,ru,zh,Её всепроникающая сила коснулась каждого - от короля до простолюдина.,从国王到平民，它遍布十方的力量影响着每一个人。,m2m100_418m,"她全能的力量触摸了每一个人,从国王到普通人。",0.2009430000325665,22,False,False
ru-zh-0442,flores_devtest,442,ru,zh,Вскоре после начала военных действий Британия устроила морскую блокаду Германии.,敌对行动爆发后不久，英国开始对德国实施海上封锁。,m2m100_418m,"在战争开始后不久,英国建立了德国的海上封锁。",0.19001170003321022,21,False,False
ru-zh-0447,flores_devtest,447,ru,zh,"Познав ужасы и зверства Первой мировой войны, государства хотели избежать подобной ситуации в будущем.",目睹第一次世界大战中的肆虐残暴后，各国都渴望避免重蹈覆辙。,m2m100_418m,"认识到第一次世界大战的恐怖和残酷,国家希望在未来避免这种情况。",0.19565599993802607,24,False,False
ru-zh-0449,flores_devtest,449,ru,zh,"Он приехал в США с четырьмя центами в кармане, книгой стихов и рекомендательным письмом от Чарльза Бэтчелора, который был его начальником на предыдущей работе, к Томасу Эдисону.",他在抵达美国时，身上带着 4 美分、一本诗集，还有一封查尔斯•巴舍勒（Charles Batchelor）（他前份工作的经理）写给托马斯•爱迪生（Thomas Edison）的推荐信。,m2m100_418m,"他带着四美分的口袋、一本诗书和查尔斯·贝切勒(Charles Butchellor)的推荐信来到美国,他曾担任他的老板,向托马斯·爱迪生(Thomas Edison)。",0.6335106999613345,60,False,False
ru-zh-0491,flores_devtest,491,ru,zh,В этот момент и произошел переход титула Столицы Моды от Константинополя к Парижу.,正是在这个时候，时尚之都的称号从君士坦丁堡转移到了巴黎。,m2m100_418m,时尚首都从君士坦丁堡转移到巴黎。,0.21549339999910444,20,False,False
ru-zh-0502,flores_devtest,502,ru,zh,"Представители определенной субкультуры зачастую заявляют о своей принадлежности через своеобразное и символичное использование стиля, в том числе через моду, манеры и жаргон.",亚文化群体的成员，常常会象征性地利用独特的行事风格来表明他们的成员身份，包括时尚服装、举止和黑话。,m2m100_418m,"某种子文化的代表经常通过风格的独特和象征性的使用,包括通过时尚,风格和风格来表达自己的属性。",0.3258009999990463,39,False,False
ru-zh-0512,flores_devtest,512,ru,zh,Дети передаются под опеку по множеству разнообразных причин: от беспризорности до жестокого обращения и даже вымогательств.,孩子们因为各种原因被寄养，原因有被忽视、被虐待，甚至是被勒索。,m2m100_418m,"儿童因各种各样的原因被监护:从无情到残酷的待遇,甚至是骚扰。",0.2583147999830544,29,False,False
ru-zh-0540,flores_devtest,540,ru,zh,"Тибетский буддизм основан на учениях Будды, но был дополнен махаянским путем любви и множеством техник индийской йоги.",藏传佛教以佛陀的教义为基础，但通过大乘佛教的普世之爱和印度瑜伽的许多技巧得到了拓展。,m2m100_418m,"西藏佛教是基于佛教的教义,但它是由爱情和多种印度瑜伽技巧补充的。",0.3381447000429034,35,False,False
ru-zh-0552,flores_devtest,552,ru,zh,"В это же время немецкий военно-морской флот, используя в основном свои подводные лодки, пытался остановить это движение.",与此同时，以 U 型潜艇为主力的德国海军试图拦截这场运输。,m2m100_418m,"与此同时,德国海军,主要使用自己的潜艇,试图阻止这一运动。",0.1976344999857247,25,False,False
ru-zh-0631,flores_devtest,631,ru,zh,"Население Ватикана составляет около 800 человек. Это самая маленькая независимая страна в мире, а также страна, имеющая наименьшее население.",梵蒂冈城的人口大约有 800 人。它是世界上最小的独立国家，也是人口最少的国家。,m2m100_418m,"梵蒂冈人口约为800人,是世界上最小的独立国家,也是人口最少的国家。",0.23582040006294847,27,False,False
ru-zh-0632,flores_devtest,632,ru,zh,В Ватикане используют итальянский язык в законодательстве и официальных сообщениях.,梵蒂冈城在法律法规和官方通信中使用意大利语。,m2m100_418m,梵蒂冈在法律和官方通讯中使用意大利语。,0.20480189996305853,18,False,False
ru-zh-0636,flores_devtest,636,ru,zh,"Философ Аристотель считал, что всё состоит из смеси одного или нескольких из четырёх элементов. Это были земля, вода, воздух и огонь.",哲学家亚里士多德提出一种理论，即任何事物都是由土、水、空气和火四种元素中的一种或多种组成的。,m2m100_418m,"哲学家亚里士多德认为,一切都是由四个元素中的一个或多个组成的混合物,这些元素是地球、水、空气和火。",0.3858518999768421,44,False,False
ru-zh-0676,flores_devtest,676,ru,zh,Появление новых технологий позволяет нам увидеть и исследовать невиданные ранее структуры и процессы мозга.,新技术的兴起让我们能够看到和研究大脑的结构和工作过程，这些是以前从未见过的。,m2m100_418m,新技术的出现使我们能够看到和研究前所未有的大脑结构和过程。,0.2165391999296844,23,False,False
ru-zh-0685,flores_devtest,685,ru,zh,Выкладывание экскурсии в виртуальное пространство для всеобщего обозрения — это также отличный способ освежить в памяти экскурсию и поделиться своим полученными знаниями с будущими классами.,以虚拟方式分享实地考察，也是回顾行程以及与以后班级分享经验的好办法。,m2m100_418m,"在虚拟空间中进行游览,以获得普遍的观点,这也是一个很好的方式来重新记住游览并与未来的课堂分享您所获得的知识。",0.34873119997791946,44,False,False
ru-zh-0700,flores_devtest,700,ru,zh,"Арабы также принесли в этот регион ислам, особенно он укоренился на Коморах и Майотте.",阿拉伯人也把伊斯兰教带到了这片土地，这一教义在科摩罗和马约特国家盛行。,m2m100_418m,"阿拉伯人也把伊斯兰教带到这个地区,特别是它根源于科莫拉和迈奥特。",0.29352900001686066,32,False,False
ru-zh-0704,flores_devtest,704,ru,zh,Также полезно носить кольцо (только не слишком дорогое на вид).,戴戒指也会有帮助（但不要戴看上去太贵的戒指。,m2m100_418m,穿上戒指也很有用(只是看起来不太昂贵)。,0.1519436000380665,20,False,False
ru-zh-0717,flores_devtest,717,ru,zh,"В связи со своей относительной недоступностью, ""Тимбукту"" стал метафорой экзотической дальней земли.",又因为相对偏僻，“廷巴克图”被用来比喻遥远的异国他乡。,m2m100_418m,"由于其相对可用性,Timbuct已成为一个异国遥远的地形。",0.21399070008192211,26,False,False
ru-zh-0742,flores_devtest,742,ru,zh,"Эти две башни достигают 83 метра в высоту, а сам мост 378 метров в длину и имеет две полосы движения шириной 3,5 метра.",两座桥塔高 83 米，桥的长度为 378 米，有两条 3.50米宽的车道。,m2m100_418m,"这两座塔高达83米,桥本身长378米,有两条路径宽3,5米。",0.3265575999394059,29,False,False
ru-zh-0746,flores_devtest,746,ru,zh,"Область Чако служила домом для разных групп местных племен, например для Гуайкуру и Паягуа, они выживали при помощи охоты, собирательства и рыбалки.",查科 (Chaco) 地区是瓜伊库鲁 (Guaycuru) 和帕亚瓜 (Payagua) 等其他土著部落的家园，他们靠狩猎、采集和捕鱼为生。,m2m100_418m,"查科地区是当地各个部落的家园,例如瓜伊库拉和帕亚瓜,他们通过狩猎、收集和钓鱼来生存。",0.34030219994019717,41,False,False
ru-zh-0761,flores_devtest,761,ru,zh,"Зима может быть обманчиво холодной: температура редко опускается ниже нуля, но сочетание ветра и влажности воздуха создает ощущение более холодной погоды в сравнении с тем, что показывает термометр.",冬天可能会比看上去显得更冷：温度很少低于零度，但当风和湿度结合在一起，会让人感觉比温度计显示的温度要冷。,m2m100_418m,"冬天可能是虚假的寒冷:温度很少低于零,但风和空气湿度的结合会比温度计显示更冷的感觉。",0.4189450000412762,41,False,False
ru-zh-0768,flores_devtest,768,ru,zh,Апиа – столица Самоа. Город расположен на острове Уполу и имеет население чуть менее 40 000 жителей.,阿皮亚是萨摩亚的首都。该城镇位于乌波卢（Upolu）岛上，人口数量不足 4 万。,m2m100_418m,"阿皮亚是萨摩亚的首都,位于乌波罗岛,人口不到4万。",0.22976500005461276,26,False,False
ru-zh-0771,flores_devtest,771,ru,zh,"Все корабли затонули, за исключением одного британского крейсера. Погибли около 200 американских и немецких моряков.",除了一艘英国巡航舰外，其余船只悉数沉没。近 200 名美国人和德国人丧失生命。,m2m100_418m,"所有船只都沉没,除了英国航海员,约有200名美国和德国船员死亡。",0.24158390006050467,28,False,False
ru-zh-0787,flores_devtest,787,ru,zh,"Гребнистые крокодилы не ведут активную жизнь в океане, а их основная среда обитания — эстуарии рек к северу от Рокгемптона.",咸水鳄的主要栖息地并非海洋，而是罗克汉普顿 (Rockhampton) 北部的河口。,m2m100_418m,"可口可乐不会在海洋中活跃,而它们的主要栖息地是罗克汉普顿北方的河流埃斯图亚里。",0.4048089000862092,40,False,False
ru-zh-0814,flores_devtest,814,ru,zh,"Если вы забронировали авиабилеты и проживание на 2020 год до того, как было объявлено о переносе даты, у вас может возникнуть непростая ситуация.",如果你在宣布推迟之前预订了 2020 年的航班和住宿，则可能会面临棘手的情况。,m2m100_418m,"如果您在发布日期之前预订了2020年的机票和住宿,您可能会遇到困难的情况。",0.222547399927862,27,False,False
ru-zh-0823,flores_devtest,823,ru,zh,"Путешественники могут встретиться с животными-вредителями, которых они не видели в своих родных краях.",旅行者可能会遇到在家乡不常见的有害动物。,m2m100_418m,旅行者可以遇到他们未见过的破坏性动物。,0.19698720006272197,19,False,False
ru-zh-0827,flores_devtest,827,ru,zh,"Путешественники, направляющиеся в страны с высоким налогообложением, могут иногда сэкономить значительную сумму, особенно на таких товарах, как спиртные напитки и табак.",前往课征重税的国家/地区的旅客有时可以省下一大笔钱，在这些地方购买酒水和烟草等产品特别划算。,m2m100_418m,"旅行者前往高税的国家有时可能会节省大量的资金,尤其是酒精饮料和烟草等商品。",0.29561290005221963,31,False,False
ru-zh-0831,flores_devtest,831,ru,zh,"Однако, как ни странно, мобильная телефонная связь здесь намного лучше, чем на многих других участках маршрута, например в Пенсильвании Уайлдс.",不过，令人奇怪的是，这里的手机服务比沿途的许多其他路线（例如宾夕法尼亚州荒原）要强得多。,m2m100_418m,"然而,不奇怪的是,这里的移动电话比宾夕法尼亚威尔德斯等许多其他路线更好。",0.2849882000591606,32,False,False
ru-zh-0857,flores_devtest,857,ru,zh,"Европа — относительно маленький континент, но на нём много независимых государств. В обычных обстоятельствах путешествие через множество стран означало бы необходимость подачи прошений для получения визы и многократного прохождения паспортного контроля.",欧洲是片面积相对较小但有着许多独立国家的大陆。在通常情况下，穿越多个国家旅行意味着必须多次经历签证申请和护照检查。,m2m100_418m,"欧洲是一个相对较小的大陆,但它有许多独立的国家。在正常情况下,通过多个国家旅行意味着需要申请签证和多次通过护照检查。",0.40659409994259477,41,False,False
ru-zh-0885,flores_devtest,885,ru,zh,Готовность зарубежных правительств выполнять свои обязательства по данным документам столь же весьма различна.,外国政府对这些文件的认可程度也千差万别。,m2m100_418m,外国政府对这些文件的承诺的准备也非常不同。,0.19202499999664724,18,False,False
ru-zh-0902,flores_devtest,902,ru,zh,"Сцены показывают на пирамидах, и разные пирамиды освещаются.",场景在金字塔上展示，不同的金字塔被点亮。,m2m100_418m,"场景显示在金字塔上,并照亮不同的金字幕。",0.1690090000629425,21,False,False
ru-zh-0913,flores_devtest,913,ru,zh,"Вариант, становящийся всё более популярным для тех, кто планирует взять академический год, это путешествовать и учиться.",对于那些计划怎么度过空档年的人来说，游学成为越来越受欢迎的选择。,m2m100_418m,"对于那些计划学习学年的人来说,一个越来越受欢迎的选择是旅行和学习。",0.203974699950777,24,False,False
ru-zh-0950,flores_devtest,950,ru,zh,Севернее посетите также великий Храм Фатимской Богоматери (усыпальница) — место всемирно известных явлений Девы Марии.,也可以到北部参观法蒂玛圣母院（圣地），它是举世闻名的圣母玛丽亚显现之地。,m2m100_418m,参观北方也是伟大的法蒂姆神殿(火山) - 世界知名的圣母玛利亚现象的地方。,0.29532710008788854,33,False,False
ru-zh-0978,flores_devtest,978,ru,zh,В персидском языке относительно лёгкая и в основном закономерная грамматика.,波斯语的语法大多相对简单，有规律可循。,m2m100_418m,"在波斯语中,文学是相对轻而易见的,主要是规律的。",0.18917950009927154,25,False,False
ru-zh-0994,flores_devtest,994,ru,zh,Внутренние водные пути могут стать хорошей темой для проведения какого-либо праздника.,内陆水道可以作为假期游玩的一个不错的主题。,m2m100_418m,室内水道可以成为举办任何节日的好主题。,0.19079139991663396,17,False,False
uz-en-0063,flores_devtest,63,uz,en,"Tarixchilar agentlikning muvaffaqiyat darajasini kuchaytirish uchun osongina hal qilish mumkin bo'lgan, ayniqsa avtomobil o'g'rilanishi bo'yicha ishlarga resurslarning qaratilganligi uchun FQB agentligining o'tmishdagi siyosatlarini tanqid qildilar.","Historians have criticized past FBI policies for focusing resources on cases which are easy to solve, especially stolen car cases, with the intent of boosting the agency's success rate.",m2m100_418m,"On the other hand, it is important to note that in order to ensure the quality of the product, the customer will be able to provide the services provided by the customer for the purposes of this Agreement, as well as to ensure that the customer has access to the service and that the service will be provided with the help of the customer.",0.7118143999250606,75,False,False
uz-en-0068,flores_devtest,68,uz,en,"AQSH Prezidenti Jorj V. Bush, Osiyo bo'ylab bir haftalik sayohatini boshlab, 16-noyabr kuni tongda Singapurga yetib keldi.","U.S. President George W. Bush arrived in Singapore the morning of November 16, beginning a week-long tour of Asia.",m2m100_418m,"AQSH President Jorj V. Bush held a weekly meeting on the West Bank, 16th of November to Singapore.",0.29995899996720254,28,False,False
uz-en-0083,flores_devtest,83,uz,en,"Katrina bo'roni vaqtida 20 fut balandlikdagi toshqinga guvoh bo'lgan to'qqizinchi bo'linma, suv yaqindagi to'g'ondan oshib o'tgani sababli, hozirda belgacha keladigan suv ostida qolgan.","The Ninth Ward, which saw flooding as high as 20 feet during Hurricane Katrina, is currently in waist-high water as the nearby levee was overtopped.",m2m100_418m,"In the 20th century, Katrina bo'roni was in the midst of the toshqing guvoh bo'ng to'qqizinchi bo'linma, because of the o'shib to'g'dan o'tgani, in the middle of the mountains of the bishops of the sun.",0.9182886999333277,77,False,False
uz-en-0085,flores_devtest,85,uz,en,Parlamentning quyi palatasi ma'muri Adam Kuerden o'tgan oyda Wikinews bilan suhbatida o'chirishlardan ranjiganini aytdi.,Commons Administrator Adam Cuerden expressed his frustration over the deletions when he spoke to Wikinews last month.,m2m100_418m,The Parliamentary Committee of the United Nations (UN) has announced that Adam Kuerden and his members of the Wikinews account will be rejected or dismissed.,0.36908109998330474,44,False,False
uz-en-0091,flores_devtest,91,uz,en,"Olimlar qora materiya boshqa qora materiyaga xuddi odatiy materiya ta'sir qilgani kabi ta'sir ko'rsatadi, degan xulosaga kelishdi.",The scientists were able to conclude that the dark matter affect other dark matter in the same way regular matter does.,m2m100_418m,"Those who were in the midst of the covenant, and in the middle of the earth, and with the shadow of the mountains, and the shadows of the wicked, and a shadow of the righteous, and some of them, and others, and many of them.",0.7353744999272749,72,False,False
uz-en-0125,flores_devtest,125,uz,en,"Ko'ngilsiz hodisa yuz bergan joy yaqinidagi garajda ishlayotgan kishi: ""U yerda yo'lni kesib o'tmoqchi bo'layotgan bolalar bor edi va ularning barchasi qichqirib yig'layotgandi"" deb aytdi.","A person working in a garage near where the accident occurred said: ""There were children waiting to cross the road and they were all screaming and crying.""",m2m100_418m,"They had brought the knowledge of theliving God who ruleth all things.” {E. G. White, Review and Herald, May 3, 1892 par.",0.29113259993027896,37,False,False
uz-en-0165,flores_devtest,165,uz,en,1988-yildan beri ovoz beruvchilar va kuzatuvchilar boshlanishida konvertlar mavjud emasligi va mos tarzda sanalgan va vakolat berilgan ovoz beruvchilardan tashqari hech qanday konvertlar qo'shilmasligiga guvohlik bera olishlari uchun saylov qutilarining shaffof bo'lishi talab qilinadi.,"Since 1988, ballot boxes must be transparent so that voters and observers can witness that no envelopes are present at the start of the vote and that no envelopes are added except those of the duly counted and authorized voters.",m2m100_418m,"Since 1988 it has been announced that it will be the first time that the people of the world will be able to do so, and it will not be the last time that they will do so.",0.7557036000071093,44,False,False
uz-en-0179,flores_devtest,179,uz,en,"Bu ikki hafta avval sovrin yutgan ""All Blacks"" jamoasi uchun oxirgi o'yin edi.","It was the final match for the All Blacks, who had already won the trophy two weeks ago.",m2m100_418m,This week I’m using the “All Blacks” series.,0.17675770004279912,17,False,False
uz-en-0195,flores_devtest,195,uz,en,Fotosuratchi Ronald Reygan nomidagi UCLA Tibbiyot Markaziga yetkazilgan va keyinchalik u yerda vafot etgan.,"The photographer was transported to Ronald Reagan UCLA Medical Center, where he subsequently died.",m2m100_418m,Photosuratchi Ronald Reygan will be authorized by the UCLA Tibbiot Markaziga and must be in place.,0.2417073999531567,29,False,False
uz-en-0225,flores_devtest,225,uz,en,Rok guruhi AQSH va Kanadada 16-sentyabrga qadar gastrol safarida bo'lishi kerak edi.,The rock band was due to tour the United States and Canada until September 16.,m2m100_418m,Rock guruhi AQSH will be in Canada on 16th century with gastrol shipping.,0.23986940004397184,23,False,False
uz-en-0277,flores_devtest,277,uz,en,Madxya-Pradesh politsiyasi o'g'irlangan noutbuk hamda mobil telefonni qaytardi.,The Madhya Pradesh Police recovered the stolen laptop and mobile phone.,m2m100_418m,Madxya-Pradesh political or Irunan noted that the mobile phone returned.,0.18945459998212755,23,False,False
uz-en-0356,flores_devtest,356,uz,en,Sun'iy yo'ldosh yoki teleskopni kosmosga joylashtirish uchun 100 futdan ortiq balandlikdagi ulkan raketa talab qilinadi.,It takes a giant rocket over a 100 feet high to put a satellite or telescope in space.,m2m100_418m,The Sun is responsible for the launch of a nuclear missile from 100 feet to the telescope to the space.,0.21137989999260753,27,False,False
uz-en-0364,flores_devtest,364,uz,en,"Urg'ochilar, odatda, katta oilaning opa-singillari yoki qizi bo'lib, bir-biriga chambarchas bog'liqdir.","The females are usually closely related to each other, being a large family of sisters and daughters.",m2m100_418m,"Those who are in the midst of the covenant, and those who are not in the middle of the battle, are the wicked, and they are the righteous.",0.5923542999662459,45,False,False
uz-en-0397,flores_devtest,397,uz,en,"Kan'on yerlarida keng o'rmonlar yo'q edi, shu sababdan yog'och nihoyatda qimmat edi.","There were no large forests in the land of Canaan, so wood was extremely expensive.",m2m100_418m,"It is clear that the righteousness of the wicked will be revealed to them, and that they will be rejected to it.",0.33683200005907565,37,False,False
uz-en-0418,flores_devtest,418,uz,en,"Italiya milliy futbol jamoasi Germaniya milliy futbol jamoasi qatori dunyodagi eng muvaffaqiyatli ikkinchi jamoa bo'lib, 2006-yilda FIFA Jahon chempionatida g'olib chiqqan.","Italy's national football, along with German national football team is the second most successful team in the world and were the FIFA World Cup champions in 2006.",m2m100_418m,Italy national football championship Germany national football team has won an unprecedented competition in the 2006 FIFA Championship.,0.3122493999544531,30,False,False
uz-en-0423,flores_devtest,423,uz,en,"Tayvanning boshlanishi 15-asrga borib taqaladi, bunda o'tib ketayotgan yevropalik dengizchilar orol nomini Ilha Formosa yoki go'zal orol deb yozib qoldirishadi.","Taiwan beginning start way back in 15th century where European sailors passing by record the island’s name as Ilha Formosa, or beautiful island.",m2m100_418m,"In the 15th century, Tayvanning began a 15-year-old borb, in which the European government was not a member of the National Assembly of Formosa, but he was the leader of the European Parliament.",0.5147743000416085,53,False,False
uz-en-0439,flores_devtest,439,uz,en,"Uning keng qamrovli qudrati shohdan tortib, oddiy insongacha ta'sir qildi.",Its all-pervading power affected everyone from king to commoner.,m2m100_418m,"Thus, the worship of the righteous, which is in the midst of the covenant, and the wrath of the wicked.",0.5445468000834808,40,False,False
uz-en-0442,flores_devtest,442,uz,en,"Harbiy harakatlar xurujidan ko'p o'tmay, Britaniya Germaniyani dengizda blokada qilishni boshladi.","Soon after the outbreak of hostilities, Britain initiated a naval blockade of Germany.",m2m100_418m,"At the end of the war, the United Kingdom was blocked by the German armed forces.",0.1802583000389859,23,False,False
uz-en-0447,flores_devtest,447,uz,en,Birinchi jahon urushi vaqtida urush dahshatlari va vahshiyliklarini ko'rgan xalqlar kelajakda shu kabi holatlarning oldini olishni istaganlar.,"After seeing the horrors and atrocities of war during World War I, nations desired to avoid such a situation again in the future.",m2m100_418m,"They had brought the knowledge of theliving God who ruleth all things.” {E. G. White, Review and Herald, May 3, 1892 par.",0.31810240005142987,37,False,False
uz-en-0449,flores_devtest,449,uz,en,"U AQSHga o'z nomidagi 4 sent, she'riy kitob va Charlz Batchelordan (oldingi ish joyidagi ish boshqaruvchisi) Tomas Edisonga tavsiyanoma bilan kelgandi.","He arrived in the US with 4 cents to his name, a book of poetry, and a letter of recommendation from Charles Batchelor (his manager in his previous job) to Thomas Edison.",m2m100_418m,"At AQSHga or just 4 cent, she'ri will get to charlz batchelordan (there's a long time) with Thomas Edison's advice.",0.3549291000235826,42,False,False
uz-en-0491,flores_devtest,491,uz,en,Moda poytaxti unvonining Konstantinopoldan Parijga o'tishi aynan shu vaqtda yuz berdi.,It was at this time that the transfer of the title of Fashion Capital from Constantinople to Paris was made.,m2m100_418m,Fashion potax unvonining from Constantinople to Paris or just the mirror of the day.,0.2709552999585867,24,False,False
uz-en-0502,flores_devtest,502,uz,en,"Submadaniyat a'zolari ko'pincha o'z a'zoliklarini modalar, xulq-atvor va jargonlarni o'z ichiga olgan uslubdan o'ziga xos va ramziy foydalanish orqali namoyon etadilar.","Members of a subculture often signal their membership through a distinctive and symbolic use of style, which includes fashions, mannerisms, and argot.",m2m100_418m,"Thus, the righteousness of the wicked will be made up of the shadows of the covenant, and they will be found in the shades of the gathering, and in the mountains of the earths of the bishops of the northern part of the earth.",0.7353257000213489,73,False,False
uz-en-0512,flores_devtest,512,uz,en,"Bolalar e'tiborsizlikdan tortib, zo'ravonlik va hatto tovlamachilikka qadar turli sabablarga ko'ra homiylik parvarishiga topshiriladi.","Children are placed in Foster Care for a wide variety of reasons that range from neglect, to abuse, and even to extortion.",m2m100_418m,"Thus, the righteousness of the wicked, and the evilness of God, and of the unbelievableness of mankind, will be the one who will not be able to do so.",0.6321455000434071,52,False,False
uz-en-0540,flores_devtest,540,uz,en,"Tibet buddizmi Budda ta'limotlariga asoslanadi, lekin muhabbatning mahayana yo'li bilan va hind yogasining ko'plab uslublari bilan kengaytirilgan.","The Tibetan Buddhism is based on the teachings of Buddha, but were extended by the mahayana path of love and by a lot of techniques from Indian Yoga.",m2m100_418m,"The Tibet Buddhism is associated with the Buddha, and the public will not be able to find the balance of the Muslims and Muslims.",0.37813540000934154,36,False,False
uz-en-0552,flores_devtest,552,uz,en,"Shu bilan birga Nemis dengiz floti, asosan, dengizosti qayiqlaridan foydalanib, ushbu transport harakatini to'xtatishga urinayotgandi.","At the same time, the German navy, using mainly U-boats, was trying to stop this traffic.",m2m100_418m,"She said that the ships of the German fleet, assault, discharge had returned, and that the transportation movement had increased the urine.",0.34734790003858507,39,False,False
uz-en-0631,flores_devtest,631,uz,en,Vatikan shahri aholisi 800 kishi atrofida. U dunyodagi eng kichik mustaqil davlat va eng kam aholiga ega mamlakatdir.,Vatican City's population is around 800. It is the smallest independent country in the world and the country with the lowest population.,m2m100_418m,"The Vatican sheriff has more than 800 other atrophids. In the world, it is a great and unfortunate future.",0.3011586999054998,34,False,False
uz-en-0632,flores_devtest,632,uz,en,Vatikan shahri qonunchilik va rasmiy muloqot uchun italyan tilini qo'llaydi.,Vatican City uses Italian in its legislation and official communications.,m2m100_418m,The Vatican sheriff was a state of affairs and the Italian flagship was established by the Vatican.,0.2983239999739453,30,False,False
uz-en-0636,flores_devtest,636,uz,en,"Faylasuf Aristotel barcha narsa to'rt unsurning bir yoki bir nechtasi aralashmasidan tashkil topgan degan nazariyani ilgari surgan. Ularni tuproq, suv, havo va olov ekanligini aytib o'tgan.","Aristotle, a philosopher, theorised that everything is made up of a mixture of one or more of four elements. They were earth, water, air, and fire.",m2m100_418m,"Aristotle said that it would be an uncertainty, but it would not be a disbelief, and that the Nazareth would come to the ground of the earth. The greenhouse will be treated, soil, water, and water.",0.5606527000200003,60,False,False
uz-en-0676,flores_devtest,676,uz,en,Yangi texnologiyalarning rivojlanishi bizga oldin hech qachon kuzatilmagan miyaning tuzilishi hamda ishlash jarayonini ko'rish va tadqiq etish imkon yaratdi.,The rise of new technologies allows us to see and investigate brain structures and processes never seen before.,m2m100_418m,The Qur’an was revealed in the words of the Prophet (peace and blessings of Allah be upon him) and the Quran was created by the Holy Spirit.,0.4971954000648111,42,False,False
uz-en-0685,flores_devtest,685,uz,en,Ekskursiyalarni virtual tarzda bo'lishish sayohat haqida fikr yuritish va kelasi darslar bilan tajriba almashish uchun ajoyib usuldir.,Sharing a field trip virtually is also a great way to reflect a on a trip and share experiences with future classes.,m2m100_418m,The virtual style of the excursion is bo'lishish and the idea of the country's and classical classes is not to be added to the balance of the time.,0.388473300030455,40,False,False
uz-en-0700,flores_devtest,700,uz,en,Arablar bu yerlarga islomni ham olib kelishdi va bu Komor orollari hamda Mayottada katta ahamiyat kasb etdi.,"The Arabs also brought Islam to the lands, and it took in a big way in the Comoros and Mayotte.",m2m100_418m,"The Arabs were the people of the Arabs, and they were the men of the Qur’an.",0.380468999966979,25,False,False
uz-en-0704,flores_devtest,704,uz,en,Uzuk taqish ham foydali (shunchaki nihoyatda qimmat ko'rinmaydiganini.,It is helpful to also wear a ring (just not one that looks too expensive.,m2m100_418m,And they will not be able to do so in the midst of the covenant.,0.22671479999553412,22,False,False
uz-en-0717,flores_devtest,717,uz,en,"Yetishish imkoniyati nisbatan kamligi bilan birga, ""Timbuktu"" uzoq, ekzotik o'lkalar uchun metafora sifatida ishlatila boshlandi.","Combined with its relative inaccessibility, ""Timbuktu"" has come to be used as a metaphor for exotic, distant lands.",m2m100_418m,"Yetishish council compared to the parliamentary balance sheet, the ""Timbuktu"" experience, the exotic or foreign metaphor of the nation was shed up.",0.39128029998391867,46,False,False
uz-en-0742,flores_devtest,742,uz,en,"Ikki minoraning balandligi 83 metrga yetadi, u uzunligi 378 metr hamda kengligi 3,5 m bo'lgan ikkita yo'lakchaga ega.","The two towers rise to a height of 83 meters, it's 378 meters long and it has two lanes of 3.50 m wide.",m2m100_418m,"Both minoraning areas reached 83 meters, the length of 378 meters is 3.5 meters above the kingdom.",0.26397659990470856,32,False,False
uz-en-0746,flores_devtest,746,uz,en,"Chako mintaqasida Guaykuru va Payagua kabi mahalliy qabilalarning boshqa guruhlari yashab, ular ovchilik, termachilik va baliq ovlash orqali hayotlarini saqlab qolishgan.","The Chaco region was home to other groups of indigenous tribes such as the Guaycurú and Payaguá, who survived by hunting, gathering and fishing.",m2m100_418m,"Thro the course of the day, they will be able to do the same, and they will have to do it, and the wicked will be given to them, and those who are in the midst of the earth will be granted to them.",0.5655807999428362,58,False,False
uz-en-0761,flores_devtest,761,uz,en,"Qish chalg'itadigan sovuq bo'lishi mumkin: haroratlar kamdan-ham hollarda muzlash nuqtasidan pastga tushadi, biroq shamol va namlik birlashgan holda termometr ko'rsatganiga qaraganda sovuqroqdek tuyulishi mumkin.","The winter can be deceptively chilly: temperatures rarely go below freezing, but the wind and humidity combine to make it feel colder than what the thermometer says.",m2m100_418m,"As a result of this, it is necessary to ensure that you are fully informed of the requirements of this Regulation and that you have the right to comply with the provisions of the Regulation (EC) No. 1 of the European Parliament and of the Council on the Functioning of Human Rights.",0.9654019000008702,69,False,False
uz-en-0768,flores_devtest,768,uz,en,Apia Samoaning poytaxtidir. Shahar Upolu orolida va 40 000 nafardan kamroq aholiga ega.,"Apia is the capital of Samoa. The town is on the island of Upolu and has a population of just under 40,000.",m2m100_418m,Apia Samoaning is a potaxty. Shahar Upolu has a capacity of 40 000 people.,0.2643626999342814,27,False,False
uz-en-0771,flores_devtest,771,uz,en,Bitta Britaniya kreyseridan boshqa barcha kemalar cho'ktirilgan edi. 200 ga yaqin amerikalik va nemis halok bo'lgan.,"All the ships were sunk, except for one British cruiser. Nearly 200 American and German lives were lost.",m2m100_418m,The United Kingdom has announced that it will be able to make more than 200 U.S. refugees in the United Kingdom.,0.32525260001420975,31,False,False
uz-en-0787,flores_devtest,787,uz,en,"Sho'r suv timsohlari okeanda ko'p uchramaydi, ularning asosiy yashash joyi Rokxemptondan shimolda joylashgan daryolarning quyilish joylaridir.","Saltwater Crocodiles do not actively live in the ocean, their primary habitat is in river estuaries north from Rockhampton.",m2m100_418m,"Sho'r's summer timsoulians were not in the ocean, and the party's youth is a royal joy that is located in the shimol from Rokxempton.",0.41940470004919916,46,False,False
uz-en-0814,flores_devtest,814,uz,en,"Agar siz kechiktirish e'lon qilinishidan avval 2020-yil uchun reyslar va mehmonxonani buyurtna qilgan bo'lsangiz, siz qiyin vaziyatda qolishingiz mumkin.","If you booked your flights and accommodation for 2020 before the postponement was announced, you may have a tricky situation.",m2m100_418m,"So that you will be able to find out what is going on in the future and what will be going on for you, so that you can find out how you are going on, and how you can see how you’re going on.",0.5056428000098094,52,False,False
uz-en-0823,flores_devtest,823,uz,en,Sayyohlar o'z mintaqalarida noma'lum bo'lgan hayvon parazitlariga duch kelishlari mumkin.,Travellers may encounter animal pests that they are not familiar with in their home regions.,m2m100_418m,Those who are in the midst of the covenant are the ones who are not in the middle of the Covenant.,0.47451069997623563,31,False,False
uz-en-0827,flores_devtest,827,uz,en,"Og'ir soliqlarga ega mamlakatlarga boruvchi sayohatchilar ba'zi hollarda, ayniqsa, spirtli ichimliklar va tamaki mahsulotlari kabilardan anchagina pul tejab qolishlari mumkin.","Travellers bound for countries with heavy taxation can sometimes save a considerable amount of money, especially on products such as alcoholic beverages and tobacco.",m2m100_418m,"Thus, the worship of the Holy Spirit, which is in the midst of the earth, and the wickedness of the Lord, which has been in the middle of the world, and which has come to the end of the glory of God.",0.8795291000278667,61,False,False
uz-en-0831,flores_devtest,831,uz,en,"Qizig'i shuki, bu yerda mobil telefon xizmati, boshqa ko'p yo'nalishlarga qaraganda, masalan, Pensilvaniya Uayldzdan ko'ra ancha kuchliroq.","Curiously, though, mobile phone service is much stronger here than along many other stretches of the route, e.g. the Pennsylvania Wilds.",m2m100_418m,"Qizig shuki, this place is the mobile phone chassis, and again we're talking about the news, stories, and other things from Pennsylvania to the United States.",0.40369409997947514,40,False,False
uz-en-0857,flores_devtest,857,uz,en,"Yevropa nisbatan kichik, biroq ko'plab mustaqil davlatlarga ega bo'lgan qit'adir. Odatiy sharoitlarda bir nechta mamlakatlar bo'ylab sayohat qilish bir necha marta vizaga ariza topshirish va pasport nazoratidan o'tish kerakligini anglatadi.","Europe is a continent that is relatively small but with many independent countries. Under normal circumstances, travelling through multiple countries would mean having to go through visa applications and passport control multiple times.",m2m100_418m,"Europe's relationship is clear, it's not going to be in the future news. A few of the guests in the state warranty will be able to give a martian visa to the top of the top and the passport will be made in the English language.",0.6048745999578387,61,False,False
uz-en-0885,flores_devtest,885,uz,en,Chet el hukumatlarining mazkur hujjatlarni hurmat qilishga tayyorligi xuddi shu darajada o'zgaruvchandir.,Willingness of foreign governments to honour these documents is just as widely variable.,m2m100_418m,"It is the judgment of the righteous, and it is the discretion of the wicked.",0.37871249997988343,29,False,False
uz-en-0902,flores_devtest,902,uz,en,Sahnalar piramidalar ustida namoyish etildi va turli xil piramidalar yoritildi.,The scenes are displayed on the pyramids and the different pyramids are lit up.,m2m100_418m,The scenes of the pyramids were shattered in the middle and the piramids of the north were destroyed.,0.2994697999674827,32,False,False
uz-en-0913,flores_devtest,913,uz,en,Akademik ta'tilni rejalashtirayotganlar orasida tobora ommalashib borayotgan tanlov – sayohat hamda o'rganishdir.,An increasingly more popular option for those planning a gap-year is to travel and learn.,m2m100_418m,"Thus, the teachings of the Holy Qur’an and the teaching of the people of the world are the words of the Prophet (peace and blessings of Allah be upon him).",0.5449044000124559,45,False,False
uz-en-0950,flores_devtest,950,uz,en,Yana shimolda butun dunyoga mashhur bo'lgan Mariam onamizning ko'rinish joyi bo'lgan Fotima onamiz ibodatxonasiga (Muqaddas jiy) ham tashrif buyuring.,"Also to the north visit the great Sanctuary of Our Lady of Fatima (Shrine), a place of worldwide famous Marian apparitions.",m2m100_418m,"In the words of the Prophet (peace and blessings of Allah be upon him), Mary is the one who gives righteousness to the people of the world, and the one that gives worship to them.",0.5582151999697089,51,False,False
uz-en-0978,flores_devtest,978,uz,en,Fors tili nisbatan oson va aksariyat hollarda o'zgarmas grammatikaga ega.,Persian has a relatively easy and mostly regular grammar.,m2m100_418m,"For example, it is not a grammatics or a grammar.",0.2523778999457136,19,False,False
uz-en-0994,flores_devtest,994,uz,en,Ichki suv yo'llari ta'til uchun yaxshi mavzu bo'lishi mumkin.,Inland waterways can be a good theme to base a holiday around.,m2m100_418m,"Thus, the worship of the righteous shall be given to the wicked.",0.28222099994309247,25,False,False
uz-ru-0063,flores_devtest,63,uz,ru,"Tarixchilar agentlikning muvaffaqiyat darajasini kuchaytirish uchun osongina hal qilish mumkin bo'lgan, ayniqsa avtomobil o'g'rilanishi bo'yicha ishlarga resurslarning qaratilganligi uchun FQB agentligining o'tmishdagi siyosatlarini tanqid qildilar.","Историки критикуют прошлую политику ФБР за то, что выделяла большую часть ресурсов на дела, которые легко раскрываются, особенно на дела об угоне автомобилей, с целью повышения уровня успешности работы агентства.",m2m100_418m,"Итак, если вы хотите, чтобы ваш ребенок был счастливым, вы должны быть уверены в том, что ваш ребенок будет счастлив, и если вы не будете счастливимы, вы можете быть уверено, что вы хотите быть счастлива.",0.7697607999434695,60,False,False
uz-ru-0068,flores_devtest,68,uz,ru,"AQSH Prezidenti Jorj V. Bush, Osiyo bo'ylab bir haftalik sayohatini boshlab, 16-noyabr kuni tongda Singapurga yetib keldi.","Президент США Джордж Буш прибыл в Сингапур утром 16 ноября, начав свой недельный тур по Азии.",m2m100_418m,Президент AQSH Джордж В. Буш провел еженедельный визит в Сингапур 16 ноября.,0.24293639999814332,29,False,False
uz-ru-0083,flores_devtest,83,uz,ru,"Katrina bo'roni vaqtida 20 fut balandlikdagi toshqinga guvoh bo'lgan to'qqizinchi bo'linma, suv yaqindagi to'g'ondan oshib o'tgani sababli, hozirda belgacha keladigan suv ostida qolgan.","Девятый административный район, затопленный на 20 футов во время урагана Катрина, сейчас по пояс залит водой, поскольку дамба, находящаяся неподалеку, оказалась недостаточно высокой, чтобы удержать воду.",m2m100_418m,"В течение 20 лет, после того, как Кэтрина Бонн вышла на улицу, она была вынуждена выйти из дома, чтобы побывать на земле, а затем выйти на землю, чтобы остановиться.",0.5993217999348417,57,False,False
uz-ru-0085,flores_devtest,85,uz,ru,Parlamentning quyi palatasi ma'muri Adam Kuerden o'tgan oyda Wikinews bilan suhbatida o'chirishlardan ranjiganini aytdi.,Администратор Commons Адам Керден выразил своё разочарование в связи с удалениями в своем разговоре  в прошлом месяце с Wikinews.,m2m100_418m,"Парламентский комитет, который выступил с мужем Адамом Куерденом, отказался от расчетов Wikinews.",0.37042640009894967,34,False,False
uz-ru-0091,flores_devtest,91,uz,ru,"Olimlar qora materiya boshqa qora materiyaga xuddi odatiy materiya ta'sir qilgani kabi ta'sir ko'rsatadi, degan xulosaga kelishdi.","Ученые смогли сделать вывод, что темная материя воздействует на другую темную материю так же, как и в случае с обычной материей.",m2m100_418m,"В то же время, как и в древние времена, ученые и исследователи узнали о том, что у них есть нечто похожее на то, что они делали, и что они сделали для того, чтобы выжить.",0.5106384999817237,56,False,False
uz-ru-0125,flores_devtest,125,uz,ru,"Ko'ngilsiz hodisa yuz bergan joy yaqinidagi garajda ishlayotgan kishi: ""U yerda yo'lni kesib o'tmoqchi bo'layotgan bolalar bor edi va ularning barchasi qichqirib yig'layotgandi"" deb aytdi.","Человек, работающий в гараже недалеко от того места, где произошла авария, сказал: ""Там стояли дети, которые ждали, чтобы перейти дорогу. Все они кричали и плакали.",m2m100_418m,"В то же время, как говорится в сообщении: «Сейчас, когда я пришел к вам, вы увидите, что у вас есть все, что вам нужно для того, чтобы выжить, и вы будете чувствовать себя счастливыми, если вы хотите, чтобы ваш ребенок был счастлив».",0.6136672999709845,70,False,False
uz-ru-0165,flores_devtest,165,uz,ru,1988-yildan beri ovoz beruvchilar va kuzatuvchilar boshlanishida konvertlar mavjud emasligi va mos tarzda sanalgan va vakolat berilgan ovoz beruvchilardan tashqari hech qanday konvertlar qo'shilmasligiga guvohlik bera olishlari uchun saylov qutilarining shaffof bo'lishi talab qilinadi.,"Начиная с 1988 года урны для избирательных бюллетеней должны быть прозрачными, чтобы избиратели и наблюдатели могли убедиться в том, что в начале голосования внутри нет конвертов и что к ним не добавлены какие-либо другие конверты, кроме конвертов тех людей, которых допустили к участию в голосовании и голоса которых подсчитали надлежащим образом.",m2m100_418m,"Напомним, что с 1988-го года в городе был открыт конверт, в котором говорилось о том, что конверты должны быть отменены, а в 1988-х годах в городе было отменено конвертное конвертирование, в том числе и конвертационное конверторование.",0.9052284000208601,74,False,False
uz-ru-0179,flores_devtest,179,uz,ru,"Bu ikki hafta avval sovrin yutgan ""All Blacks"" jamoasi uchun oxirgi o'yin edi.","Этот матч стал последним для ""Олл Блэкс"", уже завоевавших кубок две недели назад.",m2m100_418m,На этой неделе я смотрю «Все черные» (All Blacks).,0.2080005999887362,22,False,False
uz-ru-0195,flores_devtest,195,uz,ru,Fotosuratchi Ronald Reygan nomidagi UCLA Tibbiyot Markaziga yetkazilgan va keyinchalik u yerda vafot etgan.,"Фотограф был доставлен в медицинский центр имени Рональда Рейгана при  Калифорнийском университете в Лос-Анджелесе, где он впоследствии скончался.",m2m100_418m,ФОТОСУРАТИ Рональд Рейган был официально признан UCLA Tibbiot Markaziga и должен остаться на месте.,0.32399449998047203,34,False,False
uz-ru-0225,flores_devtest,225,uz,ru,Rok guruhi AQSH va Kanadada 16-sentyabrga qadar gastrol safarida bo'lishi kerak edi.,Рок-группа должна была гастролировать по США и Канаде до 16 сентября.,m2m100_418m,Рок-гурухи AQSH выпустил в Канаде 16-секундную гастролию.,0.31019370001740754,27,False,False
uz-ru-0277,flores_devtest,277,uz,ru,Madxya-Pradesh politsiyasi o'g'irlangan noutbuk hamda mobil telefonni qaytardi.,Полиция штата Мадхья-Прадеш вернула украденные ноутбук и мобильный телефон.,m2m100_418m,Политики Мадхи-Прадеша вернули мобильный телефон.,0.24166050006169826,19,False,False
uz-ru-0356,flores_devtest,356,uz,ru,Sun'iy yo'ldosh yoki teleskopni kosmosga joylashtirish uchun 100 futdan ortiq balandlikdagi ulkan raketa talab qilinadi.,Для запуска в космос спутника или телескопа необходима гигантская ракета высотой более 100 футов.,m2m100_418m,Солнечный телескоп (США) и телескоп космического пространства (ТЭК) не смогли обнаружить ракеты из 100 футов.,0.3461871000472456,38,False,False
uz-ru-0364,flores_devtest,364,uz,ru,"Urg'ochilar, odatda, katta oilaning opa-singillari yoki qizi bo'lib, bir-biriga chambarchas bog'liqdir.",Самки обычно находятся друг с другом в родстве и составляют большую семью сестёр и дочерей.,m2m100_418m,"В этом смысле мы говорим о том, что у людей, которые живут на земле, есть все, что они делают, и что они не делают ни одного, ни одного.",0.4238967999117449,44,False,False
uz-ru-0397,flores_devtest,397,uz,ru,"Kan'on yerlarida keng o'rmonlar yo'q edi, shu sababdan yog'och nihoyatda qimmat edi.","На земле Ханаана не было больших лесов, поэтому древесина была чрезвычайно дорогой.",m2m100_418m,"В этом смысле мы говорим о том, что Иоанн (мир ему и благословение Аллаха) был одним из величайших грехов в мире.",0.48454139998648316,40,False,False
uz-ru-0418,flores_devtest,418,uz,ru,"Italiya milliy futbol jamoasi Germaniya milliy futbol jamoasi qatori dunyodagi eng muvaffaqiyatli ikkinchi jamoa bo'lib, 2006-yilda FIFA Jahon chempionatida g'olib chiqqan.","Итальянская сборная по футболу, наряду с немецкой, является второй самой успешной командой в мире и в 2006 году выиграла Кубок мира ФИФА.",m2m100_418m,Итальянская национальная футбольная сборная Германии получила второе чемпионат мира по футболу в 2006-м году.,0.4180540000088513,31,False,False
uz-ru-0423,flores_devtest,423,uz,ru,"Tayvanning boshlanishi 15-asrga borib taqaladi, bunda o'tib ketayotgan yevropalik dengizchilar orol nomini Ilha Formosa yoki go'zal orol deb yozib qoldirishadi.","Тайвань берёт своё начало много лет назад, в XV веке, когда европейские мореплаватели, проплывающие мимо, записали название острова как Ilha Formosa, или ""прекрасный остров"".",m2m100_418m,"Напомним, что в пятнадцатом квартале прошлого года в Таиландах прошел круглый стол, в котором было зафиксировано, что на протяжении пяти недель после окончания Второй мировой войны он был вынужден выйти за пределы Соединенных Штатов.",0.6444426999660209,72,False,False
uz-ru-0439,flores_devtest,439,uz,ru,"Uning keng qamrovli qudrati shohdan tortib, oddiy insongacha ta'sir qildi.",Её всепроникающая сила коснулась каждого - от короля до простолюдина.,m2m100_418m,"В то же время, как и в предыдущем периоде, ученые пришли к выводу о том, что у них есть какая-то сущность, а у них нет никакой сущности.",0.45390219998080283,49,False,False
uz-ru-0442,flores_devtest,442,uz,ru,"Harbiy harakatlar xurujidan ko'p o'tmay, Britaniya Germaniyani dengizda blokada qilishni boshladi.",Вскоре после начала военных действий Британия устроила морскую блокаду Германии.,m2m100_418m,"Несмотря на то, что военные действия в Юго-Восточной Азии, Великобритания и Германский союз были блокированы.",0.3376010999782011,34,False,False
uz-ru-0447,flores_devtest,447,uz,ru,Birinchi jahon urushi vaqtida urush dahshatlari va vahshiyliklarini ko'rgan xalqlar kelajakda shu kabi holatlarning oldini olishni istaganlar.,"Познав ужасы и зверства Первой мировой войны, государства хотели избежать подобной ситуации в будущем.",m2m100_418m,"В то же время, как и в тех случаях, когда у них есть какая-то сущность, то они не имеют никакого отношения к своему здоровью, так как они не могут похвастаться своим здоровьем.",0.507073099957779,53,False,False
uz-ru-0449,flores_devtest,449,uz,ru,"U AQSHga o'z nomidagi 4 sent, she'riy kitob va Charlz Batchelordan (oldingi ish joyidagi ish boshqaruvchisi) Tomas Edisonga tavsiyanoma bilan kelgandi.","Он приехал в США с четырьмя центами в кармане, книгой стихов и рекомендательным письмом от Чарльза Бэтчелора, который был его начальником на предыдущей работе, к Томасу Эдисону.",m2m100_418m,"В AQSHga было всего 4 цента, она получила отчет о своих рекомендациях от Чарльза Батчелорда (обычно бывшей радости) Томаса Эдисона.",0.48468930006492883,48,False,False
uz-ru-0491,flores_devtest,491,uz,ru,Moda poytaxti unvonining Konstantinopoldan Parijga o'tishi aynan shu vaqtda yuz berdi.,В этот момент и произошел переход титула Столицы Моды от Константинополя к Парижу.,m2m100_418m,"Модный поэт от Константинополя до Парижа, или, по сути, в этом месте.",0.3223333000205457,27,False,False
uz-ru-0502,flores_devtest,502,uz,ru,"Submadaniyat a'zolari ko'pincha o'z a'zoliklarini modalar, xulq-atvor va jargonlarni o'z ichiga olgan uslubdan o'ziga xos va ramziy foydalanish orqali namoyon etadilar.","Представители определенной субкультуры зачастую заявляют о своей принадлежности через своеобразное и символичное использование стиля, в том числе через моду, манеры и жаргон.",m2m100_418m,"Итак, если вы хотите, чтобы ваш ребенок был счастливым, вы должны быть уверены в том, что ваш ребенок будет счастлив, и если вы не будете счастливимы, вы можете быть уверени в то, что вы хотите.",0.669560500071384,58,False,False
uz-ru-0512,flores_devtest,512,uz,ru,"Bolalar e'tiborsizlikdan tortib, zo'ravonlik va hatto tovlamachilikka qadar turli sabablarga ko'ra homiylik parvarishiga topshiriladi.",Дети передаются под опеку по множеству разнообразных причин: от беспризорности до жестокого обращения и даже вымогательств.,m2m100_418m,"В то же время, как и в последнее время, ученые отмечают, что в результате неисправности, а в последнем – неисправности, вследствие чего неиспользуется для того, чтобы избежать неприятных последствий.",0.8064019999001175,62,False,False
uz-ru-0540,flores_devtest,540,uz,ru,"Tibet buddizmi Budda ta'limotlariga asoslanadi, lekin muhabbatning mahayana yo'li bilan va hind yogasining ko'plab uslublari bilan kengaytirilgan.","Тибетский буддизм основан на учениях Будды, но был дополнен махаянским путем любви и множеством техник индийской йоги.",m2m100_418m,"Тибетский буддизм был ассоциирован с Буддой, и наш мухабтантский доклад, который был признан христианином, не является докладом о том, что они были признаны христианами.",0.45459729991853237,55,False,False
uz-ru-0552,flores_devtest,552,uz,ru,"Shu bilan birga Nemis dengiz floti, asosan, dengizosti qayiqlaridan foydalanib, ushbu transport harakatini to'xtatishga urinayotgandi.","В это же время немецкий военно-морской флот, используя в основном свои подводные лодки, пытался остановить это движение.",m2m100_418m,"В то же время, как говорится в сообщении, перевозки и перевозка грузовых грузов, в том числе и грузовые грузовики, могут быть использованы для того, чтобы увеличить количество грузов.",0.5938619999215007,54,False,False
uz-ru-0631,flores_devtest,631,uz,ru,Vatikan shahri aholisi 800 kishi atrofida. U dunyodagi eng kichik mustaqil davlat va eng kam aholiga ega mamlakatdir.,"Население Ватикана составляет около 800 человек. Это самая маленькая независимая страна в мире, а также страна, имеющая наименьшее население.",m2m100_418m,В Ватикане около 800 других атрофитов. В мире это неплохое будущее и неплохая доля.,0.3266506999498233,32,False,False
uz-ru-0632,flores_devtest,632,uz,ru,Vatikan shahri qonunchilik va rasmiy muloqot uchun italyan tilini qo'llaydi.,В Ватикане используют итальянский язык в законодательстве и официальных сообщениях.,m2m100_418m,Ватиканская церковь стала итальянской церковью.,0.25261650001630187,19,False,False
uz-ru-0636,flores_devtest,636,uz,ru,"Faylasuf Aristotel barcha narsa to'rt unsurning bir yoki bir nechtasi aralashmasidan tashkil topgan degan nazariyani ilgari surgan. Ularni tuproq, suv, havo va olov ekanligini aytib o'tgan.","Философ Аристотель считал, что всё состоит из смеси одного или нескольких из четырёх элементов. Это были земля, вода, воздух и огонь.",m2m100_418m,"В то время как Аристотель сказал, что он не может быть неотъемлемым, он должен быть неразрывным, и он может быть отвергнут от земли.",0.4154128000373021,45,False,False
uz-ru-0676,flores_devtest,676,uz,ru,Yangi texnologiyalarning rivojlanishi bizga oldin hech qachon kuzatilmagan miyaning tuzilishi hamda ishlash jarayonini ko'rish va tadqiq etish imkon yaratdi.,Появление новых технологий позволяет нам увидеть и исследовать невиданные ранее структуры и процессы мозга.,m2m100_418m,"В этом смысле мы говорим о том, что Аллах создал Всевышний Аллах, и что Он создал всевышнюю Всевышню Аллах (Аллах и благословение Аллаха).",0.4967344000469893,50,False,False
uz-ru-0685,flores_devtest,685,uz,ru,Ekskursiyalarni virtual tarzda bo'lishish sayohat haqida fikr yuritish va kelasi darslar bilan tajriba almashish uchun ajoyib usuldir.,Выкладывание экскурсии в виртуальное пространство для всеобщего обозрения — это также отличный способ освежить в памяти экскурсию и поделиться своим полученными знаниями с будущими классами.,m2m100_418m,"В этом смысле мы можем говорить о том, что у нас есть все, что нужно для того, чтобы убедиться, что в этом мире нет ничего страшного, кроме того, что мы не можем забыть об этом.",0.569338500034064,51,False,False
uz-ru-0700,flores_devtest,700,uz,ru,Arablar bu yerlarga islomni ham olib kelishdi va bu Komor orollari hamda Mayottada katta ahamiyat kasb etdi.,"Арабы также принесли в этот регион ислам, особенно он укоренился на Коморах и Майотте.",m2m100_418m,"Арабские мусульмане, в том числе и арабы, пришли к выводу о том, что они не знают, что это такое.",0.47586470004171133,36,False,False
uz-ru-0704,flores_devtest,704,uz,ru,Uzuk taqish ham foydali (shunchaki nihoyatda qimmat ko'rinmaydiganini.,Также полезно носить кольцо (только не слишком дорогое на вид).,m2m100_418m,"Поистине, не стоит забывать и о том, что в каком-либо из них (в том числе и в Кабине) есть нечто подобное.",0.33425240009091794,40,False,False
uz-ru-0717,flores_devtest,717,uz,ru,"Yetishish imkoniyati nisbatan kamligi bilan birga, ""Timbuktu"" uzoq, ekzotik o'lkalar uchun metafora sifatida ishlatila boshlandi.","В связи со своей относительной недоступностью, ""Тимбукту"" стал метафорой экзотической дальней земли.",m2m100_418m,"Отечественный комитет относится к общественному балансу, «Тимбукту» и «экзотических» стран.",0.47622009995393455,34,False,False
uz-ru-0742,flores_devtest,742,uz,ru,"Ikki minoraning balandligi 83 metrga yetadi, u uzunligi 378 metr hamda kengligi 3,5 m bo'lgan ikkita yo'lakchaga ega.","Эти две башни достигают 83 метра в высоту, а сам мост 378 метров в длину и имеет две полосы движения шириной 3,5 метра.",m2m100_418m,"Обе менопаузы достигли 83 метров, а длина 378 метров — 3,5 метров.",0.36203869991004467,27,False,False
uz-ru-0746,flores_devtest,746,uz,ru,"Chako mintaqasida Guaykuru va Payagua kabi mahalliy qabilalarning boshqa guruhlari yashab, ular ovchilik, termachilik va baliq ovlash orqali hayotlarini saqlab qolishgan.","Область Чако служила домом для разных групп местных племен, например для Гуайкуру и Паягуа, они выживали при помощи охоты, собирательства и рыбалки.",m2m100_418m,"В то же время, как говорится в сообщении: «Все, что мы делаем, – это то, что вы делаете, и то, чего вы делали, – то, кто вы делал, и тот, кто не делал».",0.6499320000875741,57,False,False
uz-ru-0761,flores_devtest,761,uz,ru,"Qish chalg'itadigan sovuq bo'lishi mumkin: haroratlar kamdan-ham hollarda muzlash nuqtasidan pastga tushadi, biroq shamol va namlik birlashgan holda termometr ko'rsatganiga qaraganda sovuqroqdek tuyulishi mumkin.","Зима может быть обманчиво холодной: температура редко опускается ниже нуля, но сочетание ветра и влажности воздуха создает ощущение более холодной погоды в сравнении с тем, что показывает термометр.",m2m100_418m,"Итак, если вы хотите, чтобы ваш ребенок был счастливым, вы должны быть уверены в том, что ваш ребенок будет счастлив, и если вы не хотите, то вы будете счастлививы в этом году.",0.4312948000151664,53,False,False
uz-ru-0768,flores_devtest,768,uz,ru,Apia Samoaning poytaxtidir. Shahar Upolu orolida va 40 000 nafardan kamroq aholiga ega.,Апиа – столица Самоа. Город расположен на острове Уполу и имеет население чуть менее 40 000 жителей.,m2m100_418m,Апиа Samoaning является экспортером. Shahar Upolu не имеет добычи от 40 000 человек.,0.20388339995406568,28,False,False
uz-ru-0771,flores_devtest,771,uz,ru,Bitta Britaniya kreyseridan boshqa barcha kemalar cho'ktirilgan edi. 200 ga yaqin amerikalik va nemis halok bo'lgan.,"Все корабли затонули, за исключением одного британского крейсера. Погибли около 200 американских и немецких моряков.",m2m100_418m,В Великобритании вновь появились новые официальные лица. 200 доступа американских и правительственных государств остались без внимания.,0.23720659990794957,33,False,False
uz-ru-0787,flores_devtest,787,uz,ru,"Sho'r suv timsohlari okeanda ko'p uchramaydi, ularning asosiy yashash joyi Rokxemptondan shimolda joylashgan daryolarning quyilish joylaridir.","Гребнистые крокодилы не ведут активную жизнь в океане, а их основная среда обитания — эстуарии рек к северу от Рокгемптона.",m2m100_418m,"В то же время, как и в других странах мира, это не так уж и странно, так как в этом мире существует огромное количество людей, которые живут на Земле, и они живут по всему миру.",0.36263019999023527,49,False,False
uz-ru-0814,flores_devtest,814,uz,ru,"Agar siz kechiktirish e'lon qilinishidan avval 2020-yil uchun reyslar va mehmonxonani buyurtna qilgan bo'lsangiz, siz qiyin vaziyatda qolishingiz mumkin.","Если вы забронировали авиабилеты и проживание на 2020 год до того, как было объявлено о переносе даты, у вас может возникнуть непростая ситуация.",m2m100_418m,"Если вы хотите, чтобы ваш ребенок был счастливым, вы должны быть уверены в том, что ваш ребенок будет счастлив.",0.40254539996385574,33,False,False
uz-ru-0823,flores_devtest,823,uz,ru,Sayyohlar o'z mintaqalarida noma'lum bo'lgan hayvon parazitlariga duch kelishlari mumkin.,"Путешественники могут встретиться с животными-вредителями, которых они не видели в своих родных краях.",m2m100_418m,"Итак, если вы хотите, чтобы ваш ребенок был счастливым, вы должны быть уверены в том, что ваш ребенок будет счастлив.",0.32947380002588034,36,False,False
uz-ru-0827,flores_devtest,827,uz,ru,"Og'ir soliqlarga ega mamlakatlarga boruvchi sayohatchilar ba'zi hollarda, ayniqsa, spirtli ichimliklar va tamaki mahsulotlari kabilardan anchagina pul tejab qolishlari mumkin.","Путешественники, направляющиеся в страны с высоким налогообложением, могут иногда сэкономить значительную сумму, особенно на таких товарах, как спиртные напитки и табак.",m2m100_418m,"Итак, если вы хотите, чтобы ваш ребенок был счастливым, вы должны быть уверены в том, что ваш ребенок будет счастлив, и если вы не будете счастливимы, вы можете быть уверени в то, что вы хотите быть счастлива.",0.5913139999611303,62,False,False
uz-ru-0831,flores_devtest,831,uz,ru,"Qizig'i shuki, bu yerda mobil telefon xizmati, boshqa ko'p yo'nalishlarga qaraganda, masalan, Pensilvaniya Uayldzdan ko'ra ancha kuchliroq.","Однако, как ни странно, мобильная телефонная связь здесь намного лучше, чем на многих других участках маршрута, например в Пенсильвании Уайлдс.",m2m100_418m,"Qizig Shuki, мобильные телефоны в этом месте, и другие разговоры, рассказы, Пенсильвания и другие часы.",0.2891380999935791,35,False,False
uz-ru-0857,flores_devtest,857,uz,ru,"Yevropa nisbatan kichik, biroq ko'plab mustaqil davlatlarga ega bo'lgan qit'adir. Odatiy sharoitlarda bir nechta mamlakatlar bo'ylab sayohat qilish bir necha marta vizaga ariza topshirish va pasport nazoratidan o'tish kerakligini anglatadi.","Европа — относительно маленький континент, но на нём много независимых государств. В обычных обстоятельствах путешествие через множество стран означало бы необходимость подачи прошений для получения визы и многократного прохождения паспортного контроля.",m2m100_418m,"Если вы хотите, чтобы ваш ребенок был счастливым, вы должны быть уверены, что ваш ребенок будет счастлив, если вы хотите.",0.3710123000200838,35,False,False
uz-ru-0885,flores_devtest,885,uz,ru,Chet el hukumatlarining mazkur hujjatlarni hurmat qilishga tayyorligi xuddi shu darajada o'zgaruvchandir.,Готовность зарубежных правительств выполнять свои обязательства по данным документам столь же весьма различна.,m2m100_418m,"В этом смысле, истинно говоря, есть суждение о том, что на земле есть какая-то сущность, и что в ней есть суть.",0.3786843999987468,40,False,False
uz-ru-0902,flores_devtest,902,uz,ru,Sahnalar piramidalar ustida namoyish etildi va turli xil piramidalar yoritildi.,"Сцены показывают на пирамидах, и разные пирамиды освещаются.",m2m100_418m,"Сценарий пирамиды была зафиксирована во времени, а гибридная пирамида была развернута.",0.3096139000263065,33,False,False
uz-ru-0913,flores_devtest,913,uz,ru,Akademik ta'tilni rejalashtirayotganlar orasida tobora ommalashib borayotgan tanlov – sayohat hamda o'rganishdir.,"Вариант, становящийся всё более популярным для тех, кто планирует взять академический год, это путешествовать и учиться.",m2m100_418m,"Ученые и ученые проанализировали, что ученый и ученым является одним из самых распространенных в мире исследований и исследований.",0.36152670008596033,39,False,False
uz-ru-0950,flores_devtest,950,uz,ru,Yana shimolda butun dunyoga mashhur bo'lgan Mariam onamizning ko'rinish joyi bo'lgan Fotima onamiz ibodatxonasiga (Muqaddas jiy) ham tashrif buyuring.,Севернее посетите также великий Храм Фатимской Богоматери (усыпальница) — место всемирно известных явлений Девы Марии.,m2m100_418m,"В то же время, как и у Марии, так и у Иисуса, в то же самое время, и у Мариии, в том же, что и у Марии, и в том, что в Марии и Марии.",0.4909069000277668,57,False,False
uz-ru-0978,flores_devtest,978,uz,ru,Fors tili nisbatan oson va aksariyat hollarda o'zgarmas grammatikaga ega.,В персидском языке относительно лёгкая и в основном закономерная грамматика.,m2m100_418m,Оригинальное название: Furs tili nisban oson will share in holes or grammatics.,0.25300659995991737,29,False,False
uz-ru-0994,flores_devtest,994,uz,ru,Ichki suv yo'llari ta'til uchun yaxshi mavzu bo'lishi mumkin.,Внутренние водные пути могут стать хорошей темой для проведения какого-либо праздника.,m2m100_418m,"Итак, если вы хотите, чтобы ваш ребенок был счастливым, вы должны быть уверены в том, что ваш ребенок будет счастлив.",0.3859744999790564,36,False,False
uz-zh-0063,flores_devtest,63,uz,zh,"Tarixchilar agentlikning muvaffaqiyat darajasini kuchaytirish uchun osongina hal qilish mumkin bo'lgan, ayniqsa avtomobil o'g'rilanishi bo'yicha ishlarga resurslarning qaratilganligi uchun FQB agentligining o'tmishdagi siyosatlarini tanqid qildilar.",历史学家批判了联邦调查局的过往政策，这种政策会把资源集中到容易破获的案件上，尤以偷车案件居多，目的只在于提高该机构的成功破案率。,m2m100_418m,此分類上一篇: 上一篇: 關於公交機與公交車的關鍵事項,0.5578424000414088,28,False,False
uz-zh-0068,flores_devtest,68,uz,zh,"AQSH Prezidenti Jorj V. Bush, Osiyo bo'ylab bir haftalik sayohatini boshlab, 16-noyabr kuni tongda Singapurga yetib keldi.",美国总统乔治·沃克·布什于 11 月 16 日上午抵达新加坡，开始为期一周的亚洲之行。,m2m100_418m,"AQSH总统乔治·V·布什(Jorj V. Bush)在新加坡举行了一次每周的会议,并在11月16日至9月16日在新加坡举行。",0.34069979994092137,45,False,False
uz-zh-0083,flores_devtest,83,uz,zh,"Katrina bo'roni vaqtida 20 fut balandlikdagi toshqinga guvoh bo'lgan to'qqizinchi bo'linma, suv yaqindagi to'g'ondan oshib o'tgani sababli, hozirda belgacha keladigan suv ostida qolgan.",“卡特里娜”飓风来袭时，第九区洪水水位一度高达 20 英尺，由于附近的防洪堤已经被淹没，目前水位已达齐腰深度。,m2m100_418m,"20 耶和華說:『你們要照著我所吩咐你們的,使我得著平安。",0.41440409992355853,31,False,False
uz-zh-0085,flores_devtest,85,uz,zh,Parlamentning quyi palatasi ma'muri Adam Kuerden o'tgan oyda Wikinews bilan suhbatida o'chirishlardan ranjiganini aytdi.,共享资源管理员亚当·库尔登 (Adam Cuerden) 上个月在接受维基新闻 (Wikinews) 采访时表达了他对删除相关内容的不满。,m2m100_418m,该议会的议员亚当·库尔登(Adam Kuerden)在维基百科的报告中发表了评论或评论。,0.3919914999278262,39,False,False
uz-zh-0091,flores_devtest,91,uz,zh,"Olimlar qora materiya boshqa qora materiyaga xuddi odatiy materiya ta'sir qilgani kabi ta'sir ko'rsatadi, degan xulosaga kelishdi.",科学家们可以得出结论，暗物质对其他暗物质的影响方式与普通物质相同。,m2m100_418m,"古人云:《古兰经》中有许多经典的经典经典,其中有几种经典。",0.3046773000387475,31,False,False
uz-zh-0125,flores_devtest,125,uz,zh,"Ko'ngilsiz hodisa yuz bergan joy yaqinidagi garajda ishlayotgan kishi: ""U yerda yo'lni kesib o'tmoqchi bo'layotgan bolalar bor edi va ularning barchasi qichqirib yig'layotgandi"" deb aytdi.",一名在事故发生地附近的车库立的工作人员说：“孩子们正等着过马路，并且都在大声尖叫，哭个不停。”,m2m100_418m,"正如《古兰经》中所说:‘在世上有许多人,有许多人在世上,有很多人,有的人,有一个人。",0.3892338000005111,38,False,False
uz-zh-0165,flores_devtest,165,uz,zh,1988-yildan beri ovoz beruvchilar va kuzatuvchilar boshlanishida konvertlar mavjud emasligi va mos tarzda sanalgan va vakolat berilgan ovoz beruvchilardan tashqari hech qanday konvertlar qo'shilmasligiga guvohlik bera olishlari uchun saylov qutilarining shaffof bo'lishi talab qilinadi.,自 1988 年以来，投票箱就必须是透明的，这样选民和观察员才能看到投票开始时箱内没有信封，还能看到除了那些及时统计过、有权投票的选民以外，没有其他人向箱内投入信封。,m2m100_418m,"自1988年以來,他曾經說過,在這段經文中,有許多人說過:『你們要把這些經文交給你們,因為你們的經文是真實的,你們應當把它們交給我們。",0.4805261999135837,64,False,False
uz-zh-0179,flores_devtest,179,uz,zh,"Bu ikki hafta avval sovrin yutgan ""All Blacks"" jamoasi uchun oxirgi o'yin edi.",全黑队在两周前已经赢得了奖杯，而这场比赛是他们打的最后一场。,m2m100_418m,此分類上一篇: 上一篇: 每個星期都會有「黑色」的聲音,0.20959109999239445,27,False,False
uz-zh-0195,flores_devtest,195,uz,zh,Fotosuratchi Ronald Reygan nomidagi UCLA Tibbiyot Markaziga yetkazilgan va keyinchalik u yerda vafot etgan.,这名摄影师被送往加州大学洛杉矶分校罗纳德·里根医疗中心，其后不治。,m2m100_418m,"罗纳尔德·雷根(Ronald Reygan)的照片被授权与UCLA的标志,并且必须在地面上投票。",0.2909214000683278,39,False,False
uz-zh-0225,flores_devtest,225,uz,zh,Rok guruhi AQSH va Kanadada 16-sentyabrga qadar gastrol safarida bo'lishi kerak edi.,这支摇滚乐队原定在美国和加拿大巡演，一直持续到 9 月 16 日。,m2m100_418m,罗克·古鲁希·阿克什(Rock Guruhi AQSH)在加拿大16个星期的天然气旅行中获胜。,0.3884842999977991,35,False,False
uz-zh-0277,flores_devtest,277,uz,zh,Madxya-Pradesh politsiyasi o'g'irlangan noutbuk hamda mobil telefonni qaytardi.,中央邦警方追回了被盗的笔记本电脑和手机。,m2m100_418m,马德西亚 - 布拉德斯的政治或伊拉克的信徒返回了手机。,0.2476038000313565,28,False,False
uz-zh-0356,flores_devtest,356,uz,zh,Sun'iy yo'ldosh yoki teleskopni kosmosga joylashtirish uchun 100 futdan ortiq balandlikdagi ulkan raketa talab qilinadi.,要把卫星或望远镜送入太空，需要一枚超过 100 英尺高的巨型火箭。,m2m100_418m,太阳在太空中发射了100个火箭。,0.2217774000018835,18,False,False
uz-zh-0364,flores_devtest,364,uz,zh,"Urg'ochilar, odatda, katta oilaning opa-singillari yoki qizi bo'lib, bir-biriga chambarchas bog'liqdir.",作为大家庭里的姐妹和女儿，雌性之间通常彼此关系密切。,m2m100_418m,"天下之人,在天下,在地上,在外面,在水中,在火中,有天下;在地下,有地下。",0.30124760000035167,41,False,False
uz-zh-0397,flores_devtest,397,uz,zh,"Kan'on yerlarida keng o'rmonlar yo'q edi, shu sababdan yog'och nihoyatda qimmat edi.",迦南没有大森林，所以木材非常昂贵。,m2m100_418m,"當時,他曾經說過:『你們要為耶和華所吩咐你們的,為你們所行的,為他們所作的。",0.3635441999649629,41,False,False
uz-zh-0418,flores_devtest,418,uz,zh,"Italiya milliy futbol jamoasi Germaniya milliy futbol jamoasi qatori dunyodagi eng muvaffaqiyatli ikkinchi jamoa bo'lib, 2006-yilda FIFA Jahon chempionatida g'olib chiqqan.",意大利国家足球队和德国国家足球队都是世界上第二成功的球队，在 2006 年拿下了足球世界杯冠军。,m2m100_418m,意大利国家足球联赛 德国国家足球队在2006年国际足联赛冠军赛中获胜。,0.22286189999431372,28,False,False
uz-zh-0423,flores_devtest,423,uz,zh,"Tayvanning boshlanishi 15-asrga borib taqaladi, bunda o'tib ketayotgan yevropalik dengizchilar orol nomini Ilha Formosa yoki go'zal orol deb yozib qoldirishadi.",西方对台湾的了解可以追溯到 15 世纪。当时路过的欧洲水手将该岛命名为“福尔摩沙岛”(Ilha Formosa)，意思是美丽的岛屿。,m2m100_418m,"15 耶和華說:『你們要照著耶和华所吩咐你們的,使你們得著平安。",0.421211100067012,34,False,False
uz-zh-0439,flores_devtest,439,uz,zh,"Uning keng qamrovli qudrati shohdan tortib, oddiy insongacha ta'sir qildi.",从国王到平民，它遍布十方的力量影响着每一个人。,m2m100_418m,"當時,他們的靈魂被打破了,並且被人欺騙了。",0.23568799998611212,24,False,False
uz-zh-0442,flores_devtest,442,uz,zh,"Harbiy harakatlar xurujidan ko'p o'tmay, Britaniya Germaniyani dengizda blokada qilishni boshladi.",敌对行动爆发后不久，英国开始对德国实施海上封锁。,m2m100_418m,"与此同时,英格兰在德国境内停留了封锁。",0.22332640003878623,21,False,False
uz-zh-0447,flores_devtest,447,uz,zh,Birinchi jahon urushi vaqtida urush dahshatlari va vahshiyliklarini ko'rgan xalqlar kelajakda shu kabi holatlarning oldini olishni istaganlar.,目睹第一次世界大战中的肆虐残暴后，各国都渴望避免重蹈覆辙。,m2m100_418m,"古人云:《古兰经》中有许多古人,有许多人,也有许多人。",0.32380930008366704,27,False,False
uz-zh-0449,flores_devtest,449,uz,zh,"U AQSHga o'z nomidagi 4 sent, she'riy kitob va Charlz Batchelordan (oldingi ish joyidagi ish boshqaruvchisi) Tomas Edisonga tavsiyanoma bilan kelgandi.",他在抵达美国时，身上带着 4 美分、一本诗集，还有一封查尔斯•巴舍勒（Charles Batchelor）（他前份工作的经理）写给托马斯•爱迪生（Thomas Edison）的推荐信。,m2m100_418m,"在 AQSHga 或 4 英寸,她对 Charlz Batchelordan (以前的任何事情都没有提到) 托马斯 Edison 提出了建议。",0.40311379998456687,44,False,False
uz-zh-0491,flores_devtest,491,uz,zh,Moda poytaxti unvonining Konstantinopoldan Parijga o'tishi aynan shu vaqtda yuz berdi.,正是在这个时候，时尚之都的称号从君士坦丁堡转移到了巴黎。,m2m100_418m,"时尚展览从君士坦丁堡到巴黎,或者在你身边的镜子里。",0.23009229998569936,27,False,False
uz-zh-0502,flores_devtest,502,uz,zh,"Submadaniyat a'zolari ko'pincha o'z a'zoliklarini modalar, xulq-atvor va jargonlarni o'z ichiga olgan uslubdan o'ziga xos va ramziy foydalanish orqali namoyon etadilar.",亚文化群体的成员，常常会象征性地利用独特的行事风格来表明他们的成员身份，包括时尚服装、举止和黑话。,m2m100_418m,"如《古兰经》中所述,有许多经典的经典经典,如《圣经》中的经典、经典和经典。",0.3924018000252545,39,False,False
uz-zh-0512,flores_devtest,512,uz,zh,"Bolalar e'tiborsizlikdan tortib, zo'ravonlik va hatto tovlamachilikka qadar turli sabablarga ko'ra homiylik parvarishiga topshiriladi.",孩子们因为各种原因被寄养，原因有被忽视、被虐待，甚至是被勒索。,m2m100_418m,"天下之人,必定是天下的,必然是天上之人。",0.32607079995796084,24,False,False
uz-zh-0540,flores_devtest,540,uz,zh,"Tibet buddizmi Budda ta'limotlariga asoslanadi, lekin muhabbatning mahayana yo'li bilan va hind yogasining ko'plab uslublari bilan kengaytirilgan.",藏传佛教以佛陀的教义为基础，但通过大乘佛教的普世之爱和印度瑜伽的许多技巧得到了拓展。,m2m100_418m,"西藏的佛教与佛教联系在一起,在穆罕默德的信仰和信仰中,他们的信仰将被定义为宗教信仰。",0.3788246000185609,40,False,False
uz-zh-0552,flores_devtest,552,uz,zh,"Shu bilan birga Nemis dengiz floti, asosan, dengizosti qayiqlaridan foydalanib, ushbu transport harakatini to'xtatishga urinayotgandi.",与此同时，以 U 型潜艇为主力的德国海军试图拦截这场运输。,m2m100_418m,"那时,他和他的妻子们都说过:‘你是谁?’他说:‘你们是谁?‘他是谁’他说:‘我们是谁。",0.4382330001099035,42,False,False
uz-zh-0631,flores_devtest,631,uz,zh,Vatikan shahri aholisi 800 kishi atrofida. U dunyodagi eng kichik mustaqil davlat va eng kam aholiga ega mamlakatdir.,梵蒂冈城的人口大约有 800 人。它是世界上最小的独立国家，也是人口最少的国家。,m2m100_418m,"梵蒂冈大教堂有800个非洲人,在世界各地,它是无与伦比的未来。",0.4074986999621615,30,False,False
uz-zh-0632,flores_devtest,632,uz,zh,Vatikan shahri qonunchilik va rasmiy muloqot uchun italyan tilini qo'llaydi.,梵蒂冈城在法律法规和官方通信中使用意大利语。,m2m100_418m,梵蒂冈的教會將以意大利為主。,0.22975529998075217,16,False,False
uz-zh-0636,flores_devtest,636,uz,zh,"Faylasuf Aristotel barcha narsa to'rt unsurning bir yoki bir nechtasi aralashmasidan tashkil topgan degan nazariyani ilgari surgan. Ularni tuproq, suv, havo va olov ekanligini aytib o'tgan.",哲学家亚里士多德提出一种理论，即任何事物都是由土、水、空气和火四种元素中的一种或多种组成的。,m2m100_418m,"阿里士多德(愿主福安之)说,他是天下之人,他必定要在天下行事,在天上行事。",0.5125267999246716,41,False,False
uz-zh-0676,flores_devtest,676,uz,zh,Yangi texnologiyalarning rivojlanishi bizga oldin hech qachon kuzatilmagan miyaning tuzilishi hamda ishlash jarayonini ko'rish va tadqiq etish imkon yaratdi.,新技术的兴起让我们能够看到和研究大脑的结构和工作过程，这些是以前从未见过的。,m2m100_418m,"古人云:《古兰经》是真主所创造的,真主确是至高无上的。",0.33814740006346256,29,False,False
uz-zh-0685,flores_devtest,685,uz,zh,Ekskursiyalarni virtual tarzda bo'lishish sayohat haqida fikr yuritish va kelasi darslar bilan tajriba almashish uchun ajoyib usuldir.,以虚拟方式分享实地考察，也是回顾行程以及与以后班级分享经验的好办法。,m2m100_418m,此分類上一篇: 圖片來源: 電視與電視之間的虛擬風格 圖像來源 圖書來源,0.3788151000626385,39,False,False
uz-zh-0700,flores_devtest,700,uz,zh,Arablar bu yerlarga islomni ham olib kelishdi va bu Komor orollari hamda Mayottada katta ahamiyat kasb etdi.,阿拉伯人也把伊斯兰教带到了这片土地，这一教义在科摩罗和马约特国家盛行。,m2m100_418m,"古蘭經說:「阿拉伯人是以色列人,他們的信仰是真實的。",0.3409399000229314,28,False,False
uz-zh-0704,flores_devtest,704,uz,zh,Uzuk taqish ham foydali (shunchaki nihoyatda qimmat ko'rinmaydiganini.,戴戒指也会有帮助（但不要戴看上去太贵的戒指。,m2m100_418m,"天下之道,必定是无所不在的。",0.12728529993910342,17,False,False
uz-zh-0717,flores_devtest,717,uz,zh,"Yetishish imkoniyati nisbatan kamligi bilan birga, ""Timbuktu"" uzoq, ekzotik o'lkalar uchun metafora sifatida ishlatila boshlandi.",又因为相对偏僻，“廷巴克图”被用来比喻遥远的异国他乡。,m2m100_418m,"Yetishish 會議的聯合國會計劃,並將「Timbuktu」的體驗,以色列和外國人的形象變成一個民族。",0.37044750002678484,42,False,False
uz-zh-0742,flores_devtest,742,uz,zh,"Ikki minoraning balandligi 83 metrga yetadi, u uzunligi 378 metr hamda kengligi 3,5 m bo'lgan ikkita yo'lakchaga ega.",两座桥塔高 83 米，桥的长度为 378 米，有两条 3.50米宽的车道。,m2m100_418m,"兩個小孩的天花板達了83米,長度378米,上帝的天堂不會超過3,5米。",0.3302331999875605,35,False,False
uz-zh-0746,flores_devtest,746,uz,zh,"Chako mintaqasida Guaykuru va Payagua kabi mahalliy qabilalarning boshqa guruhlari yashab, ular ovchilik, termachilik va baliq ovlash orqali hayotlarini saqlab qolishgan.",查科 (Chaco) 地区是瓜伊库鲁 (Guaycuru) 和帕亚瓜 (Payagua) 等其他土著部落的家园，他们靠狩猎、采集和捕鱼为生。,m2m100_418m,"古人云:《古兰经》说:‘古人有罪,有罪。",0.29386680002789944,24,False,False
uz-zh-0761,flores_devtest,761,uz,zh,"Qish chalg'itadigan sovuq bo'lishi mumkin: haroratlar kamdan-ham hollarda muzlash nuqtasidan pastga tushadi, biroq shamol va namlik birlashgan holda termometr ko'rsatganiga qaraganda sovuqroqdek tuyulishi mumkin.",冬天可能会比看上去显得更冷：温度很少低于零度，但当风和湿度结合在一起，会让人感觉比温度计显示的温度要冷。,m2m100_418m,"如《古兰经》中所述,《古兰經》是指《古蘭經》所說的《古拉》和《古朗經》的意思。",0.4800378999207169,41,False,False
uz-zh-0768,flores_devtest,768,uz,zh,Apia Samoaning poytaxtidir. Shahar Upolu orolida va 40 000 nafardan kamroq aholiga ega.,阿皮亚是萨摩亚的首都。该城镇位于乌波卢（Upolu）岛上，人口数量不足 4 万。,m2m100_418m,"Apia Samoaning 是一家商店,Shahar Upolu 已有 40 000 名商店。",0.22260620002634823,27,False,False
uz-zh-0771,flores_devtest,771,uz,zh,Bitta Britaniya kreyseridan boshqa barcha kemalar cho'ktirilgan edi. 200 ga yaqin amerikalik va nemis halok bo'lgan.,除了一艘英国巡航舰外，其余船只悉数沉没。近 200 名美国人和德国人丧失生命。,m2m100_418m,比特币英格兰在巡逻中宣布了另一个不公平的军队。,0.286004800000228,25,False,False
uz-zh-0787,flores_devtest,787,uz,zh,"Sho'r suv timsohlari okeanda ko'p uchramaydi, ularning asosiy yashash joyi Rokxemptondan shimolda joylashgan daryolarning quyilish joylaridir.",咸水鳄的主要栖息地并非海洋，而是罗克汉普顿 (Rockhampton) 北部的河口。,m2m100_418m,"天下之人,必定在天下行事,而天下的天下也必定是天下。",0.28877370001282543,30,False,False
uz-zh-0814,flores_devtest,814,uz,zh,"Agar siz kechiktirish e'lon qilinishidan avval 2020-yil uchun reyslar va mehmonxonani buyurtna qilgan bo'lsangiz, siz qiyin vaziyatda qolishingiz mumkin.",如果你在宣布推迟之前预订了 2020 年的航班和住宿，则可能会面临棘手的情况。,m2m100_418m,"至於你們的信仰,你們應當為自己所作的,為自己而作的;因為你們在世上所作的一切事物中,必定是真實的。",0.39749010000377893,49,False,False
uz-zh-0823,flores_devtest,823,uz,zh,Sayyohlar o'z mintaqalarida noma'lum bo'lgan hayvon parazitlariga duch kelishlari mumkin.,旅行者可能会遇到在家乡不常见的有害动物。,m2m100_418m,"天下之人,必定是天下的,天下万物之人。",0.21048290003091097,23,False,False
uz-zh-0827,flores_devtest,827,uz,zh,"Og'ir soliqlarga ega mamlakatlarga boruvchi sayohatchilar ba'zi hollarda, ayniqsa, spirtli ichimliklar va tamaki mahsulotlari kabilardan anchagina pul tejab qolishlari mumkin.",前往课征重税的国家/地区的旅客有时可以省下一大笔钱，在这些地方购买酒水和烟草等产品特别划算。,m2m100_418m,"如《古兰经》中所说:‘你们应当遵循真理,以便在真理中与真理相同;你们应当按照真理和真理的说法行事。",0.5236793999793008,48,False,False
uz-zh-0831,flores_devtest,831,uz,zh,"Qizig'i shuki, bu yerda mobil telefon xizmati, boshqa ko'p yo'nalishlarga qaraganda, masalan, Pensilvaniya Uayldzdan ko'ra ancha kuchliroq.",不过，令人奇怪的是，这里的手机服务比沿途的许多其他路线（例如宾夕法尼亚州荒原）要强得多。,m2m100_418m,"Qizig shuki,在这个地方,我们打电话给手机,再说一遍,传奇,故事,从宾夕法尼亚州到其他地方。",0.3367229999275878,40,False,False
uz-zh-0857,flores_devtest,857,uz,zh,"Yevropa nisbatan kichik, biroq ko'plab mustaqil davlatlarga ega bo'lgan qit'adir. Odatiy sharoitlarda bir nechta mamlakatlar bo'ylab sayohat qilish bir necha marta vizaga ariza topshirish va pasport nazoratidan o'tish kerakligini anglatadi.",欧洲是片面积相对较小但有着许多独立国家的大陆。在通常情况下，穿越多个国家旅行意味着必须多次经历签证申请和护照检查。,m2m100_418m,"欧盟的关系是很明显的,它不会在未来的事情上发生任何问题,但它会导致英国的护照和护照,并将其转移到英国,因为它是非常明显的。",0.48112530005164444,51,False,False
uz-zh-0885,flores_devtest,885,uz,zh,Chet el hukumatlarining mazkur hujjatlarni hurmat qilishga tayyorligi xuddi shu darajada o'zgaruvchandir.,外国政府对这些文件的认可程度也千差万别。,m2m100_418m,"正如《古兰经》所说的那样,真主确已定义了真主的命令,并将其定义为真主。",0.3644868000410497,38,False,False
uz-zh-0902,flores_devtest,902,uz,zh,Sahnalar piramidalar ustida namoyish etildi va turli xil piramidalar yoritildi.,场景在金字塔上展示，不同的金字塔被点亮。,m2m100_418m,"场景的金字塔被拆除,并被破坏了黑色金字母。",0.214956899988465,25,False,False
uz-zh-0913,flores_devtest,913,uz,zh,Akademik ta'tilni rejalashtirayotganlar orasida tobora ommalashib borayotgan tanlov – sayohat hamda o'rganishdir.,对于那些计划怎么度过空档年的人来说，游学成为越来越受欢迎的选择。,m2m100_418m,"古人云:《古兰经》中有许多学者,有许多人,有几个学者。",0.25508100003935397,28,False,False
uz-zh-0950,flores_devtest,950,uz,zh,Yana shimolda butun dunyoga mashhur bo'lgan Mariam onamizning ko'rinish joyi bo'lgan Fotima onamiz ibodatxonasiga (Muqaddas jiy) ham tashrif buyuring.,也可以到北部参观法蒂玛圣母院（圣地），它是举世闻名的圣母玛丽亚显现之地。,m2m100_418m,"耶和華說:「你們應當遵循聖經,以便你們在聖經中遵行聖經;因為聖經是真實的。",0.525799399940297,39,False,False
uz-zh-0978,flores_devtest,978,uz,zh,Fors tili nisbatan oson va aksariyat hollarda o'zgarmas grammatikaga ega.,波斯语的语法大多相对简单，有规律可循。,m2m100_418m,此分類上一篇: 關於文學或文學的文章,0.20901909994427115,20,False,False
uz-zh-0994,flores_devtest,994,uz,zh,Ichki suv yo'llari ta'til uchun yaxshi mavzu bo'lishi mumkin.,内陆水道可以作为假期游玩的一个不错的主题。,m2m100_418m,"以此为主,以此為主。",0.23221850011032075,14,False,False
zh-en-0063,flores_devtest,63,zh,en,历史学家批判了联邦调查局的过往政策，这种政策会把资源集中到容易破获的案件上，尤以偷车案件居多，目的只在于提高该机构的成功破案率。,"Historians have criticized past FBI policies for focusing resources on cases which are easy to solve, especially stolen car cases, with the intent of boosting the agency's success rate.",m2m100_418m,"Historians have criticized the Federal Bureau of Investigation’s past policy, which will concentrate resources on easy-to-break cases, especially the number of car theft cases, with the only aim to increase the agency’s success rate.",0.5289890000130981,58,False,False
zh-en-0068,flores_devtest,68,zh,en,美国总统乔治·沃克·布什于 11 月 16 日上午抵达新加坡，开始为期一周的亚洲之行。,"U.S. President George W. Bush arrived in Singapore the morning of November 16, beginning a week-long tour of Asia.",m2m100_418m,U.S. President George W. Bush arrived in Singapore on November 16 in the morning to start a week-long Asia trip.,0.25685969996266067,31,False,False
zh-en-0083,flores_devtest,83,zh,en,“卡特里娜”飓风来袭时，第九区洪水水位一度高达 20 英尺，由于附近的防洪堤已经被淹没，目前水位已达齐腰深度。,"The Ninth Ward, which saw flooding as high as 20 feet during Hurricane Katrina, is currently in waist-high water as the nearby levee was overtopped.",m2m100_418m,"When the “Catrina” hurricane arrived, the flood level of the 9th district was once up to 20 feet, as the nearby flood-resistant coast has already been flooded, and the current level of water has reached the same depth.",0.5518457000143826,66,False,False
zh-en-0085,flores_devtest,85,zh,en,共享资源管理员亚当·库尔登 (Adam Cuerden) 上个月在接受维基新闻 (Wikinews) 采访时表达了他对删除相关内容的不满。,Commons Administrator Adam Cuerden expressed his frustration over the deletions when he spoke to Wikinews last month.,m2m100_418m,"Shared Resource Manager Adam Cuerden last month, in an interview with Wikinews, expressed his dissatisfaction about the deletion of the relevant content.",0.338753700023517,40,False,False
zh-en-0091,flores_devtest,91,zh,en,科学家们可以得出结论，暗物质对其他暗物质的影响方式与普通物质相同。,The scientists were able to conclude that the dark matter affect other dark matter in the same way regular matter does.,m2m100_418m,Scientists can conclude that the way dark matter affects other dark matter is the same as normal matter.,0.24317579995840788,26,False,False
zh-en-0125,flores_devtest,125,zh,en,一名在事故发生地附近的车库立的工作人员说：“孩子们正等着过马路，并且都在大声尖叫，哭个不停。”,"A person working in a garage near where the accident occurred said: ""There were children waiting to cross the road and they were all screaming and crying.""",m2m100_418m,"A garage staff near the place of the accident said, “The kids are waiting for the road, and they are all screaming and crying.",0.2979092000750825,33,False,False
zh-en-0165,flores_devtest,165,zh,en,自 1988 年以来，投票箱就必须是透明的，这样选民和观察员才能看到投票开始时箱内没有信封，还能看到除了那些及时统计过、有权投票的选民以外，没有其他人向箱内投入信封。,"Since 1988, ballot boxes must be transparent so that voters and observers can witness that no envelopes are present at the start of the vote and that no envelopes are added except those of the duly counted and authorized voters.",m2m100_418m,"Since 1988, the voting box must be transparent, so that voters and observers can see no covers in the box at the start of the vote, and that no one else is put into the box except those voters who have timely statistics and have the right to vote.",0.5283853999571875,64,False,False
zh-en-0179,flores_devtest,179,zh,en,全黑队在两周前已经赢得了奖杯，而这场比赛是他们打的最后一场。,"It was the final match for the All Blacks, who had already won the trophy two weeks ago.",m2m100_418m,"The black team had won the cup two weeks ago, and this was the last match they played.",0.1871036000084132,23,False,False
zh-en-0195,flores_devtest,195,zh,en,这名摄影师被送往加州大学洛杉矶分校罗纳德·里根医疗中心，其后不治。,"The photographer was transported to Ronald Reagan UCLA Medical Center, where he subsequently died.",m2m100_418m,"The photographer was sent to the Ronald Reagan Medical Center at the University of California, Los Angeles, after which he was untreated.",0.26425259991083294,32,False,False
zh-en-0225,flores_devtest,225,zh,en,这支摇滚乐队原定在美国和加拿大巡演，一直持续到 9 月 16 日。,The rock band was due to tour the United States and Canada until September 16.,m2m100_418m,The rock band was originally planned to tour in the United States and Canada and lasted until September 16.,0.23960289999376982,26,False,False
zh-en-0277,flores_devtest,277,zh,en,中央邦警方追回了被盗的笔记本电脑和手机。,The Madhya Pradesh Police recovered the stolen laptop and mobile phone.,m2m100_418m,The Central State police have recovered the stolen laptops and phones.,0.18388520006556064,20,False,False
zh-en-0356,flores_devtest,356,zh,en,要把卫星或望远镜送入太空，需要一枚超过 100 英尺高的巨型火箭。,It takes a giant rocket over a 100 feet high to put a satellite or telescope in space.,m2m100_418m,"To send a satellite or telescope into space, it takes a giant rocket of more than 100 feet high.",0.2972630000440404,30,False,False
zh-en-0364,flores_devtest,364,zh,en,作为大家庭里的姐妹和女儿，雌性之间通常彼此关系密切。,"The females are usually closely related to each other, being a large family of sisters and daughters.",m2m100_418m,"As sisters and daughters in the family, females are usually closely related to each other.",0.2097139999968931,25,False,False
zh-en-0397,flores_devtest,397,zh,en,迦南没有大森林，所以木材非常昂贵。,"There were no large forests in the land of Canaan, so wood was extremely expensive.",m2m100_418m,"Canaan has no large forests, so wood is very expensive.",0.13956090004649013,18,False,False
zh-en-0418,flores_devtest,418,zh,en,意大利国家足球队和德国国家足球队都是世界上第二成功的球队，在 2006 年拿下了足球世界杯冠军。,"Italy's national football, along with German national football team is the second most successful team in the world and were the FIFA World Cup champions in 2006.",m2m100_418m,"The Italian national football team and the German national football teams are the world’s second successful team, winning the 2006 World Cup.",0.23463320010341704,30,False,False
zh-en-0423,flores_devtest,423,zh,en,西方对台湾的了解可以追溯到 15 世纪。当时路过的欧洲水手将该岛命名为“福尔摩沙岛”(Ilha Formosa)，意思是美丽的岛屿。,"Taiwan beginning start way back in 15th century where European sailors passing by record the island’s name as Ilha Formosa, or beautiful island.",m2m100_418m,"The Western knowledge of Taiwan dates back to the 15th century.The European sailors who passed it then named the island ""Ilha Formosa"", which means a beautiful island.",0.3764451000606641,42,False,False
zh-en-0439,flores_devtest,439,zh,en,从国王到平民，它遍布十方的力量影响着每一个人。,Its all-pervading power affected everyone from king to commoner.,m2m100_418m,"From the king to the civilians, it’s all-round power that affects everyone.",0.20612300001084805,24,False,False
zh-en-0442,flores_devtest,442,zh,en,敌对行动爆发后不久，英国开始对德国实施海上封锁。,"Soon after the outbreak of hostilities, Britain initiated a naval blockade of Germany.",m2m100_418m,"Shortly after the outbreak of the opposition, Britain began to impose a maritime blockade on Germany.",0.21143909997772425,28,False,False
zh-en-0447,flores_devtest,447,zh,en,目睹第一次世界大战中的肆虐残暴后，各国都渴望避免重蹈覆辙。,"After seeing the horrors and atrocities of war during World War I, nations desired to avoid such a situation again in the future.",m2m100_418m,"After witnessing the violent brutality of the First World War, all countries wished to avoid the repeat.",0.23212399997282773,28,False,False
zh-en-0449,flores_devtest,449,zh,en,他在抵达美国时，身上带着 4 美分、一本诗集，还有一封查尔斯•巴舍勒（Charles Batchelor）（他前份工作的经理）写给托马斯•爱迪生（Thomas Edison）的推荐信。,"He arrived in the US with 4 cents to his name, a book of poetry, and a letter of recommendation from Charles Batchelor (his manager in his previous job) to Thomas Edison.",m2m100_418m,"When he arrived in the United States, he had four cents, a poem and a recommendation letter to Thomas Edison by Charles Batchelor.",0.3252204000018537,36,False,False
zh-en-0491,flores_devtest,491,zh,en,正是在这个时候，时尚之都的称号从君士坦丁堡转移到了巴黎。,It was at this time that the transfer of the title of Fashion Capital from Constantinople to Paris was made.,m2m100_418m,"At this time, the title of the fashion capital was transferred from Constantinople to Paris.",0.18262530001811683,22,False,False
zh-en-0502,flores_devtest,502,zh,en,亚文化群体的成员，常常会象征性地利用独特的行事风格来表明他们的成员身份，包括时尚服装、举止和黑话。,"Members of a subculture often signal their membership through a distinctive and symbolic use of style, which includes fashions, mannerisms, and argot.",m2m100_418m,"Members of subcultural groups often symbolically use unique behavior styles to demonstrate their membership identity, including fashion clothes, behaviors and black words.",0.33954309998080134,42,False,False
zh-en-0512,flores_devtest,512,zh,en,孩子们因为各种原因被寄养，原因有被忽视、被虐待，甚至是被勒索。,"Children are placed in Foster Care for a wide variety of reasons that range from neglect, to abuse, and even to extortion.",m2m100_418m,"Children are adopted for various reasons, for some reason they are ignored, abused, and even scammed.",0.22579660010524094,28,False,False
zh-en-0540,flores_devtest,540,zh,en,藏传佛教以佛陀的教义为基础，但通过大乘佛教的普世之爱和印度瑜伽的许多技巧得到了拓展。,"The Tibetan Buddhism is based on the teachings of Buddha, but were extended by the mahayana path of love and by a lot of techniques from Indian Yoga.",m2m100_418m,"Tibetan Buddhism is based on the Buddhist doctrine, but it has been expanded through the universal love of Buddha and the many skills of Indian yoga.",0.3114085999550298,41,False,False
zh-en-0552,flores_devtest,552,zh,en,与此同时，以 U 型潜艇为主力的德国海军试图拦截这场运输。,"At the same time, the German navy, using mainly U-boats, was trying to stop this traffic.",m2m100_418m,"Meanwhile, the German Navy, which is mainly a U-type submarine, tried to stop the transportation.",0.25404630007687956,33,False,False
zh-en-0631,flores_devtest,631,zh,en,梵蒂冈城的人口大约有 800 人。它是世界上最小的独立国家，也是人口最少的国家。,Vatican City's population is around 800. It is the smallest independent country in the world and the country with the lowest population.,m2m100_418m,The Vatican City has a population of approximately 800 people. it is the smallest independent country in the world and the lowest inhabited country.,0.31973570003174245,37,False,False
zh-en-0632,flores_devtest,632,zh,en,梵蒂冈城在法律法规和官方通信中使用意大利语。,Vatican City uses Italian in its legislation and official communications.,m2m100_418m,The Vatican City uses Italian in legal regulations and official communications.,0.17960859998129308,18,False,False
zh-en-0636,flores_devtest,636,zh,en,哲学家亚里士多德提出一种理论，即任何事物都是由土、水、空气和火四种元素中的一种或多种组成的。,"Aristotle, a philosopher, theorised that everything is made up of a mixture of one or more of four elements. They were earth, water, air, and fire.",m2m100_418m,"The philosopher Aristotle proposes a theory that anything is made up of one or more of the four elements of soil, water, air and fire.",0.45060710003599524,39,False,False
zh-en-0676,flores_devtest,676,zh,en,新技术的兴起让我们能够看到和研究大脑的结构和工作过程，这些是以前从未见过的。,The rise of new technologies allows us to see and investigate brain structures and processes never seen before.,m2m100_418m,"The rise of new technologies enables us to see and study the structure and work processes of the brain, which have never been seen before.",0.251749400049448,33,False,False
zh-en-0685,flores_devtest,685,zh,en,以虚拟方式分享实地考察，也是回顾行程以及与以后班级分享经验的好办法。,Sharing a field trip virtually is also a great way to reflect a on a trip and share experiences with future classes.,m2m100_418m,Sharing field visits in a virtual way is also a good way to review the itinerary and share experiences with subsequent classes.,0.2420543999178335,31,False,False
zh-en-0700,flores_devtest,700,zh,en,阿拉伯人也把伊斯兰教带到了这片土地，这一教义在科摩罗和马约特国家盛行。,"The Arabs also brought Islam to the lands, and it took in a big way in the Comoros and Mayotte.",m2m100_418m,"The Arabs also brought Islam to this land, a doctrine that is widespread in the countries of Comoro and Maut.",0.2756368999835104,33,False,False
zh-en-0704,flores_devtest,704,zh,en,戴戒指也会有帮助（但不要戴看上去太贵的戒指。,It is helpful to also wear a ring (just not one that looks too expensive.,m2m100_418m,Wearing a ring is also helpful (but don’t wear a ring that looks too expensive.,0.1871903999708593,24,False,False
zh-en-0717,flores_devtest,717,zh,en,又因为相对偏僻，“廷巴克图”被用来比喻遥远的异国他乡。,"Combined with its relative inaccessibility, ""Timbuktu"" has come to be used as a metaphor for exotic, distant lands.",m2m100_418m,"And because of the relatively distant, ""Timbaktu"" is used to compare the remote foreign countries.",0.21975809999275953,29,False,False
zh-en-0742,flores_devtest,742,zh,en,两座桥塔高 83 米，桥的长度为 378 米，有两条 3.50米宽的车道。,"The two towers rise to a height of 83 meters, it's 378 meters long and it has two lanes of 3.50 m wide.",m2m100_418m,"The two bridge towers are 83 meters high, the length of the bridge is 378 meters, and there are two 3.50 meters wide roads.",0.31327499996405095,40,False,False
zh-en-0746,flores_devtest,746,zh,en,查科 (Chaco) 地区是瓜伊库鲁 (Guaycuru) 和帕亚瓜 (Payagua) 等其他土著部落的家园，他们靠狩猎、采集和捕鱼为生。,"The Chaco region was home to other groups of indigenous tribes such as the Guaycurú and Payaguá, who survived by hunting, gathering and fishing.",m2m100_418m,"The Chaco region is home to other indigenous tribes, such as Guaycuru and Payagua, who live by hunting, gathering and fishing.",0.3152970999944955,41,False,False
zh-en-0761,flores_devtest,761,zh,en,冬天可能会比看上去显得更冷：温度很少低于零度，但当风和湿度结合在一起，会让人感觉比温度计显示的温度要冷。,"The winter can be deceptively chilly: temperatures rarely go below freezing, but the wind and humidity combine to make it feel colder than what the thermometer says.",m2m100_418m,"The winter may look colder than it seems: temperatures are rarely lower than zero, but when the wind and moisture are combined, it makes you feel cold than the temperature shown by the thermometer.",0.382307399995625,49,False,False
zh-en-0768,flores_devtest,768,zh,en,阿皮亚是萨摩亚的首都。该城镇位于乌波卢（Upolu）岛上，人口数量不足 4 万。,"Apia is the capital of Samoa. The town is on the island of Upolu and has a population of just under 40,000.",m2m100_418m,"Apia is the capital of Samoa. the city is located on the island of Upolu, with a population of less than 40,000.",0.24497530004009604,32,False,False
zh-en-0771,flores_devtest,771,zh,en,除了一艘英国巡航舰外，其余船只悉数沉没。近 200 名美国人和德国人丧失生命。,"All the ships were sunk, except for one British cruiser. Nearly 200 American and German lives were lost.",m2m100_418m,"In addition to a British cruise, the rest of the vessels drowned and 200 Americans and Germans died.",0.2484868000028655,31,False,False
zh-en-0787,flores_devtest,787,zh,en,咸水鳄的主要栖息地并非海洋，而是罗克汉普顿 (Rockhampton) 北部的河口。,"Saltwater Crocodiles do not actively live in the ocean, their primary habitat is in river estuaries north from Rockhampton.",m2m100_418m,"The main habitat of the salt water crocodile is not the ocean, but the river coast north of Rockhampton.",0.27609519998077303,34,False,False
zh-en-0814,flores_devtest,814,zh,en,如果你在宣布推迟之前预订了 2020 年的航班和住宿，则可能会面临棘手的情况。,"If you booked your flights and accommodation for 2020 before the postponement was announced, you may have a tricky situation.",m2m100_418m,"If you have booked flights and accommodation for 2020 before the announcement of delay, you may face difficult situations.",0.22537340002600104,29,False,False
zh-en-0823,flores_devtest,823,zh,en,旅行者可能会遇到在家乡不常见的有害动物。,Travellers may encounter animal pests that they are not familiar with in their home regions.,m2m100_418m,Travellers may encounter unusual harmful animals in their homeland.,0.16380979993846267,21,False,False
zh-en-0827,flores_devtest,827,zh,en,前往课征重税的国家/地区的旅客有时可以省下一大笔钱，在这些地方购买酒水和烟草等产品特别划算。,"Travellers bound for countries with heavy taxation can sometimes save a considerable amount of money, especially on products such as alcoholic beverages and tobacco.",m2m100_418m,Travellers from countries/regions to which classes are taxed can sometimes save a lot of money and buy products such as wine and tobacco in these places.,0.29689660004805773,38,False,False
zh-en-0831,flores_devtest,831,zh,en,不过，令人奇怪的是，这里的手机服务比沿途的许多其他路线（例如宾夕法尼亚州荒原）要强得多。,"Curiously, though, mobile phone service is much stronger here than along many other stretches of the route, e.g. the Pennsylvania Wilds.",m2m100_418m,"However, it is strange that the mobile service here is much stronger than many other routes along the way (such as the Desert of Pennsylvania).",0.2822044000495225,36,False,False
zh-en-0857,flores_devtest,857,zh,en,欧洲是片面积相对较小但有着许多独立国家的大陆。在通常情况下，穿越多个国家旅行意味着必须多次经历签证申请和护照检查。,"Europe is a continent that is relatively small but with many independent countries. Under normal circumstances, travelling through multiple countries would mean having to go through visa applications and passport control multiple times.",m2m100_418m,"Europe is a relatively small part area but has a continent of many independent countries. in general, travel through several countries means having to pass multiple visa applications and passport examinations.",0.31375780003145337,40,False,False
zh-en-0885,flores_devtest,885,zh,en,外国政府对这些文件的认可程度也千差万别。,Willingness of foreign governments to honour these documents is just as widely variable.,m2m100_418m,The degree of recognition by foreign governments of these documents is also different.,0.15871079999487847,19,False,False
zh-en-0902,flores_devtest,902,zh,en,场景在金字塔上展示，不同的金字塔被点亮。,The scenes are displayed on the pyramids and the different pyramids are lit up.,m2m100_418m,The scene on the pyramid shows the different pyramids are illuminated.,0.1523665999993682,20,False,False
zh-en-0913,flores_devtest,913,zh,en,对于那些计划怎么度过空档年的人来说，游学成为越来越受欢迎的选择。,An increasingly more popular option for those planning a gap-year is to travel and learn.,m2m100_418m,"For those who plan how to spend a vacation year, tourism is becoming an increasingly popular choice.",0.20217149995733052,26,False,False
zh-en-0950,flores_devtest,950,zh,en,也可以到北部参观法蒂玛圣母院（圣地），它是举世闻名的圣母玛丽亚显现之地。,"Also to the north visit the great Sanctuary of Our Lady of Fatima (Shrine), a place of worldwide famous Marian apparitions.",m2m100_418m,"You can also go to the north to visit the Mother's House of Fatima (the Holy Land), which is the world-famous place of the appearance of the Virgin Mary.",0.37013860000297427,46,False,False
zh-en-0978,flores_devtest,978,zh,en,波斯语的语法大多相对简单，有规律可循。,Persian has a relatively easy and mostly regular grammar.,m2m100_418m,The vocabulary of Persian is mostly relatively simple and regular.,0.20139870001003146,20,False,False
zh-en-0994,flores_devtest,994,zh,en,内陆水道可以作为假期游玩的一个不错的主题。,Inland waterways can be a good theme to base a holiday around.,m2m100_418m,Inland waterways can be a good topic to play as a vacation.,0.15944369998760521,19,False,False
zh-ru-0063,flores_devtest,63,zh,ru,历史学家批判了联邦调查局的过往政策，这种政策会把资源集中到容易破获的案件上，尤以偷车案件居多，目的只在于提高该机构的成功破案率。,"Историки критикуют прошлую политику ФБР за то, что выделяла большую часть ресурсов на дела, которые легко раскрываются, особенно на дела об угоне автомобилей, с целью повышения уровня успешности работы агентства.",m2m100_418m,"Историки критиковали прошлую политику Федерального агентства по расследованию, которая будет сосредоточивать ресурсы на легко разрушительных случаях, особенно в случаях кражи автомобилей, с целью только повышения успеха агентства.",0.4490587000036612,57,False,False
zh-ru-0068,flores_devtest,68,zh,ru,美国总统乔治·沃克·布什于 11 月 16 日上午抵达新加坡，开始为期一周的亚洲之行。,"Президент США Джордж Буш прибыл в Сингапур утром 16 ноября, начав свой недельный тур по Азии.",m2m100_418m,"Президент США Джордж Уок Буш прибывает в Сингапур 16 ноября, чтобы начать неделю азиатской поездки.",0.279545700061135,33,False,False
zh-ru-0083,flores_devtest,83,zh,ru,“卡特里娜”飓风来袭时，第九区洪水水位一度高达 20 英尺，由于附近的防洪堤已经被淹没，目前水位已达齐腰深度。,"Девятый административный район, затопленный на 20 футов во время урагана Катрина, сейчас по пояс залит водой, поскольку дамба, находящаяся неподалеку, оказалась недостаточно высокой, чтобы удержать воду.",m2m100_418m,"При наступлении урагана «Катрина» уровень наводнений в девятом районе достигает 20 футов, и из-за того, что неподалеку расположенные водопады уже потоплены, уровень воды достиг глубины.",0.5360599999548867,60,False,False
zh-ru-0085,flores_devtest,85,zh,ru,共享资源管理员亚当·库尔登 (Adam Cuerden) 上个月在接受维基新闻 (Wikinews) 采访时表达了他对删除相关内容的不满。,Администратор Commons Адам Керден выразил своё разочарование в связи с удалениями в своем разговоре  в прошлом месяце с Wikinews.,m2m100_418m,"Адам Курден, управляющий ресурсами, в прошлом месяце в интервью для Wikinews выразил свою недовольство удалением соответствующего контента.",0.34978109993971884,37,False,False
zh-ru-0091,flores_devtest,91,zh,ru,科学家们可以得出结论，暗物质对其他暗物质的影响方式与普通物质相同。,"Ученые смогли сделать вывод, что темная материя воздействует на другую темную материю так же, как и в случае с обычной материей.",m2m100_418m,"Ученые пришли к выводу, что темная материя влияет на другие темные вещества так же, как и обычная.",0.2798521000659093,33,False,False
zh-ru-0125,flores_devtest,125,zh,ru,一名在事故发生地附近的车库立的工作人员说：“孩子们正等着过马路，并且都在大声尖叫，哭个不停。”,"Человек, работающий в гараже недалеко от того места, где произошла авария, сказал: ""Там стояли дети, которые ждали, чтобы перейти дорогу. Все они кричали и плакали.",m2m100_418m,"Один сотрудник гаража, расположенный рядом с местом происшествия, сказал: «Дети ждут улицы и все кричат и плачут.",0.29541989997960627,37,False,False
zh-ru-0165,flores_devtest,165,zh,ru,自 1988 年以来，投票箱就必须是透明的，这样选民和观察员才能看到投票开始时箱内没有信封，还能看到除了那些及时统计过、有权投票的选民以外，没有其他人向箱内投入信封。,"Начиная с 1988 года урны для избирательных бюллетеней должны быть прозрачными, чтобы избиратели и наблюдатели могли убедиться в том, что в начале голосования внутри нет конвертов и что к ним не добавлены какие-либо другие конверты, кроме конвертов тех людей, которых допустили к участию в голосовании и голоса которых подсчитали надлежащим образом.",m2m100_418m,"С 1988 года коробка голосов должна быть прозрачной, чтобы избиратели и наблюдатели могли видеть, что в коробке на момент начала голосования нет запечаток, а кроме тех, кто своевременно проанализировал и имел право голосовать, никто не вкладывал запечатки.",0.6069866999750957,73,False,False
zh-ru-0179,flores_devtest,179,zh,ru,全黑队在两周前已经赢得了奖杯，而这场比赛是他们打的最后一场。,"Этот матч стал последним для ""Олл Блэкс"", уже завоевавших кубок две недели назад.",m2m100_418m,"«Все черные» выиграли Кубок два недели назад, и это был последний матч, в котором они сыграли.",0.2508376999758184,33,False,False
zh-ru-0195,flores_devtest,195,zh,ru,这名摄影师被送往加州大学洛杉矶分校罗纳德·里根医疗中心，其后不治。,"Фотограф был доставлен в медицинский центр имени Рональда Рейгана при  Калифорнийском университете в Лос-Анджелесе, где он впоследствии скончался.",m2m100_418m,"Фотограф был доставлен в Медицинский центр Рональда Ригена в Лос-Анджелесе, Калифорнийский университет.",0.3578300999943167,36,False,False
zh-ru-0225,flores_devtest,225,zh,ru,这支摇滚乐队原定在美国和加拿大巡演，一直持续到 9 月 16 日。,Рок-группа должна была гастролировать по США и Канаде до 16 сентября.,m2m100_418m,Рок-группа была запланирована на тур в США и Канаде и продлилась до 16 сентября.,0.2768065999262035,29,False,False
zh-ru-0277,flores_devtest,277,zh,ru,中央邦警方追回了被盗的笔记本电脑和手机。,Полиция штата Мадхья-Прадеш вернула украденные ноутбук и мобильный телефон.,m2m100_418m,Полиция Центрального штата вернула украденные ноутбуки и телефоны.,0.16693330009002239,22,False,False
zh-ru-0356,flores_devtest,356,zh,ru,要把卫星或望远镜送入太空，需要一枚超过 100 英尺高的巨型火箭。,Для запуска в космос спутника или телескопа необходима гигантская ракета высотой более 100 футов.,m2m100_418m,Для отправки спутника или телескопа в космос требуется гигантская ракета высотой более 100 футов.,0.22867929993662983,30,False,False
zh-ru-0364,flores_devtest,364,zh,ru,作为大家庭里的姐妹和女儿，雌性之间通常彼此关系密切。,Самки обычно находятся друг с другом в родстве и составляют большую семью сестёр и дочерей.,m2m100_418m,"Как сестры и дочери в семье, женские обычно тесно связаны друг с другом.",0.187680899980478,25,False,False
zh-ru-0397,flores_devtest,397,zh,ru,迦南没有大森林，所以木材非常昂贵。,"На земле Ханаана не было больших лесов, поэтому древесина была чрезвычайно дорогой.",m2m100_418m,"В Канане нет больших лесов, поэтому древесина очень дорога.",0.17305470001883805,21,False,False
zh-ru-0418,flores_devtest,418,zh,ru,意大利国家足球队和德国国家足球队都是世界上第二成功的球队，在 2006 年拿下了足球世界杯冠军。,"Итальянская сборная по футболу, наряду с немецкой, является второй самой успешной командой в мире и в 2006 году выиграла Кубок мира ФИФА.",m2m100_418m,"Национальный футбол Италии и национальный футбол Германии являются самыми успешными командами в мире, выиграв чемпионат мира по футболу в 2006 году.",0.3132443999638781,37,False,False
zh-ru-0423,flores_devtest,423,zh,ru,西方对台湾的了解可以追溯到 15 世纪。当时路过的欧洲水手将该岛命名为“福尔摩沙岛”(Ilha Formosa)，意思是美丽的岛屿。,"Тайвань берёт своё начало много лет назад, в XV веке, когда европейские мореплаватели, проплывающие мимо, записали название острова как Ilha Formosa, или ""прекрасный остров"".",m2m100_418m,"Знания Запада о Тайване датируются 15-м веком.Европейские моряки, прошедшие через него, назвали остров «Илла Формоса», что означает красивый остров.",0.4056761999381706,49,False,False
zh-ru-0439,flores_devtest,439,zh,ru,从国王到平民，它遍布十方的力量影响着每一个人。,Её всепроникающая сила коснулась каждого - от короля до простолюдина.,m2m100_418m,"От короля к гражданскому населению, она распространяется на десятки сил, которые влияют на каждого человека.",0.20068139990326017,28,False,False
zh-ru-0442,flores_devtest,442,zh,ru,敌对行动爆发后不久，英国开始对德国实施海上封锁。,Вскоре после начала военных действий Британия устроила морскую блокаду Германии.,m2m100_418m,Вскоре после начала боевых действий Великобритания начала вводить морскую блокаду над Германией.,0.22445680003147572,26,False,False
zh-ru-0447,flores_devtest,447,zh,ru,目睹第一次世界大战中的肆虐残暴后，各国都渴望避免重蹈覆辙。,"Познав ужасы и зверства Первой мировой войны, государства хотели избежать подобной ситуации в будущем.",m2m100_418m,"После того, как они стали свидетелями жестокого насилия во время Первой мировой войны, все страны стремятся избежать повторения.",0.2848453000187874,34,False,False
zh-ru-0449,flores_devtest,449,zh,ru,他在抵达美国时，身上带着 4 美分、一本诗集，还有一封查尔斯•巴舍勒（Charles Batchelor）（他前份工作的经理）写给托马斯•爱迪生（Thomas Edison）的推荐信。,"Он приехал в США с четырьмя центами в кармане, книгой стихов и рекомендательным письмом от Чарльза Бэтчелора, который был его начальником на предыдущей работе, к Томасу Эдисону.",m2m100_418m,"Когда он приехал в Соединенные Штаты, он носил с собой четыре цента, стихотворение и рекомендационное письмо, написанное Чарльзом Бачелором (предыдущим руководителем его работы) Томасу Эдисону.",0.46757980005349964,63,False,False
zh-ru-0491,flores_devtest,491,zh,ru,正是在这个时候，时尚之都的称号从君士坦丁堡转移到了巴黎。,В этот момент и произошел переход титула Столицы Моды от Константинополя к Парижу.,m2m100_418m,Именно в это время название столицы моды перешло из Константинополя в Париж.,0.1870786000508815,23,False,False
zh-ru-0502,flores_devtest,502,zh,ru,亚文化群体的成员，常常会象征性地利用独特的行事风格来表明他们的成员身份，包括时尚服装、举止和黑话。,"Представители определенной субкультуры зачастую заявляют о своей принадлежности через своеобразное и символичное использование стиля, в том числе через моду, манеры и жаргон.",m2m100_418m,"Члены субкультурных групп часто символически используют уникальный стиль поведения, чтобы продемонстрировать свою принадлежность, включая модную одежду, поведение и черные слова.",0.4242238000733778,49,False,False
zh-ru-0512,flores_devtest,512,zh,ru,孩子们因为各种原因被寄养，原因有被忽视、被虐待，甚至是被勒索。,Дети передаются под опеку по множеству разнообразных причин: от беспризорности до жестокого обращения и даже вымогательств.,m2m100_418m,"Дети по разным причинам усыновляются, по каким-то причинам их игнорируют, злоупотребляют и даже шантажируют.",0.3090063000563532,39,False,False
zh-ru-0540,flores_devtest,540,zh,ru,藏传佛教以佛陀的教义为基础，但通过大乘佛教的普世之爱和印度瑜伽的许多技巧得到了拓展。,"Тибетский буддизм основан на учениях Будды, но был дополнен махаянским путем любви и множеством техник индийской йоги.",m2m100_418m,"Тибетский буддизм основан на доктрине Будды, но был расширен благодаря универсальной любви к буддизму и многим навыкам индийской йоги.",0.30676669999957085,43,False,False
zh-ru-0552,flores_devtest,552,zh,ru,与此同时，以 U 型潜艇为主力的德国海军试图拦截这场运输。,"В это же время немецкий военно-морской флот, используя в основном свои подводные лодки, пытался остановить это движение.",m2m100_418m,"В то же время немецкий флот, основанный на подводных лодках типа U, пытался остановить перевозку.",0.2871669000014663,35,False,False
zh-ru-0631,flores_devtest,631,zh,ru,梵蒂冈城的人口大约有 800 人。它是世界上最小的独立国家，也是人口最少的国家。,"Население Ватикана составляет около 800 человек. Это самая маленькая независимая страна в мире, а также страна, имеющая наименьшее население.",m2m100_418m,"Население Ватикана составляет около 800 человек. это самая маленькая независимая страна в мире, а также самая низкая численность населения.",0.3045137000735849,35,False,False
zh-ru-0632,flores_devtest,632,zh,ru,梵蒂冈城在法律法规和官方通信中使用意大利语。,В Ватикане используют итальянский язык в законодательстве и официальных сообщениях.,m2m100_418m,Ватиканский город использует итальянский язык в законодательстве и официальных коммуникациях.,0.19214510009624064,26,False,False
zh-ru-0636,flores_devtest,636,zh,ru,哲学家亚里士多德提出一种理论，即任何事物都是由土、水、空气和火四种元素中的一种或多种组成的。,"Философ Аристотель считал, что всё состоит из смеси одного или нескольких из четырёх элементов. Это были земля, вода, воздух и огонь.",m2m100_418m,"Философ Аристотель предложил теорию, что любая вещь состоит из одного или нескольких из четырех элементов земли, воды, воздуха и огня.",0.43730479991063476,43,False,False
zh-ru-0676,flores_devtest,676,zh,ru,新技术的兴起让我们能够看到和研究大脑的结构和工作过程，这些是以前从未见过的。,Появление новых технологий позволяет нам увидеть и исследовать невиданные ранее структуры и процессы мозга.,m2m100_418m,"Возникновение новых технологий позволяет нам видеть и изучать структуру и рабочие процессы мозга, которые никогда раньше не встречались.",0.3437107000499964,33,False,False
zh-ru-0685,flores_devtest,685,zh,ru,以虚拟方式分享实地考察，也是回顾行程以及与以后班级分享经验的好办法。,Выкладывание экскурсии в виртуальное пространство для всеобщего обозрения — это также отличный способ освежить в памяти экскурсию и поделиться своим полученными знаниями с будущими классами.,m2m100_418m,"Поделиться полевыми экскурсиями виртуально, это также хороший способ пересмотреть маршруты и поделиться опытом с последующими классами.",0.3083486999385059,35,False,False
zh-ru-0700,flores_devtest,700,zh,ru,阿拉伯人也把伊斯兰教带到了这片土地，这一教义在科摩罗和马约特国家盛行。,"Арабы также принесли в этот регион ислам, особенно он укоренился на Коморах и Майотте.",m2m100_418m,"Арабы также принесли ислам на эту землю, и эта доктрина распространилась в странах Коморо и Майота.",0.2788977000163868,33,False,False
zh-ru-0704,flores_devtest,704,zh,ru,戴戒指也会有帮助（但不要戴看上去太贵的戒指。,Также полезно носить кольцо (только не слишком дорогое на вид).,m2m100_418m,Носить кольцо тоже полезно (но не носить слишком дорогие кольца).,0.2440919999498874,23,False,False
zh-ru-0717,flores_devtest,717,zh,ru,又因为相对偏僻，“廷巴克图”被用来比喻遥远的异国他乡。,"В связи со своей относительной недоступностью, ""Тимбукту"" стал метафорой экзотической дальней земли.",m2m100_418m,"И из-за относительной изолированности, «Тинбакту» используется для сравнения далеких чужих стран.",0.26219869998749346,32,False,False
zh-ru-0742,flores_devtest,742,zh,ru,两座桥塔高 83 米，桥的长度为 378 米，有两条 3.50米宽的车道。,"Эти две башни достигают 83 метра в высоту, а сам мост 378 метров в длину и имеет две полосы движения шириной 3,5 метра.",m2m100_418m,"Две башни имеют высоту 83 метров, длина моста 378 метров и две дороги шириной 3,50 метров.",0.2396884000627324,33,False,False
zh-ru-0746,flores_devtest,746,zh,ru,查科 (Chaco) 地区是瓜伊库鲁 (Guaycuru) 和帕亚瓜 (Payagua) 等其他土著部落的家园，他们靠狩猎、采集和捕鱼为生。,"Область Чако служила домом для разных групп местных племен, например для Гуайкуру и Паягуа, они выживали при помощи охоты, собирательства и рыбалки.",m2m100_418m,"Чако является домом для других коренных племен, таких как Гуайкуру и Паягуа, которые живут на охоте, сборах и рыболовстве.",0.3489386000437662,44,False,False
zh-ru-0761,flores_devtest,761,zh,ru,冬天可能会比看上去显得更冷：温度很少低于零度，但当风和湿度结合在一起，会让人感觉比温度计显示的温度要冷。,"Зима может быть обманчиво холодной: температура редко опускается ниже нуля, но сочетание ветра и влажности воздуха создает ощущение более холодной погоды в сравнении с тем, что показывает термометр.",m2m100_418m,"Зима может выглядеть прохладнее, чем кажется: температура редко ниже нуля, но когда ветер и влажность объединяются, человек чувствует себя прохладнее температуры, чем показано температурой.",0.45044390007387847,52,False,False
zh-ru-0768,flores_devtest,768,zh,ru,阿皮亚是萨摩亚的首都。该城镇位于乌波卢（Upolu）岛上，人口数量不足 4 万。,Апиа – столица Самоа. Город расположен на острове Уполу и имеет население чуть менее 40 000 жителей.,m2m100_418m,Апия является столицей Самуи. город расположен на острове Уполу с населением менее 40 тысяч человек.,0.27943380002398044,29,False,False
zh-ru-0771,flores_devtest,771,zh,ru,除了一艘英国巡航舰外，其余船只悉数沉没。近 200 名美国人和德国人丧失生命。,"Все корабли затонули, за исключением одного британского крейсера. Погибли около 200 американских и немецких моряков.",m2m100_418m,"Помимо одного британского круизного корабля, остальные корабли утонули, почти 200 американцев и немцев погибли.",0.30360270000528544,32,False,False
zh-ru-0787,flores_devtest,787,zh,ru,咸水鳄的主要栖息地并非海洋，而是罗克汉普顿 (Rockhampton) 北部的河口。,"Гребнистые крокодилы не ведут активную жизнь в океане, а их основная среда обитания — эстуарии рек к северу от Рокгемптона.",m2m100_418m,"Главным местонахождением соленого крокода является не океан, а река на севере Рокхэмптона.",0.2539303000085056,34,False,False
zh-ru-0814,flores_devtest,814,zh,ru,如果你在宣布推迟之前预订了 2020 年的航班和住宿，则可能会面临棘手的情况。,"Если вы забронировали авиабилеты и проживание на 2020 год до того, как было объявлено о переносе даты, у вас может возникнуть непростая ситуация.",m2m100_418m,"Если вы забронировали рейсы и проживание на 2020 год до объявления о задержке, вы можете столкнуться с сложными ситуациями.",0.3216017000377178,38,False,False
zh-ru-0823,flores_devtest,823,zh,ru,旅行者可能会遇到在家乡不常见的有害动物。,"Путешественники могут встретиться с животными-вредителями, которых они не видели в своих родных краях.",m2m100_418m,Путешественники могут встретиться с необычными вредными животными в своей родине.,0.18732689996249974,25,False,False
zh-ru-0827,flores_devtest,827,zh,ru,前往课征重税的国家/地区的旅客有时可以省下一大笔钱，在这些地方购买酒水和烟草等产品特别划算。,"Путешественники, направляющиеся в страны с высоким налогообложением, могут иногда сэкономить значительную сумму, особенно на таких товарах, как спиртные напитки и табак.",m2m100_418m,"Путешественники стран/регионов, которые отправляются на уроки, иногда могут сэкономить большие деньги, покупая в этих местах продукты, такие как алкоголь и табак.",0.47311339993029833,48,False,False
zh-ru-0831,flores_devtest,831,zh,ru,不过，令人奇怪的是，这里的手机服务比沿途的许多其他路线（例如宾夕法尼亚州荒原）要强得多。,"Однако, как ни странно, мобильная телефонная связь здесь намного лучше, чем на многих других участках маршрута, например в Пенсильвании Уайлдс.",m2m100_418m,"Тем не менее, удивительно, что мобильные сервисы здесь намного сильнее, чем многие другие маршруты (например, пустыня Пенсильвания).",0.3811567999655381,39,False,False
zh-ru-0857,flores_devtest,857,zh,ru,欧洲是片面积相对较小但有着许多独立国家的大陆。在通常情况下，穿越多个国家旅行意味着必须多次经历签证申请和护照检查。,"Европа — относительно маленький континент, но на нём много независимых государств. В обычных обстоятельствах путешествие через множество стран означало бы необходимость подачи прошений для получения визы и многократного прохождения паспортного контроля.",m2m100_418m,"Европа является относительно небольшим континентом, но имеет много независимых стран. В обычном случае, путешествие через несколько стран означает необходимость проходить несколько заявок на визу и паспортных проверок.",0.38140900002326816,46,False,False
zh-ru-0885,flores_devtest,885,zh,ru,外国政府对这些文件的认可程度也千差万别。,Готовность зарубежных правительств выполнять свои обязательства по данным документам столь же весьма различна.,m2m100_418m,Разница в степени признания иностранными правительствами этих документов.,0.17780359997414052,18,False,False
zh-ru-0902,flores_devtest,902,zh,ru,场景在金字塔上展示，不同的金字塔被点亮。,"Сцены показывают на пирамидах, и разные пирамиды освещаются.",m2m100_418m,"Сцена на пирамиде показывает, что различные пирамиды освещаются.",0.1753317000111565,23,False,False
zh-ru-0913,flores_devtest,913,zh,ru,对于那些计划怎么度过空档年的人来说，游学成为越来越受欢迎的选择。,"Вариант, становящийся всё более популярным для тех, кто планирует взять академический год, это путешествовать и учиться.",m2m100_418m,"Для тех, кто планирует провести вакантные годы, экскурсия становится все более популярным вариантом.",0.19725249998737127,24,False,False
zh-ru-0950,flores_devtest,950,zh,ru,也可以到北部参观法蒂玛圣母院（圣地），它是举世闻名的圣母玛丽亚显现之地。,Севернее посетите также великий Храм Фатимской Богоматери (усыпальница) — место всемирно известных явлений Девы Марии.,m2m100_418m,"Также на севере можно посетить Дом Богородицы Фатима (Святое место), который является всемирно известным местом проявления Марии.",0.3529337999643758,36,False,False
zh-ru-0978,flores_devtest,978,zh,ru,波斯语的语法大多相对简单，有规律可循。,В персидском языке относительно лёгкая и в основном закономерная грамматика.,m2m100_418m,Персидская грамматика в большинстве случаев сравнительно проста и имеет регулярный характер.,0.2023234999505803,26,False,False
zh-ru-0994,flores_devtest,994,zh,ru,内陆水道可以作为假期游玩的一个不错的主题。,Внутренние водные пути могут стать хорошей темой для проведения какого-либо праздника.,m2m100_418m,Внутренние водные пути могут служить хорошей темой для отдыха.,0.1453580999514088,20,False,False
zh-uz-0063,flores_devtest,63,zh,uz,历史学家批判了联邦调查局的过往政策，这种政策会把资源集中到容易破获的案件上，尤以偷车案件居多，目的只在于提高该机构的成功破案率。,"Tarixchilar agentlikning muvaffaqiyat darajasini kuchaytirish uchun osongina hal qilish mumkin bo'lgan, ayniqsa avtomobil o'g'rilanishi bo'yicha ishlarga resurslarning qaratilganligi uchun FQB agentligining o'tmishdagi siyosatlarini tanqid qildilar.",m2m100_418m,"Tarixologlar Federal Investigation Bureau'nun geçmiş politikalarini kritizdir ki, bu politikalar qosifliklar qosiblikliklar, özellikle otomobil çalimlar, qosipliklar üçün qosirliklar bilan qosimliklar artırmaqdir.",0.6269026000518352,67,False,False
zh-uz-0068,flores_devtest,68,zh,uz,美国总统乔治·沃克·布什于 11 月 16 日上午抵达新加坡，开始为期一周的亚洲之行。,"AQSH Prezidenti Jorj V. Bush, Osiyo bo'ylab bir haftalik sayohatini boshlab, 16-noyabr kuni tongda Singapurga yetib keldi.",m2m100_418m,Başkan George W. Bush 16.novemburga Singapur'a qaytarda bir haftni Asya viziyata başlar.,0.2443419999908656,31,False,False
zh-uz-0083,flores_devtest,83,zh,uz,“卡特里娜”飓风来袭时，第九区洪水水位一度高达 20 英尺，由于附近的防洪堤已经被淹没，目前水位已达齐腰深度。,"Katrina bo'roni vaqtida 20 fut balandlikdagi toshqinga guvoh bo'lgan to'qqizinchi bo'linma, suv yaqindagi to'g'ondan oshib o'tgani sababli, hozirda belgacha keladigan suv ostida qolgan.",m2m100_418m,"""Catrina"" hurricane'ni qaytadi, 9th district's flooding level is 20 ft, oʻshaydan buʻranda boʻtadiya'da boʻdadiya, kini buʻdaniya'dan boʻmadiya.",0.6212168000638485,67,False,False
zh-uz-0085,flores_devtest,85,zh,uz,共享资源管理员亚当·库尔登 (Adam Cuerden) 上个月在接受维基新闻 (Wikinews) 采访时表达了他对删除相关内容的不满。,Parlamentning quyi palatasi ma'muri Adam Kuerden o'tgan oyda Wikinews bilan suhbatida o'chirishlardan ranjiganini aytdi.,m2m100_418m,Shared Resource Manager Adam Cuerden bu ay Wikinews-i (Wikinews) bir intervjuda o‘zaydan kaymazga‘yadi.,0.39705639996100217,39,False,False
zh-uz-0091,flores_devtest,91,zh,uz,科学家们可以得出结论，暗物质对其他暗物质的影响方式与普通物质相同。,"Olimlar qora materiya boshqa qora materiyaga xuddi odatiy materiya ta'sir qilgani kabi ta'sir ko'rsatadi, degan xulosaga kelishdi.",m2m100_418m,"Bilimganlar, karani materiya'nın diğer karani materyallar üzerimiyadi normal materyal o‘yadi.",0.24819099996238947,32,False,False
zh-uz-0125,flores_devtest,125,zh,uz,一名在事故发生地附近的车库立的工作人员说：“孩子们正等着过马路，并且都在大声尖叫，哭个不停。”,"Ko'ngilsiz hodisa yuz bergan joy yaqinidagi garajda ishlayotgan kishi: ""U yerda yo'lni kesib o'tmoqchi bo'layotgan bolalar bor edi va ularning barchasi qichqirib yig'layotgandi"" deb aytdi.",m2m100_418m,"Bir garajdan bir personaj o‘zadi: “Çocuklar yolda ko‘yadi, o‘yad qurtlar, quraqlar.",0.304823899990879,39,False,False
zh-uz-0165,flores_devtest,165,zh,uz,自 1988 年以来，投票箱就必须是透明的，这样选民和观察员才能看到投票开始时箱内没有信封，还能看到除了那些及时统计过、有权投票的选民以外，没有其他人向箱内投入信封。,1988-yildan beri ovoz beruvchilar va kuzatuvchilar boshlanishida konvertlar mavjud emasligi va mos tarzda sanalgan va vakolat berilgan ovoz beruvchilardan tashqari hech qanday konvertlar qo'shilmasligiga guvohlik bera olishlari uchun saylov qutilarining shaffof bo'lishi talab qilinadi.,m2m100_418m,"1988 yildan beri, voting kuqlar qadi, voters o‘qadi o‘coglar o‘s o‘t o‘d o‘n o‘m o‘r o‘l o‘k o‘ll o‘ng o‘z o‘g o‘st o‘f o‘y o‘ch o‘w o‘v o’l o’n o’r o’ll o’m o’t o’y o’z o’k o’s o’w o’ch o’ng o’g o’q o’h o’f o’",1.0924584000604227,134,False,False
zh-uz-0179,flores_devtest,179,zh,uz,全黑队在两周前已经赢得了奖杯，而这场比赛是他们打的最后一场。,"Bu ikki hafta avval sovrin yutgan ""All Blacks"" jamoasi uchun oxirgi o'yin edi.",m2m100_418m,"All black team 2 weeks ago maqadi kazdi, bu maqad o‘t sonni.",0.21964629995636642,25,False,False
zh-uz-0195,flores_devtest,195,zh,uz,这名摄影师被送往加州大学洛杉矶分校罗纳德·里根医疗中心，其后不治。,Fotosuratchi Ronald Reygan nomidagi UCLA Tibbiyot Markaziga yetkazilgan va keyinchalik u yerda vafot etgan.,m2m100_418m,"Fotografi Ronald Reagan Medical Center, Los Angeles University Kaliforniya'da qaytadi.",0.2759123999858275,24,False,False
zh-uz-0225,flores_devtest,225,zh,uz,这支摇滚乐队原定在美国和加拿大巡演，一直持续到 9 月 16 日。,Rok guruhi AQSH va Kanadada 16-sentyabrga qadar gastrol safarida bo'lishi kerak edi.,m2m100_418m,"Bu rock band Amerika və Kanada'da turniyizdi, 16 Eylül'e kadar duraydi.",0.22670450003352016,26,False,False
zh-uz-0277,flores_devtest,277,zh,uz,中央邦警方追回了被盗的笔记本电脑和手机。,Madxya-Pradesh politsiyasi o'g'irlangan noutbuk hamda mobil telefonni qaytardi.,m2m100_418m,Polish qentral qurtadan laptoplar və telefonlar geri qaytadi.,0.16315499995835125,20,False,False
zh-uz-0356,flores_devtest,356,zh,uz,要把卫星或望远镜送入太空，需要一枚超过 100 英尺高的巨型火箭。,Sun'iy yo'ldosh yoki teleskopni kosmosga joylashtirish uchun 100 futdan ortiq balandlikdagi ulkan raketa talab qilinadi.,m2m100_418m,"Satellitni ya teleskopi yasa qaytadi, 100 m'dan fazla o'qimlik bir raketi lazım.",0.2598987999372184,32,False,False
zh-uz-0364,flores_devtest,364,zh,uz,作为大家庭里的姐妹和女儿，雌性之间通常彼此关系密切。,"Urg'ochilar, odatda, katta oilaning opa-singillari yoki qizi bo'lib, bir-biriga chambarchas bog'liqdir.",m2m100_418m,"Bir ailenda qarlar ve qurtlar kimi, feminismi o‘qurtlar bir-birimizdir.",0.22729920002166182,29,False,False
zh-uz-0397,flores_devtest,397,zh,uz,迦南没有大森林，所以木材非常昂贵。,"Kan'on yerlarida keng o'rmonlar yo'q edi, shu sababdan yog'och nihoyatda qimmat edi.",m2m100_418m,"Kanaan'da bir orman yok, bu yüzden ahadi çox pahaydir.",0.15257869998458773,21,False,False
zh-uz-0418,flores_devtest,418,zh,uz,意大利国家足球队和德国国家足球队都是世界上第二成功的球队，在 2006 年拿下了足球世界杯冠军。,"Italiya milliy futbol jamoasi Germaniya milliy futbol jamoasi qatori dunyodagi eng muvaffaqiyatli ikkinchi jamoa bo'lib, 2006-yilda FIFA Jahon chempionatida g'olib chiqqan.",m2m100_418m,"İtalya National Football Team (FIFA) və Germany National Football Group (National Football Team) son dünyanın ikinci sikatli klublardir, 2006 yilda World Cup-i şampiyat oldu.",0.3723962999647483,47,False,False
zh-uz-0423,flores_devtest,423,zh,uz,西方对台湾的了解可以追溯到 15 世纪。当时路过的欧洲水手将该岛命名为“福尔摩沙岛”(Ilha Formosa)，意思是美丽的岛屿。,"Tayvanning boshlanishi 15-asrga borib taqaladi, bunda o'tib ketayotgan yevropalik dengizchilar orol nomini Ilha Formosa yoki go'zal orol deb yozib qoldirishadi.",m2m100_418m,"Tiyano'nun bilimini 15st century'dan qaytadi. oʻyani European marinarlar oʻya ""Illha Formosa"" (Ilha formosa), buʻyaya 'yaya' oʻyan.",0.4645586999831721,57,False,False
zh-uz-0439,flores_devtest,439,zh,uz,从国王到平民，它遍布十方的力量影响着每一个人。,"Uning keng qamrovli qudrati shohdan tortib, oddiy insongacha ta'sir qildi.",m2m100_418m,"Kraldan tsivilisiyaya, o'qimiyada güçlar qimiyadi.",0.20981489995028824,25,False,False
zh-uz-0442,flores_devtest,442,zh,uz,敌对行动爆发后不久，英国开始对德国实施海上封锁。,"Harbiy harakatlar xurujidan ko'p o'tmay, Britaniya Germaniyani dengizda blokada qilishni boshladi.",m2m100_418m,"Britaniya ko‘shishni isburdan sonra, Almanya'da marinal bloklar qo‘shayni.",0.2261913000838831,29,False,False
zh-uz-0447,flores_devtest,447,zh,uz,目睹第一次世界大战中的肆虐残暴后，各国都渴望避免重蹈覆辙。,Birinchi jahon urushi vaqtida urush dahshatlari va vahshiyliklarini ko'rgan xalqlar kelajakda shu kabi holatlarning oldini olishni istaganlar.,m2m100_418m,"Birinci Dünya Sava'da qaytarga qurtlamaddan sonra, qurtlar qaytarmadan qurtlanmadi.",0.2488333999644965,32,False,False
zh-uz-0449,flores_devtest,449,zh,uz,他在抵达美国时，身上带着 4 美分、一本诗集，还有一封查尔斯•巴舍勒（Charles Batchelor）（他前份工作的经理）写给托马斯•爱迪生（Thomas Edison）的推荐信。,"U AQSHga o'z nomidagi 4 sent, she'riy kitob va Charlz Batchelordan (oldingi ish joyidagi ish boshqaruvchisi) Tomas Edisonga tavsiyanoma bilan kelgandi.",m2m100_418m,"U Amerikaya qaytarda, 4 cent, bir poetiyiz, o‘zari Charles Batchelor (o‘di bilan direktor) ham Thomas Edison'a yazan bir rekomandasyon mektub.",0.36285989999305457,50,False,False
zh-uz-0491,flores_devtest,491,zh,uz,正是在这个时候，时尚之都的称号从君士坦丁堡转移到了巴黎。,Moda poytaxti unvonining Konstantinopoldan Parijga o'tishi aynan shu vaqtda yuz berdi.,m2m100_418m,Konstantinburga'dan Paris'i moda kapitalini qaytadi.,0.15300260006915778,21,False,False
zh-uz-0502,flores_devtest,502,zh,uz,亚文化群体的成员，常常会象征性地利用独特的行事风格来表明他们的成员身份，包括时尚服装、举止和黑话。,"Submadaniyat a'zolari ko'pincha o'z a'zoliklarini modalar, xulq-atvor va jargonlarni o'z ichiga olgan uslubdan o'ziga xos va ramziy foydalanish orqali namoyon etadilar.",m2m100_418m,"Sub-kultural gruplar qo‘qlar, simboliq o‘yadi, unikal bir davranış stili yo‘tlar, modiyat, gedim, ko‘yod.",0.34970500005874783,46,False,False
zh-uz-0512,flores_devtest,512,zh,uz,孩子们因为各种原因被寄养，原因有被忽视、被虐待，甚至是被勒索。,"Bolalar e'tiborsizlikdan tortib, zo'ravonlik va hatto tovlamachilikka qadar turli sabablarga ko'ra homiylik parvarishiga topshiriladi.",m2m100_418m,"Çifti yo‘qimiyadi, o‘shimiyad, o’shimib, o'shimibi, o`shimiki, o ́shimili, oʻshimisi, oshimiti, o&shimidi, o_shimbi, o.shimni, o",0.5456138000590727,75,False,False
zh-uz-0540,flores_devtest,540,zh,uz,藏传佛教以佛陀的教义为基础，但通过大乘佛教的普世之爱和印度瑜伽的许多技巧得到了拓展。,"Tibet buddizmi Budda ta'limotlariga asoslanadi, lekin muhabbatning mahayana yo'li bilan va hind yogasining ko'plab uslublari bilan kengaytirilgan.",m2m100_418m,"Tibetani Buddhism Buddhist doktrini bazan, ama Buddhisti'nin Universal Love and India Yoga'nın birçok beceribni bo‘tadi.",0.37575529993046075,43,False,False
zh-uz-0552,flores_devtest,552,zh,uz,与此同时，以 U 型潜艇为主力的德国海军试图拦截这场运输。,"Shu bilan birga Nemis dengiz floti, asosan, dengizosti qayiqlaridan foydalanib, ushbu transport harakatini to'xtatishga urinayotgandi.",m2m100_418m,U-typni submariyalga qoʻyagan German maritimni bu transferini durmayaya koʻyadi.,0.27688390004914254,32,False,False
zh-uz-0631,flores_devtest,631,zh,uz,梵蒂冈城的人口大约有 800 人。它是世界上最小的独立国家，也是人口最少的国家。,Vatikan shahri aholisi 800 kishi atrofida. U dunyodagi eng kichik mustaqil davlat va eng kam aholiga ega mamlakatdir.,m2m100_418m,"Vatikan City'nin nüfusu 800 o‘yadi. o'yadi dünyanın ən küçim bağımsız zemdir, o'ya en azim nüfuslu.",0.2863065000856295,40,False,False
zh-uz-0632,flores_devtest,632,zh,uz,梵蒂冈城在法律法规和官方通信中使用意大利语。,Vatikan shahri qonunchilik va rasmiy muloqot uchun italyan tilini qo'llaydi.,m2m100_418m,Vatikan City'nin İtalyan dili yasallar və resmi iletişimlarda kullanır.,0.1856591000687331,24,False,False
zh-uz-0636,flores_devtest,636,zh,uz,哲学家亚里士多德提出一种理论，即任何事物都是由土、水、空气和火四种元素中的一种或多种组成的。,"Faylasuf Aristotel barcha narsa to'rt unsurning bir yoki bir nechtasi aralashmasidan tashkil topgan degan nazariyani ilgari surgan. Ularni tuproq, suv, havo va olov ekanligini aytib o'tgan.",m2m100_418m,"Filosofist Aristotelist bir teoriyiz ki, hər şey zem, su, air, and fire's four elements o‘yadi o‘madi.",0.3288848999654874,39,False,False
zh-uz-0676,flores_devtest,676,zh,uz,新技术的兴起让我们能够看到和研究大脑的结构和工作过程，这些是以前从未见过的。,Yangi texnologiyalarning rivojlanishi bizga oldin hech qachon kuzatilmagan miyaning tuzilishi hamda ishlash jarayonini ko'rish va tadqiq etish imkon yaratdi.,m2m100_418m,"Teknologiyizni qaytadi biz qona qona sizga qona, qona bu qona bilan qona bildiyo, o'qona bizga bildiymaydi.",0.3297457000007853,44,False,False
zh-uz-0685,flores_devtest,685,zh,uz,以虚拟方式分享实地考察，也是回顾行程以及与以后班级分享经验的好办法。,Ekskursiyalarni virtual tarzda bo'lishish sayohat haqida fikr yuritish va kelasi darslar bilan tajriba almashish uchun ajoyib usuldir.,m2m100_418m,"Masiya viziyatini virtualni bir şekilde paylaşmaq, qaytarga bilan bilan bilan qaytargan, o‘zizdan klaslarga eksperimentsiz bir yoldir.",0.3641018000198528,43,True,False
zh-uz-0700,flores_devtest,700,zh,uz,阿拉伯人也把伊斯兰教带到了这片土地，这一教义在科摩罗和马约特国家盛行。,Arablar bu yerlarga islomni ham olib kelishdi va bu Komor orollari hamda Mayottada katta ahamiyat kasb etdi.,m2m100_418m,"Araballar da İslam o‘zadi, bu doktrini Komorot və Mayot eyaletlarda yaylar.",0.25140020006801933,30,False,False
zh-uz-0704,flores_devtest,704,zh,uz,戴戒指也会有帮助（但不要戴看上去太贵的戒指。,Uzuk taqish ham foydali (shunchaki nihoyatda qimmat ko'rinmaydiganini.,m2m100_418m,"Yiyizni yiyizdi (yiyizga yiyim, yiyiyim oʻyiyim).",0.22981150005944073,30,False,False
zh-uz-0717,flores_devtest,717,zh,uz,又因为相对偏僻，“廷巴克图”被用来比喻遥远的异国他乡。,"Yetishish imkoniyati nisbatan kamligi bilan birga, ""Timbuktu"" uzoq, ekzotik o'lkalar uchun metafora sifatida ishlatila boshlandi.",m2m100_418m,«Tinbarktur» o‘yadi bilan bilan bilan qaytadi.,0.2873981000157073,21,True,False
zh-uz-0742,flores_devtest,742,zh,uz,两座桥塔高 83 米，桥的长度为 378 米，有两条 3.50米宽的车道。,"Ikki minoraning balandligi 83 metrga yetadi, u uzunligi 378 metr hamda kengligi 3,5 m bo'lgan ikkita yo'lakchaga ega.",m2m100_418m,"2 bridge torni 83-metri, 378 metri long, 2 3.50 metri largga yollar var.",0.2649715000297874,30,False,False
zh-uz-0746,flores_devtest,746,zh,uz,查科 (Chaco) 地区是瓜伊库鲁 (Guaycuru) 和帕亚瓜 (Payagua) 等其他土著部落的家园，他们靠狩猎、采集和捕鱼为生。,"Chako mintaqasida Guaykuru va Payagua kabi mahalliy qabilalarning boshqa guruhlari yashab, ular ovchilik, termachilik va baliq ovlash orqali hayotlarini saqlab qolishgan.",m2m100_418m,"Chako (Chaco) region guaycuru (Guycuru) və Payagua (Payagua) o‘yadi) o’yadi o‘ya'yadi yadi, yadi o`yadi.",0.5062423000345007,55,False,False
zh-uz-0761,flores_devtest,761,zh,uz,冬天可能会比看上去显得更冷：温度很少低于零度，但当风和湿度结合在一起，会让人感觉比温度计显示的温度要冷。,"Qish chalg'itadigan sovuq bo'lishi mumkin: haroratlar kamdan-ham hollarda muzlash nuqtasidan pastga tushadi, biroq shamol va namlik birlashgan holda termometr ko'rsatganiga qaraganda sovuqroqdek tuyulishi mumkin.",m2m100_418m,"Winter o‘yadi daha kohladi: temperamentlar sıfırdan daha azdır, ama rüzgar ve nematla biriktirdi o‘temperaturadan daha soodadi.",0.386584100080654,47,False,False
zh-uz-0768,flores_devtest,768,zh,uz,阿皮亚是萨摩亚的首都。该城镇位于乌波卢（Upolu）岛上，人口数量不足 4 万。,Apia Samoaning poytaxtidir. Shahar Upolu orolida va 40 000 nafardan kamroq aholiga ega.,m2m100_418m,"Apia, Samoya'nın baştadi. Upolu (Upolu) oʻshanda, 40,000'dan azimiyadi.",0.2848039000527933,35,False,False
zh-uz-0771,flores_devtest,771,zh,uz,除了一艘英国巡航舰外，其余船只悉数沉没。近 200 名美国人和德国人丧失生命。,Bitta Britaniya kreyseridan boshqa barcha kemalar cho'ktirilgan edi. 200 ga yaqin amerikalik va nemis halok bo'lgan.,m2m100_418m,"Bir Britaniya krishni, bilan bo‘lar bo‘dadi, 200 Amerikani və Almanlar bo’dadi.",0.2943719000322744,31,False,False
zh-uz-0787,flores_devtest,787,zh,uz,咸水鳄的主要栖息地并非海洋，而是罗克汉普顿 (Rockhampton) 北部的河口。,"Sho'r suv timsohlari okeanda ko'p uchramaydi, ularning asosiy yashash joyi Rokxemptondan shimolda joylashgan daryolarning quyilish joylaridir.",m2m100_418m,"Sa'qokokoki'nin ana habitatni oceandi, ama Rockhampton (Rockhampton)'dan kuzeyda riyadi.",0.33299680007621646,38,False,False
zh-uz-0814,flores_devtest,814,zh,uz,如果你在宣布推迟之前预订了 2020 年的航班和住宿，则可能会面临棘手的情况。,"Agar siz kechiktirish e'lon qilinishidan avval 2020-yil uchun reyslar va mehmonxonani buyurtna qilgan bo'lsangiz, siz qiyin vaziyatda qolishingiz mumkin.",m2m100_418m,2020 yildan uçuşlar ve konvaziyiz o‘ziz bilan bilan bilan qaytadi va‘zlar.,0.33861350000370294,30,True,False
zh-uz-0823,flores_devtest,823,zh,uz,旅行者可能会遇到在家乡不常见的有害动物。,Sayyohlar o'z mintaqalarida noma'lum bo'lgan hayvon parazitlariga duch kelishlari mumkin.,m2m100_418m,Uturganlar evimizda nadir olmayan zararlı hayvanlarla karşılaşmazlar.,0.1627767999889329,21,False,False
zh-uz-0827,flores_devtest,827,zh,uz,前往课征重税的国家/地区的旅客有时可以省下一大笔钱，在这些地方购买酒水和烟草等产品特别划算。,"Og'ir soliqlarga ega mamlakatlarga boruvchi sayohatchilar ba'zi hollarda, ayniqsa, spirtli ichimliklar va tamaki mahsulotlari kabilardan anchagina pul tejab qolishlari mumkin.",m2m100_418m,"Tarixda qaytarga qaytarganlar / rejimlar, masalarlar bu yerlerde şarap suya, tabaklar gibi ürünler o‘sharadi.",0.3660405999980867,41,False,False
zh-uz-0831,flores_devtest,831,zh,uz,不过，令人奇怪的是，这里的手机服务比沿途的许多其他路线（例如宾夕法尼亚州荒原）要强得多。,"Qizig'i shuki, bu yerda mobil telefon xizmati, boshqa ko'p yo'nalishlarga qaraganda, masalan, Pensilvaniya Uayldzdan ko'ra ancha kuchliroq.",m2m100_418m,"Men, şaşırdan, bu telefon servisinin yolda (Pensilvanya'nın çamurga) o‘qamurdan daha güçliydi.",0.3633299999637529,40,False,False
zh-uz-0857,flores_devtest,857,zh,uz,欧洲是片面积相对较小但有着许多独立国家的大陆。在通常情况下，穿越多个国家旅行意味着必须多次经历签证申请和护照检查。,"Yevropa nisbatan kichik, biroq ko'plab mustaqil davlatlarga ega bo'lgan qit'adir. Odatiy sharoitlarda bir nechta mamlakatlar bo'ylab sayohat qilish bir necha marta vizaga ariza topshirish va pasport nazoratidan o'tish kerakligini anglatadi.",m2m100_418m,"Europe is relatively small area but has many independent countries. Generally, multi-national travel means that you need to pass a number of visa applications and passport checkings.",0.4202730000251904,40,False,False
zh-uz-0885,flores_devtest,885,zh,uz,外国政府对这些文件的认可程度也千差万别。,Chet el hukumatlarining mazkur hujjatlarni hurmat qilishga tayyorligi xuddi shu darajada o'zgaruvchandir.,m2m100_418m,Bu doktrinlar üçün yabancı hükümetlar o‘ziyadi.,0.18279870005790144,21,False,False
zh-uz-0902,flores_devtest,902,zh,uz,场景在金字塔上展示，不同的金字塔被点亮。,Sahnalar piramidalar ustida namoyish etildi va turli xil piramidalar yoritildi.,m2m100_418m,"Sena piramida'da, farklı piramidanlar aydınlanır.",0.1509580999845639,19,False,False
zh-uz-0913,flores_devtest,913,zh,uz,对于那些计划怎么度过空档年的人来说，游学成为越来越受欢迎的选择。,Akademik ta'tilni rejalashtirayotganlar orasida tobora ommalashib borayotgan tanlov – sayohat hamda o'rganishdir.,m2m100_418m,"Onda o‘zizga qaytadi planlar ko‘ziyadi, viziyatlar daha popüler bir seçimdir.",0.23998169996775687,33,False,False
zh-uz-0950,flores_devtest,950,zh,uz,也可以到北部参观法蒂玛圣母院（圣地），它是举世闻名的圣母玛丽亚显现之地。,Yana shimolda butun dunyoga mashhur bo'lgan Mariam onamizning ko'rinish joyi bo'lgan Fotima onamiz ibodatxonasiga (Muqaddas jiy) ham tashrif buyuring.,m2m100_418m,"O‘zani qaytadi qaytarga Fatima Mother's House (kutsal zem), o'zani Mariya'nın dünyaca ünlik qo‘zadi.",0.31276360002812,43,False,False
zh-uz-0978,flores_devtest,978,zh,uz,波斯语的语法大多相对简单，有规律可循。,Fors tili nisbatan oson va aksariyat hollarda o'zgarmas grammatikaga ega.,m2m100_418m,"Polish dilni gramatik bilan relativni simplib, regularib.",0.17353360005654395,18,False,False
zh-uz-0994,flores_devtest,994,zh,uz,内陆水道可以作为假期游玩的一个不错的主题。,Ichki suv yo'llari ta'til uchun yaxshi mavzu bo'lishi mumkin.,m2m100_418m,Inland waterways bir tatil oynaygan bir topik olabilir.,0.16480739996768534,18,False,False
