eval_id,benchmark,pair_id,src_lang,tgt_lang,source,reference
en-ru-0063,flores_devtest,63,en,ru,"Historians have criticized past FBI policies for focusing resources on cases which are easy to solve, especially stolen car cases, with the intent of boosting the agency's success rate.","Историки критикуют прошлую политику ФБР за то, что выделяла большую часть ресурсов на дела, которые легко раскрываются, особенно на дела об угоне автомобилей, с целью повышения уровня успешности работы агентства."
en-ru-0068,flores_devtest,68,en,ru,"U.S. President George W. Bush arrived in Singapore the morning of November 16, beginning a week-long tour of Asia.","Президент США Джордж Буш прибыл в Сингапур утром 16 ноября, начав свой недельный тур по Азии."
en-ru-0083,flores_devtest,83,en,ru,"The Ninth Ward, which saw flooding as high as 20 feet during Hurricane Katrina, is currently in waist-high water as the nearby levee was overtopped.","Девятый административный район, затопленный на 20 футов во время урагана Катрина, сейчас по пояс залит водой, поскольку дамба, находящаяся неподалеку, оказалась недостаточно высокой, чтобы удержать воду."
en-ru-0085,flores_devtest,85,en,ru,Commons Administrator Adam Cuerden expressed his frustration over the deletions when he spoke to Wikinews last month.,Администратор Commons Адам Керден выразил своё разочарование в связи с удалениями в своем разговоре  в прошлом месяце с Wikinews.
en-ru-0091,flores_devtest,91,en,ru,The scientists were able to conclude that the dark matter affect other dark matter in the same way regular matter does.,"Ученые смогли сделать вывод, что темная материя воздействует на другую темную материю так же, как и в случае с обычной материей."
en-ru-0125,flores_devtest,125,en,ru,"A person working in a garage near where the accident occurred said: ""There were children waiting to cross the road and they were all screaming and crying.""","Человек, работающий в гараже недалеко от того места, где произошла авария, сказал: ""Там стояли дети, которые ждали, чтобы перейти дорогу. Все они кричали и плакали."
en-ru-0165,flores_devtest,165,en,ru,"Since 1988, ballot boxes must be transparent so that voters and observers can witness that no envelopes are present at the start of the vote and that no envelopes are added except those of the duly counted and authorized voters.","Начиная с 1988 года урны для избирательных бюллетеней должны быть прозрачными, чтобы избиратели и наблюдатели могли убедиться в том, что в начале голосования внутри нет конвертов и что к ним не добавлены какие-либо другие конверты, кроме конвертов тех людей, которых допустили к участию в голосовании и голоса которых подсчитали надлежащим образом."
en-ru-0179,flores_devtest,179,en,ru,"It was the final match for the All Blacks, who had already won the trophy two weeks ago.","Этот матч стал последним для ""Олл Блэкс"", уже завоевавших кубок две недели назад."
en-ru-0195,flores_devtest,195,en,ru,"The photographer was transported to Ronald Reagan UCLA Medical Center, where he subsequently died.","Фотограф был доставлен в медицинский центр имени Рональда Рейгана при  Калифорнийском университете в Лос-Анджелесе, где он впоследствии скончался."
en-ru-0225,flores_devtest,225,en,ru,The rock band was due to tour the United States and Canada until September 16.,Рок-группа должна была гастролировать по США и Канаде до 16 сентября.
en-ru-0277,flores_devtest,277,en,ru,The Madhya Pradesh Police recovered the stolen laptop and mobile phone.,Полиция штата Мадхья-Прадеш вернула украденные ноутбук и мобильный телефон.
en-ru-0356,flores_devtest,356,en,ru,It takes a giant rocket over a 100 feet high to put a satellite or telescope in space.,Для запуска в космос спутника или телескопа необходима гигантская ракета высотой более 100 футов.
en-ru-0364,flores_devtest,364,en,ru,"The females are usually closely related to each other, being a large family of sisters and daughters.",Самки обычно находятся друг с другом в родстве и составляют большую семью сестёр и дочерей.
en-ru-0397,flores_devtest,397,en,ru,"There were no large forests in the land of Canaan, so wood was extremely expensive.","На земле Ханаана не было больших лесов, поэтому древесина была чрезвычайно дорогой."
en-ru-0418,flores_devtest,418,en,ru,"Italy's national football, along with German national football team is the second most successful team in the world and were the FIFA World Cup champions in 2006.","Итальянская сборная по футболу, наряду с немецкой, является второй самой успешной командой в мире и в 2006 году выиграла Кубок мира ФИФА."
en-ru-0423,flores_devtest,423,en,ru,"Taiwan beginning start way back in 15th century where European sailors passing by record the island’s name as Ilha Formosa, or beautiful island.","Тайвань берёт своё начало много лет назад, в XV веке, когда европейские мореплаватели, проплывающие мимо, записали название острова как Ilha Formosa, или ""прекрасный остров""."
en-ru-0439,flores_devtest,439,en,ru,Its all-pervading power affected everyone from king to commoner.,Её всепроникающая сила коснулась каждого - от короля до простолюдина.
en-ru-0442,flores_devtest,442,en,ru,"Soon after the outbreak of hostilities, Britain initiated a naval blockade of Germany.",Вскоре после начала военных действий Британия устроила морскую блокаду Германии.
en-ru-0447,flores_devtest,447,en,ru,"After seeing the horrors and atrocities of war during World War I, nations desired to avoid such a situation again in the future.","Познав ужасы и зверства Первой мировой войны, государства хотели избежать подобной ситуации в будущем."
en-ru-0449,flores_devtest,449,en,ru,"He arrived in the US with 4 cents to his name, a book of poetry, and a letter of recommendation from Charles Batchelor (his manager in his previous job) to Thomas Edison.","Он приехал в США с четырьмя центами в кармане, книгой стихов и рекомендательным письмом от Чарльза Бэтчелора, который был его начальником на предыдущей работе, к Томасу Эдисону."
en-ru-0491,flores_devtest,491,en,ru,It was at this time that the transfer of the title of Fashion Capital from Constantinople to Paris was made.,В этот момент и произошел переход титула Столицы Моды от Константинополя к Парижу.
en-ru-0502,flores_devtest,502,en,ru,"Members of a subculture often signal their membership through a distinctive and symbolic use of style, which includes fashions, mannerisms, and argot.","Представители определенной субкультуры зачастую заявляют о своей принадлежности через своеобразное и символичное использование стиля, в том числе через моду, манеры и жаргон."
en-ru-0512,flores_devtest,512,en,ru,"Children are placed in Foster Care for a wide variety of reasons that range from neglect, to abuse, and even to extortion.",Дети передаются под опеку по множеству разнообразных причин: от беспризорности до жестокого обращения и даже вымогательств.
en-ru-0540,flores_devtest,540,en,ru,"The Tibetan Buddhism is based on the teachings of Buddha, but were extended by the mahayana path of love and by a lot of techniques from Indian Yoga.","Тибетский буддизм основан на учениях Будды, но был дополнен махаянским путем любви и множеством техник индийской йоги."
en-ru-0552,flores_devtest,552,en,ru,"At the same time, the German navy, using mainly U-boats, was trying to stop this traffic.","В это же время немецкий военно-морской флот, используя в основном свои подводные лодки, пытался остановить это движение."
en-ru-0631,flores_devtest,631,en,ru,Vatican City's population is around 800. It is the smallest independent country in the world and the country with the lowest population.,"Население Ватикана составляет около 800 человек. Это самая маленькая независимая страна в мире, а также страна, имеющая наименьшее население."
en-ru-0632,flores_devtest,632,en,ru,Vatican City uses Italian in its legislation and official communications.,В Ватикане используют итальянский язык в законодательстве и официальных сообщениях.
en-ru-0636,flores_devtest,636,en,ru,"Aristotle, a philosopher, theorised that everything is made up of a mixture of one or more of four elements. They were earth, water, air, and fire.","Философ Аристотель считал, что всё состоит из смеси одного или нескольких из четырёх элементов. Это были земля, вода, воздух и огонь."
en-ru-0676,flores_devtest,676,en,ru,The rise of new technologies allows us to see and investigate brain structures and processes never seen before.,Появление новых технологий позволяет нам увидеть и исследовать невиданные ранее структуры и процессы мозга.
en-ru-0685,flores_devtest,685,en,ru,Sharing a field trip virtually is also a great way to reflect a on a trip and share experiences with future classes.,Выкладывание экскурсии в виртуальное пространство для всеобщего обозрения — это также отличный способ освежить в памяти экскурсию и поделиться своим полученными знаниями с будущими классами.
en-ru-0700,flores_devtest,700,en,ru,"The Arabs also brought Islam to the lands, and it took in a big way in the Comoros and Mayotte.","Арабы также принесли в этот регион ислам, особенно он укоренился на Коморах и Майотте."
en-ru-0704,flores_devtest,704,en,ru,It is helpful to also wear a ring (just not one that looks too expensive.,Также полезно носить кольцо (только не слишком дорогое на вид).
en-ru-0717,flores_devtest,717,en,ru,"Combined with its relative inaccessibility, ""Timbuktu"" has come to be used as a metaphor for exotic, distant lands.","В связи со своей относительной недоступностью, ""Тимбукту"" стал метафорой экзотической дальней земли."
en-ru-0742,flores_devtest,742,en,ru,"The two towers rise to a height of 83 meters, it's 378 meters long and it has two lanes of 3.50 m wide.","Эти две башни достигают 83 метра в высоту, а сам мост 378 метров в длину и имеет две полосы движения шириной 3,5 метра."
en-ru-0746,flores_devtest,746,en,ru,"The Chaco region was home to other groups of indigenous tribes such as the Guaycurú and Payaguá, who survived by hunting, gathering and fishing.","Область Чако служила домом для разных групп местных племен, например для Гуайкуру и Паягуа, они выживали при помощи охоты, собирательства и рыбалки."
en-ru-0761,flores_devtest,761,en,ru,"The winter can be deceptively chilly: temperatures rarely go below freezing, but the wind and humidity combine to make it feel colder than what the thermometer says.","Зима может быть обманчиво холодной: температура редко опускается ниже нуля, но сочетание ветра и влажности воздуха создает ощущение более холодной погоды в сравнении с тем, что показывает термометр."
en-ru-0768,flores_devtest,768,en,ru,"Apia is the capital of Samoa. The town is on the island of Upolu and has a population of just under 40,000.",Апиа – столица Самоа. Город расположен на острове Уполу и имеет население чуть менее 40 000 жителей.
en-ru-0771,flores_devtest,771,en,ru,"All the ships were sunk, except for one British cruiser. Nearly 200 American and German lives were lost.","Все корабли затонули, за исключением одного британского крейсера. Погибли около 200 американских и немецких моряков."
en-ru-0787,flores_devtest,787,en,ru,"Saltwater Crocodiles do not actively live in the ocean, their primary habitat is in river estuaries north from Rockhampton.","Гребнистые крокодилы не ведут активную жизнь в океане, а их основная среда обитания — эстуарии рек к северу от Рокгемптона."
en-ru-0814,flores_devtest,814,en,ru,"If you booked your flights and accommodation for 2020 before the postponement was announced, you may have a tricky situation.","Если вы забронировали авиабилеты и проживание на 2020 год до того, как было объявлено о переносе даты, у вас может возникнуть непростая ситуация."
en-ru-0823,flores_devtest,823,en,ru,Travellers may encounter animal pests that they are not familiar with in their home regions.,"Путешественники могут встретиться с животными-вредителями, которых они не видели в своих родных краях."
en-ru-0827,flores_devtest,827,en,ru,"Travellers bound for countries with heavy taxation can sometimes save a considerable amount of money, especially on products such as alcoholic beverages and tobacco.","Путешественники, направляющиеся в страны с высоким налогообложением, могут иногда сэкономить значительную сумму, особенно на таких товарах, как спиртные напитки и табак."
en-ru-0831,flores_devtest,831,en,ru,"Curiously, though, mobile phone service is much stronger here than along many other stretches of the route, e.g. the Pennsylvania Wilds.","Однако, как ни странно, мобильная телефонная связь здесь намного лучше, чем на многих других участках маршрута, например в Пенсильвании Уайлдс."
en-ru-0857,flores_devtest,857,en,ru,"Europe is a continent that is relatively small but with many independent countries. Under normal circumstances, travelling through multiple countries would mean having to go through visa applications and passport control multiple times.","Европа — относительно маленький континент, но на нём много независимых государств. В обычных обстоятельствах путешествие через множество стран означало бы необходимость подачи прошений для получения визы и многократного прохождения паспортного контроля."
en-ru-0885,flores_devtest,885,en,ru,Willingness of foreign governments to honour these documents is just as widely variable.,Готовность зарубежных правительств выполнять свои обязательства по данным документам столь же весьма различна.
en-ru-0902,flores_devtest,902,en,ru,The scenes are displayed on the pyramids and the different pyramids are lit up.,"Сцены показывают на пирамидах, и разные пирамиды освещаются."
en-ru-0913,flores_devtest,913,en,ru,An increasingly more popular option for those planning a gap-year is to travel and learn.,"Вариант, становящийся всё более популярным для тех, кто планирует взять академический год, это путешествовать и учиться."
en-ru-0950,flores_devtest,950,en,ru,"Also to the north visit the great Sanctuary of Our Lady of Fatima (Shrine), a place of worldwide famous Marian apparitions.",Севернее посетите также великий Храм Фатимской Богоматери (усыпальница) — место всемирно известных явлений Девы Марии.
en-ru-0978,flores_devtest,978,en,ru,Persian has a relatively easy and mostly regular grammar.,В персидском языке относительно лёгкая и в основном закономерная грамматика.
en-ru-0994,flores_devtest,994,en,ru,Inland waterways can be a good theme to base a holiday around.,Внутренние водные пути могут стать хорошей темой для проведения какого-либо праздника.
en-uz-0063,flores_devtest,63,en,uz,"Historians have criticized past FBI policies for focusing resources on cases which are easy to solve, especially stolen car cases, with the intent of boosting the agency's success rate.","Tarixchilar agentlikning muvaffaqiyat darajasini kuchaytirish uchun osongina hal qilish mumkin bo'lgan, ayniqsa avtomobil o'g'rilanishi bo'yicha ishlarga resurslarning qaratilganligi uchun FQB agentligining o'tmishdagi siyosatlarini tanqid qildilar."
en-uz-0068,flores_devtest,68,en,uz,"U.S. President George W. Bush arrived in Singapore the morning of November 16, beginning a week-long tour of Asia.","AQSH Prezidenti Jorj V. Bush, Osiyo bo'ylab bir haftalik sayohatini boshlab, 16-noyabr kuni tongda Singapurga yetib keldi."
en-uz-0083,flores_devtest,83,en,uz,"The Ninth Ward, which saw flooding as high as 20 feet during Hurricane Katrina, is currently in waist-high water as the nearby levee was overtopped.","Katrina bo'roni vaqtida 20 fut balandlikdagi toshqinga guvoh bo'lgan to'qqizinchi bo'linma, suv yaqindagi to'g'ondan oshib o'tgani sababli, hozirda belgacha keladigan suv ostida qolgan."
en-uz-0085,flores_devtest,85,en,uz,Commons Administrator Adam Cuerden expressed his frustration over the deletions when he spoke to Wikinews last month.,Parlamentning quyi palatasi ma'muri Adam Kuerden o'tgan oyda Wikinews bilan suhbatida o'chirishlardan ranjiganini aytdi.
en-uz-0091,flores_devtest,91,en,uz,The scientists were able to conclude that the dark matter affect other dark matter in the same way regular matter does.,"Olimlar qora materiya boshqa qora materiyaga xuddi odatiy materiya ta'sir qilgani kabi ta'sir ko'rsatadi, degan xulosaga kelishdi."
en-uz-0125,flores_devtest,125,en,uz,"A person working in a garage near where the accident occurred said: ""There were children waiting to cross the road and they were all screaming and crying.""","Ko'ngilsiz hodisa yuz bergan joy yaqinidagi garajda ishlayotgan kishi: ""U yerda yo'lni kesib o'tmoqchi bo'layotgan bolalar bor edi va ularning barchasi qichqirib yig'layotgandi"" deb aytdi."
en-uz-0165,flores_devtest,165,en,uz,"Since 1988, ballot boxes must be transparent so that voters and observers can witness that no envelopes are present at the start of the vote and that no envelopes are added except those of the duly counted and authorized voters.",1988-yildan beri ovoz beruvchilar va kuzatuvchilar boshlanishida konvertlar mavjud emasligi va mos tarzda sanalgan va vakolat berilgan ovoz beruvchilardan tashqari hech qanday konvertlar qo'shilmasligiga guvohlik bera olishlari uchun saylov qutilarining shaffof bo'lishi talab qilinadi.
en-uz-0179,flores_devtest,179,en,uz,"It was the final match for the All Blacks, who had already won the trophy two weeks ago.","Bu ikki hafta avval sovrin yutgan ""All Blacks"" jamoasi uchun oxirgi o'yin edi."
en-uz-0195,flores_devtest,195,en,uz,"The photographer was transported to Ronald Reagan UCLA Medical Center, where he subsequently died.",Fotosuratchi Ronald Reygan nomidagi UCLA Tibbiyot Markaziga yetkazilgan va keyinchalik u yerda vafot etgan.
en-uz-0225,flores_devtest,225,en,uz,The rock band was due to tour the United States and Canada until September 16.,Rok guruhi AQSH va Kanadada 16-sentyabrga qadar gastrol safarida bo'lishi kerak edi.
en-uz-0277,flores_devtest,277,en,uz,The Madhya Pradesh Police recovered the stolen laptop and mobile phone.,Madxya-Pradesh politsiyasi o'g'irlangan noutbuk hamda mobil telefonni qaytardi.
en-uz-0356,flores_devtest,356,en,uz,It takes a giant rocket over a 100 feet high to put a satellite or telescope in space.,Sun'iy yo'ldosh yoki teleskopni kosmosga joylashtirish uchun 100 futdan ortiq balandlikdagi ulkan raketa talab qilinadi.
en-uz-0364,flores_devtest,364,en,uz,"The females are usually closely related to each other, being a large family of sisters and daughters.","Urg'ochilar, odatda, katta oilaning opa-singillari yoki qizi bo'lib, bir-biriga chambarchas bog'liqdir."
en-uz-0397,flores_devtest,397,en,uz,"There were no large forests in the land of Canaan, so wood was extremely expensive.","Kan'on yerlarida keng o'rmonlar yo'q edi, shu sababdan yog'och nihoyatda qimmat edi."
en-uz-0418,flores_devtest,418,en,uz,"Italy's national football, along with German national football team is the second most successful team in the world and were the FIFA World Cup champions in 2006.","Italiya milliy futbol jamoasi Germaniya milliy futbol jamoasi qatori dunyodagi eng muvaffaqiyatli ikkinchi jamoa bo'lib, 2006-yilda FIFA Jahon chempionatida g'olib chiqqan."
en-uz-0423,flores_devtest,423,en,uz,"Taiwan beginning start way back in 15th century where European sailors passing by record the island’s name as Ilha Formosa, or beautiful island.","Tayvanning boshlanishi 15-asrga borib taqaladi, bunda o'tib ketayotgan yevropalik dengizchilar orol nomini Ilha Formosa yoki go'zal orol deb yozib qoldirishadi."
en-uz-0439,flores_devtest,439,en,uz,Its all-pervading power affected everyone from king to commoner.,"Uning keng qamrovli qudrati shohdan tortib, oddiy insongacha ta'sir qildi."
en-uz-0442,flores_devtest,442,en,uz,"Soon after the outbreak of hostilities, Britain initiated a naval blockade of Germany.","Harbiy harakatlar xurujidan ko'p o'tmay, Britaniya Germaniyani dengizda blokada qilishni boshladi."
en-uz-0447,flores_devtest,447,en,uz,"After seeing the horrors and atrocities of war during World War I, nations desired to avoid such a situation again in the future.",Birinchi jahon urushi vaqtida urush dahshatlari va vahshiyliklarini ko'rgan xalqlar kelajakda shu kabi holatlarning oldini olishni istaganlar.
en-uz-0449,flores_devtest,449,en,uz,"He arrived in the US with 4 cents to his name, a book of poetry, and a letter of recommendation from Charles Batchelor (his manager in his previous job) to Thomas Edison.","U AQSHga o'z nomidagi 4 sent, she'riy kitob va Charlz Batchelordan (oldingi ish joyidagi ish boshqaruvchisi) Tomas Edisonga tavsiyanoma bilan kelgandi."
en-uz-0491,flores_devtest,491,en,uz,It was at this time that the transfer of the title of Fashion Capital from Constantinople to Paris was made.,Moda poytaxti unvonining Konstantinopoldan Parijga o'tishi aynan shu vaqtda yuz berdi.
en-uz-0502,flores_devtest,502,en,uz,"Members of a subculture often signal their membership through a distinctive and symbolic use of style, which includes fashions, mannerisms, and argot.","Submadaniyat a'zolari ko'pincha o'z a'zoliklarini modalar, xulq-atvor va jargonlarni o'z ichiga olgan uslubdan o'ziga xos va ramziy foydalanish orqali namoyon etadilar."
en-uz-0512,flores_devtest,512,en,uz,"Children are placed in Foster Care for a wide variety of reasons that range from neglect, to abuse, and even to extortion.","Bolalar e'tiborsizlikdan tortib, zo'ravonlik va hatto tovlamachilikka qadar turli sabablarga ko'ra homiylik parvarishiga topshiriladi."
en-uz-0540,flores_devtest,540,en,uz,"The Tibetan Buddhism is based on the teachings of Buddha, but were extended by the mahayana path of love and by a lot of techniques from Indian Yoga.","Tibet buddizmi Budda ta'limotlariga asoslanadi, lekin muhabbatning mahayana yo'li bilan va hind yogasining ko'plab uslublari bilan kengaytirilgan."
en-uz-0552,flores_devtest,552,en,uz,"At the same time, the German navy, using mainly U-boats, was trying to stop this traffic.","Shu bilan birga Nemis dengiz floti, asosan, dengizosti qayiqlaridan foydalanib, ushbu transport harakatini to'xtatishga urinayotgandi."
en-uz-0631,flores_devtest,631,en,uz,Vatican City's population is around 800. It is the smallest independent country in the world and the country with the lowest population.,Vatikan shahri aholisi 800 kishi atrofida. U dunyodagi eng kichik mustaqil davlat va eng kam aholiga ega mamlakatdir.
en-uz-0632,flores_devtest,632,en,uz,Vatican City uses Italian in its legislation and official communications.,Vatikan shahri qonunchilik va rasmiy muloqot uchun italyan tilini qo'llaydi.
en-uz-0636,flores_devtest,636,en,uz,"Aristotle, a philosopher, theorised that everything is made up of a mixture of one or more of four elements. They were earth, water, air, and fire.","Faylasuf Aristotel barcha narsa to'rt unsurning bir yoki bir nechtasi aralashmasidan tashkil topgan degan nazariyani ilgari surgan. Ularni tuproq, suv, havo va olov ekanligini aytib o'tgan."
en-uz-0676,flores_devtest,676,en,uz,The rise of new technologies allows us to see and investigate brain structures and processes never seen before.,Yangi texnologiyalarning rivojlanishi bizga oldin hech qachon kuzatilmagan miyaning tuzilishi hamda ishlash jarayonini ko'rish va tadqiq etish imkon yaratdi.
en-uz-0685,flores_devtest,685,en,uz,Sharing a field trip virtually is also a great way to reflect a on a trip and share experiences with future classes.,Ekskursiyalarni virtual tarzda bo'lishish sayohat haqida fikr yuritish va kelasi darslar bilan tajriba almashish uchun ajoyib usuldir.
en-uz-0700,flores_devtest,700,en,uz,"The Arabs also brought Islam to the lands, and it took in a big way in the Comoros and Mayotte.",Arablar bu yerlarga islomni ham olib kelishdi va bu Komor orollari hamda Mayottada katta ahamiyat kasb etdi.
en-uz-0704,flores_devtest,704,en,uz,It is helpful to also wear a ring (just not one that looks too expensive.,Uzuk taqish ham foydali (shunchaki nihoyatda qimmat ko'rinmaydiganini.
en-uz-0717,flores_devtest,717,en,uz,"Combined with its relative inaccessibility, ""Timbuktu"" has come to be used as a metaphor for exotic, distant lands.","Yetishish imkoniyati nisbatan kamligi bilan birga, ""Timbuktu"" uzoq, ekzotik o'lkalar uchun metafora sifatida ishlatila boshlandi."
en-uz-0742,flores_devtest,742,en,uz,"The two towers rise to a height of 83 meters, it's 378 meters long and it has two lanes of 3.50 m wide.","Ikki minoraning balandligi 83 metrga yetadi, u uzunligi 378 metr hamda kengligi 3,5 m bo'lgan ikkita yo'lakchaga ega."
en-uz-0746,flores_devtest,746,en,uz,"The Chaco region was home to other groups of indigenous tribes such as the Guaycurú and Payaguá, who survived by hunting, gathering and fishing.","Chako mintaqasida Guaykuru va Payagua kabi mahalliy qabilalarning boshqa guruhlari yashab, ular ovchilik, termachilik va baliq ovlash orqali hayotlarini saqlab qolishgan."
en-uz-0761,flores_devtest,761,en,uz,"The winter can be deceptively chilly: temperatures rarely go below freezing, but the wind and humidity combine to make it feel colder than what the thermometer says.","Qish chalg'itadigan sovuq bo'lishi mumkin: haroratlar kamdan-ham hollarda muzlash nuqtasidan pastga tushadi, biroq shamol va namlik birlashgan holda termometr ko'rsatganiga qaraganda sovuqroqdek tuyulishi mumkin."
en-uz-0768,flores_devtest,768,en,uz,"Apia is the capital of Samoa. The town is on the island of Upolu and has a population of just under 40,000.",Apia Samoaning poytaxtidir. Shahar Upolu orolida va 40 000 nafardan kamroq aholiga ega.
en-uz-0771,flores_devtest,771,en,uz,"All the ships were sunk, except for one British cruiser. Nearly 200 American and German lives were lost.",Bitta Britaniya kreyseridan boshqa barcha kemalar cho'ktirilgan edi. 200 ga yaqin amerikalik va nemis halok bo'lgan.
en-uz-0787,flores_devtest,787,en,uz,"Saltwater Crocodiles do not actively live in the ocean, their primary habitat is in river estuaries north from Rockhampton.","Sho'r suv timsohlari okeanda ko'p uchramaydi, ularning asosiy yashash joyi Rokxemptondan shimolda joylashgan daryolarning quyilish joylaridir."
en-uz-0814,flores_devtest,814,en,uz,"If you booked your flights and accommodation for 2020 before the postponement was announced, you may have a tricky situation.","Agar siz kechiktirish e'lon qilinishidan avval 2020-yil uchun reyslar va mehmonxonani buyurtna qilgan bo'lsangiz, siz qiyin vaziyatda qolishingiz mumkin."
en-uz-0823,flores_devtest,823,en,uz,Travellers may encounter animal pests that they are not familiar with in their home regions.,Sayyohlar o'z mintaqalarida noma'lum bo'lgan hayvon parazitlariga duch kelishlari mumkin.
en-uz-0827,flores_devtest,827,en,uz,"Travellers bound for countries with heavy taxation can sometimes save a considerable amount of money, especially on products such as alcoholic beverages and tobacco.","Og'ir soliqlarga ega mamlakatlarga boruvchi sayohatchilar ba'zi hollarda, ayniqsa, spirtli ichimliklar va tamaki mahsulotlari kabilardan anchagina pul tejab qolishlari mumkin."
en-uz-0831,flores_devtest,831,en,uz,"Curiously, though, mobile phone service is much stronger here than along many other stretches of the route, e.g. the Pennsylvania Wilds.","Qizig'i shuki, bu yerda mobil telefon xizmati, boshqa ko'p yo'nalishlarga qaraganda, masalan, Pensilvaniya Uayldzdan ko'ra ancha kuchliroq."
en-uz-0857,flores_devtest,857,en,uz,"Europe is a continent that is relatively small but with many independent countries. Under normal circumstances, travelling through multiple countries would mean having to go through visa applications and passport control multiple times.","Yevropa nisbatan kichik, biroq ko'plab mustaqil davlatlarga ega bo'lgan qit'adir. Odatiy sharoitlarda bir nechta mamlakatlar bo'ylab sayohat qilish bir necha marta vizaga ariza topshirish va pasport nazoratidan o'tish kerakligini anglatadi."
en-uz-0885,flores_devtest,885,en,uz,Willingness of foreign governments to honour these documents is just as widely variable.,Chet el hukumatlarining mazkur hujjatlarni hurmat qilishga tayyorligi xuddi shu darajada o'zgaruvchandir.
en-uz-0902,flores_devtest,902,en,uz,The scenes are displayed on the pyramids and the different pyramids are lit up.,Sahnalar piramidalar ustida namoyish etildi va turli xil piramidalar yoritildi.
en-uz-0913,flores_devtest,913,en,uz,An increasingly more popular option for those planning a gap-year is to travel and learn.,Akademik ta'tilni rejalashtirayotganlar orasida tobora ommalashib borayotgan tanlov – sayohat hamda o'rganishdir.
en-uz-0950,flores_devtest,950,en,uz,"Also to the north visit the great Sanctuary of Our Lady of Fatima (Shrine), a place of worldwide famous Marian apparitions.",Yana shimolda butun dunyoga mashhur bo'lgan Mariam onamizning ko'rinish joyi bo'lgan Fotima onamiz ibodatxonasiga (Muqaddas jiy) ham tashrif buyuring.
en-uz-0978,flores_devtest,978,en,uz,Persian has a relatively easy and mostly regular grammar.,Fors tili nisbatan oson va aksariyat hollarda o'zgarmas grammatikaga ega.
en-uz-0994,flores_devtest,994,en,uz,Inland waterways can be a good theme to base a holiday around.,Ichki suv yo'llari ta'til uchun yaxshi mavzu bo'lishi mumkin.
en-zh-0063,flores_devtest,63,en,zh,"Historians have criticized past FBI policies for focusing resources on cases which are easy to solve, especially stolen car cases, with the intent of boosting the agency's success rate.",历史学家批判了联邦调查局的过往政策，这种政策会把资源集中到容易破获的案件上，尤以偷车案件居多，目的只在于提高该机构的成功破案率。
en-zh-0068,flores_devtest,68,en,zh,"U.S. President George W. Bush arrived in Singapore the morning of November 16, beginning a week-long tour of Asia.",美国总统乔治·沃克·布什于 11 月 16 日上午抵达新加坡，开始为期一周的亚洲之行。
en-zh-0083,flores_devtest,83,en,zh,"The Ninth Ward, which saw flooding as high as 20 feet during Hurricane Katrina, is currently in waist-high water as the nearby levee was overtopped.",“卡特里娜”飓风来袭时，第九区洪水水位一度高达 20 英尺，由于附近的防洪堤已经被淹没，目前水位已达齐腰深度。
en-zh-0085,flores_devtest,85,en,zh,Commons Administrator Adam Cuerden expressed his frustration over the deletions when he spoke to Wikinews last month.,共享资源管理员亚当·库尔登 (Adam Cuerden) 上个月在接受维基新闻 (Wikinews) 采访时表达了他对删除相关内容的不满。
en-zh-0091,flores_devtest,91,en,zh,The scientists were able to conclude that the dark matter affect other dark matter in the same way regular matter does.,科学家们可以得出结论，暗物质对其他暗物质的影响方式与普通物质相同。
en-zh-0125,flores_devtest,125,en,zh,"A person working in a garage near where the accident occurred said: ""There were children waiting to cross the road and they were all screaming and crying.""",一名在事故发生地附近的车库立的工作人员说：“孩子们正等着过马路，并且都在大声尖叫，哭个不停。”
en-zh-0165,flores_devtest,165,en,zh,"Since 1988, ballot boxes must be transparent so that voters and observers can witness that no envelopes are present at the start of the vote and that no envelopes are added except those of the duly counted and authorized voters.",自 1988 年以来，投票箱就必须是透明的，这样选民和观察员才能看到投票开始时箱内没有信封，还能看到除了那些及时统计过、有权投票的选民以外，没有其他人向箱内投入信封。
en-zh-0179,flores_devtest,179,en,zh,"It was the final match for the All Blacks, who had already won the trophy two weeks ago.",全黑队在两周前已经赢得了奖杯，而这场比赛是他们打的最后一场。
en-zh-0195,flores_devtest,195,en,zh,"The photographer was transported to Ronald Reagan UCLA Medical Center, where he subsequently died.",这名摄影师被送往加州大学洛杉矶分校罗纳德·里根医疗中心，其后不治。
en-zh-0225,flores_devtest,225,en,zh,The rock band was due to tour the United States and Canada until September 16.,这支摇滚乐队原定在美国和加拿大巡演，一直持续到 9 月 16 日。
en-zh-0277,flores_devtest,277,en,zh,The Madhya Pradesh Police recovered the stolen laptop and mobile phone.,中央邦警方追回了被盗的笔记本电脑和手机。
en-zh-0356,flores_devtest,356,en,zh,It takes a giant rocket over a 100 feet high to put a satellite or telescope in space.,要把卫星或望远镜送入太空，需要一枚超过 100 英尺高的巨型火箭。
en-zh-0364,flores_devtest,364,en,zh,"The females are usually closely related to each other, being a large family of sisters and daughters.",作为大家庭里的姐妹和女儿，雌性之间通常彼此关系密切。
en-zh-0397,flores_devtest,397,en,zh,"There were no large forests in the land of Canaan, so wood was extremely expensive.",迦南没有大森林，所以木材非常昂贵。
en-zh-0418,flores_devtest,418,en,zh,"Italy's national football, along with German national football team is the second most successful team in the world and were the FIFA World Cup champions in 2006.",意大利国家足球队和德国国家足球队都是世界上第二成功的球队，在 2006 年拿下了足球世界杯冠军。
en-zh-0423,flores_devtest,423,en,zh,"Taiwan beginning start way back in 15th century where European sailors passing by record the island’s name as Ilha Formosa, or beautiful island.",西方对台湾的了解可以追溯到 15 世纪。当时路过的欧洲水手将该岛命名为“福尔摩沙岛”(Ilha Formosa)，意思是美丽的岛屿。
en-zh-0439,flores_devtest,439,en,zh,Its all-pervading power affected everyone from king to commoner.,从国王到平民，它遍布十方的力量影响着每一个人。
en-zh-0442,flores_devtest,442,en,zh,"Soon after the outbreak of hostilities, Britain initiated a naval blockade of Germany.",敌对行动爆发后不久，英国开始对德国实施海上封锁。
en-zh-0447,flores_devtest,447,en,zh,"After seeing the horrors and atrocities of war during World War I, nations desired to avoid such a situation again in the future.",目睹第一次世界大战中的肆虐残暴后，各国都渴望避免重蹈覆辙。
en-zh-0449,flores_devtest,449,en,zh,"He arrived in the US with 4 cents to his name, a book of poetry, and a letter of recommendation from Charles Batchelor (his manager in his previous job) to Thomas Edison.",他在抵达美国时，身上带着 4 美分、一本诗集，还有一封查尔斯•巴舍勒（Charles Batchelor）（他前份工作的经理）写给托马斯•爱迪生（Thomas Edison）的推荐信。
en-zh-0491,flores_devtest,491,en,zh,It was at this time that the transfer of the title of Fashion Capital from Constantinople to Paris was made.,正是在这个时候，时尚之都的称号从君士坦丁堡转移到了巴黎。
en-zh-0502,flores_devtest,502,en,zh,"Members of a subculture often signal their membership through a distinctive and symbolic use of style, which includes fashions, mannerisms, and argot.",亚文化群体的成员，常常会象征性地利用独特的行事风格来表明他们的成员身份，包括时尚服装、举止和黑话。
en-zh-0512,flores_devtest,512,en,zh,"Children are placed in Foster Care for a wide variety of reasons that range from neglect, to abuse, and even to extortion.",孩子们因为各种原因被寄养，原因有被忽视、被虐待，甚至是被勒索。
en-zh-0540,flores_devtest,540,en,zh,"The Tibetan Buddhism is based on the teachings of Buddha, but were extended by the mahayana path of love and by a lot of techniques from Indian Yoga.",藏传佛教以佛陀的教义为基础，但通过大乘佛教的普世之爱和印度瑜伽的许多技巧得到了拓展。
en-zh-0552,flores_devtest,552,en,zh,"At the same time, the German navy, using mainly U-boats, was trying to stop this traffic.",与此同时，以 U 型潜艇为主力的德国海军试图拦截这场运输。
en-zh-0631,flores_devtest,631,en,zh,Vatican City's population is around 800. It is the smallest independent country in the world and the country with the lowest population.,梵蒂冈城的人口大约有 800 人。它是世界上最小的独立国家，也是人口最少的国家。
en-zh-0632,flores_devtest,632,en,zh,Vatican City uses Italian in its legislation and official communications.,梵蒂冈城在法律法规和官方通信中使用意大利语。
en-zh-0636,flores_devtest,636,en,zh,"Aristotle, a philosopher, theorised that everything is made up of a mixture of one or more of four elements. They were earth, water, air, and fire.",哲学家亚里士多德提出一种理论，即任何事物都是由土、水、空气和火四种元素中的一种或多种组成的。
en-zh-0676,flores_devtest,676,en,zh,The rise of new technologies allows us to see and investigate brain structures and processes never seen before.,新技术的兴起让我们能够看到和研究大脑的结构和工作过程，这些是以前从未见过的。
en-zh-0685,flores_devtest,685,en,zh,Sharing a field trip virtually is also a great way to reflect a on a trip and share experiences with future classes.,以虚拟方式分享实地考察，也是回顾行程以及与以后班级分享经验的好办法。
en-zh-0700,flores_devtest,700,en,zh,"The Arabs also brought Islam to the lands, and it took in a big way in the Comoros and Mayotte.",阿拉伯人也把伊斯兰教带到了这片土地，这一教义在科摩罗和马约特国家盛行。
en-zh-0704,flores_devtest,704,en,zh,It is helpful to also wear a ring (just not one that looks too expensive.,戴戒指也会有帮助（但不要戴看上去太贵的戒指。
en-zh-0717,flores_devtest,717,en,zh,"Combined with its relative inaccessibility, ""Timbuktu"" has come to be used as a metaphor for exotic, distant lands.",又因为相对偏僻，“廷巴克图”被用来比喻遥远的异国他乡。
en-zh-0742,flores_devtest,742,en,zh,"The two towers rise to a height of 83 meters, it's 378 meters long and it has two lanes of 3.50 m wide.",两座桥塔高 83 米，桥的长度为 378 米，有两条 3.50米宽的车道。
en-zh-0746,flores_devtest,746,en,zh,"The Chaco region was home to other groups of indigenous tribes such as the Guaycurú and Payaguá, who survived by hunting, gathering and fishing.",查科 (Chaco) 地区是瓜伊库鲁 (Guaycuru) 和帕亚瓜 (Payagua) 等其他土著部落的家园，他们靠狩猎、采集和捕鱼为生。
en-zh-0761,flores_devtest,761,en,zh,"The winter can be deceptively chilly: temperatures rarely go below freezing, but the wind and humidity combine to make it feel colder than what the thermometer says.",冬天可能会比看上去显得更冷：温度很少低于零度，但当风和湿度结合在一起，会让人感觉比温度计显示的温度要冷。
en-zh-0768,flores_devtest,768,en,zh,"Apia is the capital of Samoa. The town is on the island of Upolu and has a population of just under 40,000.",阿皮亚是萨摩亚的首都。该城镇位于乌波卢（Upolu）岛上，人口数量不足 4 万。
en-zh-0771,flores_devtest,771,en,zh,"All the ships were sunk, except for one British cruiser. Nearly 200 American and German lives were lost.",除了一艘英国巡航舰外，其余船只悉数沉没。近 200 名美国人和德国人丧失生命。
en-zh-0787,flores_devtest,787,en,zh,"Saltwater Crocodiles do not actively live in the ocean, their primary habitat is in river estuaries north from Rockhampton.",咸水鳄的主要栖息地并非海洋，而是罗克汉普顿 (Rockhampton) 北部的河口。
en-zh-0814,flores_devtest,814,en,zh,"If you booked your flights and accommodation for 2020 before the postponement was announced, you may have a tricky situation.",如果你在宣布推迟之前预订了 2020 年的航班和住宿，则可能会面临棘手的情况。
en-zh-0823,flores_devtest,823,en,zh,Travellers may encounter animal pests that they are not familiar with in their home regions.,旅行者可能会遇到在家乡不常见的有害动物。
en-zh-0827,flores_devtest,827,en,zh,"Travellers bound for countries with heavy taxation can sometimes save a considerable amount of money, especially on products such as alcoholic beverages and tobacco.",前往课征重税的国家/地区的旅客有时可以省下一大笔钱，在这些地方购买酒水和烟草等产品特别划算。
en-zh-0831,flores_devtest,831,en,zh,"Curiously, though, mobile phone service is much stronger here than along many other stretches of the route, e.g. the Pennsylvania Wilds.",不过，令人奇怪的是，这里的手机服务比沿途的许多其他路线（例如宾夕法尼亚州荒原）要强得多。
en-zh-0857,flores_devtest,857,en,zh,"Europe is a continent that is relatively small but with many independent countries. Under normal circumstances, travelling through multiple countries would mean having to go through visa applications and passport control multiple times.",欧洲是片面积相对较小但有着许多独立国家的大陆。在通常情况下，穿越多个国家旅行意味着必须多次经历签证申请和护照检查。
en-zh-0885,flores_devtest,885,en,zh,Willingness of foreign governments to honour these documents is just as widely variable.,外国政府对这些文件的认可程度也千差万别。
en-zh-0902,flores_devtest,902,en,zh,The scenes are displayed on the pyramids and the different pyramids are lit up.,场景在金字塔上展示，不同的金字塔被点亮。
en-zh-0913,flores_devtest,913,en,zh,An increasingly more popular option for those planning a gap-year is to travel and learn.,对于那些计划怎么度过空档年的人来说，游学成为越来越受欢迎的选择。
en-zh-0950,flores_devtest,950,en,zh,"Also to the north visit the great Sanctuary of Our Lady of Fatima (Shrine), a place of worldwide famous Marian apparitions.",也可以到北部参观法蒂玛圣母院（圣地），它是举世闻名的圣母玛丽亚显现之地。
en-zh-0978,flores_devtest,978,en,zh,Persian has a relatively easy and mostly regular grammar.,波斯语的语法大多相对简单，有规律可循。
en-zh-0994,flores_devtest,994,en,zh,Inland waterways can be a good theme to base a holiday around.,内陆水道可以作为假期游玩的一个不错的主题。
ru-en-0063,flores_devtest,63,ru,en,"Историки критикуют прошлую политику ФБР за то, что выделяла большую часть ресурсов на дела, которые легко раскрываются, особенно на дела об угоне автомобилей, с целью повышения уровня успешности работы агентства.","Historians have criticized past FBI policies for focusing resources on cases which are easy to solve, especially stolen car cases, with the intent of boosting the agency's success rate."
ru-en-0068,flores_devtest,68,ru,en,"Президент США Джордж Буш прибыл в Сингапур утром 16 ноября, начав свой недельный тур по Азии.","U.S. President George W. Bush arrived in Singapore the morning of November 16, beginning a week-long tour of Asia."
ru-en-0083,flores_devtest,83,ru,en,"Девятый административный район, затопленный на 20 футов во время урагана Катрина, сейчас по пояс залит водой, поскольку дамба, находящаяся неподалеку, оказалась недостаточно высокой, чтобы удержать воду.","The Ninth Ward, which saw flooding as high as 20 feet during Hurricane Katrina, is currently in waist-high water as the nearby levee was overtopped."
ru-en-0085,flores_devtest,85,ru,en,Администратор Commons Адам Керден выразил своё разочарование в связи с удалениями в своем разговоре  в прошлом месяце с Wikinews.,Commons Administrator Adam Cuerden expressed his frustration over the deletions when he spoke to Wikinews last month.
ru-en-0091,flores_devtest,91,ru,en,"Ученые смогли сделать вывод, что темная материя воздействует на другую темную материю так же, как и в случае с обычной материей.",The scientists were able to conclude that the dark matter affect other dark matter in the same way regular matter does.
ru-en-0125,flores_devtest,125,ru,en,"Человек, работающий в гараже недалеко от того места, где произошла авария, сказал: ""Там стояли дети, которые ждали, чтобы перейти дорогу. Все они кричали и плакали.","A person working in a garage near where the accident occurred said: ""There were children waiting to cross the road and they were all screaming and crying."""
ru-en-0165,flores_devtest,165,ru,en,"Начиная с 1988 года урны для избирательных бюллетеней должны быть прозрачными, чтобы избиратели и наблюдатели могли убедиться в том, что в начале голосования внутри нет конвертов и что к ним не добавлены какие-либо другие конверты, кроме конвертов тех людей, которых допустили к участию в голосовании и голоса которых подсчитали надлежащим образом.","Since 1988, ballot boxes must be transparent so that voters and observers can witness that no envelopes are present at the start of the vote and that no envelopes are added except those of the duly counted and authorized voters."
ru-en-0179,flores_devtest,179,ru,en,"Этот матч стал последним для ""Олл Блэкс"", уже завоевавших кубок две недели назад.","It was the final match for the All Blacks, who had already won the trophy two weeks ago."
ru-en-0195,flores_devtest,195,ru,en,"Фотограф был доставлен в медицинский центр имени Рональда Рейгана при  Калифорнийском университете в Лос-Анджелесе, где он впоследствии скончался.","The photographer was transported to Ronald Reagan UCLA Medical Center, where he subsequently died."
ru-en-0225,flores_devtest,225,ru,en,Рок-группа должна была гастролировать по США и Канаде до 16 сентября.,The rock band was due to tour the United States and Canada until September 16.
ru-en-0277,flores_devtest,277,ru,en,Полиция штата Мадхья-Прадеш вернула украденные ноутбук и мобильный телефон.,The Madhya Pradesh Police recovered the stolen laptop and mobile phone.
ru-en-0356,flores_devtest,356,ru,en,Для запуска в космос спутника или телескопа необходима гигантская ракета высотой более 100 футов.,It takes a giant rocket over a 100 feet high to put a satellite or telescope in space.
ru-en-0364,flores_devtest,364,ru,en,Самки обычно находятся друг с другом в родстве и составляют большую семью сестёр и дочерей.,"The females are usually closely related to each other, being a large family of sisters and daughters."
ru-en-0397,flores_devtest,397,ru,en,"На земле Ханаана не было больших лесов, поэтому древесина была чрезвычайно дорогой.","There were no large forests in the land of Canaan, so wood was extremely expensive."
ru-en-0418,flores_devtest,418,ru,en,"Итальянская сборная по футболу, наряду с немецкой, является второй самой успешной командой в мире и в 2006 году выиграла Кубок мира ФИФА.","Italy's national football, along with German national football team is the second most successful team in the world and were the FIFA World Cup champions in 2006."
ru-en-0423,flores_devtest,423,ru,en,"Тайвань берёт своё начало много лет назад, в XV веке, когда европейские мореплаватели, проплывающие мимо, записали название острова как Ilha Formosa, или ""прекрасный остров"".","Taiwan beginning start way back in 15th century where European sailors passing by record the island’s name as Ilha Formosa, or beautiful island."
ru-en-0439,flores_devtest,439,ru,en,Её всепроникающая сила коснулась каждого - от короля до простолюдина.,Its all-pervading power affected everyone from king to commoner.
ru-en-0442,flores_devtest,442,ru,en,Вскоре после начала военных действий Британия устроила морскую блокаду Германии.,"Soon after the outbreak of hostilities, Britain initiated a naval blockade of Germany."
ru-en-0447,flores_devtest,447,ru,en,"Познав ужасы и зверства Первой мировой войны, государства хотели избежать подобной ситуации в будущем.","After seeing the horrors and atrocities of war during World War I, nations desired to avoid such a situation again in the future."
ru-en-0449,flores_devtest,449,ru,en,"Он приехал в США с четырьмя центами в кармане, книгой стихов и рекомендательным письмом от Чарльза Бэтчелора, который был его начальником на предыдущей работе, к Томасу Эдисону.","He arrived in the US with 4 cents to his name, a book of poetry, and a letter of recommendation from Charles Batchelor (his manager in his previous job) to Thomas Edison."
ru-en-0491,flores_devtest,491,ru,en,В этот момент и произошел переход титула Столицы Моды от Константинополя к Парижу.,It was at this time that the transfer of the title of Fashion Capital from Constantinople to Paris was made.
ru-en-0502,flores_devtest,502,ru,en,"Представители определенной субкультуры зачастую заявляют о своей принадлежности через своеобразное и символичное использование стиля, в том числе через моду, манеры и жаргон.","Members of a subculture often signal their membership through a distinctive and symbolic use of style, which includes fashions, mannerisms, and argot."
ru-en-0512,flores_devtest,512,ru,en,Дети передаются под опеку по множеству разнообразных причин: от беспризорности до жестокого обращения и даже вымогательств.,"Children are placed in Foster Care for a wide variety of reasons that range from neglect, to abuse, and even to extortion."
ru-en-0540,flores_devtest,540,ru,en,"Тибетский буддизм основан на учениях Будды, но был дополнен махаянским путем любви и множеством техник индийской йоги.","The Tibetan Buddhism is based on the teachings of Buddha, but were extended by the mahayana path of love and by a lot of techniques from Indian Yoga."
ru-en-0552,flores_devtest,552,ru,en,"В это же время немецкий военно-морской флот, используя в основном свои подводные лодки, пытался остановить это движение.","At the same time, the German navy, using mainly U-boats, was trying to stop this traffic."
ru-en-0631,flores_devtest,631,ru,en,"Население Ватикана составляет около 800 человек. Это самая маленькая независимая страна в мире, а также страна, имеющая наименьшее население.",Vatican City's population is around 800. It is the smallest independent country in the world and the country with the lowest population.
ru-en-0632,flores_devtest,632,ru,en,В Ватикане используют итальянский язык в законодательстве и официальных сообщениях.,Vatican City uses Italian in its legislation and official communications.
ru-en-0636,flores_devtest,636,ru,en,"Философ Аристотель считал, что всё состоит из смеси одного или нескольких из четырёх элементов. Это были земля, вода, воздух и огонь.","Aristotle, a philosopher, theorised that everything is made up of a mixture of one or more of four elements. They were earth, water, air, and fire."
ru-en-0676,flores_devtest,676,ru,en,Появление новых технологий позволяет нам увидеть и исследовать невиданные ранее структуры и процессы мозга.,The rise of new technologies allows us to see and investigate brain structures and processes never seen before.
ru-en-0685,flores_devtest,685,ru,en,Выкладывание экскурсии в виртуальное пространство для всеобщего обозрения — это также отличный способ освежить в памяти экскурсию и поделиться своим полученными знаниями с будущими классами.,Sharing a field trip virtually is also a great way to reflect a on a trip and share experiences with future classes.
ru-en-0700,flores_devtest,700,ru,en,"Арабы также принесли в этот регион ислам, особенно он укоренился на Коморах и Майотте.","The Arabs also brought Islam to the lands, and it took in a big way in the Comoros and Mayotte."
ru-en-0704,flores_devtest,704,ru,en,Также полезно носить кольцо (только не слишком дорогое на вид).,It is helpful to also wear a ring (just not one that looks too expensive.
ru-en-0717,flores_devtest,717,ru,en,"В связи со своей относительной недоступностью, ""Тимбукту"" стал метафорой экзотической дальней земли.","Combined with its relative inaccessibility, ""Timbuktu"" has come to be used as a metaphor for exotic, distant lands."
ru-en-0742,flores_devtest,742,ru,en,"Эти две башни достигают 83 метра в высоту, а сам мост 378 метров в длину и имеет две полосы движения шириной 3,5 метра.","The two towers rise to a height of 83 meters, it's 378 meters long and it has two lanes of 3.50 m wide."
ru-en-0746,flores_devtest,746,ru,en,"Область Чако служила домом для разных групп местных племен, например для Гуайкуру и Паягуа, они выживали при помощи охоты, собирательства и рыбалки.","The Chaco region was home to other groups of indigenous tribes such as the Guaycurú and Payaguá, who survived by hunting, gathering and fishing."
ru-en-0761,flores_devtest,761,ru,en,"Зима может быть обманчиво холодной: температура редко опускается ниже нуля, но сочетание ветра и влажности воздуха создает ощущение более холодной погоды в сравнении с тем, что показывает термометр.","The winter can be deceptively chilly: temperatures rarely go below freezing, but the wind and humidity combine to make it feel colder than what the thermometer says."
ru-en-0768,flores_devtest,768,ru,en,Апиа – столица Самоа. Город расположен на острове Уполу и имеет население чуть менее 40 000 жителей.,"Apia is the capital of Samoa. The town is on the island of Upolu and has a population of just under 40,000."
ru-en-0771,flores_devtest,771,ru,en,"Все корабли затонули, за исключением одного британского крейсера. Погибли около 200 американских и немецких моряков.","All the ships were sunk, except for one British cruiser. Nearly 200 American and German lives were lost."
ru-en-0787,flores_devtest,787,ru,en,"Гребнистые крокодилы не ведут активную жизнь в океане, а их основная среда обитания — эстуарии рек к северу от Рокгемптона.","Saltwater Crocodiles do not actively live in the ocean, their primary habitat is in river estuaries north from Rockhampton."
ru-en-0814,flores_devtest,814,ru,en,"Если вы забронировали авиабилеты и проживание на 2020 год до того, как было объявлено о переносе даты, у вас может возникнуть непростая ситуация.","If you booked your flights and accommodation for 2020 before the postponement was announced, you may have a tricky situation."
ru-en-0823,flores_devtest,823,ru,en,"Путешественники могут встретиться с животными-вредителями, которых они не видели в своих родных краях.",Travellers may encounter animal pests that they are not familiar with in their home regions.
ru-en-0827,flores_devtest,827,ru,en,"Путешественники, направляющиеся в страны с высоким налогообложением, могут иногда сэкономить значительную сумму, особенно на таких товарах, как спиртные напитки и табак.","Travellers bound for countries with heavy taxation can sometimes save a considerable amount of money, especially on products such as alcoholic beverages and tobacco."
ru-en-0831,flores_devtest,831,ru,en,"Однако, как ни странно, мобильная телефонная связь здесь намного лучше, чем на многих других участках маршрута, например в Пенсильвании Уайлдс.","Curiously, though, mobile phone service is much stronger here than along many other stretches of the route, e.g. the Pennsylvania Wilds."
ru-en-0857,flores_devtest,857,ru,en,"Европа — относительно маленький континент, но на нём много независимых государств. В обычных обстоятельствах путешествие через множество стран означало бы необходимость подачи прошений для получения визы и многократного прохождения паспортного контроля.","Europe is a continent that is relatively small but with many independent countries. Under normal circumstances, travelling through multiple countries would mean having to go through visa applications and passport control multiple times."
ru-en-0885,flores_devtest,885,ru,en,Готовность зарубежных правительств выполнять свои обязательства по данным документам столь же весьма различна.,Willingness of foreign governments to honour these documents is just as widely variable.
ru-en-0902,flores_devtest,902,ru,en,"Сцены показывают на пирамидах, и разные пирамиды освещаются.",The scenes are displayed on the pyramids and the different pyramids are lit up.
ru-en-0913,flores_devtest,913,ru,en,"Вариант, становящийся всё более популярным для тех, кто планирует взять академический год, это путешествовать и учиться.",An increasingly more popular option for those planning a gap-year is to travel and learn.
ru-en-0950,flores_devtest,950,ru,en,Севернее посетите также великий Храм Фатимской Богоматери (усыпальница) — место всемирно известных явлений Девы Марии.,"Also to the north visit the great Sanctuary of Our Lady of Fatima (Shrine), a place of worldwide famous Marian apparitions."
ru-en-0978,flores_devtest,978,ru,en,В персидском языке относительно лёгкая и в основном закономерная грамматика.,Persian has a relatively easy and mostly regular grammar.
ru-en-0994,flores_devtest,994,ru,en,Внутренние водные пути могут стать хорошей темой для проведения какого-либо праздника.,Inland waterways can be a good theme to base a holiday around.
ru-uz-0063,flores_devtest,63,ru,uz,"Историки критикуют прошлую политику ФБР за то, что выделяла большую часть ресурсов на дела, которые легко раскрываются, особенно на дела об угоне автомобилей, с целью повышения уровня успешности работы агентства.","Tarixchilar agentlikning muvaffaqiyat darajasini kuchaytirish uchun osongina hal qilish mumkin bo'lgan, ayniqsa avtomobil o'g'rilanishi bo'yicha ishlarga resurslarning qaratilganligi uchun FQB agentligining o'tmishdagi siyosatlarini tanqid qildilar."
ru-uz-0068,flores_devtest,68,ru,uz,"Президент США Джордж Буш прибыл в Сингапур утром 16 ноября, начав свой недельный тур по Азии.","AQSH Prezidenti Jorj V. Bush, Osiyo bo'ylab bir haftalik sayohatini boshlab, 16-noyabr kuni tongda Singapurga yetib keldi."
ru-uz-0083,flores_devtest,83,ru,uz,"Девятый административный район, затопленный на 20 футов во время урагана Катрина, сейчас по пояс залит водой, поскольку дамба, находящаяся неподалеку, оказалась недостаточно высокой, чтобы удержать воду.","Katrina bo'roni vaqtida 20 fut balandlikdagi toshqinga guvoh bo'lgan to'qqizinchi bo'linma, suv yaqindagi to'g'ondan oshib o'tgani sababli, hozirda belgacha keladigan suv ostida qolgan."
ru-uz-0085,flores_devtest,85,ru,uz,Администратор Commons Адам Керден выразил своё разочарование в связи с удалениями в своем разговоре  в прошлом месяце с Wikinews.,Parlamentning quyi palatasi ma'muri Adam Kuerden o'tgan oyda Wikinews bilan suhbatida o'chirishlardan ranjiganini aytdi.
ru-uz-0091,flores_devtest,91,ru,uz,"Ученые смогли сделать вывод, что темная материя воздействует на другую темную материю так же, как и в случае с обычной материей.","Olimlar qora materiya boshqa qora materiyaga xuddi odatiy materiya ta'sir qilgani kabi ta'sir ko'rsatadi, degan xulosaga kelishdi."
ru-uz-0125,flores_devtest,125,ru,uz,"Человек, работающий в гараже недалеко от того места, где произошла авария, сказал: ""Там стояли дети, которые ждали, чтобы перейти дорогу. Все они кричали и плакали.","Ko'ngilsiz hodisa yuz bergan joy yaqinidagi garajda ishlayotgan kishi: ""U yerda yo'lni kesib o'tmoqchi bo'layotgan bolalar bor edi va ularning barchasi qichqirib yig'layotgandi"" deb aytdi."
ru-uz-0165,flores_devtest,165,ru,uz,"Начиная с 1988 года урны для избирательных бюллетеней должны быть прозрачными, чтобы избиратели и наблюдатели могли убедиться в том, что в начале голосования внутри нет конвертов и что к ним не добавлены какие-либо другие конверты, кроме конвертов тех людей, которых допустили к участию в голосовании и голоса которых подсчитали надлежащим образом.",1988-yildan beri ovoz beruvchilar va kuzatuvchilar boshlanishida konvertlar mavjud emasligi va mos tarzda sanalgan va vakolat berilgan ovoz beruvchilardan tashqari hech qanday konvertlar qo'shilmasligiga guvohlik bera olishlari uchun saylov qutilarining shaffof bo'lishi talab qilinadi.
ru-uz-0179,flores_devtest,179,ru,uz,"Этот матч стал последним для ""Олл Блэкс"", уже завоевавших кубок две недели назад.","Bu ikki hafta avval sovrin yutgan ""All Blacks"" jamoasi uchun oxirgi o'yin edi."
ru-uz-0195,flores_devtest,195,ru,uz,"Фотограф был доставлен в медицинский центр имени Рональда Рейгана при  Калифорнийском университете в Лос-Анджелесе, где он впоследствии скончался.",Fotosuratchi Ronald Reygan nomidagi UCLA Tibbiyot Markaziga yetkazilgan va keyinchalik u yerda vafot etgan.
ru-uz-0225,flores_devtest,225,ru,uz,Рок-группа должна была гастролировать по США и Канаде до 16 сентября.,Rok guruhi AQSH va Kanadada 16-sentyabrga qadar gastrol safarida bo'lishi kerak edi.
ru-uz-0277,flores_devtest,277,ru,uz,Полиция штата Мадхья-Прадеш вернула украденные ноутбук и мобильный телефон.,Madxya-Pradesh politsiyasi o'g'irlangan noutbuk hamda mobil telefonni qaytardi.
ru-uz-0356,flores_devtest,356,ru,uz,Для запуска в космос спутника или телескопа необходима гигантская ракета высотой более 100 футов.,Sun'iy yo'ldosh yoki teleskopni kosmosga joylashtirish uchun 100 futdan ortiq balandlikdagi ulkan raketa talab qilinadi.
ru-uz-0364,flores_devtest,364,ru,uz,Самки обычно находятся друг с другом в родстве и составляют большую семью сестёр и дочерей.,"Urg'ochilar, odatda, katta oilaning opa-singillari yoki qizi bo'lib, bir-biriga chambarchas bog'liqdir."
ru-uz-0397,flores_devtest,397,ru,uz,"На земле Ханаана не было больших лесов, поэтому древесина была чрезвычайно дорогой.","Kan'on yerlarida keng o'rmonlar yo'q edi, shu sababdan yog'och nihoyatda qimmat edi."
ru-uz-0418,flores_devtest,418,ru,uz,"Итальянская сборная по футболу, наряду с немецкой, является второй самой успешной командой в мире и в 2006 году выиграла Кубок мира ФИФА.","Italiya milliy futbol jamoasi Germaniya milliy futbol jamoasi qatori dunyodagi eng muvaffaqiyatli ikkinchi jamoa bo'lib, 2006-yilda FIFA Jahon chempionatida g'olib chiqqan."
ru-uz-0423,flores_devtest,423,ru,uz,"Тайвань берёт своё начало много лет назад, в XV веке, когда европейские мореплаватели, проплывающие мимо, записали название острова как Ilha Formosa, или ""прекрасный остров"".","Tayvanning boshlanishi 15-asrga borib taqaladi, bunda o'tib ketayotgan yevropalik dengizchilar orol nomini Ilha Formosa yoki go'zal orol deb yozib qoldirishadi."
ru-uz-0439,flores_devtest,439,ru,uz,Её всепроникающая сила коснулась каждого - от короля до простолюдина.,"Uning keng qamrovli qudrati shohdan tortib, oddiy insongacha ta'sir qildi."
ru-uz-0442,flores_devtest,442,ru,uz,Вскоре после начала военных действий Британия устроила морскую блокаду Германии.,"Harbiy harakatlar xurujidan ko'p o'tmay, Britaniya Germaniyani dengizda blokada qilishni boshladi."
ru-uz-0447,flores_devtest,447,ru,uz,"Познав ужасы и зверства Первой мировой войны, государства хотели избежать подобной ситуации в будущем.",Birinchi jahon urushi vaqtida urush dahshatlari va vahshiyliklarini ko'rgan xalqlar kelajakda shu kabi holatlarning oldini olishni istaganlar.
ru-uz-0449,flores_devtest,449,ru,uz,"Он приехал в США с четырьмя центами в кармане, книгой стихов и рекомендательным письмом от Чарльза Бэтчелора, который был его начальником на предыдущей работе, к Томасу Эдисону.","U AQSHga o'z nomidagi 4 sent, she'riy kitob va Charlz Batchelordan (oldingi ish joyidagi ish boshqaruvchisi) Tomas Edisonga tavsiyanoma bilan kelgandi."
ru-uz-0491,flores_devtest,491,ru,uz,В этот момент и произошел переход титула Столицы Моды от Константинополя к Парижу.,Moda poytaxti unvonining Konstantinopoldan Parijga o'tishi aynan shu vaqtda yuz berdi.
ru-uz-0502,flores_devtest,502,ru,uz,"Представители определенной субкультуры зачастую заявляют о своей принадлежности через своеобразное и символичное использование стиля, в том числе через моду, манеры и жаргон.","Submadaniyat a'zolari ko'pincha o'z a'zoliklarini modalar, xulq-atvor va jargonlarni o'z ichiga olgan uslubdan o'ziga xos va ramziy foydalanish orqali namoyon etadilar."
ru-uz-0512,flores_devtest,512,ru,uz,Дети передаются под опеку по множеству разнообразных причин: от беспризорности до жестокого обращения и даже вымогательств.,"Bolalar e'tiborsizlikdan tortib, zo'ravonlik va hatto tovlamachilikka qadar turli sabablarga ko'ra homiylik parvarishiga topshiriladi."
ru-uz-0540,flores_devtest,540,ru,uz,"Тибетский буддизм основан на учениях Будды, но был дополнен махаянским путем любви и множеством техник индийской йоги.","Tibet buddizmi Budda ta'limotlariga asoslanadi, lekin muhabbatning mahayana yo'li bilan va hind yogasining ko'plab uslublari bilan kengaytirilgan."
ru-uz-0552,flores_devtest,552,ru,uz,"В это же время немецкий военно-морской флот, используя в основном свои подводные лодки, пытался остановить это движение.","Shu bilan birga Nemis dengiz floti, asosan, dengizosti qayiqlaridan foydalanib, ushbu transport harakatini to'xtatishga urinayotgandi."
ru-uz-0631,flores_devtest,631,ru,uz,"Население Ватикана составляет около 800 человек. Это самая маленькая независимая страна в мире, а также страна, имеющая наименьшее население.",Vatikan shahri aholisi 800 kishi atrofida. U dunyodagi eng kichik mustaqil davlat va eng kam aholiga ega mamlakatdir.
ru-uz-0632,flores_devtest,632,ru,uz,В Ватикане используют итальянский язык в законодательстве и официальных сообщениях.,Vatikan shahri qonunchilik va rasmiy muloqot uchun italyan tilini qo'llaydi.
ru-uz-0636,flores_devtest,636,ru,uz,"Философ Аристотель считал, что всё состоит из смеси одного или нескольких из четырёх элементов. Это были земля, вода, воздух и огонь.","Faylasuf Aristotel barcha narsa to'rt unsurning bir yoki bir nechtasi aralashmasidan tashkil topgan degan nazariyani ilgari surgan. Ularni tuproq, suv, havo va olov ekanligini aytib o'tgan."
ru-uz-0676,flores_devtest,676,ru,uz,Появление новых технологий позволяет нам увидеть и исследовать невиданные ранее структуры и процессы мозга.,Yangi texnologiyalarning rivojlanishi bizga oldin hech qachon kuzatilmagan miyaning tuzilishi hamda ishlash jarayonini ko'rish va tadqiq etish imkon yaratdi.
ru-uz-0685,flores_devtest,685,ru,uz,Выкладывание экскурсии в виртуальное пространство для всеобщего обозрения — это также отличный способ освежить в памяти экскурсию и поделиться своим полученными знаниями с будущими классами.,Ekskursiyalarni virtual tarzda bo'lishish sayohat haqida fikr yuritish va kelasi darslar bilan tajriba almashish uchun ajoyib usuldir.
ru-uz-0700,flores_devtest,700,ru,uz,"Арабы также принесли в этот регион ислам, особенно он укоренился на Коморах и Майотте.",Arablar bu yerlarga islomni ham olib kelishdi va bu Komor orollari hamda Mayottada katta ahamiyat kasb etdi.
ru-uz-0704,flores_devtest,704,ru,uz,Также полезно носить кольцо (только не слишком дорогое на вид).,Uzuk taqish ham foydali (shunchaki nihoyatda qimmat ko'rinmaydiganini.
ru-uz-0717,flores_devtest,717,ru,uz,"В связи со своей относительной недоступностью, ""Тимбукту"" стал метафорой экзотической дальней земли.","Yetishish imkoniyati nisbatan kamligi bilan birga, ""Timbuktu"" uzoq, ekzotik o'lkalar uchun metafora sifatida ishlatila boshlandi."
ru-uz-0742,flores_devtest,742,ru,uz,"Эти две башни достигают 83 метра в высоту, а сам мост 378 метров в длину и имеет две полосы движения шириной 3,5 метра.","Ikki minoraning balandligi 83 metrga yetadi, u uzunligi 378 metr hamda kengligi 3,5 m bo'lgan ikkita yo'lakchaga ega."
ru-uz-0746,flores_devtest,746,ru,uz,"Область Чако служила домом для разных групп местных племен, например для Гуайкуру и Паягуа, они выживали при помощи охоты, собирательства и рыбалки.","Chako mintaqasida Guaykuru va Payagua kabi mahalliy qabilalarning boshqa guruhlari yashab, ular ovchilik, termachilik va baliq ovlash orqali hayotlarini saqlab qolishgan."
ru-uz-0761,flores_devtest,761,ru,uz,"Зима может быть обманчиво холодной: температура редко опускается ниже нуля, но сочетание ветра и влажности воздуха создает ощущение более холодной погоды в сравнении с тем, что показывает термометр.","Qish chalg'itadigan sovuq bo'lishi mumkin: haroratlar kamdan-ham hollarda muzlash nuqtasidan pastga tushadi, biroq shamol va namlik birlashgan holda termometr ko'rsatganiga qaraganda sovuqroqdek tuyulishi mumkin."
ru-uz-0768,flores_devtest,768,ru,uz,Апиа – столица Самоа. Город расположен на острове Уполу и имеет население чуть менее 40 000 жителей.,Apia Samoaning poytaxtidir. Shahar Upolu orolida va 40 000 nafardan kamroq aholiga ega.
ru-uz-0771,flores_devtest,771,ru,uz,"Все корабли затонули, за исключением одного британского крейсера. Погибли около 200 американских и немецких моряков.",Bitta Britaniya kreyseridan boshqa barcha kemalar cho'ktirilgan edi. 200 ga yaqin amerikalik va nemis halok bo'lgan.
ru-uz-0787,flores_devtest,787,ru,uz,"Гребнистые крокодилы не ведут активную жизнь в океане, а их основная среда обитания — эстуарии рек к северу от Рокгемптона.","Sho'r suv timsohlari okeanda ko'p uchramaydi, ularning asosiy yashash joyi Rokxemptondan shimolda joylashgan daryolarning quyilish joylaridir."
ru-uz-0814,flores_devtest,814,ru,uz,"Если вы забронировали авиабилеты и проживание на 2020 год до того, как было объявлено о переносе даты, у вас может возникнуть непростая ситуация.","Agar siz kechiktirish e'lon qilinishidan avval 2020-yil uchun reyslar va mehmonxonani buyurtna qilgan bo'lsangiz, siz qiyin vaziyatda qolishingiz mumkin."
ru-uz-0823,flores_devtest,823,ru,uz,"Путешественники могут встретиться с животными-вредителями, которых они не видели в своих родных краях.",Sayyohlar o'z mintaqalarida noma'lum bo'lgan hayvon parazitlariga duch kelishlari mumkin.
ru-uz-0827,flores_devtest,827,ru,uz,"Путешественники, направляющиеся в страны с высоким налогообложением, могут иногда сэкономить значительную сумму, особенно на таких товарах, как спиртные напитки и табак.","Og'ir soliqlarga ega mamlakatlarga boruvchi sayohatchilar ba'zi hollarda, ayniqsa, spirtli ichimliklar va tamaki mahsulotlari kabilardan anchagina pul tejab qolishlari mumkin."
ru-uz-0831,flores_devtest,831,ru,uz,"Однако, как ни странно, мобильная телефонная связь здесь намного лучше, чем на многих других участках маршрута, например в Пенсильвании Уайлдс.","Qizig'i shuki, bu yerda mobil telefon xizmati, boshqa ko'p yo'nalishlarga qaraganda, masalan, Pensilvaniya Uayldzdan ko'ra ancha kuchliroq."
ru-uz-0857,flores_devtest,857,ru,uz,"Европа — относительно маленький континент, но на нём много независимых государств. В обычных обстоятельствах путешествие через множество стран означало бы необходимость подачи прошений для получения визы и многократного прохождения паспортного контроля.","Yevropa nisbatan kichik, biroq ko'plab mustaqil davlatlarga ega bo'lgan qit'adir. Odatiy sharoitlarda bir nechta mamlakatlar bo'ylab sayohat qilish bir necha marta vizaga ariza topshirish va pasport nazoratidan o'tish kerakligini anglatadi."
ru-uz-0885,flores_devtest,885,ru,uz,Готовность зарубежных правительств выполнять свои обязательства по данным документам столь же весьма различна.,Chet el hukumatlarining mazkur hujjatlarni hurmat qilishga tayyorligi xuddi shu darajada o'zgaruvchandir.
ru-uz-0902,flores_devtest,902,ru,uz,"Сцены показывают на пирамидах, и разные пирамиды освещаются.",Sahnalar piramidalar ustida namoyish etildi va turli xil piramidalar yoritildi.
ru-uz-0913,flores_devtest,913,ru,uz,"Вариант, становящийся всё более популярным для тех, кто планирует взять академический год, это путешествовать и учиться.",Akademik ta'tilni rejalashtirayotganlar orasida tobora ommalashib borayotgan tanlov – sayohat hamda o'rganishdir.
ru-uz-0950,flores_devtest,950,ru,uz,Севернее посетите также великий Храм Фатимской Богоматери (усыпальница) — место всемирно известных явлений Девы Марии.,Yana shimolda butun dunyoga mashhur bo'lgan Mariam onamizning ko'rinish joyi bo'lgan Fotima onamiz ibodatxonasiga (Muqaddas jiy) ham tashrif buyuring.
ru-uz-0978,flores_devtest,978,ru,uz,В персидском языке относительно лёгкая и в основном закономерная грамматика.,Fors tili nisbatan oson va aksariyat hollarda o'zgarmas grammatikaga ega.
ru-uz-0994,flores_devtest,994,ru,uz,Внутренние водные пути могут стать хорошей темой для проведения какого-либо праздника.,Ichki suv yo'llari ta'til uchun yaxshi mavzu bo'lishi mumkin.
ru-zh-0063,flores_devtest,63,ru,zh,"Историки критикуют прошлую политику ФБР за то, что выделяла большую часть ресурсов на дела, которые легко раскрываются, особенно на дела об угоне автомобилей, с целью повышения уровня успешности работы агентства.",历史学家批判了联邦调查局的过往政策，这种政策会把资源集中到容易破获的案件上，尤以偷车案件居多，目的只在于提高该机构的成功破案率。
ru-zh-0068,flores_devtest,68,ru,zh,"Президент США Джордж Буш прибыл в Сингапур утром 16 ноября, начав свой недельный тур по Азии.",美国总统乔治·沃克·布什于 11 月 16 日上午抵达新加坡，开始为期一周的亚洲之行。
ru-zh-0083,flores_devtest,83,ru,zh,"Девятый административный район, затопленный на 20 футов во время урагана Катрина, сейчас по пояс залит водой, поскольку дамба, находящаяся неподалеку, оказалась недостаточно высокой, чтобы удержать воду.",“卡特里娜”飓风来袭时，第九区洪水水位一度高达 20 英尺，由于附近的防洪堤已经被淹没，目前水位已达齐腰深度。
ru-zh-0085,flores_devtest,85,ru,zh,Администратор Commons Адам Керден выразил своё разочарование в связи с удалениями в своем разговоре  в прошлом месяце с Wikinews.,共享资源管理员亚当·库尔登 (Adam Cuerden) 上个月在接受维基新闻 (Wikinews) 采访时表达了他对删除相关内容的不满。
ru-zh-0091,flores_devtest,91,ru,zh,"Ученые смогли сделать вывод, что темная материя воздействует на другую темную материю так же, как и в случае с обычной материей.",科学家们可以得出结论，暗物质对其他暗物质的影响方式与普通物质相同。
ru-zh-0125,flores_devtest,125,ru,zh,"Человек, работающий в гараже недалеко от того места, где произошла авария, сказал: ""Там стояли дети, которые ждали, чтобы перейти дорогу. Все они кричали и плакали.",一名在事故发生地附近的车库立的工作人员说：“孩子们正等着过马路，并且都在大声尖叫，哭个不停。”
ru-zh-0165,flores_devtest,165,ru,zh,"Начиная с 1988 года урны для избирательных бюллетеней должны быть прозрачными, чтобы избиратели и наблюдатели могли убедиться в том, что в начале голосования внутри нет конвертов и что к ним не добавлены какие-либо другие конверты, кроме конвертов тех людей, которых допустили к участию в голосовании и голоса которых подсчитали надлежащим образом.",自 1988 年以来，投票箱就必须是透明的，这样选民和观察员才能看到投票开始时箱内没有信封，还能看到除了那些及时统计过、有权投票的选民以外，没有其他人向箱内投入信封。
ru-zh-0179,flores_devtest,179,ru,zh,"Этот матч стал последним для ""Олл Блэкс"", уже завоевавших кубок две недели назад.",全黑队在两周前已经赢得了奖杯，而这场比赛是他们打的最后一场。
ru-zh-0195,flores_devtest,195,ru,zh,"Фотограф был доставлен в медицинский центр имени Рональда Рейгана при  Калифорнийском университете в Лос-Анджелесе, где он впоследствии скончался.",这名摄影师被送往加州大学洛杉矶分校罗纳德·里根医疗中心，其后不治。
ru-zh-0225,flores_devtest,225,ru,zh,Рок-группа должна была гастролировать по США и Канаде до 16 сентября.,这支摇滚乐队原定在美国和加拿大巡演，一直持续到 9 月 16 日。
ru-zh-0277,flores_devtest,277,ru,zh,Полиция штата Мадхья-Прадеш вернула украденные ноутбук и мобильный телефон.,中央邦警方追回了被盗的笔记本电脑和手机。
ru-zh-0356,flores_devtest,356,ru,zh,Для запуска в космос спутника или телескопа необходима гигантская ракета высотой более 100 футов.,要把卫星或望远镜送入太空，需要一枚超过 100 英尺高的巨型火箭。
ru-zh-0364,flores_devtest,364,ru,zh,Самки обычно находятся друг с другом в родстве и составляют большую семью сестёр и дочерей.,作为大家庭里的姐妹和女儿，雌性之间通常彼此关系密切。
ru-zh-0397,flores_devtest,397,ru,zh,"На земле Ханаана не было больших лесов, поэтому древесина была чрезвычайно дорогой.",迦南没有大森林，所以木材非常昂贵。
ru-zh-0418,flores_devtest,418,ru,zh,"Итальянская сборная по футболу, наряду с немецкой, является второй самой успешной командой в мире и в 2006 году выиграла Кубок мира ФИФА.",意大利国家足球队和德国国家足球队都是世界上第二成功的球队，在 2006 年拿下了足球世界杯冠军。
ru-zh-0423,flores_devtest,423,ru,zh,"Тайвань берёт своё начало много лет назад, в XV веке, когда европейские мореплаватели, проплывающие мимо, записали название острова как Ilha Formosa, или ""прекрасный остров"".",西方对台湾的了解可以追溯到 15 世纪。当时路过的欧洲水手将该岛命名为“福尔摩沙岛”(Ilha Formosa)，意思是美丽的岛屿。
ru-zh-0439,flores_devtest,439,ru,zh,Её всепроникающая сила коснулась каждого - от короля до простолюдина.,从国王到平民，它遍布十方的力量影响着每一个人。
ru-zh-0442,flores_devtest,442,ru,zh,Вскоре после начала военных действий Британия устроила морскую блокаду Германии.,敌对行动爆发后不久，英国开始对德国实施海上封锁。
ru-zh-0447,flores_devtest,447,ru,zh,"Познав ужасы и зверства Первой мировой войны, государства хотели избежать подобной ситуации в будущем.",目睹第一次世界大战中的肆虐残暴后，各国都渴望避免重蹈覆辙。
ru-zh-0449,flores_devtest,449,ru,zh,"Он приехал в США с четырьмя центами в кармане, книгой стихов и рекомендательным письмом от Чарльза Бэтчелора, который был его начальником на предыдущей работе, к Томасу Эдисону.",他在抵达美国时，身上带着 4 美分、一本诗集，还有一封查尔斯•巴舍勒（Charles Batchelor）（他前份工作的经理）写给托马斯•爱迪生（Thomas Edison）的推荐信。
ru-zh-0491,flores_devtest,491,ru,zh,В этот момент и произошел переход титула Столицы Моды от Константинополя к Парижу.,正是在这个时候，时尚之都的称号从君士坦丁堡转移到了巴黎。
ru-zh-0502,flores_devtest,502,ru,zh,"Представители определенной субкультуры зачастую заявляют о своей принадлежности через своеобразное и символичное использование стиля, в том числе через моду, манеры и жаргон.",亚文化群体的成员，常常会象征性地利用独特的行事风格来表明他们的成员身份，包括时尚服装、举止和黑话。
ru-zh-0512,flores_devtest,512,ru,zh,Дети передаются под опеку по множеству разнообразных причин: от беспризорности до жестокого обращения и даже вымогательств.,孩子们因为各种原因被寄养，原因有被忽视、被虐待，甚至是被勒索。
ru-zh-0540,flores_devtest,540,ru,zh,"Тибетский буддизм основан на учениях Будды, но был дополнен махаянским путем любви и множеством техник индийской йоги.",藏传佛教以佛陀的教义为基础，但通过大乘佛教的普世之爱和印度瑜伽的许多技巧得到了拓展。
ru-zh-0552,flores_devtest,552,ru,zh,"В это же время немецкий военно-морской флот, используя в основном свои подводные лодки, пытался остановить это движение.",与此同时，以 U 型潜艇为主力的德国海军试图拦截这场运输。
ru-zh-0631,flores_devtest,631,ru,zh,"Население Ватикана составляет около 800 человек. Это самая маленькая независимая страна в мире, а также страна, имеющая наименьшее население.",梵蒂冈城的人口大约有 800 人。它是世界上最小的独立国家，也是人口最少的国家。
ru-zh-0632,flores_devtest,632,ru,zh,В Ватикане используют итальянский язык в законодательстве и официальных сообщениях.,梵蒂冈城在法律法规和官方通信中使用意大利语。
ru-zh-0636,flores_devtest,636,ru,zh,"Философ Аристотель считал, что всё состоит из смеси одного или нескольких из четырёх элементов. Это были земля, вода, воздух и огонь.",哲学家亚里士多德提出一种理论，即任何事物都是由土、水、空气和火四种元素中的一种或多种组成的。
ru-zh-0676,flores_devtest,676,ru,zh,Появление новых технологий позволяет нам увидеть и исследовать невиданные ранее структуры и процессы мозга.,新技术的兴起让我们能够看到和研究大脑的结构和工作过程，这些是以前从未见过的。
ru-zh-0685,flores_devtest,685,ru,zh,Выкладывание экскурсии в виртуальное пространство для всеобщего обозрения — это также отличный способ освежить в памяти экскурсию и поделиться своим полученными знаниями с будущими классами.,以虚拟方式分享实地考察，也是回顾行程以及与以后班级分享经验的好办法。
ru-zh-0700,flores_devtest,700,ru,zh,"Арабы также принесли в этот регион ислам, особенно он укоренился на Коморах и Майотте.",阿拉伯人也把伊斯兰教带到了这片土地，这一教义在科摩罗和马约特国家盛行。
ru-zh-0704,flores_devtest,704,ru,zh,Также полезно носить кольцо (только не слишком дорогое на вид).,戴戒指也会有帮助（但不要戴看上去太贵的戒指。
ru-zh-0717,flores_devtest,717,ru,zh,"В связи со своей относительной недоступностью, ""Тимбукту"" стал метафорой экзотической дальней земли.",又因为相对偏僻，“廷巴克图”被用来比喻遥远的异国他乡。
ru-zh-0742,flores_devtest,742,ru,zh,"Эти две башни достигают 83 метра в высоту, а сам мост 378 метров в длину и имеет две полосы движения шириной 3,5 метра.",两座桥塔高 83 米，桥的长度为 378 米，有两条 3.50米宽的车道。
ru-zh-0746,flores_devtest,746,ru,zh,"Область Чако служила домом для разных групп местных племен, например для Гуайкуру и Паягуа, они выживали при помощи охоты, собирательства и рыбалки.",查科 (Chaco) 地区是瓜伊库鲁 (Guaycuru) 和帕亚瓜 (Payagua) 等其他土著部落的家园，他们靠狩猎、采集和捕鱼为生。
ru-zh-0761,flores_devtest,761,ru,zh,"Зима может быть обманчиво холодной: температура редко опускается ниже нуля, но сочетание ветра и влажности воздуха создает ощущение более холодной погоды в сравнении с тем, что показывает термометр.",冬天可能会比看上去显得更冷：温度很少低于零度，但当风和湿度结合在一起，会让人感觉比温度计显示的温度要冷。
ru-zh-0768,flores_devtest,768,ru,zh,Апиа – столица Самоа. Город расположен на острове Уполу и имеет население чуть менее 40 000 жителей.,阿皮亚是萨摩亚的首都。该城镇位于乌波卢（Upolu）岛上，人口数量不足 4 万。
ru-zh-0771,flores_devtest,771,ru,zh,"Все корабли затонули, за исключением одного британского крейсера. Погибли около 200 американских и немецких моряков.",除了一艘英国巡航舰外，其余船只悉数沉没。近 200 名美国人和德国人丧失生命。
ru-zh-0787,flores_devtest,787,ru,zh,"Гребнистые крокодилы не ведут активную жизнь в океане, а их основная среда обитания — эстуарии рек к северу от Рокгемптона.",咸水鳄的主要栖息地并非海洋，而是罗克汉普顿 (Rockhampton) 北部的河口。
ru-zh-0814,flores_devtest,814,ru,zh,"Если вы забронировали авиабилеты и проживание на 2020 год до того, как было объявлено о переносе даты, у вас может возникнуть непростая ситуация.",如果你在宣布推迟之前预订了 2020 年的航班和住宿，则可能会面临棘手的情况。
ru-zh-0823,flores_devtest,823,ru,zh,"Путешественники могут встретиться с животными-вредителями, которых они не видели в своих родных краях.",旅行者可能会遇到在家乡不常见的有害动物。
ru-zh-0827,flores_devtest,827,ru,zh,"Путешественники, направляющиеся в страны с высоким налогообложением, могут иногда сэкономить значительную сумму, особенно на таких товарах, как спиртные напитки и табак.",前往课征重税的国家/地区的旅客有时可以省下一大笔钱，在这些地方购买酒水和烟草等产品特别划算。
ru-zh-0831,flores_devtest,831,ru,zh,"Однако, как ни странно, мобильная телефонная связь здесь намного лучше, чем на многих других участках маршрута, например в Пенсильвании Уайлдс.",不过，令人奇怪的是，这里的手机服务比沿途的许多其他路线（例如宾夕法尼亚州荒原）要强得多。
ru-zh-0857,flores_devtest,857,ru,zh,"Европа — относительно маленький континент, но на нём много независимых государств. В обычных обстоятельствах путешествие через множество стран означало бы необходимость подачи прошений для получения визы и многократного прохождения паспортного контроля.",欧洲是片面积相对较小但有着许多独立国家的大陆。在通常情况下，穿越多个国家旅行意味着必须多次经历签证申请和护照检查。
ru-zh-0885,flores_devtest,885,ru,zh,Готовность зарубежных правительств выполнять свои обязательства по данным документам столь же весьма различна.,外国政府对这些文件的认可程度也千差万别。
ru-zh-0902,flores_devtest,902,ru,zh,"Сцены показывают на пирамидах, и разные пирамиды освещаются.",场景在金字塔上展示，不同的金字塔被点亮。
ru-zh-0913,flores_devtest,913,ru,zh,"Вариант, становящийся всё более популярным для тех, кто планирует взять академический год, это путешествовать и учиться.",对于那些计划怎么度过空档年的人来说，游学成为越来越受欢迎的选择。
ru-zh-0950,flores_devtest,950,ru,zh,Севернее посетите также великий Храм Фатимской Богоматери (усыпальница) — место всемирно известных явлений Девы Марии.,也可以到北部参观法蒂玛圣母院（圣地），它是举世闻名的圣母玛丽亚显现之地。
ru-zh-0978,flores_devtest,978,ru,zh,В персидском языке относительно лёгкая и в основном закономерная грамматика.,波斯语的语法大多相对简单，有规律可循。
ru-zh-0994,flores_devtest,994,ru,zh,Внутренние водные пути могут стать хорошей темой для проведения какого-либо праздника.,内陆水道可以作为假期游玩的一个不错的主题。
uz-en-0063,flores_devtest,63,uz,en,"Tarixchilar agentlikning muvaffaqiyat darajasini kuchaytirish uchun osongina hal qilish mumkin bo'lgan, ayniqsa avtomobil o'g'rilanishi bo'yicha ishlarga resurslarning qaratilganligi uchun FQB agentligining o'tmishdagi siyosatlarini tanqid qildilar.","Historians have criticized past FBI policies for focusing resources on cases which are easy to solve, especially stolen car cases, with the intent of boosting the agency's success rate."
uz-en-0068,flores_devtest,68,uz,en,"AQSH Prezidenti Jorj V. Bush, Osiyo bo'ylab bir haftalik sayohatini boshlab, 16-noyabr kuni tongda Singapurga yetib keldi.","U.S. President George W. Bush arrived in Singapore the morning of November 16, beginning a week-long tour of Asia."
uz-en-0083,flores_devtest,83,uz,en,"Katrina bo'roni vaqtida 20 fut balandlikdagi toshqinga guvoh bo'lgan to'qqizinchi bo'linma, suv yaqindagi to'g'ondan oshib o'tgani sababli, hozirda belgacha keladigan suv ostida qolgan.","The Ninth Ward, which saw flooding as high as 20 feet during Hurricane Katrina, is currently in waist-high water as the nearby levee was overtopped."
uz-en-0085,flores_devtest,85,uz,en,Parlamentning quyi palatasi ma'muri Adam Kuerden o'tgan oyda Wikinews bilan suhbatida o'chirishlardan ranjiganini aytdi.,Commons Administrator Adam Cuerden expressed his frustration over the deletions when he spoke to Wikinews last month.
uz-en-0091,flores_devtest,91,uz,en,"Olimlar qora materiya boshqa qora materiyaga xuddi odatiy materiya ta'sir qilgani kabi ta'sir ko'rsatadi, degan xulosaga kelishdi.",The scientists were able to conclude that the dark matter affect other dark matter in the same way regular matter does.
uz-en-0125,flores_devtest,125,uz,en,"Ko'ngilsiz hodisa yuz bergan joy yaqinidagi garajda ishlayotgan kishi: ""U yerda yo'lni kesib o'tmoqchi bo'layotgan bolalar bor edi va ularning barchasi qichqirib yig'layotgandi"" deb aytdi.","A person working in a garage near where the accident occurred said: ""There were children waiting to cross the road and they were all screaming and crying."""
uz-en-0165,flores_devtest,165,uz,en,1988-yildan beri ovoz beruvchilar va kuzatuvchilar boshlanishida konvertlar mavjud emasligi va mos tarzda sanalgan va vakolat berilgan ovoz beruvchilardan tashqari hech qanday konvertlar qo'shilmasligiga guvohlik bera olishlari uchun saylov qutilarining shaffof bo'lishi talab qilinadi.,"Since 1988, ballot boxes must be transparent so that voters and observers can witness that no envelopes are present at the start of the vote and that no envelopes are added except those of the duly counted and authorized voters."
uz-en-0179,flores_devtest,179,uz,en,"Bu ikki hafta avval sovrin yutgan ""All Blacks"" jamoasi uchun oxirgi o'yin edi.","It was the final match for the All Blacks, who had already won the trophy two weeks ago."
uz-en-0195,flores_devtest,195,uz,en,Fotosuratchi Ronald Reygan nomidagi UCLA Tibbiyot Markaziga yetkazilgan va keyinchalik u yerda vafot etgan.,"The photographer was transported to Ronald Reagan UCLA Medical Center, where he subsequently died."
uz-en-0225,flores_devtest,225,uz,en,Rok guruhi AQSH va Kanadada 16-sentyabrga qadar gastrol safarida bo'lishi kerak edi.,The rock band was due to tour the United States and Canada until September 16.
uz-en-0277,flores_devtest,277,uz,en,Madxya-Pradesh politsiyasi o'g'irlangan noutbuk hamda mobil telefonni qaytardi.,The Madhya Pradesh Police recovered the stolen laptop and mobile phone.
uz-en-0356,flores_devtest,356,uz,en,Sun'iy yo'ldosh yoki teleskopni kosmosga joylashtirish uchun 100 futdan ortiq balandlikdagi ulkan raketa talab qilinadi.,It takes a giant rocket over a 100 feet high to put a satellite or telescope in space.
uz-en-0364,flores_devtest,364,uz,en,"Urg'ochilar, odatda, katta oilaning opa-singillari yoki qizi bo'lib, bir-biriga chambarchas bog'liqdir.","The females are usually closely related to each other, being a large family of sisters and daughters."
uz-en-0397,flores_devtest,397,uz,en,"Kan'on yerlarida keng o'rmonlar yo'q edi, shu sababdan yog'och nihoyatda qimmat edi.","There were no large forests in the land of Canaan, so wood was extremely expensive."
uz-en-0418,flores_devtest,418,uz,en,"Italiya milliy futbol jamoasi Germaniya milliy futbol jamoasi qatori dunyodagi eng muvaffaqiyatli ikkinchi jamoa bo'lib, 2006-yilda FIFA Jahon chempionatida g'olib chiqqan.","Italy's national football, along with German national football team is the second most successful team in the world and were the FIFA World Cup champions in 2006."
uz-en-0423,flores_devtest,423,uz,en,"Tayvanning boshlanishi 15-asrga borib taqaladi, bunda o'tib ketayotgan yevropalik dengizchilar orol nomini Ilha Formosa yoki go'zal orol deb yozib qoldirishadi.","Taiwan beginning start way back in 15th century where European sailors passing by record the island’s name as Ilha Formosa, or beautiful island."
uz-en-0439,flores_devtest,439,uz,en,"Uning keng qamrovli qudrati shohdan tortib, oddiy insongacha ta'sir qildi.",Its all-pervading power affected everyone from king to commoner.
uz-en-0442,flores_devtest,442,uz,en,"Harbiy harakatlar xurujidan ko'p o'tmay, Britaniya Germaniyani dengizda blokada qilishni boshladi.","Soon after the outbreak of hostilities, Britain initiated a naval blockade of Germany."
uz-en-0447,flores_devtest,447,uz,en,Birinchi jahon urushi vaqtida urush dahshatlari va vahshiyliklarini ko'rgan xalqlar kelajakda shu kabi holatlarning oldini olishni istaganlar.,"After seeing the horrors and atrocities of war during World War I, nations desired to avoid such a situation again in the future."
uz-en-0449,flores_devtest,449,uz,en,"U AQSHga o'z nomidagi 4 sent, she'riy kitob va Charlz Batchelordan (oldingi ish joyidagi ish boshqaruvchisi) Tomas Edisonga tavsiyanoma bilan kelgandi.","He arrived in the US with 4 cents to his name, a book of poetry, and a letter of recommendation from Charles Batchelor (his manager in his previous job) to Thomas Edison."
uz-en-0491,flores_devtest,491,uz,en,Moda poytaxti unvonining Konstantinopoldan Parijga o'tishi aynan shu vaqtda yuz berdi.,It was at this time that the transfer of the title of Fashion Capital from Constantinople to Paris was made.
uz-en-0502,flores_devtest,502,uz,en,"Submadaniyat a'zolari ko'pincha o'z a'zoliklarini modalar, xulq-atvor va jargonlarni o'z ichiga olgan uslubdan o'ziga xos va ramziy foydalanish orqali namoyon etadilar.","Members of a subculture often signal their membership through a distinctive and symbolic use of style, which includes fashions, mannerisms, and argot."
uz-en-0512,flores_devtest,512,uz,en,"Bolalar e'tiborsizlikdan tortib, zo'ravonlik va hatto tovlamachilikka qadar turli sabablarga ko'ra homiylik parvarishiga topshiriladi.","Children are placed in Foster Care for a wide variety of reasons that range from neglect, to abuse, and even to extortion."
uz-en-0540,flores_devtest,540,uz,en,"Tibet buddizmi Budda ta'limotlariga asoslanadi, lekin muhabbatning mahayana yo'li bilan va hind yogasining ko'plab uslublari bilan kengaytirilgan.","The Tibetan Buddhism is based on the teachings of Buddha, but were extended by the mahayana path of love and by a lot of techniques from Indian Yoga."
uz-en-0552,flores_devtest,552,uz,en,"Shu bilan birga Nemis dengiz floti, asosan, dengizosti qayiqlaridan foydalanib, ushbu transport harakatini to'xtatishga urinayotgandi.","At the same time, the German navy, using mainly U-boats, was trying to stop this traffic."
uz-en-0631,flores_devtest,631,uz,en,Vatikan shahri aholisi 800 kishi atrofida. U dunyodagi eng kichik mustaqil davlat va eng kam aholiga ega mamlakatdir.,Vatican City's population is around 800. It is the smallest independent country in the world and the country with the lowest population.
uz-en-0632,flores_devtest,632,uz,en,Vatikan shahri qonunchilik va rasmiy muloqot uchun italyan tilini qo'llaydi.,Vatican City uses Italian in its legislation and official communications.
uz-en-0636,flores_devtest,636,uz,en,"Faylasuf Aristotel barcha narsa to'rt unsurning bir yoki bir nechtasi aralashmasidan tashkil topgan degan nazariyani ilgari surgan. Ularni tuproq, suv, havo va olov ekanligini aytib o'tgan.","Aristotle, a philosopher, theorised that everything is made up of a mixture of one or more of four elements. They were earth, water, air, and fire."
uz-en-0676,flores_devtest,676,uz,en,Yangi texnologiyalarning rivojlanishi bizga oldin hech qachon kuzatilmagan miyaning tuzilishi hamda ishlash jarayonini ko'rish va tadqiq etish imkon yaratdi.,The rise of new technologies allows us to see and investigate brain structures and processes never seen before.
uz-en-0685,flores_devtest,685,uz,en,Ekskursiyalarni virtual tarzda bo'lishish sayohat haqida fikr yuritish va kelasi darslar bilan tajriba almashish uchun ajoyib usuldir.,Sharing a field trip virtually is also a great way to reflect a on a trip and share experiences with future classes.
uz-en-0700,flores_devtest,700,uz,en,Arablar bu yerlarga islomni ham olib kelishdi va bu Komor orollari hamda Mayottada katta ahamiyat kasb etdi.,"The Arabs also brought Islam to the lands, and it took in a big way in the Comoros and Mayotte."
uz-en-0704,flores_devtest,704,uz,en,Uzuk taqish ham foydali (shunchaki nihoyatda qimmat ko'rinmaydiganini.,It is helpful to also wear a ring (just not one that looks too expensive.
uz-en-0717,flores_devtest,717,uz,en,"Yetishish imkoniyati nisbatan kamligi bilan birga, ""Timbuktu"" uzoq, ekzotik o'lkalar uchun metafora sifatida ishlatila boshlandi.","Combined with its relative inaccessibility, ""Timbuktu"" has come to be used as a metaphor for exotic, distant lands."
uz-en-0742,flores_devtest,742,uz,en,"Ikki minoraning balandligi 83 metrga yetadi, u uzunligi 378 metr hamda kengligi 3,5 m bo'lgan ikkita yo'lakchaga ega.","The two towers rise to a height of 83 meters, it's 378 meters long and it has two lanes of 3.50 m wide."
uz-en-0746,flores_devtest,746,uz,en,"Chako mintaqasida Guaykuru va Payagua kabi mahalliy qabilalarning boshqa guruhlari yashab, ular ovchilik, termachilik va baliq ovlash orqali hayotlarini saqlab qolishgan.","The Chaco region was home to other groups of indigenous tribes such as the Guaycurú and Payaguá, who survived by hunting, gathering and fishing."
uz-en-0761,flores_devtest,761,uz,en,"Qish chalg'itadigan sovuq bo'lishi mumkin: haroratlar kamdan-ham hollarda muzlash nuqtasidan pastga tushadi, biroq shamol va namlik birlashgan holda termometr ko'rsatganiga qaraganda sovuqroqdek tuyulishi mumkin.","The winter can be deceptively chilly: temperatures rarely go below freezing, but the wind and humidity combine to make it feel colder than what the thermometer says."
uz-en-0768,flores_devtest,768,uz,en,Apia Samoaning poytaxtidir. Shahar Upolu orolida va 40 000 nafardan kamroq aholiga ega.,"Apia is the capital of Samoa. The town is on the island of Upolu and has a population of just under 40,000."
uz-en-0771,flores_devtest,771,uz,en,Bitta Britaniya kreyseridan boshqa barcha kemalar cho'ktirilgan edi. 200 ga yaqin amerikalik va nemis halok bo'lgan.,"All the ships were sunk, except for one British cruiser. Nearly 200 American and German lives were lost."
uz-en-0787,flores_devtest,787,uz,en,"Sho'r suv timsohlari okeanda ko'p uchramaydi, ularning asosiy yashash joyi Rokxemptondan shimolda joylashgan daryolarning quyilish joylaridir.","Saltwater Crocodiles do not actively live in the ocean, their primary habitat is in river estuaries north from Rockhampton."
uz-en-0814,flores_devtest,814,uz,en,"Agar siz kechiktirish e'lon qilinishidan avval 2020-yil uchun reyslar va mehmonxonani buyurtna qilgan bo'lsangiz, siz qiyin vaziyatda qolishingiz mumkin.","If you booked your flights and accommodation for 2020 before the postponement was announced, you may have a tricky situation."
uz-en-0823,flores_devtest,823,uz,en,Sayyohlar o'z mintaqalarida noma'lum bo'lgan hayvon parazitlariga duch kelishlari mumkin.,Travellers may encounter animal pests that they are not familiar with in their home regions.
uz-en-0827,flores_devtest,827,uz,en,"Og'ir soliqlarga ega mamlakatlarga boruvchi sayohatchilar ba'zi hollarda, ayniqsa, spirtli ichimliklar va tamaki mahsulotlari kabilardan anchagina pul tejab qolishlari mumkin.","Travellers bound for countries with heavy taxation can sometimes save a considerable amount of money, especially on products such as alcoholic beverages and tobacco."
uz-en-0831,flores_devtest,831,uz,en,"Qizig'i shuki, bu yerda mobil telefon xizmati, boshqa ko'p yo'nalishlarga qaraganda, masalan, Pensilvaniya Uayldzdan ko'ra ancha kuchliroq.","Curiously, though, mobile phone service is much stronger here than along many other stretches of the route, e.g. the Pennsylvania Wilds."
uz-en-0857,flores_devtest,857,uz,en,"Yevropa nisbatan kichik, biroq ko'plab mustaqil davlatlarga ega bo'lgan qit'adir. Odatiy sharoitlarda bir nechta mamlakatlar bo'ylab sayohat qilish bir necha marta vizaga ariza topshirish va pasport nazoratidan o'tish kerakligini anglatadi.","Europe is a continent that is relatively small but with many independent countries. Under normal circumstances, travelling through multiple countries would mean having to go through visa applications and passport control multiple times."
uz-en-0885,flores_devtest,885,uz,en,Chet el hukumatlarining mazkur hujjatlarni hurmat qilishga tayyorligi xuddi shu darajada o'zgaruvchandir.,Willingness of foreign governments to honour these documents is just as widely variable.
uz-en-0902,flores_devtest,902,uz,en,Sahnalar piramidalar ustida namoyish etildi va turli xil piramidalar yoritildi.,The scenes are displayed on the pyramids and the different pyramids are lit up.
uz-en-0913,flores_devtest,913,uz,en,Akademik ta'tilni rejalashtirayotganlar orasida tobora ommalashib borayotgan tanlov – sayohat hamda o'rganishdir.,An increasingly more popular option for those planning a gap-year is to travel and learn.
uz-en-0950,flores_devtest,950,uz,en,Yana shimolda butun dunyoga mashhur bo'lgan Mariam onamizning ko'rinish joyi bo'lgan Fotima onamiz ibodatxonasiga (Muqaddas jiy) ham tashrif buyuring.,"Also to the north visit the great Sanctuary of Our Lady of Fatima (Shrine), a place of worldwide famous Marian apparitions."
uz-en-0978,flores_devtest,978,uz,en,Fors tili nisbatan oson va aksariyat hollarda o'zgarmas grammatikaga ega.,Persian has a relatively easy and mostly regular grammar.
uz-en-0994,flores_devtest,994,uz,en,Ichki suv yo'llari ta'til uchun yaxshi mavzu bo'lishi mumkin.,Inland waterways can be a good theme to base a holiday around.
uz-ru-0063,flores_devtest,63,uz,ru,"Tarixchilar agentlikning muvaffaqiyat darajasini kuchaytirish uchun osongina hal qilish mumkin bo'lgan, ayniqsa avtomobil o'g'rilanishi bo'yicha ishlarga resurslarning qaratilganligi uchun FQB agentligining o'tmishdagi siyosatlarini tanqid qildilar.","Историки критикуют прошлую политику ФБР за то, что выделяла большую часть ресурсов на дела, которые легко раскрываются, особенно на дела об угоне автомобилей, с целью повышения уровня успешности работы агентства."
uz-ru-0068,flores_devtest,68,uz,ru,"AQSH Prezidenti Jorj V. Bush, Osiyo bo'ylab bir haftalik sayohatini boshlab, 16-noyabr kuni tongda Singapurga yetib keldi.","Президент США Джордж Буш прибыл в Сингапур утром 16 ноября, начав свой недельный тур по Азии."
uz-ru-0083,flores_devtest,83,uz,ru,"Katrina bo'roni vaqtida 20 fut balandlikdagi toshqinga guvoh bo'lgan to'qqizinchi bo'linma, suv yaqindagi to'g'ondan oshib o'tgani sababli, hozirda belgacha keladigan suv ostida qolgan.","Девятый административный район, затопленный на 20 футов во время урагана Катрина, сейчас по пояс залит водой, поскольку дамба, находящаяся неподалеку, оказалась недостаточно высокой, чтобы удержать воду."
uz-ru-0085,flores_devtest,85,uz,ru,Parlamentning quyi palatasi ma'muri Adam Kuerden o'tgan oyda Wikinews bilan suhbatida o'chirishlardan ranjiganini aytdi.,Администратор Commons Адам Керден выразил своё разочарование в связи с удалениями в своем разговоре  в прошлом месяце с Wikinews.
uz-ru-0091,flores_devtest,91,uz,ru,"Olimlar qora materiya boshqa qora materiyaga xuddi odatiy materiya ta'sir qilgani kabi ta'sir ko'rsatadi, degan xulosaga kelishdi.","Ученые смогли сделать вывод, что темная материя воздействует на другую темную материю так же, как и в случае с обычной материей."
uz-ru-0125,flores_devtest,125,uz,ru,"Ko'ngilsiz hodisa yuz bergan joy yaqinidagi garajda ishlayotgan kishi: ""U yerda yo'lni kesib o'tmoqchi bo'layotgan bolalar bor edi va ularning barchasi qichqirib yig'layotgandi"" deb aytdi.","Человек, работающий в гараже недалеко от того места, где произошла авария, сказал: ""Там стояли дети, которые ждали, чтобы перейти дорогу. Все они кричали и плакали."
uz-ru-0165,flores_devtest,165,uz,ru,1988-yildan beri ovoz beruvchilar va kuzatuvchilar boshlanishida konvertlar mavjud emasligi va mos tarzda sanalgan va vakolat berilgan ovoz beruvchilardan tashqari hech qanday konvertlar qo'shilmasligiga guvohlik bera olishlari uchun saylov qutilarining shaffof bo'lishi talab qilinadi.,"Начиная с 1988 года урны для избирательных бюллетеней должны быть прозрачными, чтобы избиратели и наблюдатели могли убедиться в том, что в начале голосования внутри нет конвертов и что к ним не добавлены какие-либо другие конверты, кроме конвертов тех людей, которых допустили к участию в голосовании и голоса которых подсчитали надлежащим образом."
uz-ru-0179,flores_devtest,179,uz,ru,"Bu ikki hafta avval sovrin yutgan ""All Blacks"" jamoasi uchun oxirgi o'yin edi.","Этот матч стал последним для ""Олл Блэкс"", уже завоевавших кубок две недели назад."
uz-ru-0195,flores_devtest,195,uz,ru,Fotosuratchi Ronald Reygan nomidagi UCLA Tibbiyot Markaziga yetkazilgan va keyinchalik u yerda vafot etgan.,"Фотограф был доставлен в медицинский центр имени Рональда Рейгана при  Калифорнийском университете в Лос-Анджелесе, где он впоследствии скончался."
uz-ru-0225,flores_devtest,225,uz,ru,Rok guruhi AQSH va Kanadada 16-sentyabrga qadar gastrol safarida bo'lishi kerak edi.,Рок-группа должна была гастролировать по США и Канаде до 16 сентября.
uz-ru-0277,flores_devtest,277,uz,ru,Madxya-Pradesh politsiyasi o'g'irlangan noutbuk hamda mobil telefonni qaytardi.,Полиция штата Мадхья-Прадеш вернула украденные ноутбук и мобильный телефон.
uz-ru-0356,flores_devtest,356,uz,ru,Sun'iy yo'ldosh yoki teleskopni kosmosga joylashtirish uchun 100 futdan ortiq balandlikdagi ulkan raketa talab qilinadi.,Для запуска в космос спутника или телескопа необходима гигантская ракета высотой более 100 футов.
uz-ru-0364,flores_devtest,364,uz,ru,"Urg'ochilar, odatda, katta oilaning opa-singillari yoki qizi bo'lib, bir-biriga chambarchas bog'liqdir.",Самки обычно находятся друг с другом в родстве и составляют большую семью сестёр и дочерей.
uz-ru-0397,flores_devtest,397,uz,ru,"Kan'on yerlarida keng o'rmonlar yo'q edi, shu sababdan yog'och nihoyatda qimmat edi.","На земле Ханаана не было больших лесов, поэтому древесина была чрезвычайно дорогой."
uz-ru-0418,flores_devtest,418,uz,ru,"Italiya milliy futbol jamoasi Germaniya milliy futbol jamoasi qatori dunyodagi eng muvaffaqiyatli ikkinchi jamoa bo'lib, 2006-yilda FIFA Jahon chempionatida g'olib chiqqan.","Итальянская сборная по футболу, наряду с немецкой, является второй самой успешной командой в мире и в 2006 году выиграла Кубок мира ФИФА."
uz-ru-0423,flores_devtest,423,uz,ru,"Tayvanning boshlanishi 15-asrga borib taqaladi, bunda o'tib ketayotgan yevropalik dengizchilar orol nomini Ilha Formosa yoki go'zal orol deb yozib qoldirishadi.","Тайвань берёт своё начало много лет назад, в XV веке, когда европейские мореплаватели, проплывающие мимо, записали название острова как Ilha Formosa, или ""прекрасный остров""."
uz-ru-0439,flores_devtest,439,uz,ru,"Uning keng qamrovli qudrati shohdan tortib, oddiy insongacha ta'sir qildi.",Её всепроникающая сила коснулась каждого - от короля до простолюдина.
uz-ru-0442,flores_devtest,442,uz,ru,"Harbiy harakatlar xurujidan ko'p o'tmay, Britaniya Germaniyani dengizda blokada qilishni boshladi.",Вскоре после начала военных действий Британия устроила морскую блокаду Германии.
uz-ru-0447,flores_devtest,447,uz,ru,Birinchi jahon urushi vaqtida urush dahshatlari va vahshiyliklarini ko'rgan xalqlar kelajakda shu kabi holatlarning oldini olishni istaganlar.,"Познав ужасы и зверства Первой мировой войны, государства хотели избежать подобной ситуации в будущем."
uz-ru-0449,flores_devtest,449,uz,ru,"U AQSHga o'z nomidagi 4 sent, she'riy kitob va Charlz Batchelordan (oldingi ish joyidagi ish boshqaruvchisi) Tomas Edisonga tavsiyanoma bilan kelgandi.","Он приехал в США с четырьмя центами в кармане, книгой стихов и рекомендательным письмом от Чарльза Бэтчелора, который был его начальником на предыдущей работе, к Томасу Эдисону."
uz-ru-0491,flores_devtest,491,uz,ru,Moda poytaxti unvonining Konstantinopoldan Parijga o'tishi aynan shu vaqtda yuz berdi.,В этот момент и произошел переход титула Столицы Моды от Константинополя к Парижу.
uz-ru-0502,flores_devtest,502,uz,ru,"Submadaniyat a'zolari ko'pincha o'z a'zoliklarini modalar, xulq-atvor va jargonlarni o'z ichiga olgan uslubdan o'ziga xos va ramziy foydalanish orqali namoyon etadilar.","Представители определенной субкультуры зачастую заявляют о своей принадлежности через своеобразное и символичное использование стиля, в том числе через моду, манеры и жаргон."
uz-ru-0512,flores_devtest,512,uz,ru,"Bolalar e'tiborsizlikdan tortib, zo'ravonlik va hatto tovlamachilikka qadar turli sabablarga ko'ra homiylik parvarishiga topshiriladi.",Дети передаются под опеку по множеству разнообразных причин: от беспризорности до жестокого обращения и даже вымогательств.
uz-ru-0540,flores_devtest,540,uz,ru,"Tibet buddizmi Budda ta'limotlariga asoslanadi, lekin muhabbatning mahayana yo'li bilan va hind yogasining ko'plab uslublari bilan kengaytirilgan.","Тибетский буддизм основан на учениях Будды, но был дополнен махаянским путем любви и множеством техник индийской йоги."
uz-ru-0552,flores_devtest,552,uz,ru,"Shu bilan birga Nemis dengiz floti, asosan, dengizosti qayiqlaridan foydalanib, ushbu transport harakatini to'xtatishga urinayotgandi.","В это же время немецкий военно-морской флот, используя в основном свои подводные лодки, пытался остановить это движение."
uz-ru-0631,flores_devtest,631,uz,ru,Vatikan shahri aholisi 800 kishi atrofida. U dunyodagi eng kichik mustaqil davlat va eng kam aholiga ega mamlakatdir.,"Население Ватикана составляет около 800 человек. Это самая маленькая независимая страна в мире, а также страна, имеющая наименьшее население."
uz-ru-0632,flores_devtest,632,uz,ru,Vatikan shahri qonunchilik va rasmiy muloqot uchun italyan tilini qo'llaydi.,В Ватикане используют итальянский язык в законодательстве и официальных сообщениях.
uz-ru-0636,flores_devtest,636,uz,ru,"Faylasuf Aristotel barcha narsa to'rt unsurning bir yoki bir nechtasi aralashmasidan tashkil topgan degan nazariyani ilgari surgan. Ularni tuproq, suv, havo va olov ekanligini aytib o'tgan.","Философ Аристотель считал, что всё состоит из смеси одного или нескольких из четырёх элементов. Это были земля, вода, воздух и огонь."
uz-ru-0676,flores_devtest,676,uz,ru,Yangi texnologiyalarning rivojlanishi bizga oldin hech qachon kuzatilmagan miyaning tuzilishi hamda ishlash jarayonini ko'rish va tadqiq etish imkon yaratdi.,Появление новых технологий позволяет нам увидеть и исследовать невиданные ранее структуры и процессы мозга.
uz-ru-0685,flores_devtest,685,uz,ru,Ekskursiyalarni virtual tarzda bo'lishish sayohat haqida fikr yuritish va kelasi darslar bilan tajriba almashish uchun ajoyib usuldir.,Выкладывание экскурсии в виртуальное пространство для всеобщего обозрения — это также отличный способ освежить в памяти экскурсию и поделиться своим полученными знаниями с будущими классами.
uz-ru-0700,flores_devtest,700,uz,ru,Arablar bu yerlarga islomni ham olib kelishdi va bu Komor orollari hamda Mayottada katta ahamiyat kasb etdi.,"Арабы также принесли в этот регион ислам, особенно он укоренился на Коморах и Майотте."
uz-ru-0704,flores_devtest,704,uz,ru,Uzuk taqish ham foydali (shunchaki nihoyatda qimmat ko'rinmaydiganini.,Также полезно носить кольцо (только не слишком дорогое на вид).
uz-ru-0717,flores_devtest,717,uz,ru,"Yetishish imkoniyati nisbatan kamligi bilan birga, ""Timbuktu"" uzoq, ekzotik o'lkalar uchun metafora sifatida ishlatila boshlandi.","В связи со своей относительной недоступностью, ""Тимбукту"" стал метафорой экзотической дальней земли."
uz-ru-0742,flores_devtest,742,uz,ru,"Ikki minoraning balandligi 83 metrga yetadi, u uzunligi 378 metr hamda kengligi 3,5 m bo'lgan ikkita yo'lakchaga ega.","Эти две башни достигают 83 метра в высоту, а сам мост 378 метров в длину и имеет две полосы движения шириной 3,5 метра."
uz-ru-0746,flores_devtest,746,uz,ru,"Chako mintaqasida Guaykuru va Payagua kabi mahalliy qabilalarning boshqa guruhlari yashab, ular ovchilik, termachilik va baliq ovlash orqali hayotlarini saqlab qolishgan.","Область Чако служила домом для разных групп местных племен, например для Гуайкуру и Паягуа, они выживали при помощи охоты, собирательства и рыбалки."
uz-ru-0761,flores_devtest,761,uz,ru,"Qish chalg'itadigan sovuq bo'lishi mumkin: haroratlar kamdan-ham hollarda muzlash nuqtasidan pastga tushadi, biroq shamol va namlik birlashgan holda termometr ko'rsatganiga qaraganda sovuqroqdek tuyulishi mumkin.","Зима может быть обманчиво холодной: температура редко опускается ниже нуля, но сочетание ветра и влажности воздуха создает ощущение более холодной погоды в сравнении с тем, что показывает термометр."
uz-ru-0768,flores_devtest,768,uz,ru,Apia Samoaning poytaxtidir. Shahar Upolu orolida va 40 000 nafardan kamroq aholiga ega.,Апиа – столица Самоа. Город расположен на острове Уполу и имеет население чуть менее 40 000 жителей.
uz-ru-0771,flores_devtest,771,uz,ru,Bitta Britaniya kreyseridan boshqa barcha kemalar cho'ktirilgan edi. 200 ga yaqin amerikalik va nemis halok bo'lgan.,"Все корабли затонули, за исключением одного британского крейсера. Погибли около 200 американских и немецких моряков."
uz-ru-0787,flores_devtest,787,uz,ru,"Sho'r suv timsohlari okeanda ko'p uchramaydi, ularning asosiy yashash joyi Rokxemptondan shimolda joylashgan daryolarning quyilish joylaridir.","Гребнистые крокодилы не ведут активную жизнь в океане, а их основная среда обитания — эстуарии рек к северу от Рокгемптона."
uz-ru-0814,flores_devtest,814,uz,ru,"Agar siz kechiktirish e'lon qilinishidan avval 2020-yil uchun reyslar va mehmonxonani buyurtna qilgan bo'lsangiz, siz qiyin vaziyatda qolishingiz mumkin.","Если вы забронировали авиабилеты и проживание на 2020 год до того, как было объявлено о переносе даты, у вас может возникнуть непростая ситуация."
uz-ru-0823,flores_devtest,823,uz,ru,Sayyohlar o'z mintaqalarida noma'lum bo'lgan hayvon parazitlariga duch kelishlari mumkin.,"Путешественники могут встретиться с животными-вредителями, которых они не видели в своих родных краях."
uz-ru-0827,flores_devtest,827,uz,ru,"Og'ir soliqlarga ega mamlakatlarga boruvchi sayohatchilar ba'zi hollarda, ayniqsa, spirtli ichimliklar va tamaki mahsulotlari kabilardan anchagina pul tejab qolishlari mumkin.","Путешественники, направляющиеся в страны с высоким налогообложением, могут иногда сэкономить значительную сумму, особенно на таких товарах, как спиртные напитки и табак."
uz-ru-0831,flores_devtest,831,uz,ru,"Qizig'i shuki, bu yerda mobil telefon xizmati, boshqa ko'p yo'nalishlarga qaraganda, masalan, Pensilvaniya Uayldzdan ko'ra ancha kuchliroq.","Однако, как ни странно, мобильная телефонная связь здесь намного лучше, чем на многих других участках маршрута, например в Пенсильвании Уайлдс."
uz-ru-0857,flores_devtest,857,uz,ru,"Yevropa nisbatan kichik, biroq ko'plab mustaqil davlatlarga ega bo'lgan qit'adir. Odatiy sharoitlarda bir nechta mamlakatlar bo'ylab sayohat qilish bir necha marta vizaga ariza topshirish va pasport nazoratidan o'tish kerakligini anglatadi.","Европа — относительно маленький континент, но на нём много независимых государств. В обычных обстоятельствах путешествие через множество стран означало бы необходимость подачи прошений для получения визы и многократного прохождения паспортного контроля."
uz-ru-0885,flores_devtest,885,uz,ru,Chet el hukumatlarining mazkur hujjatlarni hurmat qilishga tayyorligi xuddi shu darajada o'zgaruvchandir.,Готовность зарубежных правительств выполнять свои обязательства по данным документам столь же весьма различна.
uz-ru-0902,flores_devtest,902,uz,ru,Sahnalar piramidalar ustida namoyish etildi va turli xil piramidalar yoritildi.,"Сцены показывают на пирамидах, и разные пирамиды освещаются."
uz-ru-0913,flores_devtest,913,uz,ru,Akademik ta'tilni rejalashtirayotganlar orasida tobora ommalashib borayotgan tanlov – sayohat hamda o'rganishdir.,"Вариант, становящийся всё более популярным для тех, кто планирует взять академический год, это путешествовать и учиться."
uz-ru-0950,flores_devtest,950,uz,ru,Yana shimolda butun dunyoga mashhur bo'lgan Mariam onamizning ko'rinish joyi bo'lgan Fotima onamiz ibodatxonasiga (Muqaddas jiy) ham tashrif buyuring.,Севернее посетите также великий Храм Фатимской Богоматери (усыпальница) — место всемирно известных явлений Девы Марии.
uz-ru-0978,flores_devtest,978,uz,ru,Fors tili nisbatan oson va aksariyat hollarda o'zgarmas grammatikaga ega.,В персидском языке относительно лёгкая и в основном закономерная грамматика.
uz-ru-0994,flores_devtest,994,uz,ru,Ichki suv yo'llari ta'til uchun yaxshi mavzu bo'lishi mumkin.,Внутренние водные пути могут стать хорошей темой для проведения какого-либо праздника.
uz-zh-0063,flores_devtest,63,uz,zh,"Tarixchilar agentlikning muvaffaqiyat darajasini kuchaytirish uchun osongina hal qilish mumkin bo'lgan, ayniqsa avtomobil o'g'rilanishi bo'yicha ishlarga resurslarning qaratilganligi uchun FQB agentligining o'tmishdagi siyosatlarini tanqid qildilar.",历史学家批判了联邦调查局的过往政策，这种政策会把资源集中到容易破获的案件上，尤以偷车案件居多，目的只在于提高该机构的成功破案率。
uz-zh-0068,flores_devtest,68,uz,zh,"AQSH Prezidenti Jorj V. Bush, Osiyo bo'ylab bir haftalik sayohatini boshlab, 16-noyabr kuni tongda Singapurga yetib keldi.",美国总统乔治·沃克·布什于 11 月 16 日上午抵达新加坡，开始为期一周的亚洲之行。
uz-zh-0083,flores_devtest,83,uz,zh,"Katrina bo'roni vaqtida 20 fut balandlikdagi toshqinga guvoh bo'lgan to'qqizinchi bo'linma, suv yaqindagi to'g'ondan oshib o'tgani sababli, hozirda belgacha keladigan suv ostida qolgan.",“卡特里娜”飓风来袭时，第九区洪水水位一度高达 20 英尺，由于附近的防洪堤已经被淹没，目前水位已达齐腰深度。
uz-zh-0085,flores_devtest,85,uz,zh,Parlamentning quyi palatasi ma'muri Adam Kuerden o'tgan oyda Wikinews bilan suhbatida o'chirishlardan ranjiganini aytdi.,共享资源管理员亚当·库尔登 (Adam Cuerden) 上个月在接受维基新闻 (Wikinews) 采访时表达了他对删除相关内容的不满。
uz-zh-0091,flores_devtest,91,uz,zh,"Olimlar qora materiya boshqa qora materiyaga xuddi odatiy materiya ta'sir qilgani kabi ta'sir ko'rsatadi, degan xulosaga kelishdi.",科学家们可以得出结论，暗物质对其他暗物质的影响方式与普通物质相同。
uz-zh-0125,flores_devtest,125,uz,zh,"Ko'ngilsiz hodisa yuz bergan joy yaqinidagi garajda ishlayotgan kishi: ""U yerda yo'lni kesib o'tmoqchi bo'layotgan bolalar bor edi va ularning barchasi qichqirib yig'layotgandi"" deb aytdi.",一名在事故发生地附近的车库立的工作人员说：“孩子们正等着过马路，并且都在大声尖叫，哭个不停。”
uz-zh-0165,flores_devtest,165,uz,zh,1988-yildan beri ovoz beruvchilar va kuzatuvchilar boshlanishida konvertlar mavjud emasligi va mos tarzda sanalgan va vakolat berilgan ovoz beruvchilardan tashqari hech qanday konvertlar qo'shilmasligiga guvohlik bera olishlari uchun saylov qutilarining shaffof bo'lishi talab qilinadi.,自 1988 年以来，投票箱就必须是透明的，这样选民和观察员才能看到投票开始时箱内没有信封，还能看到除了那些及时统计过、有权投票的选民以外，没有其他人向箱内投入信封。
uz-zh-0179,flores_devtest,179,uz,zh,"Bu ikki hafta avval sovrin yutgan ""All Blacks"" jamoasi uchun oxirgi o'yin edi.",全黑队在两周前已经赢得了奖杯，而这场比赛是他们打的最后一场。
uz-zh-0195,flores_devtest,195,uz,zh,Fotosuratchi Ronald Reygan nomidagi UCLA Tibbiyot Markaziga yetkazilgan va keyinchalik u yerda vafot etgan.,这名摄影师被送往加州大学洛杉矶分校罗纳德·里根医疗中心，其后不治。
uz-zh-0225,flores_devtest,225,uz,zh,Rok guruhi AQSH va Kanadada 16-sentyabrga qadar gastrol safarida bo'lishi kerak edi.,这支摇滚乐队原定在美国和加拿大巡演，一直持续到 9 月 16 日。
uz-zh-0277,flores_devtest,277,uz,zh,Madxya-Pradesh politsiyasi o'g'irlangan noutbuk hamda mobil telefonni qaytardi.,中央邦警方追回了被盗的笔记本电脑和手机。
uz-zh-0356,flores_devtest,356,uz,zh,Sun'iy yo'ldosh yoki teleskopni kosmosga joylashtirish uchun 100 futdan ortiq balandlikdagi ulkan raketa talab qilinadi.,要把卫星或望远镜送入太空，需要一枚超过 100 英尺高的巨型火箭。
uz-zh-0364,flores_devtest,364,uz,zh,"Urg'ochilar, odatda, katta oilaning opa-singillari yoki qizi bo'lib, bir-biriga chambarchas bog'liqdir.",作为大家庭里的姐妹和女儿，雌性之间通常彼此关系密切。
uz-zh-0397,flores_devtest,397,uz,zh,"Kan'on yerlarida keng o'rmonlar yo'q edi, shu sababdan yog'och nihoyatda qimmat edi.",迦南没有大森林，所以木材非常昂贵。
uz-zh-0418,flores_devtest,418,uz,zh,"Italiya milliy futbol jamoasi Germaniya milliy futbol jamoasi qatori dunyodagi eng muvaffaqiyatli ikkinchi jamoa bo'lib, 2006-yilda FIFA Jahon chempionatida g'olib chiqqan.",意大利国家足球队和德国国家足球队都是世界上第二成功的球队，在 2006 年拿下了足球世界杯冠军。
uz-zh-0423,flores_devtest,423,uz,zh,"Tayvanning boshlanishi 15-asrga borib taqaladi, bunda o'tib ketayotgan yevropalik dengizchilar orol nomini Ilha Formosa yoki go'zal orol deb yozib qoldirishadi.",西方对台湾的了解可以追溯到 15 世纪。当时路过的欧洲水手将该岛命名为“福尔摩沙岛”(Ilha Formosa)，意思是美丽的岛屿。
uz-zh-0439,flores_devtest,439,uz,zh,"Uning keng qamrovli qudrati shohdan tortib, oddiy insongacha ta'sir qildi.",从国王到平民，它遍布十方的力量影响着每一个人。
uz-zh-0442,flores_devtest,442,uz,zh,"Harbiy harakatlar xurujidan ko'p o'tmay, Britaniya Germaniyani dengizda blokada qilishni boshladi.",敌对行动爆发后不久，英国开始对德国实施海上封锁。
uz-zh-0447,flores_devtest,447,uz,zh,Birinchi jahon urushi vaqtida urush dahshatlari va vahshiyliklarini ko'rgan xalqlar kelajakda shu kabi holatlarning oldini olishni istaganlar.,目睹第一次世界大战中的肆虐残暴后，各国都渴望避免重蹈覆辙。
uz-zh-0449,flores_devtest,449,uz,zh,"U AQSHga o'z nomidagi 4 sent, she'riy kitob va Charlz Batchelordan (oldingi ish joyidagi ish boshqaruvchisi) Tomas Edisonga tavsiyanoma bilan kelgandi.",他在抵达美国时，身上带着 4 美分、一本诗集，还有一封查尔斯•巴舍勒（Charles Batchelor）（他前份工作的经理）写给托马斯•爱迪生（Thomas Edison）的推荐信。
uz-zh-0491,flores_devtest,491,uz,zh,Moda poytaxti unvonining Konstantinopoldan Parijga o'tishi aynan shu vaqtda yuz berdi.,正是在这个时候，时尚之都的称号从君士坦丁堡转移到了巴黎。
uz-zh-0502,flores_devtest,502,uz,zh,"Submadaniyat a'zolari ko'pincha o'z a'zoliklarini modalar, xulq-atvor va jargonlarni o'z ichiga olgan uslubdan o'ziga xos va ramziy foydalanish orqali namoyon etadilar.",亚文化群体的成员，常常会象征性地利用独特的行事风格来表明他们的成员身份，包括时尚服装、举止和黑话。
uz-zh-0512,flores_devtest,512,uz,zh,"Bolalar e'tiborsizlikdan tortib, zo'ravonlik va hatto tovlamachilikka qadar turli sabablarga ko'ra homiylik parvarishiga topshiriladi.",孩子们因为各种原因被寄养，原因有被忽视、被虐待，甚至是被勒索。
uz-zh-0540,flores_devtest,540,uz,zh,"Tibet buddizmi Budda ta'limotlariga asoslanadi, lekin muhabbatning mahayana yo'li bilan va hind yogasining ko'plab uslublari bilan kengaytirilgan.",藏传佛教以佛陀的教义为基础，但通过大乘佛教的普世之爱和印度瑜伽的许多技巧得到了拓展。
uz-zh-0552,flores_devtest,552,uz,zh,"Shu bilan birga Nemis dengiz floti, asosan, dengizosti qayiqlaridan foydalanib, ushbu transport harakatini to'xtatishga urinayotgandi.",与此同时，以 U 型潜艇为主力的德国海军试图拦截这场运输。
uz-zh-0631,flores_devtest,631,uz,zh,Vatikan shahri aholisi 800 kishi atrofida. U dunyodagi eng kichik mustaqil davlat va eng kam aholiga ega mamlakatdir.,梵蒂冈城的人口大约有 800 人。它是世界上最小的独立国家，也是人口最少的国家。
uz-zh-0632,flores_devtest,632,uz,zh,Vatikan shahri qonunchilik va rasmiy muloqot uchun italyan tilini qo'llaydi.,梵蒂冈城在法律法规和官方通信中使用意大利语。
uz-zh-0636,flores_devtest,636,uz,zh,"Faylasuf Aristotel barcha narsa to'rt unsurning bir yoki bir nechtasi aralashmasidan tashkil topgan degan nazariyani ilgari surgan. Ularni tuproq, suv, havo va olov ekanligini aytib o'tgan.",哲学家亚里士多德提出一种理论，即任何事物都是由土、水、空气和火四种元素中的一种或多种组成的。
uz-zh-0676,flores_devtest,676,uz,zh,Yangi texnologiyalarning rivojlanishi bizga oldin hech qachon kuzatilmagan miyaning tuzilishi hamda ishlash jarayonini ko'rish va tadqiq etish imkon yaratdi.,新技术的兴起让我们能够看到和研究大脑的结构和工作过程，这些是以前从未见过的。
uz-zh-0685,flores_devtest,685,uz,zh,Ekskursiyalarni virtual tarzda bo'lishish sayohat haqida fikr yuritish va kelasi darslar bilan tajriba almashish uchun ajoyib usuldir.,以虚拟方式分享实地考察，也是回顾行程以及与以后班级分享经验的好办法。
uz-zh-0700,flores_devtest,700,uz,zh,Arablar bu yerlarga islomni ham olib kelishdi va bu Komor orollari hamda Mayottada katta ahamiyat kasb etdi.,阿拉伯人也把伊斯兰教带到了这片土地，这一教义在科摩罗和马约特国家盛行。
uz-zh-0704,flores_devtest,704,uz,zh,Uzuk taqish ham foydali (shunchaki nihoyatda qimmat ko'rinmaydiganini.,戴戒指也会有帮助（但不要戴看上去太贵的戒指。
uz-zh-0717,flores_devtest,717,uz,zh,"Yetishish imkoniyati nisbatan kamligi bilan birga, ""Timbuktu"" uzoq, ekzotik o'lkalar uchun metafora sifatida ishlatila boshlandi.",又因为相对偏僻，“廷巴克图”被用来比喻遥远的异国他乡。
uz-zh-0742,flores_devtest,742,uz,zh,"Ikki minoraning balandligi 83 metrga yetadi, u uzunligi 378 metr hamda kengligi 3,5 m bo'lgan ikkita yo'lakchaga ega.",两座桥塔高 83 米，桥的长度为 378 米，有两条 3.50米宽的车道。
uz-zh-0746,flores_devtest,746,uz,zh,"Chako mintaqasida Guaykuru va Payagua kabi mahalliy qabilalarning boshqa guruhlari yashab, ular ovchilik, termachilik va baliq ovlash orqali hayotlarini saqlab qolishgan.",查科 (Chaco) 地区是瓜伊库鲁 (Guaycuru) 和帕亚瓜 (Payagua) 等其他土著部落的家园，他们靠狩猎、采集和捕鱼为生。
uz-zh-0761,flores_devtest,761,uz,zh,"Qish chalg'itadigan sovuq bo'lishi mumkin: haroratlar kamdan-ham hollarda muzlash nuqtasidan pastga tushadi, biroq shamol va namlik birlashgan holda termometr ko'rsatganiga qaraganda sovuqroqdek tuyulishi mumkin.",冬天可能会比看上去显得更冷：温度很少低于零度，但当风和湿度结合在一起，会让人感觉比温度计显示的温度要冷。
uz-zh-0768,flores_devtest,768,uz,zh,Apia Samoaning poytaxtidir. Shahar Upolu orolida va 40 000 nafardan kamroq aholiga ega.,阿皮亚是萨摩亚的首都。该城镇位于乌波卢（Upolu）岛上，人口数量不足 4 万。
uz-zh-0771,flores_devtest,771,uz,zh,Bitta Britaniya kreyseridan boshqa barcha kemalar cho'ktirilgan edi. 200 ga yaqin amerikalik va nemis halok bo'lgan.,除了一艘英国巡航舰外，其余船只悉数沉没。近 200 名美国人和德国人丧失生命。
uz-zh-0787,flores_devtest,787,uz,zh,"Sho'r suv timsohlari okeanda ko'p uchramaydi, ularning asosiy yashash joyi Rokxemptondan shimolda joylashgan daryolarning quyilish joylaridir.",咸水鳄的主要栖息地并非海洋，而是罗克汉普顿 (Rockhampton) 北部的河口。
uz-zh-0814,flores_devtest,814,uz,zh,"Agar siz kechiktirish e'lon qilinishidan avval 2020-yil uchun reyslar va mehmonxonani buyurtna qilgan bo'lsangiz, siz qiyin vaziyatda qolishingiz mumkin.",如果你在宣布推迟之前预订了 2020 年的航班和住宿，则可能会面临棘手的情况。
uz-zh-0823,flores_devtest,823,uz,zh,Sayyohlar o'z mintaqalarida noma'lum bo'lgan hayvon parazitlariga duch kelishlari mumkin.,旅行者可能会遇到在家乡不常见的有害动物。
uz-zh-0827,flores_devtest,827,uz,zh,"Og'ir soliqlarga ega mamlakatlarga boruvchi sayohatchilar ba'zi hollarda, ayniqsa, spirtli ichimliklar va tamaki mahsulotlari kabilardan anchagina pul tejab qolishlari mumkin.",前往课征重税的国家/地区的旅客有时可以省下一大笔钱，在这些地方购买酒水和烟草等产品特别划算。
uz-zh-0831,flores_devtest,831,uz,zh,"Qizig'i shuki, bu yerda mobil telefon xizmati, boshqa ko'p yo'nalishlarga qaraganda, masalan, Pensilvaniya Uayldzdan ko'ra ancha kuchliroq.",不过，令人奇怪的是，这里的手机服务比沿途的许多其他路线（例如宾夕法尼亚州荒原）要强得多。
uz-zh-0857,flores_devtest,857,uz,zh,"Yevropa nisbatan kichik, biroq ko'plab mustaqil davlatlarga ega bo'lgan qit'adir. Odatiy sharoitlarda bir nechta mamlakatlar bo'ylab sayohat qilish bir necha marta vizaga ariza topshirish va pasport nazoratidan o'tish kerakligini anglatadi.",欧洲是片面积相对较小但有着许多独立国家的大陆。在通常情况下，穿越多个国家旅行意味着必须多次经历签证申请和护照检查。
uz-zh-0885,flores_devtest,885,uz,zh,Chet el hukumatlarining mazkur hujjatlarni hurmat qilishga tayyorligi xuddi shu darajada o'zgaruvchandir.,外国政府对这些文件的认可程度也千差万别。
uz-zh-0902,flores_devtest,902,uz,zh,Sahnalar piramidalar ustida namoyish etildi va turli xil piramidalar yoritildi.,场景在金字塔上展示，不同的金字塔被点亮。
uz-zh-0913,flores_devtest,913,uz,zh,Akademik ta'tilni rejalashtirayotganlar orasida tobora ommalashib borayotgan tanlov – sayohat hamda o'rganishdir.,对于那些计划怎么度过空档年的人来说，游学成为越来越受欢迎的选择。
uz-zh-0950,flores_devtest,950,uz,zh,Yana shimolda butun dunyoga mashhur bo'lgan Mariam onamizning ko'rinish joyi bo'lgan Fotima onamiz ibodatxonasiga (Muqaddas jiy) ham tashrif buyuring.,也可以到北部参观法蒂玛圣母院（圣地），它是举世闻名的圣母玛丽亚显现之地。
uz-zh-0978,flores_devtest,978,uz,zh,Fors tili nisbatan oson va aksariyat hollarda o'zgarmas grammatikaga ega.,波斯语的语法大多相对简单，有规律可循。
uz-zh-0994,flores_devtest,994,uz,zh,Ichki suv yo'llari ta'til uchun yaxshi mavzu bo'lishi mumkin.,内陆水道可以作为假期游玩的一个不错的主题。
zh-en-0063,flores_devtest,63,zh,en,历史学家批判了联邦调查局的过往政策，这种政策会把资源集中到容易破获的案件上，尤以偷车案件居多，目的只在于提高该机构的成功破案率。,"Historians have criticized past FBI policies for focusing resources on cases which are easy to solve, especially stolen car cases, with the intent of boosting the agency's success rate."
zh-en-0068,flores_devtest,68,zh,en,美国总统乔治·沃克·布什于 11 月 16 日上午抵达新加坡，开始为期一周的亚洲之行。,"U.S. President George W. Bush arrived in Singapore the morning of November 16, beginning a week-long tour of Asia."
zh-en-0083,flores_devtest,83,zh,en,“卡特里娜”飓风来袭时，第九区洪水水位一度高达 20 英尺，由于附近的防洪堤已经被淹没，目前水位已达齐腰深度。,"The Ninth Ward, which saw flooding as high as 20 feet during Hurricane Katrina, is currently in waist-high water as the nearby levee was overtopped."
zh-en-0085,flores_devtest,85,zh,en,共享资源管理员亚当·库尔登 (Adam Cuerden) 上个月在接受维基新闻 (Wikinews) 采访时表达了他对删除相关内容的不满。,Commons Administrator Adam Cuerden expressed his frustration over the deletions when he spoke to Wikinews last month.
zh-en-0091,flores_devtest,91,zh,en,科学家们可以得出结论，暗物质对其他暗物质的影响方式与普通物质相同。,The scientists were able to conclude that the dark matter affect other dark matter in the same way regular matter does.
zh-en-0125,flores_devtest,125,zh,en,一名在事故发生地附近的车库立的工作人员说：“孩子们正等着过马路，并且都在大声尖叫，哭个不停。”,"A person working in a garage near where the accident occurred said: ""There were children waiting to cross the road and they were all screaming and crying."""
zh-en-0165,flores_devtest,165,zh,en,自 1988 年以来，投票箱就必须是透明的，这样选民和观察员才能看到投票开始时箱内没有信封，还能看到除了那些及时统计过、有权投票的选民以外，没有其他人向箱内投入信封。,"Since 1988, ballot boxes must be transparent so that voters and observers can witness that no envelopes are present at the start of the vote and that no envelopes are added except those of the duly counted and authorized voters."
zh-en-0179,flores_devtest,179,zh,en,全黑队在两周前已经赢得了奖杯，而这场比赛是他们打的最后一场。,"It was the final match for the All Blacks, who had already won the trophy two weeks ago."
zh-en-0195,flores_devtest,195,zh,en,这名摄影师被送往加州大学洛杉矶分校罗纳德·里根医疗中心，其后不治。,"The photographer was transported to Ronald Reagan UCLA Medical Center, where he subsequently died."
zh-en-0225,flores_devtest,225,zh,en,这支摇滚乐队原定在美国和加拿大巡演，一直持续到 9 月 16 日。,The rock band was due to tour the United States and Canada until September 16.
zh-en-0277,flores_devtest,277,zh,en,中央邦警方追回了被盗的笔记本电脑和手机。,The Madhya Pradesh Police recovered the stolen laptop and mobile phone.
zh-en-0356,flores_devtest,356,zh,en,要把卫星或望远镜送入太空，需要一枚超过 100 英尺高的巨型火箭。,It takes a giant rocket over a 100 feet high to put a satellite or telescope in space.
zh-en-0364,flores_devtest,364,zh,en,作为大家庭里的姐妹和女儿，雌性之间通常彼此关系密切。,"The females are usually closely related to each other, being a large family of sisters and daughters."
zh-en-0397,flores_devtest,397,zh,en,迦南没有大森林，所以木材非常昂贵。,"There were no large forests in the land of Canaan, so wood was extremely expensive."
zh-en-0418,flores_devtest,418,zh,en,意大利国家足球队和德国国家足球队都是世界上第二成功的球队，在 2006 年拿下了足球世界杯冠军。,"Italy's national football, along with German national football team is the second most successful team in the world and were the FIFA World Cup champions in 2006."
zh-en-0423,flores_devtest,423,zh,en,西方对台湾的了解可以追溯到 15 世纪。当时路过的欧洲水手将该岛命名为“福尔摩沙岛”(Ilha Formosa)，意思是美丽的岛屿。,"Taiwan beginning start way back in 15th century where European sailors passing by record the island’s name as Ilha Formosa, or beautiful island."
zh-en-0439,flores_devtest,439,zh,en,从国王到平民，它遍布十方的力量影响着每一个人。,Its all-pervading power affected everyone from king to commoner.
zh-en-0442,flores_devtest,442,zh,en,敌对行动爆发后不久，英国开始对德国实施海上封锁。,"Soon after the outbreak of hostilities, Britain initiated a naval blockade of Germany."
zh-en-0447,flores_devtest,447,zh,en,目睹第一次世界大战中的肆虐残暴后，各国都渴望避免重蹈覆辙。,"After seeing the horrors and atrocities of war during World War I, nations desired to avoid such a situation again in the future."
zh-en-0449,flores_devtest,449,zh,en,他在抵达美国时，身上带着 4 美分、一本诗集，还有一封查尔斯•巴舍勒（Charles Batchelor）（他前份工作的经理）写给托马斯•爱迪生（Thomas Edison）的推荐信。,"He arrived in the US with 4 cents to his name, a book of poetry, and a letter of recommendation from Charles Batchelor (his manager in his previous job) to Thomas Edison."
zh-en-0491,flores_devtest,491,zh,en,正是在这个时候，时尚之都的称号从君士坦丁堡转移到了巴黎。,It was at this time that the transfer of the title of Fashion Capital from Constantinople to Paris was made.
zh-en-0502,flores_devtest,502,zh,en,亚文化群体的成员，常常会象征性地利用独特的行事风格来表明他们的成员身份，包括时尚服装、举止和黑话。,"Members of a subculture often signal their membership through a distinctive and symbolic use of style, which includes fashions, mannerisms, and argot."
zh-en-0512,flores_devtest,512,zh,en,孩子们因为各种原因被寄养，原因有被忽视、被虐待，甚至是被勒索。,"Children are placed in Foster Care for a wide variety of reasons that range from neglect, to abuse, and even to extortion."
zh-en-0540,flores_devtest,540,zh,en,藏传佛教以佛陀的教义为基础，但通过大乘佛教的普世之爱和印度瑜伽的许多技巧得到了拓展。,"The Tibetan Buddhism is based on the teachings of Buddha, but were extended by the mahayana path of love and by a lot of techniques from Indian Yoga."
zh-en-0552,flores_devtest,552,zh,en,与此同时，以 U 型潜艇为主力的德国海军试图拦截这场运输。,"At the same time, the German navy, using mainly U-boats, was trying to stop this traffic."
zh-en-0631,flores_devtest,631,zh,en,梵蒂冈城的人口大约有 800 人。它是世界上最小的独立国家，也是人口最少的国家。,Vatican City's population is around 800. It is the smallest independent country in the world and the country with the lowest population.
zh-en-0632,flores_devtest,632,zh,en,梵蒂冈城在法律法规和官方通信中使用意大利语。,Vatican City uses Italian in its legislation and official communications.
zh-en-0636,flores_devtest,636,zh,en,哲学家亚里士多德提出一种理论，即任何事物都是由土、水、空气和火四种元素中的一种或多种组成的。,"Aristotle, a philosopher, theorised that everything is made up of a mixture of one or more of four elements. They were earth, water, air, and fire."
zh-en-0676,flores_devtest,676,zh,en,新技术的兴起让我们能够看到和研究大脑的结构和工作过程，这些是以前从未见过的。,The rise of new technologies allows us to see and investigate brain structures and processes never seen before.
zh-en-0685,flores_devtest,685,zh,en,以虚拟方式分享实地考察，也是回顾行程以及与以后班级分享经验的好办法。,Sharing a field trip virtually is also a great way to reflect a on a trip and share experiences with future classes.
zh-en-0700,flores_devtest,700,zh,en,阿拉伯人也把伊斯兰教带到了这片土地，这一教义在科摩罗和马约特国家盛行。,"The Arabs also brought Islam to the lands, and it took in a big way in the Comoros and Mayotte."
zh-en-0704,flores_devtest,704,zh,en,戴戒指也会有帮助（但不要戴看上去太贵的戒指。,It is helpful to also wear a ring (just not one that looks too expensive.
zh-en-0717,flores_devtest,717,zh,en,又因为相对偏僻，“廷巴克图”被用来比喻遥远的异国他乡。,"Combined with its relative inaccessibility, ""Timbuktu"" has come to be used as a metaphor for exotic, distant lands."
zh-en-0742,flores_devtest,742,zh,en,两座桥塔高 83 米，桥的长度为 378 米，有两条 3.50米宽的车道。,"The two towers rise to a height of 83 meters, it's 378 meters long and it has two lanes of 3.50 m wide."
zh-en-0746,flores_devtest,746,zh,en,查科 (Chaco) 地区是瓜伊库鲁 (Guaycuru) 和帕亚瓜 (Payagua) 等其他土著部落的家园，他们靠狩猎、采集和捕鱼为生。,"The Chaco region was home to other groups of indigenous tribes such as the Guaycurú and Payaguá, who survived by hunting, gathering and fishing."
zh-en-0761,flores_devtest,761,zh,en,冬天可能会比看上去显得更冷：温度很少低于零度，但当风和湿度结合在一起，会让人感觉比温度计显示的温度要冷。,"The winter can be deceptively chilly: temperatures rarely go below freezing, but the wind and humidity combine to make it feel colder than what the thermometer says."
zh-en-0768,flores_devtest,768,zh,en,阿皮亚是萨摩亚的首都。该城镇位于乌波卢（Upolu）岛上，人口数量不足 4 万。,"Apia is the capital of Samoa. The town is on the island of Upolu and has a population of just under 40,000."
zh-en-0771,flores_devtest,771,zh,en,除了一艘英国巡航舰外，其余船只悉数沉没。近 200 名美国人和德国人丧失生命。,"All the ships were sunk, except for one British cruiser. Nearly 200 American and German lives were lost."
zh-en-0787,flores_devtest,787,zh,en,咸水鳄的主要栖息地并非海洋，而是罗克汉普顿 (Rockhampton) 北部的河口。,"Saltwater Crocodiles do not actively live in the ocean, their primary habitat is in river estuaries north from Rockhampton."
zh-en-0814,flores_devtest,814,zh,en,如果你在宣布推迟之前预订了 2020 年的航班和住宿，则可能会面临棘手的情况。,"If you booked your flights and accommodation for 2020 before the postponement was announced, you may have a tricky situation."
zh-en-0823,flores_devtest,823,zh,en,旅行者可能会遇到在家乡不常见的有害动物。,Travellers may encounter animal pests that they are not familiar with in their home regions.
zh-en-0827,flores_devtest,827,zh,en,前往课征重税的国家/地区的旅客有时可以省下一大笔钱，在这些地方购买酒水和烟草等产品特别划算。,"Travellers bound for countries with heavy taxation can sometimes save a considerable amount of money, especially on products such as alcoholic beverages and tobacco."
zh-en-0831,flores_devtest,831,zh,en,不过，令人奇怪的是，这里的手机服务比沿途的许多其他路线（例如宾夕法尼亚州荒原）要强得多。,"Curiously, though, mobile phone service is much stronger here than along many other stretches of the route, e.g. the Pennsylvania Wilds."
zh-en-0857,flores_devtest,857,zh,en,欧洲是片面积相对较小但有着许多独立国家的大陆。在通常情况下，穿越多个国家旅行意味着必须多次经历签证申请和护照检查。,"Europe is a continent that is relatively small but with many independent countries. Under normal circumstances, travelling through multiple countries would mean having to go through visa applications and passport control multiple times."
zh-en-0885,flores_devtest,885,zh,en,外国政府对这些文件的认可程度也千差万别。,Willingness of foreign governments to honour these documents is just as widely variable.
zh-en-0902,flores_devtest,902,zh,en,场景在金字塔上展示，不同的金字塔被点亮。,The scenes are displayed on the pyramids and the different pyramids are lit up.
zh-en-0913,flores_devtest,913,zh,en,对于那些计划怎么度过空档年的人来说，游学成为越来越受欢迎的选择。,An increasingly more popular option for those planning a gap-year is to travel and learn.
zh-en-0950,flores_devtest,950,zh,en,也可以到北部参观法蒂玛圣母院（圣地），它是举世闻名的圣母玛丽亚显现之地。,"Also to the north visit the great Sanctuary of Our Lady of Fatima (Shrine), a place of worldwide famous Marian apparitions."
zh-en-0978,flores_devtest,978,zh,en,波斯语的语法大多相对简单，有规律可循。,Persian has a relatively easy and mostly regular grammar.
zh-en-0994,flores_devtest,994,zh,en,内陆水道可以作为假期游玩的一个不错的主题。,Inland waterways can be a good theme to base a holiday around.
zh-ru-0063,flores_devtest,63,zh,ru,历史学家批判了联邦调查局的过往政策，这种政策会把资源集中到容易破获的案件上，尤以偷车案件居多，目的只在于提高该机构的成功破案率。,"Историки критикуют прошлую политику ФБР за то, что выделяла большую часть ресурсов на дела, которые легко раскрываются, особенно на дела об угоне автомобилей, с целью повышения уровня успешности работы агентства."
zh-ru-0068,flores_devtest,68,zh,ru,美国总统乔治·沃克·布什于 11 月 16 日上午抵达新加坡，开始为期一周的亚洲之行。,"Президент США Джордж Буш прибыл в Сингапур утром 16 ноября, начав свой недельный тур по Азии."
zh-ru-0083,flores_devtest,83,zh,ru,“卡特里娜”飓风来袭时，第九区洪水水位一度高达 20 英尺，由于附近的防洪堤已经被淹没，目前水位已达齐腰深度。,"Девятый административный район, затопленный на 20 футов во время урагана Катрина, сейчас по пояс залит водой, поскольку дамба, находящаяся неподалеку, оказалась недостаточно высокой, чтобы удержать воду."
zh-ru-0085,flores_devtest,85,zh,ru,共享资源管理员亚当·库尔登 (Adam Cuerden) 上个月在接受维基新闻 (Wikinews) 采访时表达了他对删除相关内容的不满。,Администратор Commons Адам Керден выразил своё разочарование в связи с удалениями в своем разговоре  в прошлом месяце с Wikinews.
zh-ru-0091,flores_devtest,91,zh,ru,科学家们可以得出结论，暗物质对其他暗物质的影响方式与普通物质相同。,"Ученые смогли сделать вывод, что темная материя воздействует на другую темную материю так же, как и в случае с обычной материей."
zh-ru-0125,flores_devtest,125,zh,ru,一名在事故发生地附近的车库立的工作人员说：“孩子们正等着过马路，并且都在大声尖叫，哭个不停。”,"Человек, работающий в гараже недалеко от того места, где произошла авария, сказал: ""Там стояли дети, которые ждали, чтобы перейти дорогу. Все они кричали и плакали."
zh-ru-0165,flores_devtest,165,zh,ru,自 1988 年以来，投票箱就必须是透明的，这样选民和观察员才能看到投票开始时箱内没有信封，还能看到除了那些及时统计过、有权投票的选民以外，没有其他人向箱内投入信封。,"Начиная с 1988 года урны для избирательных бюллетеней должны быть прозрачными, чтобы избиратели и наблюдатели могли убедиться в том, что в начале голосования внутри нет конвертов и что к ним не добавлены какие-либо другие конверты, кроме конвертов тех людей, которых допустили к участию в голосовании и голоса которых подсчитали надлежащим образом."
zh-ru-0179,flores_devtest,179,zh,ru,全黑队在两周前已经赢得了奖杯，而这场比赛是他们打的最后一场。,"Этот матч стал последним для ""Олл Блэкс"", уже завоевавших кубок две недели назад."
zh-ru-0195,flores_devtest,195,zh,ru,这名摄影师被送往加州大学洛杉矶分校罗纳德·里根医疗中心，其后不治。,"Фотограф был доставлен в медицинский центр имени Рональда Рейгана при  Калифорнийском университете в Лос-Анджелесе, где он впоследствии скончался."
zh-ru-0225,flores_devtest,225,zh,ru,这支摇滚乐队原定在美国和加拿大巡演，一直持续到 9 月 16 日。,Рок-группа должна была гастролировать по США и Канаде до 16 сентября.
zh-ru-0277,flores_devtest,277,zh,ru,中央邦警方追回了被盗的笔记本电脑和手机。,Полиция штата Мадхья-Прадеш вернула украденные ноутбук и мобильный телефон.
zh-ru-0356,flores_devtest,356,zh,ru,要把卫星或望远镜送入太空，需要一枚超过 100 英尺高的巨型火箭。,Для запуска в космос спутника или телескопа необходима гигантская ракета высотой более 100 футов.
zh-ru-0364,flores_devtest,364,zh,ru,作为大家庭里的姐妹和女儿，雌性之间通常彼此关系密切。,Самки обычно находятся друг с другом в родстве и составляют большую семью сестёр и дочерей.
zh-ru-0397,flores_devtest,397,zh,ru,迦南没有大森林，所以木材非常昂贵。,"На земле Ханаана не было больших лесов, поэтому древесина была чрезвычайно дорогой."
zh-ru-0418,flores_devtest,418,zh,ru,意大利国家足球队和德国国家足球队都是世界上第二成功的球队，在 2006 年拿下了足球世界杯冠军。,"Итальянская сборная по футболу, наряду с немецкой, является второй самой успешной командой в мире и в 2006 году выиграла Кубок мира ФИФА."
zh-ru-0423,flores_devtest,423,zh,ru,西方对台湾的了解可以追溯到 15 世纪。当时路过的欧洲水手将该岛命名为“福尔摩沙岛”(Ilha Formosa)，意思是美丽的岛屿。,"Тайвань берёт своё начало много лет назад, в XV веке, когда европейские мореплаватели, проплывающие мимо, записали название острова как Ilha Formosa, или ""прекрасный остров""."
zh-ru-0439,flores_devtest,439,zh,ru,从国王到平民，它遍布十方的力量影响着每一个人。,Её всепроникающая сила коснулась каждого - от короля до простолюдина.
zh-ru-0442,flores_devtest,442,zh,ru,敌对行动爆发后不久，英国开始对德国实施海上封锁。,Вскоре после начала военных действий Британия устроила морскую блокаду Германии.
zh-ru-0447,flores_devtest,447,zh,ru,目睹第一次世界大战中的肆虐残暴后，各国都渴望避免重蹈覆辙。,"Познав ужасы и зверства Первой мировой войны, государства хотели избежать подобной ситуации в будущем."
zh-ru-0449,flores_devtest,449,zh,ru,他在抵达美国时，身上带着 4 美分、一本诗集，还有一封查尔斯•巴舍勒（Charles Batchelor）（他前份工作的经理）写给托马斯•爱迪生（Thomas Edison）的推荐信。,"Он приехал в США с четырьмя центами в кармане, книгой стихов и рекомендательным письмом от Чарльза Бэтчелора, который был его начальником на предыдущей работе, к Томасу Эдисону."
zh-ru-0491,flores_devtest,491,zh,ru,正是在这个时候，时尚之都的称号从君士坦丁堡转移到了巴黎。,В этот момент и произошел переход титула Столицы Моды от Константинополя к Парижу.
zh-ru-0502,flores_devtest,502,zh,ru,亚文化群体的成员，常常会象征性地利用独特的行事风格来表明他们的成员身份，包括时尚服装、举止和黑话。,"Представители определенной субкультуры зачастую заявляют о своей принадлежности через своеобразное и символичное использование стиля, в том числе через моду, манеры и жаргон."
zh-ru-0512,flores_devtest,512,zh,ru,孩子们因为各种原因被寄养，原因有被忽视、被虐待，甚至是被勒索。,Дети передаются под опеку по множеству разнообразных причин: от беспризорности до жестокого обращения и даже вымогательств.
zh-ru-0540,flores_devtest,540,zh,ru,藏传佛教以佛陀的教义为基础，但通过大乘佛教的普世之爱和印度瑜伽的许多技巧得到了拓展。,"Тибетский буддизм основан на учениях Будды, но был дополнен махаянским путем любви и множеством техник индийской йоги."
zh-ru-0552,flores_devtest,552,zh,ru,与此同时，以 U 型潜艇为主力的德国海军试图拦截这场运输。,"В это же время немецкий военно-морской флот, используя в основном свои подводные лодки, пытался остановить это движение."
zh-ru-0631,flores_devtest,631,zh,ru,梵蒂冈城的人口大约有 800 人。它是世界上最小的独立国家，也是人口最少的国家。,"Население Ватикана составляет около 800 человек. Это самая маленькая независимая страна в мире, а также страна, имеющая наименьшее население."
zh-ru-0632,flores_devtest,632,zh,ru,梵蒂冈城在法律法规和官方通信中使用意大利语。,В Ватикане используют итальянский язык в законодательстве и официальных сообщениях.
zh-ru-0636,flores_devtest,636,zh,ru,哲学家亚里士多德提出一种理论，即任何事物都是由土、水、空气和火四种元素中的一种或多种组成的。,"Философ Аристотель считал, что всё состоит из смеси одного или нескольких из четырёх элементов. Это были земля, вода, воздух и огонь."
zh-ru-0676,flores_devtest,676,zh,ru,新技术的兴起让我们能够看到和研究大脑的结构和工作过程，这些是以前从未见过的。,Появление новых технологий позволяет нам увидеть и исследовать невиданные ранее структуры и процессы мозга.
zh-ru-0685,flores_devtest,685,zh,ru,以虚拟方式分享实地考察，也是回顾行程以及与以后班级分享经验的好办法。,Выкладывание экскурсии в виртуальное пространство для всеобщего обозрения — это также отличный способ освежить в памяти экскурсию и поделиться своим полученными знаниями с будущими классами.
zh-ru-0700,flores_devtest,700,zh,ru,阿拉伯人也把伊斯兰教带到了这片土地，这一教义在科摩罗和马约特国家盛行。,"Арабы также принесли в этот регион ислам, особенно он укоренился на Коморах и Майотте."
zh-ru-0704,flores_devtest,704,zh,ru,戴戒指也会有帮助（但不要戴看上去太贵的戒指。,Также полезно носить кольцо (только не слишком дорогое на вид).
zh-ru-0717,flores_devtest,717,zh,ru,又因为相对偏僻，“廷巴克图”被用来比喻遥远的异国他乡。,"В связи со своей относительной недоступностью, ""Тимбукту"" стал метафорой экзотической дальней земли."
zh-ru-0742,flores_devtest,742,zh,ru,两座桥塔高 83 米，桥的长度为 378 米，有两条 3.50米宽的车道。,"Эти две башни достигают 83 метра в высоту, а сам мост 378 метров в длину и имеет две полосы движения шириной 3,5 метра."
zh-ru-0746,flores_devtest,746,zh,ru,查科 (Chaco) 地区是瓜伊库鲁 (Guaycuru) 和帕亚瓜 (Payagua) 等其他土著部落的家园，他们靠狩猎、采集和捕鱼为生。,"Область Чако служила домом для разных групп местных племен, например для Гуайкуру и Паягуа, они выживали при помощи охоты, собирательства и рыбалки."
zh-ru-0761,flores_devtest,761,zh,ru,冬天可能会比看上去显得更冷：温度很少低于零度，但当风和湿度结合在一起，会让人感觉比温度计显示的温度要冷。,"Зима может быть обманчиво холодной: температура редко опускается ниже нуля, но сочетание ветра и влажности воздуха создает ощущение более холодной погоды в сравнении с тем, что показывает термометр."
zh-ru-0768,flores_devtest,768,zh,ru,阿皮亚是萨摩亚的首都。该城镇位于乌波卢（Upolu）岛上，人口数量不足 4 万。,Апиа – столица Самоа. Город расположен на острове Уполу и имеет население чуть менее 40 000 жителей.
zh-ru-0771,flores_devtest,771,zh,ru,除了一艘英国巡航舰外，其余船只悉数沉没。近 200 名美国人和德国人丧失生命。,"Все корабли затонули, за исключением одного британского крейсера. Погибли около 200 американских и немецких моряков."
zh-ru-0787,flores_devtest,787,zh,ru,咸水鳄的主要栖息地并非海洋，而是罗克汉普顿 (Rockhampton) 北部的河口。,"Гребнистые крокодилы не ведут активную жизнь в океане, а их основная среда обитания — эстуарии рек к северу от Рокгемптона."
zh-ru-0814,flores_devtest,814,zh,ru,如果你在宣布推迟之前预订了 2020 年的航班和住宿，则可能会面临棘手的情况。,"Если вы забронировали авиабилеты и проживание на 2020 год до того, как было объявлено о переносе даты, у вас может возникнуть непростая ситуация."
zh-ru-0823,flores_devtest,823,zh,ru,旅行者可能会遇到在家乡不常见的有害动物。,"Путешественники могут встретиться с животными-вредителями, которых они не видели в своих родных краях."
zh-ru-0827,flores_devtest,827,zh,ru,前往课征重税的国家/地区的旅客有时可以省下一大笔钱，在这些地方购买酒水和烟草等产品特别划算。,"Путешественники, направляющиеся в страны с высоким налогообложением, могут иногда сэкономить значительную сумму, особенно на таких товарах, как спиртные напитки и табак."
zh-ru-0831,flores_devtest,831,zh,ru,不过，令人奇怪的是，这里的手机服务比沿途的许多其他路线（例如宾夕法尼亚州荒原）要强得多。,"Однако, как ни странно, мобильная телефонная связь здесь намного лучше, чем на многих других участках маршрута, например в Пенсильвании Уайлдс."
zh-ru-0857,flores_devtest,857,zh,ru,欧洲是片面积相对较小但有着许多独立国家的大陆。在通常情况下，穿越多个国家旅行意味着必须多次经历签证申请和护照检查。,"Европа — относительно маленький континент, но на нём много независимых государств. В обычных обстоятельствах путешествие через множество стран означало бы необходимость подачи прошений для получения визы и многократного прохождения паспортного контроля."
zh-ru-0885,flores_devtest,885,zh,ru,外国政府对这些文件的认可程度也千差万别。,Готовность зарубежных правительств выполнять свои обязательства по данным документам столь же весьма различна.
zh-ru-0902,flores_devtest,902,zh,ru,场景在金字塔上展示，不同的金字塔被点亮。,"Сцены показывают на пирамидах, и разные пирамиды освещаются."
zh-ru-0913,flores_devtest,913,zh,ru,对于那些计划怎么度过空档年的人来说，游学成为越来越受欢迎的选择。,"Вариант, становящийся всё более популярным для тех, кто планирует взять академический год, это путешествовать и учиться."
zh-ru-0950,flores_devtest,950,zh,ru,也可以到北部参观法蒂玛圣母院（圣地），它是举世闻名的圣母玛丽亚显现之地。,Севернее посетите также великий Храм Фатимской Богоматери (усыпальница) — место всемирно известных явлений Девы Марии.
zh-ru-0978,flores_devtest,978,zh,ru,波斯语的语法大多相对简单，有规律可循。,В персидском языке относительно лёгкая и в основном закономерная грамматика.
zh-ru-0994,flores_devtest,994,zh,ru,内陆水道可以作为假期游玩的一个不错的主题。,Внутренние водные пути могут стать хорошей темой для проведения какого-либо праздника.
zh-uz-0063,flores_devtest,63,zh,uz,历史学家批判了联邦调查局的过往政策，这种政策会把资源集中到容易破获的案件上，尤以偷车案件居多，目的只在于提高该机构的成功破案率。,"Tarixchilar agentlikning muvaffaqiyat darajasini kuchaytirish uchun osongina hal qilish mumkin bo'lgan, ayniqsa avtomobil o'g'rilanishi bo'yicha ishlarga resurslarning qaratilganligi uchun FQB agentligining o'tmishdagi siyosatlarini tanqid qildilar."
zh-uz-0068,flores_devtest,68,zh,uz,美国总统乔治·沃克·布什于 11 月 16 日上午抵达新加坡，开始为期一周的亚洲之行。,"AQSH Prezidenti Jorj V. Bush, Osiyo bo'ylab bir haftalik sayohatini boshlab, 16-noyabr kuni tongda Singapurga yetib keldi."
zh-uz-0083,flores_devtest,83,zh,uz,“卡特里娜”飓风来袭时，第九区洪水水位一度高达 20 英尺，由于附近的防洪堤已经被淹没，目前水位已达齐腰深度。,"Katrina bo'roni vaqtida 20 fut balandlikdagi toshqinga guvoh bo'lgan to'qqizinchi bo'linma, suv yaqindagi to'g'ondan oshib o'tgani sababli, hozirda belgacha keladigan suv ostida qolgan."
zh-uz-0085,flores_devtest,85,zh,uz,共享资源管理员亚当·库尔登 (Adam Cuerden) 上个月在接受维基新闻 (Wikinews) 采访时表达了他对删除相关内容的不满。,Parlamentning quyi palatasi ma'muri Adam Kuerden o'tgan oyda Wikinews bilan suhbatida o'chirishlardan ranjiganini aytdi.
zh-uz-0091,flores_devtest,91,zh,uz,科学家们可以得出结论，暗物质对其他暗物质的影响方式与普通物质相同。,"Olimlar qora materiya boshqa qora materiyaga xuddi odatiy materiya ta'sir qilgani kabi ta'sir ko'rsatadi, degan xulosaga kelishdi."
zh-uz-0125,flores_devtest,125,zh,uz,一名在事故发生地附近的车库立的工作人员说：“孩子们正等着过马路，并且都在大声尖叫，哭个不停。”,"Ko'ngilsiz hodisa yuz bergan joy yaqinidagi garajda ishlayotgan kishi: ""U yerda yo'lni kesib o'tmoqchi bo'layotgan bolalar bor edi va ularning barchasi qichqirib yig'layotgandi"" deb aytdi."
zh-uz-0165,flores_devtest,165,zh,uz,自 1988 年以来，投票箱就必须是透明的，这样选民和观察员才能看到投票开始时箱内没有信封，还能看到除了那些及时统计过、有权投票的选民以外，没有其他人向箱内投入信封。,1988-yildan beri ovoz beruvchilar va kuzatuvchilar boshlanishida konvertlar mavjud emasligi va mos tarzda sanalgan va vakolat berilgan ovoz beruvchilardan tashqari hech qanday konvertlar qo'shilmasligiga guvohlik bera olishlari uchun saylov qutilarining shaffof bo'lishi talab qilinadi.
zh-uz-0179,flores_devtest,179,zh,uz,全黑队在两周前已经赢得了奖杯，而这场比赛是他们打的最后一场。,"Bu ikki hafta avval sovrin yutgan ""All Blacks"" jamoasi uchun oxirgi o'yin edi."
zh-uz-0195,flores_devtest,195,zh,uz,这名摄影师被送往加州大学洛杉矶分校罗纳德·里根医疗中心，其后不治。,Fotosuratchi Ronald Reygan nomidagi UCLA Tibbiyot Markaziga yetkazilgan va keyinchalik u yerda vafot etgan.
zh-uz-0225,flores_devtest,225,zh,uz,这支摇滚乐队原定在美国和加拿大巡演，一直持续到 9 月 16 日。,Rok guruhi AQSH va Kanadada 16-sentyabrga qadar gastrol safarida bo'lishi kerak edi.
zh-uz-0277,flores_devtest,277,zh,uz,中央邦警方追回了被盗的笔记本电脑和手机。,Madxya-Pradesh politsiyasi o'g'irlangan noutbuk hamda mobil telefonni qaytardi.
zh-uz-0356,flores_devtest,356,zh,uz,要把卫星或望远镜送入太空，需要一枚超过 100 英尺高的巨型火箭。,Sun'iy yo'ldosh yoki teleskopni kosmosga joylashtirish uchun 100 futdan ortiq balandlikdagi ulkan raketa talab qilinadi.
zh-uz-0364,flores_devtest,364,zh,uz,作为大家庭里的姐妹和女儿，雌性之间通常彼此关系密切。,"Urg'ochilar, odatda, katta oilaning opa-singillari yoki qizi bo'lib, bir-biriga chambarchas bog'liqdir."
zh-uz-0397,flores_devtest,397,zh,uz,迦南没有大森林，所以木材非常昂贵。,"Kan'on yerlarida keng o'rmonlar yo'q edi, shu sababdan yog'och nihoyatda qimmat edi."
zh-uz-0418,flores_devtest,418,zh,uz,意大利国家足球队和德国国家足球队都是世界上第二成功的球队，在 2006 年拿下了足球世界杯冠军。,"Italiya milliy futbol jamoasi Germaniya milliy futbol jamoasi qatori dunyodagi eng muvaffaqiyatli ikkinchi jamoa bo'lib, 2006-yilda FIFA Jahon chempionatida g'olib chiqqan."
zh-uz-0423,flores_devtest,423,zh,uz,西方对台湾的了解可以追溯到 15 世纪。当时路过的欧洲水手将该岛命名为“福尔摩沙岛”(Ilha Formosa)，意思是美丽的岛屿。,"Tayvanning boshlanishi 15-asrga borib taqaladi, bunda o'tib ketayotgan yevropalik dengizchilar orol nomini Ilha Formosa yoki go'zal orol deb yozib qoldirishadi."
zh-uz-0439,flores_devtest,439,zh,uz,从国王到平民，它遍布十方的力量影响着每一个人。,"Uning keng qamrovli qudrati shohdan tortib, oddiy insongacha ta'sir qildi."
zh-uz-0442,flores_devtest,442,zh,uz,敌对行动爆发后不久，英国开始对德国实施海上封锁。,"Harbiy harakatlar xurujidan ko'p o'tmay, Britaniya Germaniyani dengizda blokada qilishni boshladi."
zh-uz-0447,flores_devtest,447,zh,uz,目睹第一次世界大战中的肆虐残暴后，各国都渴望避免重蹈覆辙。,Birinchi jahon urushi vaqtida urush dahshatlari va vahshiyliklarini ko'rgan xalqlar kelajakda shu kabi holatlarning oldini olishni istaganlar.
zh-uz-0449,flores_devtest,449,zh,uz,他在抵达美国时，身上带着 4 美分、一本诗集，还有一封查尔斯•巴舍勒（Charles Batchelor）（他前份工作的经理）写给托马斯•爱迪生（Thomas Edison）的推荐信。,"U AQSHga o'z nomidagi 4 sent, she'riy kitob va Charlz Batchelordan (oldingi ish joyidagi ish boshqaruvchisi) Tomas Edisonga tavsiyanoma bilan kelgandi."
zh-uz-0491,flores_devtest,491,zh,uz,正是在这个时候，时尚之都的称号从君士坦丁堡转移到了巴黎。,Moda poytaxti unvonining Konstantinopoldan Parijga o'tishi aynan shu vaqtda yuz berdi.
zh-uz-0502,flores_devtest,502,zh,uz,亚文化群体的成员，常常会象征性地利用独特的行事风格来表明他们的成员身份，包括时尚服装、举止和黑话。,"Submadaniyat a'zolari ko'pincha o'z a'zoliklarini modalar, xulq-atvor va jargonlarni o'z ichiga olgan uslubdan o'ziga xos va ramziy foydalanish orqali namoyon etadilar."
zh-uz-0512,flores_devtest,512,zh,uz,孩子们因为各种原因被寄养，原因有被忽视、被虐待，甚至是被勒索。,"Bolalar e'tiborsizlikdan tortib, zo'ravonlik va hatto tovlamachilikka qadar turli sabablarga ko'ra homiylik parvarishiga topshiriladi."
zh-uz-0540,flores_devtest,540,zh,uz,藏传佛教以佛陀的教义为基础，但通过大乘佛教的普世之爱和印度瑜伽的许多技巧得到了拓展。,"Tibet buddizmi Budda ta'limotlariga asoslanadi, lekin muhabbatning mahayana yo'li bilan va hind yogasining ko'plab uslublari bilan kengaytirilgan."
zh-uz-0552,flores_devtest,552,zh,uz,与此同时，以 U 型潜艇为主力的德国海军试图拦截这场运输。,"Shu bilan birga Nemis dengiz floti, asosan, dengizosti qayiqlaridan foydalanib, ushbu transport harakatini to'xtatishga urinayotgandi."
zh-uz-0631,flores_devtest,631,zh,uz,梵蒂冈城的人口大约有 800 人。它是世界上最小的独立国家，也是人口最少的国家。,Vatikan shahri aholisi 800 kishi atrofida. U dunyodagi eng kichik mustaqil davlat va eng kam aholiga ega mamlakatdir.
zh-uz-0632,flores_devtest,632,zh,uz,梵蒂冈城在法律法规和官方通信中使用意大利语。,Vatikan shahri qonunchilik va rasmiy muloqot uchun italyan tilini qo'llaydi.
zh-uz-0636,flores_devtest,636,zh,uz,哲学家亚里士多德提出一种理论，即任何事物都是由土、水、空气和火四种元素中的一种或多种组成的。,"Faylasuf Aristotel barcha narsa to'rt unsurning bir yoki bir nechtasi aralashmasidan tashkil topgan degan nazariyani ilgari surgan. Ularni tuproq, suv, havo va olov ekanligini aytib o'tgan."
zh-uz-0676,flores_devtest,676,zh,uz,新技术的兴起让我们能够看到和研究大脑的结构和工作过程，这些是以前从未见过的。,Yangi texnologiyalarning rivojlanishi bizga oldin hech qachon kuzatilmagan miyaning tuzilishi hamda ishlash jarayonini ko'rish va tadqiq etish imkon yaratdi.
zh-uz-0685,flores_devtest,685,zh,uz,以虚拟方式分享实地考察，也是回顾行程以及与以后班级分享经验的好办法。,Ekskursiyalarni virtual tarzda bo'lishish sayohat haqida fikr yuritish va kelasi darslar bilan tajriba almashish uchun ajoyib usuldir.
zh-uz-0700,flores_devtest,700,zh,uz,阿拉伯人也把伊斯兰教带到了这片土地，这一教义在科摩罗和马约特国家盛行。,Arablar bu yerlarga islomni ham olib kelishdi va bu Komor orollari hamda Mayottada katta ahamiyat kasb etdi.
zh-uz-0704,flores_devtest,704,zh,uz,戴戒指也会有帮助（但不要戴看上去太贵的戒指。,Uzuk taqish ham foydali (shunchaki nihoyatda qimmat ko'rinmaydiganini.
zh-uz-0717,flores_devtest,717,zh,uz,又因为相对偏僻，“廷巴克图”被用来比喻遥远的异国他乡。,"Yetishish imkoniyati nisbatan kamligi bilan birga, ""Timbuktu"" uzoq, ekzotik o'lkalar uchun metafora sifatida ishlatila boshlandi."
zh-uz-0742,flores_devtest,742,zh,uz,两座桥塔高 83 米，桥的长度为 378 米，有两条 3.50米宽的车道。,"Ikki minoraning balandligi 83 metrga yetadi, u uzunligi 378 metr hamda kengligi 3,5 m bo'lgan ikkita yo'lakchaga ega."
zh-uz-0746,flores_devtest,746,zh,uz,查科 (Chaco) 地区是瓜伊库鲁 (Guaycuru) 和帕亚瓜 (Payagua) 等其他土著部落的家园，他们靠狩猎、采集和捕鱼为生。,"Chako mintaqasida Guaykuru va Payagua kabi mahalliy qabilalarning boshqa guruhlari yashab, ular ovchilik, termachilik va baliq ovlash orqali hayotlarini saqlab qolishgan."
zh-uz-0761,flores_devtest,761,zh,uz,冬天可能会比看上去显得更冷：温度很少低于零度，但当风和湿度结合在一起，会让人感觉比温度计显示的温度要冷。,"Qish chalg'itadigan sovuq bo'lishi mumkin: haroratlar kamdan-ham hollarda muzlash nuqtasidan pastga tushadi, biroq shamol va namlik birlashgan holda termometr ko'rsatganiga qaraganda sovuqroqdek tuyulishi mumkin."
zh-uz-0768,flores_devtest,768,zh,uz,阿皮亚是萨摩亚的首都。该城镇位于乌波卢（Upolu）岛上，人口数量不足 4 万。,Apia Samoaning poytaxtidir. Shahar Upolu orolida va 40 000 nafardan kamroq aholiga ega.
zh-uz-0771,flores_devtest,771,zh,uz,除了一艘英国巡航舰外，其余船只悉数沉没。近 200 名美国人和德国人丧失生命。,Bitta Britaniya kreyseridan boshqa barcha kemalar cho'ktirilgan edi. 200 ga yaqin amerikalik va nemis halok bo'lgan.
zh-uz-0787,flores_devtest,787,zh,uz,咸水鳄的主要栖息地并非海洋，而是罗克汉普顿 (Rockhampton) 北部的河口。,"Sho'r suv timsohlari okeanda ko'p uchramaydi, ularning asosiy yashash joyi Rokxemptondan shimolda joylashgan daryolarning quyilish joylaridir."
zh-uz-0814,flores_devtest,814,zh,uz,如果你在宣布推迟之前预订了 2020 年的航班和住宿，则可能会面临棘手的情况。,"Agar siz kechiktirish e'lon qilinishidan avval 2020-yil uchun reyslar va mehmonxonani buyurtna qilgan bo'lsangiz, siz qiyin vaziyatda qolishingiz mumkin."
zh-uz-0823,flores_devtest,823,zh,uz,旅行者可能会遇到在家乡不常见的有害动物。,Sayyohlar o'z mintaqalarida noma'lum bo'lgan hayvon parazitlariga duch kelishlari mumkin.
zh-uz-0827,flores_devtest,827,zh,uz,前往课征重税的国家/地区的旅客有时可以省下一大笔钱，在这些地方购买酒水和烟草等产品特别划算。,"Og'ir soliqlarga ega mamlakatlarga boruvchi sayohatchilar ba'zi hollarda, ayniqsa, spirtli ichimliklar va tamaki mahsulotlari kabilardan anchagina pul tejab qolishlari mumkin."
zh-uz-0831,flores_devtest,831,zh,uz,不过，令人奇怪的是，这里的手机服务比沿途的许多其他路线（例如宾夕法尼亚州荒原）要强得多。,"Qizig'i shuki, bu yerda mobil telefon xizmati, boshqa ko'p yo'nalishlarga qaraganda, masalan, Pensilvaniya Uayldzdan ko'ra ancha kuchliroq."
zh-uz-0857,flores_devtest,857,zh,uz,欧洲是片面积相对较小但有着许多独立国家的大陆。在通常情况下，穿越多个国家旅行意味着必须多次经历签证申请和护照检查。,"Yevropa nisbatan kichik, biroq ko'plab mustaqil davlatlarga ega bo'lgan qit'adir. Odatiy sharoitlarda bir nechta mamlakatlar bo'ylab sayohat qilish bir necha marta vizaga ariza topshirish va pasport nazoratidan o'tish kerakligini anglatadi."
zh-uz-0885,flores_devtest,885,zh,uz,外国政府对这些文件的认可程度也千差万别。,Chet el hukumatlarining mazkur hujjatlarni hurmat qilishga tayyorligi xuddi shu darajada o'zgaruvchandir.
zh-uz-0902,flores_devtest,902,zh,uz,场景在金字塔上展示，不同的金字塔被点亮。,Sahnalar piramidalar ustida namoyish etildi va turli xil piramidalar yoritildi.
zh-uz-0913,flores_devtest,913,zh,uz,对于那些计划怎么度过空档年的人来说，游学成为越来越受欢迎的选择。,Akademik ta'tilni rejalashtirayotganlar orasida tobora ommalashib borayotgan tanlov – sayohat hamda o'rganishdir.
zh-uz-0950,flores_devtest,950,zh,uz,也可以到北部参观法蒂玛圣母院（圣地），它是举世闻名的圣母玛丽亚显现之地。,Yana shimolda butun dunyoga mashhur bo'lgan Mariam onamizning ko'rinish joyi bo'lgan Fotima onamiz ibodatxonasiga (Muqaddas jiy) ham tashrif buyuring.
zh-uz-0978,flores_devtest,978,zh,uz,波斯语的语法大多相对简单，有规律可循。,Fors tili nisbatan oson va aksariyat hollarda o'zgarmas grammatikaga ega.
zh-uz-0994,flores_devtest,994,zh,uz,内陆水道可以作为假期游玩的一个不错的主题。,Ichki suv yo'llari ta'til uchun yaxshi mavzu bo'lishi mumkin.
