eval_id,benchmark,pair_id,src_lang,tgt_lang,source,reference,model_name,prediction,total_seconds,generated_tokens,has_repetition,hit_max_tokens
eval_000000,flores_devtest,1008,en,uz,"As the areas are sparsely populated, and light pollution therefore often not a problem, you will also be able to enjoy the stars.","Hududlarda aholi siyrakligi tufayli, yorug'lik ifloslanishi ko'p hollarda muammo bo'lmaydi, siz ham yulduzlardan zavqlana olasiz.",public_v2_adapter,"U o'zlar bo'ilgan va o'yogga o'ynasi o'yin o'yun o'n o'nin o'nun o'yan o'kin o'qot, siz da yollarida o'ʻynash.",0.7112609999021515,58,False,False
eval_000001,flores_devtest,1011,en,uz,"Workplace harmony is crucial, emphasizing group effort rather than praising individual accomplishments.",Alohida shaxslarning yutuqlarini maqtashdan ko'ra jamoa harakatlariga urg'u berish orqali ish joyining uyg'unligi muhumdir.,public_v2_adapter,"Workplace harmoni o'zilgan, grupyoq o'yashini o'ynagan o'yinning o'nilgan.",0.334495099959895,33,False,False
eval_000002,flores_devtest,102,en,uz,"However, the percentage of XDR-TB in the entire group of people with tuberculosis still seems to be low; 6,000 of the total 330,000 people infected at any particular moment in South Africa.",Ammo sil kasalligi bilan xastalangan odamlarning butun guruhida XDR-TB ulushi hali ham past ko'rinadi; Janubiy Afrikada istalgan muayyan lahzada jami 330 000 kishidan 6000 nafari kasallangan.,public_v2_adapter,U tuberkulozda o'yagan q'ilgan XDR-TB o'ynasi bo'zilgan; Yunan Afrika o'yin o'yan o'ylida 330 000 o'yun 6000 o'yu bo'yaga o'zagan.,0.5872557000257075,60,False,False
eval_000003,flores_devtest,108,en,uz,"A doctor who worked at Children's Hospital of Pittsburgh, Pennsylvania will be charged with aggravated murder after her mother was found dead in the trunk of her car Wednesday, authorities in Ohio say.","Pensilvaniya shtati Pittsburg shahridagi bolalar shifoxonasida ishlagan shifokor chorshanba kuni onasi uning avtomobili yukxonasidan o'lik holda topilgandan keyin, og'irlashtiruvchi holatlarda qotillik sodir etishda ayblanmoqda, deb xabar beradi Ogayo shtati rasmiylari.",public_v2_adapter,"Pittsburgh, Pennsylvania chilidiy hospitalida o'zagan bo'ilgan doktor, annasi o'ynatda martolini o'yagan o'yin o'yun o'yan otoritalar o'yo'yu o'yonada o'ymagan.",0.6171122000087053,63,False,False
eval_000004,flores_devtest,11,en,uz,"While one experimental vaccine appears able to reduce Ebola mortality, up until now, no drugs have been clearly demonstrated suitable for treating existing infection.","Birgina tajriba vaksinasi Eboladan o'lish xavfini kamaytira olishga qodir ko'rinsa ham, shu vaqtga qadar mavjud infeksiyani davolash uchun mos keladigan aniq birorta dori vositasi ko'rsatilmagan.",public_v2_adapter,"U bir eksperimental vakcinasi Ebola morbidiyini o'yagan bo'ilgan, bugileyin o'ynamida, u'zgan enfeksiyonlar qosipga o'qolida o'zagan o'rgan o'zgidan o'gʻlamadi.",0.7624971000477672,70,False,False
eval_000005,flores_devtest,111,en,uz,"There, they found the body of Saroja Balasubramanian, 53, covered with blood-stained blankets.",Ular u yerda 53 yoshli Saroja Balasubramanianning qonga bulg'angan yopinchiqlar bilan o'ralgan jasadini topishdi.,public_v2_adapter,"U o'zda 53-yil Saroja Balasubramanian mayatini, qolga bo'ilgan yollasichi o'qlamadi bo'lagan.",0.45078640000429004,43,False,False
eval_000006,flores_devtest,121,en,uz,"His 1,000th stamp was the magnificent ""Great Deeds by Swedish Kings"" by David Klöcker Ehrenstrahl in 2000, which is listed in the Guinness Book of World Records.","Uning 1000-markasi 2000-yilda David Klyoker Erenstrahl tomonidan yaratilgan, Dunyo rekordlari Ginnes kitobiga kiritilgan ulug'vor ""Shved shohlariningbuyuk ishlari"" bo'lgan edi.",public_v2_adapter,"U 1000-yil ham stampi 2000-yilda David Klöcker Ehrenstrahl ""Swedish kunyalarga o'zilgan o'ynatlar"" va Guinness World Records bo'qida o'yindi.",0.5355916999978945,54,False,False
eval_000007,flores_devtest,137,en,uz,Fire rescue crews eventually doused the fire by 11:35 pm.,"Yong'indan qutqaruv guruhlari va nihoyat, tungi soat 11:35 da olovni o'chirishdi.",public_v2_adapter,U'ziy qashida ekiplar 11:35 pm o'zini yogdi.,0.22533950000070035,23,False,False
eval_000008,flores_devtest,138,en,uz,"After the dam was built in 1963, the seasonal floods that would spread sediment throughout the river were halted.",1963-yili to'g'on qurilganidan keyin butun daryo bo'ylab cho'kindilarni tarqatuvchi mavsumiy suv toshqinlar to'xtadi.,public_v2_adapter,"1963-yilda damga bo'ilgandan, uqida sediment o'zagan sezonal yolllar bo'ynilgan.",0.3230296999681741,33,False,False
eval_000009,flores_devtest,140,en,uz,"As a result, two fish species have become extinct, and two others have become endangered, including the humpback chub.","Natijada, ikki baliq turi yo'q bo'lib ketdi hamda yana boshqa ikkitasi, jumladan, bukri baliq turi ham yo'qolish xavfi ostida qolgan.",public_v2_adapter,"U bilan, o'zdan bo'ynagan, oʻzdan o'zglar, o`zdan qumqga chubiga bo'zilgan.",0.3958492000820115,40,False,False
eval_000010,flores_devtest,159,en,uz,"All of the cave entrances, which were named ""The Seven Sisters"", are at least 100 to 250 meters (328 to 820 feet) in diameter.","""Yetti opa-singillar"" deb ataluvchi g'orga kirish joylarining barchasining diametri kamida 100 dan 250 metrgacha (328 dan 820 futgacha).",public_v2_adapter,"""Seven Sisters"" o'yagan o'zlar qogga u'zalar, 100-250 metr (328-820 ft) diametrida.",0.43125180003698915,40,False,False
eval_000011,flores_devtest,169,en,uz,But the consumer market on laptop computer will be radically varied and changed after ASUS was awarded in the 2007 Taiwan Sustainable Award by Executive Yuan of the Republic of China.,"Biroq ASUS 2007-yilgi ""Tayvan barqarorlik mukofoti"" taqdirlash marosimida Xitoy Respublikasi boshqaruvchisi Yuan tomonidan taqdirlanganidan keyin noutbuk kompyuterlari iste'molchilari bozori nihoyatda xilma-xil bo'ladi va o'zgaradi.",public_v2_adapter,"U laptop komputatorlarga o'ziyari marketi, ASUS 2007-yilda Tiywan Sustainable Awardning Xiningat Republicing Executive Yuan va bo'ynilgan o'yagan.",0.5210397000191733,51,False,False
eval_000012,flores_devtest,175,en,uz,"Bishkek was described as sinking into a state of ""anarchy"" by one observer, as gangs of people roamed the streets and plundered stores of consumer goods.","Bishkek bir kuzatuvchi tomonidan ""anarxiya"" holatiga cho'kib ketayotgandek tasvirlangan edi, chunki ko'chalarda to'da-to'da odamlar izg'ib yurar va iste'mol tovarlari do'konlarini talon-taroj qilardi.",public_v2_adapter,"Bishkek bir o'zari ""anarkiy"" bilan bo'shagan, q'ilganlar g'zalarga yollida va tüketici mallar mağazalarini o'qotasi.",0.5688505999278277,49,False,False
eval_000013,flores_devtest,185,en,uz,"The strain of bird flu lethal to humans, H5N1, has been confirmed to have infected a dead wild duck, found on Monday, in marshland near Lyon in the east of France.",Fransiyaning sharqidagi Lion yaqinida joylashgan botqoqdan dushanba kuni topilgan o'lik o'rdak insonlar uchun halokatli bo'lgan parranda grippining H5N1 turi bilan kasallangani tasdiqlandi.,public_v2_adapter,"U'yumda bo'ilgan kuyrik grippasi H5N1 o'ynasi, Fransiyasida qosipta Lyonga marshlanda mart o'yogdan bo'yagan bo'ynani bo'yo'ynadi bo'yon bo'yin bo'kin bo'yan bo'yun bo'nin bo'nan bo'idan bo'gan bo'agan boʻynagan bo`ynagan.",0.9770902999443933,99,False,False
eval_000014,flores_devtest,199,en,uz,"According to police, the driver of the vehicle that hit the photographer is unlikely to face criminal charges.","Politsiyaning aytishicha, suratkashni urib yuborgan avtoulov haydovchisining jinoiy javobgarlikka tortilish ehtimoli kam.",public_v2_adapter,"Polisin o'zilgan, fotografida o'yagan u o'ynasi bo'ynini o'yinda o'rga o'nlari o'yan o'lida oʻynasi o'lladi.",0.5732189000118524,53,False,False
eval_000015,flores_devtest,200,en,uz,"With only eighteen medals available a day, a number of countries have failed to make the medal podium.",Bir kunda bor-yo'g'i o'n sakkizta medal bo'lgani sababli bir qator mamlakatlar medal shohsupasiga ko'tarila olmadi.,public_v2_adapter,"Bir günda o'zdan madalida bo'ilgan, bir sayta qoldi madalidan potiyumini ko'ynagan.",0.3553741000359878,35,False,False
eval_000016,flores_devtest,209,en,uz,"Danielle Lantagne, a UN expert on the disease, stated the outbreak was likely caused by the peacekeepers.",BMTning mazkur kasallik bo'yicha mutaxassisi Deniel Lantan epidemiyaga tinchlikparvar kuchlar sabab bo'lgan bo'lishi mumkinligini ta'kidladi.,public_v2_adapter,"U'nlarda bu bo'yilga ekspert Danielle Lantagne, o'ynagan o'zilgan o'rasi q'yolgan rahimagida o'qotʻilgan.",0.4789268000749871,48,False,False
eval_000017,flores_devtest,210,en,uz,Hamilton confirmed Howard University Hospital admitted the patient in stable condition.,Hamilton Xovard universiteti kasalxonasi barqaror holatdagi bemorni qabul qilganligini tasdiqladi.,public_v2_adapter,Hamilton Howard universitet hospitalini u stabilga pacienti o'zilgan.,0.18601659999694675,19,False,False
eval_000018,flores_devtest,211,en,uz,"The patient had been to Nigeria, where some cases of the Ebola virus have occurred.",Bemor ba'zi Ebola holatlari qayd etilgan Nigeriyada bo'lgan.,public_v2_adapter,"Pacient Nigeriyaga o'yndi, ebolavirasi o'zlar bo'ilgan.",0.35080110002309084,28,False,False
eval_000019,flores_devtest,214,en,uz,"During the 1980s he worked on shows such as Taxi, Cheers, and The Tracy Ullman Show.","U 1980-yillarda ""Taxi"", ""Cheers"" va ""The Tracy Ullman Show"" singari shoular ustida ish olib borgan.",public_v2_adapter,"1980-yilda Taxi, Cheers va Tracy Ullman Show o'ynagan o'zilgan.",0.28106429998297244,28,False,False
eval_000020,flores_devtest,216,en,uz,"Despite leaving the show in 1993 he kept the title of executive producer, and continued to receive tens of millions of dollars every season in royalties.","Shouni 1993-yili tark etganligiga qaramasdan, u ijrochi prodyuser unvonini saqlab qoldi hamda har mavsumda o'nlab million dollar goronar olishda davom etdi.",public_v2_adapter,"1993-yilda showdan o'zagan o'yin, o'ynatlik producer titili bo'ilgan va royaltiesda o'yolda oʻziyda o‘ziy milyonlar dollar o'qildida o'zgdi.",0.6040863000089303,62,False,False
eval_000021,flores_devtest,219,en,uz,The early reports say the plane was diverted back to Afghanistan after being denied an emergency landing in Ürümqi.,"Dastlabki xabarlarga ko'ra, samolyotning Urumchiga favqulodda qo'nishi rad etilgandan keyin u ortga — Afg'onistonga yo'l olgan.",public_v2_adapter,"U'ziylar, u'zigan Urumqi o'zilgan o'ynasi bo'shagan u Afganistanga qaytdan bo'zgan bo'qidan.",0.43717769999057055,44,False,False
eval_000022,flores_devtest,236,en,uz,"Lakkha Singh presented the chhappan bhog bhajan as well. Singer, Raju Khandelwal was accompanying him.",Lakkxa Singx chappan bhog bhajanni ham taqdim etdi. Qo'shiqchi Raju Xandelval unga jo'r bo'ldi.,public_v2_adapter,"Lakkha Singh chhappan bhog bhajan da o'ynashdi. Singer, Raju Khandelwal u o'yagan.",0.3516018999507651,36,False,False
eval_000023,flores_devtest,238,en,uz,"Resembling a television remote, the controller uses two sensors placed near the user's television to triangulate its position in three-dimensional space.","Televizor pultiga o'xshab, boshqaruv pulti foydalanuvchi televizori yaqinida joylashgan ikkita sensordan uning uch o'lchamli bo'shliqdagi joylashuvini aniqlash uchun foydalanadi.",public_v2_adapter,"Televizyon o'zilganga, kontrolör user televizyoninin yanda ko'zagan iki sensori bo'zadi, q'yoliga o'zgasi bo'qida o'gʻlida o`zadi.",0.5430235000094399,56,False,False
eval_000024,flores_devtest,24,en,uz,"Two songs from the movie, Audition (The Fools Who Dream) and City of Stars, received nominations for best original song. Lionsgate studio received 26 nominations — more than any other studio.","Kinoning ikki ashulasi — ""Tinglov"" (""Orzu qiladigan ahmoqlar"") hamda ""Yulduzlar shahri"" eng yaxshi original qo'shiq nominatsiyalarini qo'lga kiritdi. Lionsgate studiyasi boshqa har qanday studiyadan ko'ra ko'proq – 26 ta nominatsiyaga sazovor bo'ldi.",public_v2_adapter,"Filmdan o'zlar, Audition (The Fools Who Dream) va City of Stars, o'yoggan o'ynatiyal o'yinadi nominasyonlar bo'ilgan. Lionsgate studio 26 nominasionlar boʻlida nominasiyasyonlar bo‘lida.",0.6747577000642195,70,False,False
eval_000025,flores_devtest,245,en,uz,"Around 3 minutes into the launch, an on-board camera showed numerous pieces of insulation foam break away from the fuel tank.","Uchirishdan taxminan 3 daqiqa o'tib, bortdagi kamera yonilg'i idishidan bir qancha penoplast parchalari ajralib chiqqanini ko'rsatdi.",public_v2_adapter,"U bo'zilgan o'zdan 3 dakida, u bo'qada kamera yotasi tankinda isolasyon hammi o'yogida o'ynagan o'yin o'nlar ko'lini o'rgan.",0.5794675999786705,58,False,False
eval_000026,flores_devtest,248,en,uz,"Five minutes into the display a wind starts rolling in, about a minute later, the wind is reaching 70km/h... then the rain comes, but so hard and so large that it slaps your skin like a needle, then hail fell from the sky, people panicking and screaming and running over each other.","Ko'rgazmadan besh daqiqa o'tib, shamol esa boshladi, taxminan bir daqiqadan so'ng, shamolning tezligi 70 km/s ga yetadi… undan keyin yomg'ir yog'ishni boshladi, shunaqangi qattiq va shiddatli yog'adiki, tanaga ignadek sanchiladi, shundan keyin osmondan do'l yog'iladi, odamlar vahimaga tushgan va qichqirib, bir-birining ustiga yugura boshladi.",public_v2_adapter,"U ekranda 5 dakida r'zasi bo'zadi, o'zdan o'zg o'zhga 70km/h va o'qiyga o'gadi ... o'yin o'zi o'yagan, ama o'ynagi o'r o'chik o'tasi o'xogdi, o`z o'l o'll o's o'ng o'ttog o'shiga o'sir o'dz o'n o'ilgan, oʻz o’zani o'yun o'yu o'nga o",1.2645561000099406,129,False,True
eval_000027,flores_devtest,250,en,uz,NHK also reported that the Kashiwazaki Kariwa nuclear power plant in Niigata prefecture was operating normally.,"NHK, shuningdek, Niigata prefekturasidagi Kashivazaki Kariva atom elektrostansiyasi odatdagi tarzda ishlayotganini xabar qildi.",public_v2_adapter,NHK o'zilgan Niigata prefekturi Kashiwazaki Kariwa yodol elektrifikasi normalga bo'ynagan.,0.34194720000959933,35,False,False
eval_000028,flores_devtest,255,en,uz,Three more bombs exploded near government buildings in a period of two hours.,Ikki soat davomida hukumat binolari yaqinida yana uchta bomba portladi.,public_v2_adapter,U bilan o'zda iktimiylik bir o'yida g'yillar bo'ilgan bomblar.,0.2771253999089822,28,False,False
eval_000029,flores_devtest,26,en,uz,The announcement was made after Trump had a phone conversation with Turkish President Recep Tayyip Erdoğan.,Tramp Turkiya prezidenti Rajab Toyyib Erdo'g'an bilan telefonda gaplashganidan keyin bu haqida ma'lum qilindi.,public_v2_adapter,Bu o'zasi Trump Turqiying president Recep Tayyip Erdoğan va telefonda bo'ilgan.,0.2450250000692904,25,False,False
eval_000030,flores_devtest,260,en,uz,The composition of these crystals matches those found in the urine of affected pets when compared by infrared spectroscopy (FTIR).,Bu kristallarning tuzilishi infraqizil spektroskopiya (FTIR) orqali solishtirilganda ta'sirga uchragan hayvonlarning siydigidan topilgan kristallarniki bilan bir xil bo'ladi.,public_v2_adapter,"Bu kristallar, infrared spektroskopiyasi (FTIR) o'ynida o'zagan bo'ilgan qotlari o'yagan o'yinlik.",0.416902800090611,42,False,False
eval_000031,flores_devtest,261,en,uz,"I don't know if you realize it or not, but most of the goods from Central America came into this country duty-free.","Siz buni tushunasizmi yoki tushunmaysizmi, bilmayman, ammo mahsulotlarning aksariyati Markaziy Amerikadan mazkur davlatga boj to'lovlarisiz kelgan.",public_v2_adapter,"U bu bilan o'zilgan va o'zgagan, u qosir Amerikadan ham o'ynatlar bu tara g'zulldan bo'zli qay'ilgan.",0.42390070005785674,43,False,False
eval_000032,flores_devtest,266,en,uz,"The bill requires violent video games sold in the state of California to be labeled with a decal reading ""18"" and makes their sale to a minor punishable by a fine of $1000 per offense.","Qonun loyihasi Kaliforniya shtatida sotiluvchi zo'ravonlik aks etgan video o'yinlarning ""18"" maxsus yorlig'i bilan belgilanishini va ular voyaga yetmaganlarga sotilganda har bir qonunbuzarlik uchun 1000 dollar jarima bilan jazolanishini talab qiladi.",public_v2_adapter,"U yalasi Kaliforniya valida o'yashda o'zilgan video oyunlar ""18"" o'ynatga marqilgan va o'yin o'yan o'yun o'ymagan o'nyan 1000 dollar o'ygot bo'ynadi.",0.6313856000779197,64,False,False
eval_000033,flores_devtest,276,en,uz,"Her other race, the Giant Slalom, saw her finish in tenth in the women's sitting group with a combined run time of 4:41.30, 2:11.60 minutes slower than first place finisher Austrian Claudia Loesch and 1:09.02 minutes slower than the ninth place finisher Gyöngyi Dani of Hungary.","U o'zining boshqa poygasi Gigant slalomda ayollar joylashgan guruhda birinchi o'rinni egallagan avstriyalik Klaudiya Loesning natijasi 4:41.30 ga solishtirganda 2:11.60 daqiqa sekinroq va to'qqizinchi o'rinni egallagan vengriyalik Kyongyi Danidan 1:09.02 daqiqaga sekinroq kelib, o'ninchi o'rinni egalladi.",public_v2_adapter,"U o'zari, Giant Slalom, u o'zgari o'gari o`zari o‘zari bo'zadi o'zhari o’zari q'zasi 4:41.30, 2:11.60 dakilgan o'yogida o'q'o'zati o'rgan o'chorga o'xiriga o'yndi o'yinini o'nti o'ngorga yohari oʻzari Gyöngyi Dani o'ygori o'yu o'yunda 1:09.02 dakida o’",1.3105807000538334,129,False,True
eval_000034,flores_devtest,278,en,uz,The Madhya Pradesh Police recovered the stolen laptop and mobile phone.,Madxya-Pradesh politsiyasi o'g'irlangan noutbuk hamda mobil telefonni qaytardi.,public_v2_adapter,Madhya Pradesh polisini o'zilgan laptop va mobil telefonini qayqdan.,0.23515910003334284,24,False,False
eval_000035,flores_devtest,281,en,uz,Police superintendent Chandra Shekhar Solanki said the accused appeared in court with covered faces.,"Politsiya boshlig'i Chandra Shekxar Solanki so'zlariga ko'ra, ayblanuvchi sudga yuzi berkitilgan holda kelgan.",public_v2_adapter,Polis superintendent Chandra Shekhar Solanki - o'zagan mahlisida qosqilgan o'ynasi bo'ynadi.,0.35817330004647374,35,False,False
eval_000036,flores_devtest,287,en,uz,Adekoya has since been in Edinburgh Sheriff Court charged with murdering her son.,O'shandan buyon Adekoya Edinburg Sherif sudida o'g'lini o'ldirganlikda ayblanmoqda.,public_v2_adapter,Adekoya Edinburgh Sheriff mahtasi o'ynini o'zilgan o'yagan.,0.2778303000377491,27,False,False
eval_000037,flores_devtest,290,en,uz,"Professor Pamela Ferguson of the University of Dundee notes ""journalists do seem to be walking a dangerous line if publishing photos etc of suspects.""","Dandi universitet professori Pamela Ferguson qayd etishicha, ""gumon qilinuvchilarning suratlar va boshqalarni chop etayotgan bo'lsa, jurnalistlar chindan ham xavfli yo'lakdan yurayotganga o'xshaydi"".",public_v2_adapter,"Dundee universiteti professor Pamela Ferguson ""gazetarianlar, o'zilganların fotolarini va'yashida bo'shagan o'ynagan oʻynagan bo'qilgan"" dedi.",0.537850399967283,53,False,False
eval_000038,flores_devtest,295,en,uz,"Shooters in the supplementary pest control trial were to be closely supervised by rangers, as the trial was monitored and its effectiveness evaluated.",Sinov monitoring qilinishi va uning samaradorligi baholanishi sababli qo'shimcha zararkunandalarga qarshi kurash sinovida o'q uzuvchilar qo'riqchilar tomonidan yaqindan nazorat qilinishi lozim edi.,public_v2_adapter,"U yombolda o'zlar kontrol testiga bo'zlari, o'zg bilan u o'zhida va o'yashini o'ynagan o'qilgan.",0.46135920006781816,44,False,False
eval_000039,flores_devtest,297,en,uz,"According to Mick O'Flynn, the Acting Director Park Conservation and Heritage with the NPWS, the four shooters selected for the first shooting operation received comprehensive safety and training instruction.","NPWS bilan bog' muhofazasi va merosi bo'yicha direktor vazifasini bajaruvchi Mik o'Flinning so'zlariga ko'ra, dastlabki o'q otish amaliyoti uchun tanlangan to'rt nafar mergan keng qamrovli xavfsizlik va o'quv mashg'ulotidan o'tgan.",public_v2_adapter,"NPWS va Park Conservation and Heritage akting direktor Mick O'Flynn-yilga, o'yogasi shooting operasyonida q'ilgan dörd shootlar o'ynatlik o'ziylari va o'qizgi o'shining o'şiyagan bo'ilgan.",0.8292224999750033,75,False,False
eval_000040,flores_devtest,299,en,uz,It is Martelly's fifth CEP in four years.,Bu Martellining to'rt yil ichidagi beshinchi CEPidir.,public_v2_adapter,Martelly bu 4 o'yada qilgan CEP.,0.16417760006152093,16,False,False
eval_000041,flores_devtest,300,en,uz,Last month a presidential commission recommended the prior CEP's resignation as part of a package of measures to move the country towards new elections.,O'tgan oy prezident komissiyasi davlatni yangi saylovlar sari yo'naltirishga mo'ljallangan bir qancha chora-tadbirlar doirasida oldingi CEPning iste'foga chiqishini tavsiya qildi.,public_v2_adapter,"U ayda presidensiyal komisyon, q'ilgan bilan u o'yari valida qaytmak o'ynaganlar paketi bo'ilgan CEP'nin o'zini o'qotlamasi va o'yin.",0.5753444000147283,57,False,False
eval_000042,flores_devtest,31,en,uz,"Because the dinosaur feathers do not have a well-developed shaft, called a rachis, but do have other features of feathers — barbs and barbules — the researchers inferred the rachis was likely a later evolutionary development that these other features.","Dinozavrlarning patlarida raxis deb ataluvchi yaxshi shakllangan pat o'zagi mavjud bo'lmagani, biroq patlarning boshqa xususiyatlari — soqolcha va tukchalarga ega bo'lgani bois tadqiqotchilar, hoynahoy, raxis boshqa xususiyatlarga qaraganda kechroq paydo bo'lgan evolyutsion rivojlanish, degan xulosaga kelishdi.",public_v2_adapter,"Dinosaur fiyatlar rachix adilgan, o'zdan bo'zga bo'qida bo'chida boynagan bo'shida bo`shida - barb va barbula - bo'slar raxix o'qidan bo'xida boʻzida bo‘shida olgan bo'tida bo’shida ko'shiga bo'şida bo ́shida.",0.9615766999777406,97,False,False
eval_000043,flores_devtest,313,en,uz,"Six hostages, including the children and elderly, were released early, as were the Filipino photographers.","Olti nafar garovga olinganlar, jumladan, bolalar va keksalardan, filippinlik suratkashlar kabi, erta ozod qilindi.",public_v2_adapter,"Filipinlar fotografi o'ynagan, o'zlar va o'zglar da bo'ilgan 6 hostga q'ilgan.",0.395789600093849,36,False,False
eval_000044,flores_devtest,315,en,uz,Liggins followed in his father’s footsteps and entered a career in medicine.,Liggins otasining izidan bordi va tibbiyot sohasida ishlay boshladi.,public_v2_adapter,Liggins o'nun ayogga ko'lida u yilddi va medyasi kariyerini bo'ilgan.,0.3262105999747291,31,False,False
eval_000045,flores_devtest,319,en,uz,Xinhua reported that government investigators recovered two 'black box' flight recorders on Wednesday.,"Xinhua xabariga ko'ra, hukumat tergovchilari chorshanba kuni parvozning texnik tafsilotlarini yozib oluvchi ikkita ""qora quti"" moslamani tikladilar.",public_v2_adapter,"Xinhua, o'zari tutklar ""siyah kut"" u ""yol rekordlari"" qilgan martda.",0.3119514000136405,31,False,False
eval_000046,flores_devtest,320,en,uz,Fellow wrestlers also paid tribute to Luna.,Hamkasb kurashchilar ham Lunaga hurmat bajo keltirishdi.,public_v2_adapter,Fellow bo'tlar Luna o'ynagan hirmasi.,0.17821180005557835,18,False,False
eval_000047,flores_devtest,322,en,uz,"Dustin ""Goldust"" Runnels commented that ""Luna was as freaky as me...maybe even more...love her and will miss her...hopefully she's in a better place.""","Dastin ""Goldust"" Runnels ""Luna ham mendek injiq edi… balki mendan-da ko'proq… men uni sevaman va uni sog'inaman… u yaxshiroq joyda deb umid qilaman"", deya fikr bildirdi.",public_v2_adapter,"Dustin ""Goldust"" Runnels ""Luna ma'yashga o'zilgan va o'yasi bo'ynagan ... o'yin o'ynan bo'yagan ... umʻlidan o'yun o'yan o'yo'yani bo'ya bo'yas.""",0.6819658000022173,69,False,False
eval_000048,flores_devtest,324,en,uz,Caretaker Prime Minister Julia Gillard claimed during the campaign of the 2010 federal election that she believed Australia should become a republic at the end of Queen Elizabeth II's reign.,"Vaqtincha Bosh vazir vazifasini bajarayotgan Juliya Gillard 2010-yilgi federal saylovlar kampaniyasi chog'ida Qirolicha Yelizaveta II hukmronligidan keyin Avstraliya respublika bo'lishi kerak, deb hisoblashini aytdi.",public_v2_adapter,"Caretaker premijer Julia Gillard 2010-yilki federal o'zari kampanyasi bo'ilgan, Avstraliya II-yil Elizabeti riyadi o'ynagan o'yashida bir republic olgan va o'rilgan.",0.614447099971585,59,False,False
eval_000049,flores_devtest,328,en,uz,He has been unable to take the drugs needed to overcome his pain as they are banned from the Games.,"U og'riqlarini yengish uchun zarur bo'lgan dori-darmonlarni ololmay qoldi, chunki ular o'yinlarda ta'qiqlandi.",public_v2_adapter,"U o'zlar, o'yollardan bo'ynilganga o'yin o'ynagan o'qlamini o'ʻlida bo'ilgan.",0.40761410002596676,40,False,False
eval_000050,flores_devtest,333,en,uz,"Cuomo, 53, began his governorship earlier this year and signed a bill last month legalizing same-sex marriage.",53 yoshli Kuomo shu yilning boshida gubernatorlik faoliyatini boshladi va o'tgan oy bir jinsli nikohni legallashtiruvchi qonunni imzoladi.,public_v2_adapter,"Cuomo, 53-yil bu yunan o'ynida g'omborasi bo'ilgan va ayonda samoleplik o'zashini legalizatari o'yogʻagan bir yosniya imzalad.",0.5480211999965832,55,False,False
eval_000051,flores_devtest,334,en,uz,"He referred to the rumors as ""political chatter and silliness"".","U mish-mishlarni ""siyosiy safsata hamda bema'nigarchilik"", – deb atadi.",public_v2_adapter,"U bu rumorlar ""politichi chattar va idioliy"" olarak o'ynagan.",0.25442339992150664,26,False,False
eval_000052,flores_devtest,335,en,uz,He is speculated to make a run for president in 2016.,2016-yili uning prezidentlikka o'z nomzodini qo'yishi taxmin qilinyapti.,public_v2_adapter,U 2016-yilda presidendasi o'ynagan o'zilgan.,0.20241180004086345,20,False,False
eval_000053,flores_devtest,347,en,uz,The pH level is indicated by the amount of Hydrogen (the H in pH) ions in the tested chemical.,pH (potensial vodorod) darajasi sinovdan o'tgan kimyoviy moddadagi vodorod ionlarining miqdori (pH potensial vodorod tarkibidagi vodorod H) orqali ko'rsatilgan.,public_v2_adapter,pH bilan testat kimyasalida hidrogens (H pH-da) ionsingi o'zilgan.,0.27027520001865923,28,False,False
eval_000054,flores_devtest,351,en,uz,"The cities of Harappa and Mohenjo-daro had a flush toilet in almost every house, attached to a sophisticated sewage system.",Xarappa va Moxenjo-daro shaharlaridagi deyarli har bir uyda mukammal kanalizatisya tizimiga ulangan oqiziluvchi hojatxona mavjud.,public_v2_adapter,"Harappa va Mohenjo-daro q'ilganlar, o'zilgan o'ynagan o'yinning o'yagan o`ynagan bo'ynilgan o`z toaleti var.",0.49280579993501306,50,False,False
eval_000055,flores_devtest,362,en,uz,"The secret to their success is the concept of the niche, a special job each cat holds that keeps it from competing with others.","Ularning muvaffaqiyatining siri joy tushunchasi — har bir mushuk egalik qiladigan, uni boshqalar bilan raqobat qilishdan tutib turuvchi maxsus mashg'ulotdir.",public_v2_adapter,"U o'zlari salida nichning kavtomini, qatida o'ynagan o'yindi o'yogasi bo'ilgan o'nkinni ko'ynilgan.",0.46290910011157393,46,False,False
eval_000056,flores_devtest,364,en,uz,"Prides are made up of one to three related adult males, along with as many as thirty females and cubs.","Sherlar to'dasi bittadan uchtagacha bo'lgan voyaga yetgan erkak sher, o'ttizdan ortiq urg'ochisi sher va sher bolalaridan iborat bo'ladi.",public_v2_adapter,"Prides o'zilgan, o'zgdan o'gʻiriga o'qʻlida o'yagan o'rda o'xʻlidan o'ynagan o`zigan o'yin o'tilgan.",0.5543493999866769,56,False,False
eval_000057,flores_devtest,366,en,uz,"Lion prides act much like packs of wolves or dogs, animals surprisingly similar to lions (but not other big cats) in behavior, and also very deadly to their prey.","Arslon to'dalari xuddi bo'rilar yoki itlar to'dalariga o'xshab harakat qiladi, hayvonlar (lekin boshqa katta mushuklar emas) hayratlanarli darajada sherlarga xatti-harakat va shuningdek, o'ljalari uchun halokatli ekanligi bilan o'xshashdir.",public_v2_adapter,"Lion prides, qolga va o'zlar bo'qashida o'ynagan, o'yinda liyonlara (yokgan o'yogʻlan ma'talar) o'yanda o'yunara o'ymagan, va o`ynagan o'nun o'ygiyaga o'nagan o’ynagan.",0.8055453000124544,82,False,False
eval_000058,flores_devtest,372,en,uz,"They can see very well in the dark with night vision, and move very stealthily, too. Ocelots hunt their prey by blending in with their surroundings then pouncing on their prey.","Tungi ko'rish qobiliyati yordamida ular qorong'ida juda yaxshi ko'ra oladi, ham tovush chiqarmasdan harakatlanadi. Oselotlar o'z o'ljasini ovlayotganda atrof-muhitga uygʻunlashadi, keyin esa o'z o'ljasini quvlab qo'lga kiritadi tushiradi.",public_v2_adapter,"U u o'zga yollida va o'yolda o'ynagan o'yin bo'ilgan, o'silotlar o'yan bo'ynidan o'yun bo'nin bo'kin bo'nan bo'yan.",0.6173871000064537,57,False,False
eval_000059,flores_devtest,378,en,uz,"We call this process speciation, which just means the formation of new species. Speciation is an unavoidable consequence and a very important part of evolution.","Bu jarayonni tur hosil bo'lishi deb ataymiz, bu shunchaki yangi turlarning shakllanishini anglatadi. Tur hosil bo'lishi evolyutsiyaning muqarrar oqibati va juda ahamiyatli qismidir.",public_v2_adapter,"Biz bu proses spesiasi ko'limo, o'z ki uʻylar bilan q'ilgan. spesiation — yullimiygan bir o'radi va evrimiygi o'ynamida o'ndi.",0.5825011999113485,56,False,False
eval_000060,flores_devtest,381,en,uz,"We make our houses from plants and make clothes from plants. Most foods that we eat are plants. Without plants, animals could not survive.",Biz uylarimiz va kiyim-kechaklarimizni o'simliklardan qilamiz. Biz iste'mol qiladigan oziq-ovqatlarning aksariyati o'simliklardir. o'simliklarsiz mavjudotlar omon qololmaydi.,public_v2_adapter,"Biz biz qosimlarımız o'zalardan va o'zglardan o'zhalar ko'zagan. Biz o'zimning o'qotingi o'zarlar. O'zallar olmasin, o'yin o'yagan o'shalar o'ynash.",0.6749473999952897,68,False,False
eval_000061,flores_devtest,382,en,uz,"Mosasaurus was the apex predator of its time, so it feared nothing, except other mosasaurs.","Mosazavrlar o'z davrining eng dahshatli yirtqichi bo'lgan, shu sababli u boshqa mosazavrlardan boshqa hech narsadan qo'rqmagan.",public_v2_adapter,"Mosasaurus o'zilgan apex predatorida, bu yüzden o'yagan mosasaurlardan o'ynan bo'ilgan.",0.4076594999060035,35,False,False
eval_000062,flores_devtest,389,en,uz,"For instance, they didn't have corn, nor tomatoes, nor potatoes, nor cocoa, and no ancient Roman ever tasted a turkey.","Masalan, ular hech qachon makkajo'xori, pomidor, kartoshka, kakao yeb ko'rmagan va qadimgi rimliklarning birortasi ham kurkani tatib ko'rmagan.",public_v2_adapter,"U'z, o'z o'zg, o`z tomatlar, o‘z potatalar, o’z kokoa va u'z romani o'zi turkiya o'qlamdi.",0.4901153000537306,51,False,False
eval_000063,flores_devtest,399,en,uz,"Greenland was settled sparsely. In the Norse sagas they say that Erik the Red was exiled from Iceland for murder, and when travelling further west, found Greenland and named it Greenland.","Grenlandiyada aholi siyrak. Norvegiya dostonlarida Qizil Erik qotillik uchun Islandiyadan surgun qilingani va g'arbga tomon sayohat qilayotganda Grenlandiyani uchratib, unga Grenlandiya deb nom bergani aytiladi.",public_v2_adapter,Norwegian sagasda Erik Red islandida o'zilgan bo'qilgan va o'yagan o'ynagan oʻzidan o'qagan o`zigan o'zgdan o'grinlandini o'yindi.,0.5391386999981478,57,False,False
eval_000064,flores_devtest,40,en,uz,"During his trip, Iwasaki ran into trouble on many occasions.",O'z sayohati mobaynida Ivasaki ko'p vaziyatlar muammoga ro'baro' kelgan.,public_v2_adapter,U o'zida Iwasaki o'yogda bo'ilgan.,0.19652719993609935,20,False,False
eval_000065,flores_devtest,425,en,uz,"In 1624,Dutch East India Company establishes a base in southwestern Taiwan, initiating a transformation in aboriginal grain production practices and employing Chinese laborers to work on its rice and sugar plantations.","1624-yili Gollandiyaning Ost-Indiya kompaniyasi Tayvanning janubi-g'arbiy qismida baza tashkil qilib, mahalliy don ishlab chiqarish amaliyotida transformatsiyani boshladi hamda xitoylik ishchilarni guruch hamda shakar plantatsiyalarida ishga jalb etdi .",public_v2_adapter,"1624-yilda Holland East India Company Taiwan o'yug-zapatida basini yilgan, aboriginal tahriya bo'ynasi bo'yagan bir transformasi yagan va chinasiyaglar riz va şeker plantatlari üzerinde ko'lagan.",0.6211257999530062,65,False,False
eval_000066,flores_devtest,433,en,uz,"The 35mm format is actually, somewhat confusingly, 36mm in width by 24mm in height.","35 mm format aslida bir oz chalkash bo'lib, kengligi 36 mm va balandligi 24 mm.",public_v2_adapter,"35mm format, o'zilgan, 36mm-yilga 24mm-yolida 36mm bo'zadi.",0.2855760999955237,30,False,False
eval_000067,flores_devtest,434,en,uz,The aspect ratio of this format (dividing by twelve to obtain the simplest whole-number ratio) is therefore said to be 3:2.,"Shunga ko'ra, mazkur formatning tomonlar nisbati (eng oddiy butun son nisbatini olish uchun o'n ikkiga bo'lish) 3:2 bo'lishi kerak deyiladi.",public_v2_adapter,"Bu formattin aspekt ratio (yol-tombor ratio o'ynagan o'zilgan, o'qotida 12 o'yinda bo'ilgan) bu bilan 3:2 va o'yogdi.",0.521888600080274,54,False,False
eval_000068,flores_devtest,437,en,uz,It states that the most effective place for the main subject is at the intersection of lines dividing the image into thirds vertically and horizontally (see example).,Unda asosiy subyekt uchun eng samarali joy suratni vertikal va gorizontal tarzda uchga bo'ladigan chiziqlar kesishmasida ekanligi aytilgan (namunaga qarang).,public_v2_adapter,"U o'ziy o'yagan o'ynasi bo'ilgan, o'yin o'yan o'yun o'qida bo'yaga bo'ynini vertikal va horisontalga bo'ziga bo'tilgan (x.",0.5889995999168605,61,False,False
eval_000069,flores_devtest,441,en,uz,One of the main Christian tenets is that wealth should be used to alleviate suffering and poverty and that the monetary funds of the church are there specifically for that reason.,"Nasroniylikning asosiy tamoyillaridan biri, boylik azob-uqubatlar hamda qashshoqlikni yengillashtirish uchun kerak va cherkovning pul mablag'lari aynan ana shu maqsad yo'lida qo'llanishidir.",public_v2_adapter,"Bir o'yari kristlik bilan, bo'zlar va miskida qosqilgan o'ynagan o'yindi va kilise o'zalar bu o'yu o'yanda o'kin o'yun.",0.5161456000059843,53,False,False
eval_000070,flores_devtest,443,en,uz,"Soon after the outbreak of hostilities, Britain initiated a naval blockade of Germany.","Harbiy harakatlar xurujidan ko'p o'tmay, Britaniya Germaniyani dengizda blokada qilishni boshladi.",public_v2_adapter,"U'ziyliklar o'zilgan o'ynagan o'yin, Britaniya Germanya marshal blokada ko'yndi.",0.3407771000638604,35,False,False
eval_000071,flores_devtest,446,en,uz,"Since there was limited response to this tactic, Germany expected a similar response to its unrestricted submarine warfare.",Mazkur taktikaga nisbatan cheklangan javob bo'lgani tufayli Germaniya o'zining cheklanmagan suvosti urushiga o'xshaydigan javob kutgandi.,public_v2_adapter,"U bu taktikya o'yilgan o'zli o'ynadi, Almanlar o'yin o'n bo'tlanga submariyal o'rasi o'yan o'nyagan o'yasida o'qotlam.",0.569948700023815,59,False,False
eval_000072,flores_devtest,45,en,uz,"Duvall, who is married with two adult children, did not leave a big impression on Miller, to whom the story was related.","Oilali, ikki nafar voyaga yetgan farzandi bor Duvall voqeaga aloqador bo'lgan Millerda katta taassurot qoldirmagan.",public_v2_adapter,"Duvall, o'yilgan iki olulga o'ynaga bo'ilgan, hikayenin o'zagan milerida o'yinli o'yan o'yun.",0.4269190999912098,44,False,False
eval_000073,flores_devtest,450,en,uz,"He arrived in the US with 4 cents to his name, a book of poetry, and a letter of recommendation from Charles Batchelor (his manager in his previous job) to Thomas Edison.","U AQSHga o'z nomidagi 4 sent, she'riy kitob va Charlz Batchelordan (oldingi ish joyidagi ish boshqaruvchisi) Tomas Edisonga tavsiyanoma bilan kelgandi.",public_v2_adapter,"U US-yilda 4 centga, o'zida, poetiyagi bo'ilgan va Charles Batchelor (yolda o'ynagan o'yin menaxeri) Thomas Edisoniga o'yogʻilgan.",0.524117499939166,55,False,False
eval_000074,flores_devtest,451,en,uz,Ancient China had a unique way of showing different time periods; each stage of China or each family that was in power was a distinctive dynasty.,Qadimiy Xitoy turli vaqt davrlarini ko'rsatishning noyob usuliga ega edi; Xitoyning har bir bosqichi yoki har bir hukmron oila aniq bir sulolaga bo'lgan.,public_v2_adapter,Antik Çin o'zlar bo'zalarga bo'yilgan bir yoldini o'ynashdi; China va o'yolda bo'ynagan bo'yasiy o'yinning bo'yan bo'yoyu bo'ya bo'yinni bo'yun bo'yon bo'nun bo'kin bo'nin bo'yil.,0.7666887999512255,81,False,False
eval_000075,flores_devtest,452,en,uz,Also between each dynasty was an unstable age of divided provinces. The best-known of these periods was the Three Kingdoms epoch taking place for 60 years between the Han and the Jin Dynasty.,"Shuningdek, har bir sulola orasida beqaror parokanda provinsiyalar davri bo'lgan. Bu davrlardan eng mashhuri Xan hamda Sin sulolalari o'rtasida 60 yil davomida yuz bergan Uch qirollik davridir.",public_v2_adapter,U q'yolda da o'ziylar bo'ilgan o'q'yogasi. Bu o'yoklar o'g'o'zida o'zg'oʻziylari o'rgan o'lagan o'llani o'x'o‘ziyagi o'tlan o'ch'o`ziyadi o'ttlan o’ziyati o'yndi o'n o'rtan o'ng o'ntlan o`zini o'yin o'nun o'ğ'ooli o''yn,1.2301365000894293,129,False,True
eval_000076,flores_devtest,463,en,uz,"Nothing can be seen other than the clear, beautiful sky above and the many surrounding mountains. Very little of this world can be seen or heard from inside the cave.","Tepadagi tiniq, go'zal osmon va atrofdagi ko'plab tog'lardan boshqa hech narsa ko'rinmaydi. g'or ichida bu dunyoning juda kichik qismini ko'rish yoki eshitish mumkin.",public_v2_adapter,"U o'z, u o'zg o'yin va o'ynagan o'kin o'yunlar bo'ilgan o'yash. Bu o'nun o'yan o'yni o'nin o'nan o'qidan o'ʻynan o'llagan o’ynan bo'ynan.",0.6971816000295803,73,False,False
eval_000077,flores_devtest,465,en,uz,"Built by the Egyptians in the third century BCE, the Great Pyramid is one of many large pyramid structures built to honor dead Pharaoh.",Eramizdan avvalgi uchinchi asrda misrliklar tomonidan bunyod etilgan Buyuk Piramida vafot etgan Fir'avn sharafiga barpo qilingan ko'plab yirik piramida inshootlaridan biri hisoblanadi.,public_v2_adapter,"Mescidlar III-yilda EYC o'zilgan, Big piramid - Farao bo'lida u o'ynagan o'yagan oʻzidan bir piramid strukturat.",0.5288394999224693,49,False,False
eval_000078,flores_devtest,466,en,uz,"The Giza Plateau, or ""Giza Necropolis"" in the Egyptian Valley of the Dead contains several pyramids (of which the great pyramid is the largest), several small tombs, several temples, and the great Sphinx.","Misr o'liklar vodiysidagi Giza platosi yoki ""Giza qabristoni"" bir qancha piramidalar (ularning eng yirigi — buyuk piramida), bir nechta kichik qabrlar, bir qancha ibodatxonalar va buyuk Sfinksni o'z ichiga oladi.",public_v2_adapter,"Mısırlı ölülar valli'yil Giza platoyu, ""Giza Necropolis"" -da birqiy piramidlar (yolgi piramidini o'ynan), birqibki ma'zlar, birqilgan templatlar va o'zari Sfinx.",0.6757006000261754,69,False,False
eval_000079,flores_devtest,469,en,uz,"Up means you should start at the tip and push the bow, and down means you should start at the frog (which is where your hand is holding the bow) and pull the bow.",Yuqoriga degani uchidan boshlashingiz va torni bosishingiz kerakligi va pastga degani strelkadan (qo'lingiz kamonni ushlab turgan nuqta) boshlashingiz va torni tortishingiz kerakligini anglatadi.,public_v2_adapter,U'z o'zdan va bo'zini yollagan va bo`zdan o'zgdan o’zidan o'zhani (yotasi bo'qida o'gʻilgan) o'dzan o'qidan o’zgagan o'chidan o‘zigan o'llagan o’zhani o'shagan o‘zhani.,0.8244170999387279,86,False,False
eval_000080,flores_devtest,478,en,uz,"Of course, the superprofits derived from the protracted exploitation of the Filipino people would constitute the basic gains of U.S. imperialism.","Shubhasiz, Filippin xalqining davomli ekspluatatsiyasidan olingan ulkan foydalar AQSH imperializmining asosiy daromadlarini tashkil qiladi.",public_v2_adapter,Tabolasi Filipinlar o'ynagan o'zilgan o'yashli o'qotlamdan bo'shadi U.S. imperializmin o'yin o'rini o'g'tlari o'zgdi.,0.5467626999597996,58,False,False
eval_000081,flores_devtest,479,en,uz,To understand the Templars one must understand the context that prompted the creation of the order.,Tampliyerlarni tushunish uchun ordenni yaratishga turtki bo'lgan muhitni tushunish zarur.,public_v2_adapter,"Templarini o'zagan, ordonan o'zgida bo'zilgan kontekstini oʻzidan.",0.2768756999867037,29,False,False
eval_000082,flores_devtest,480,en,uz,"The age where the events took place is commonly referred as the High Middle Ages the period of European history in the 11th, 12th, and 13th centuries (AD 1000–1300).","Voqealar sodir bo'lgan vaqt umumiy holda Yuqori o'rta asrlar deb ataluvchi Yevropa tarixidagi 11, 12 va 13-asrlardir (m. 1000–1300 yillar).",public_v2_adapter,"U o'zlar bo'ilgan o'yasi, 11th, 12th va 13th shekullida (AD 1000-1300) europiyalik istoriyasi o'ynagan o'yin o'yan o'kin o'yi o'yun o'nun o'nin o'yni o'yu o'ʻʻʻilgan.",0.7355740000493824,77,False,False
eval_000083,flores_devtest,487,en,uz,"Romanticism had a large element of cultural determinism, drawn from writers such as Goethe, Fichte, and Schlegel.","Romantizmda Gyote, Fixte hamda Shlegel singari yozuvchilardan qolgan madaniy determinizmning yirik elementi bor edi.",public_v2_adapter,"Romantikism, Goethe, Fichte va Schlegel kimi yazarlardan o'zilgan kultural determinizmini o'ynamida.",0.35010109993163496,35,False,False
eval_000084,flores_devtest,494,en,uz,At the beginning dress was heavily influenced by the Byzantine culture in the east.,Dastlab ko'ylakka sharqdagi Vizantiya madaniyati kuchli ta'sir ko'rsatdi.,public_v2_adapter,"U o'ziyda, o'zgda Bizantinas kulturasi o'yilgan o'yndi.",0.25936010002624243,28,False,False
eval_000085,flores_devtest,501,en,uz,"Subcultures can be distinctive because of the age, ethnicity, class, location, and/or gender of the members.","Submadaniyatlar a'zolarning yoshi, etnik kelib chiqishi, sinfi, joylashuvi va/yoki jinsiga qarab ajralib turishi mumkin.",public_v2_adapter,"Subkulturlar, o'zalar, etniklik, klas, lokasyon va/yoggan bo'ilgan q'ilgan.",0.3113612999441102,32,False,False
eval_000086,flores_devtest,507,en,uz,Others are alleged to have been brought up by animals; some are said to have lived in the wild on their own.,Boshqalarning hayvonlar tarafidan katta qilingani da'vo qilinadi; ba'zilarining yovvoyi tabiatda o'zlari yashaganligi aytiladi.,public_v2_adapter,"O'zlar o'zalarga bo'ilgan, o'zglar oʻzda bo'zdan bo'ynagan.",0.3221733000827953,33,False,False
eval_000087,flores_devtest,517,en,uz,Foster care is supposed to provide all the necessities that were lacking in the home they were previously taken from.,Homiylik parvarishi ular chiqarib olingan uyda yetishmaydigan barcha zaruriy narsalar bilan ta'minlashi kerak.,public_v2_adapter,Foster o'zasi o'yagan o'ynilgan o'yin o'qidan o'kin o'yan o'yun o'ymagan o`zigan o'ygini o'yo'ynagan oʻzadi.,0.5478699000086635,56,False,False
eval_000088,flores_devtest,519,en,uz,The distinct characteristics of the Internet lead to additional dimensions in terms of the uses and gratifications approach.,Internetning alohida xususiyatlari undan foydalanish hamda mamnun etuvchi yondashuv borasida qo'shimcha o'lchamlarga yetaklaydi.,public_v2_adapter,"Interneting o'zilgan istiklar, qosiflik va bo'ziyasi yaklaşımı açısından yogimdimensionlar o'ynagan.",0.3770171001087874,39,False,False
eval_000089,flores_devtest,520,en,uz,"For example, “learning” and “socialization” are suggested as important motivations for Internet use (James et al., 1995).","Misol uchun, ""ta'lim"" va ""ijtimoiylashuv"" internetdan foydalanish uchun muhim motivatsiyalar sifatida taklif qilinadi (Jeyms va boshqalar, 1995).",public_v2_adapter,"""yolining"" va ""socializasyon"" internetning o'zilgan o'ynagan bo'shlar (James et al., 1995).",0.3498854999197647,37,False,False
eval_000090,flores_devtest,523,en,uz,"In particular, it is claimed that one can detect whether a person is lying by interpreting micro-expressions correctly.","Xususan, kichik ifodalarni to'g'ri talqin qilish orqali kishi yolg'on gapirayotgani yoki yolg'on gapirmayotganligini aniqlash mumkin, deya da'vo qilinmoqda.",public_v2_adapter,"U'zilgan, o'zidan mikro-expresionlar düzgün yollagan iskinini o'ynashgan.",0.3117480999790132,32,False,False
eval_000091,flores_devtest,529,en,uz,"Out on the savanna, it is hard for a primate with a digestive system like that of humans to satisfy its amino-acid requirements from available plant resources.","Savannadan tashqarida, inson kabi ovqat hazm qilish tizimiga ega bo'lgan primat uchun aminokislotaga bo'lgan ehtiyojni mavjud o'simlik manbalaridan qondirish mushkul.",public_v2_adapter,"Savanna o'zilgan, insanga o'ynagan o'yashida digestiv sistemiga primata bo'shini o'yinda o'yan amino asidlik geribini oʻzilgan.",0.49687090003862977,52,False,False
eval_000092,flores_devtest,532,en,uz,"In contrast, animal foods (ants, termites, eggs) not only are easily digestible, but they provide high-quantity proteins that contain all the essential amino acids.","Bundan farqli o'laroq, mavjudot ozuqalar (chumolilar, termitlar, tuxumlar) nafaqat yengil hazm bo'ladi, balki ular muhim aminokislotalarning barchasini o'z ichiga olgan yuqori miqdordagi oqsillar bilan ham ta'minlaydi.",public_v2_adapter,"U'ziyal gems (tirmit, termit, yoglar) o'ynash o'yagan bo'ilgan va o'zigan o'yin o'yan o'nan o'kin o'yun o'nin o'nun o'yon o'llini o'qidan o'lida o'rgan o'n o'ng o'gida o`lida.",0.9234833000227809,93,False,False
eval_000093,flores_devtest,533,en,uz,"All things considered, we should not be surprised if our own ancestors solved their ""protein problem"" in somewhat the same way that chimps on the savanna do today.","Barcha narsalar hisobga olingan holda, agar ajdodlarimiz o'zlarining ""oqsil muammolarini"" bugungi kunda savanna shimpanzelariga o'xshash usulda hal qilgan bo'lsalar, ajablanmasligimiz kerak.",public_v2_adapter,"U o'zlar bo'ilgan, biz o'ynamalarimiz ""protein problemini"" buggi sabana qimplari o'yagan o'yin o'qimpida bo'yilgan o'ndan o'rgan o'lidan o'llagan o`tlamaz.",0.6860793000087142,72,False,False
eval_000094,flores_devtest,534,en,uz,Sleep interruption is the process of purposefully awakening during your normal sleep period and falling asleep a short time later (10–60 minutes).,Uyqu uzilishi — bu sizning odatdagi uyqu vaqtingizdan atay uyg'onish va qisqa vaqtdan keyin (10–60 daqiqa) uyquga ketish jarayonidir.,public_v2_adapter,U'ziygi bo'shishasi - normal u'zining o'zida bo'zilgan va o'zgdan o'qimning bo'sagan ( 10-60 min) o'yogdi.,0.5054590000072494,52,False,False
eval_000095,flores_devtest,536,en,uz,"If you find yourself resetting the clock in your sleep, it can be placed on the other side of the room, forcing you to get out of bed to turn it off.","Agar siz uyqudaligingizda soatni o'chirib qo'yayotgan bo'lsangiz, uni xonaning boshqa burchagiga qo'yishingiz mumkin, bu holda uni o'chirish uchun o'rningizdan turishingizga to'g'ri keladi.",public_v2_adapter,"U u u u o'zini bo'zida ko'zidan bo'ilgan, o'yin o'yagan o'ynagan o`zidan o'zgida o'qidan boʻzida o`qidan o`gida bo'qida bo‘zida bo’zida.",0.7256791000254452,71,True,False
eval_000096,flores_devtest,545,en,uz,"Germany was a common enemy in World War 2, leading to cooperation between the USSR and USA. With the end of the war the clashes of system, process and culture led to the countries falling out.","Germaniya Ikkinchi jahon urushida SSSR bilan AQSH o'rtasidagi hamkorlikka sababchi bo'lgan umumiy dushman edi. Urush tugashi bilan tizim, taraqqiyot jarayoni hamda madaniyat to'qnashuvlari davlatlarni o'zaro nizoga boshladi.",public_v2_adapter,"U Germanya II-yilda o'zilgan o'zgadi, Sovyetiyat va USA o'yashida o'qotasi bo'yndi. Sava'nın sonuga sistem, proses va kultur bilan o'g'zlar o'yin o'zhotasi o'chotasi yollagan.",0.7277613000478595,74,False,False
eval_000097,flores_devtest,549,en,uz,"However, these plans were rendered obsolete nearly overnight, when over 800,000 soldiers from the Soviet's Union Red Army entered and created the Belarussian and Ukrainian fronts after invading the eastern regions of Poland in violation of the Riga Peace Treaty, the Soviet-Polish Non-Aggression Pact, and other international treaties, both bilateral and multilateral.","Lekin Sovet Ittifoqi qizil armiyasining 800 000 dan ortiq askarlari Riga tinchlik shartnomasi, Tajovuz qilmaslik to'g'risidagi Sovet-Polsha pakti hamda boshqa ikki tomonlama va ko'p tomonlama shartnomalarni buzgan holda Polshaning sharqiy hududlarini bosib olgandan so'ng Belorussiya va Ukrainaga kirishi hamda frontlar yaratganida mazkur rejalar deyarli bir kechaga eskirgandi.",public_v2_adapter,"Bu planlar, Sovyet-Sovjetiyal Rostar armida 800 000 o'zdan o'zgli bo'ilgan va Polandining o'qoliyiyiyingi bilan Riga qafatlik ko'lida, Sovet-Polish aggresion olgan paketi va o'ynagan iktash bilateral va multilateral istimaglarga bo'zilgan Baltarush va Ukrain frontlar bo'yilgan.",1.0261366999475285,106,False,False
eval_000098,flores_devtest,55,en,uz,First among its 78 recommendations is that a new diplomatic initiative should be taken before the end of this year to secure Iraq’s borders against hostile interventions and to re-establish diplomatic relations with its neighbors.,"Uning 78 tavsiyasidan birinchisi shuki, shu yil oxiriga qadar Iroq chegaralarini tajovuzlardan himoya qilish va qo'shnilar bilan diplomatik aloqalarni qayta tiklashga oid yangi diplomatik choralarni boshlash lozim.",public_v2_adapter,"U 78 o'zlari arasında, Irak bilan ayashlik qosipasi bo'ynilgan va maholimlarla diplomatik ilişkileri qaytarmak o'yagan bu yıldan o'yinni o'ynida o'qotʻilgan bir diplomatik initiatyati o'yil.",0.6569219999946654,69,False,False
eval_000099,flores_devtest,550,en,uz,Using ships to transport goods is by far the most efficient way to move large amounts of people and goods across oceans.,Mahsulotlarni tashish uchun kemalardan foydalanish yirik miqdordagi insonlar va mahsulotlarni okeanlar bo'ylab harakatlantirishning eng samarali usulidir.,public_v2_adapter,Uchiya o'zalarlar bo'shida u'zagan o'zglarda o'qotlar va o'zhoglar boʻshida bo'zilgan o'yagan bo'sidan bo'xidan boʻzadi.,0.5863139999564737,60,False,False
eval_000100,flores_devtest,553,en,uz,"At the same time, the German navy, using mainly U-boats, was trying to stop this traffic.","Shu bilan birga Nemis dengiz floti, asosan, dengizosti qayiqlaridan foydalanib, ushbu transport harakatini to'xtatishga urinayotgandi.",public_v2_adapter,"U'yashga, Alman marshini, o'ynda u-bobotlar bo'ilgan bu trafikchi yʻzagan.",0.3335252999095246,35,False,False
eval_000101,flores_devtest,555,en,uz,"Goats seem to have been first domesticated roughly 10,000 years ago in the Zagros Mountains of Iran.",Echkilar ilk bor 10 ming yilcha avval Eronning Zagros tog'larida qo'lga o'rgatilgan ko'rinadi.,public_v2_adapter,Gotlar İran-yil Zagros da'lida 10 000 o'rdan o'zilgan.,0.2488401000155136,26,False,False
eval_000102,flores_devtest,56,en,uz,"Current senator and Argentine First Lady Cristina Fernandez de Kirchner announced her presidential candidacy yesterday evening in La Plata, a city 50 kilometers (31 miles) away from Buenos Aires.",Kecha kechqurun Buenos-Ayresdan 50 km (31 mil) uzoqlikdagi La Platada amaldagi senator va Argentinaning birinchi xonimi Kristina Fernandes de Kirshner prezidentlikka o'z nomzodini qo'yishini ma'lum qildi.,public_v2_adapter,"U'yagan senator va argentiniyagi First Lady Cristina Fernandez de Kirchner, Buenos Aires-yil 50 kilometre (31 mil) o'zilgan La Plata o'ynatida presidatif kandidaatlikini o'yashdi.",0.5658664000220597,60,False,False
eval_000103,flores_devtest,579,en,uz,"A binary number can have only one of two values, i.e. 0 or 1, and these numbers are referred to as binary digits - or bits, to use computer jargon.","Ikkilik raqamlar faqatgina ikkita qiymatdan biriga ega bo'la oladi, misol uchun 0 yoki 1 hamda mazkur raqamlar kompyuter jargonida foydalanish uchun bitlar yoki ikkilik raqamlar deb yuritiladi.",public_v2_adapter,"Binary numrida, o'y 0 va 1 vallardan birini bo'ilgan va bu sayılar bilgisayar jargonini o'ynatmakda binary digitalar - o'z bitlar olarak adilgan.",0.5338859000476077,54,False,False
eval_000104,flores_devtest,586,en,uz,"Across the United States of America, there are approximately 400,000 known cases of Multiple Sclerosis (MS), leaving it as the leading neurological disease in younger and middle aged adults.","Butun Amerika Qo'shma Shtatlari bo'ylab taxminan 400 000 ta parishonxotirlik sklerozi (MS) holatlari ma'lum bo'lib, bu yoshroq va o'rta yoshdagi kattalar orasida yetakchi nevrologik kasallik bo'lib qolmoqda.",public_v2_adapter,"Amerika Birleşik Devletleri-yilda, Multiple Sclerosis (MS) 400 000 o'ynagan bo'ilgan, bu da u yumol va qosmiylik olidanlarda neurolojik bo'ynasi bo'iladi.",0.5362725000595674,58,False,False
eval_000105,flores_devtest,592,en,uz,Science’s main goal is to figure out the way the world works through the scientific method. This method in fact guides most scientific research.,"Ilm-fanning asosiy maqsadi ilmiy usul orqali dunyoning qanday ishlashini aniqlashdir. Aslini olganda, bu usul boshqa ko'plab ilmiy izlanishlarga yo'lboshchilik qiladi.",public_v2_adapter,"U'ziyin o'zini, va yildasi bo'ynilgan bo'zida bo'yagan. Bu metodi hamda daqidan bilimsel qosiplari ko'zdi.",0.4897181000560522,49,False,False
eval_000106,flores_devtest,598,en,uz,"Periodic rhythms, which are not simply responses to external periodic cues, have been documented for most living beings, including bacteria, fungi, plants, and animals.","Tashqi davriy signallarga oddiygina javob bo'lmagan davriy ritmlar ko'plab tirik jonzotlar, jumladan, bakteriya, zamburug', o'simlik hamda hayvonlar uchun hujjatlashtirilgan.",public_v2_adapter,"Periodik ritmi, o'ynda periodik yosga o'yogasi o'zagan o'yin o'qilgan o'rlar bacteriya, mullida, plantata va o'llar da o'shara bo'ilgan dokumidan.",0.6213735999772325,65,False,False
eval_000107,flores_devtest,599,en,uz,Biological clocks are self sustaining oscillators which will continue a period of free-running cycling even in the absence of external cues.,Biologik soatlar hattoki tashqi signallar bo'lmaganida ham avtonom harakatlanish davrini davom ettiruvchi avtogeneratordir.,public_v2_adapter,"Biolojik o'zlar - o'sh-susting oscillatorlar, yunan o'qlar bo'ynagan o'yashda da o'xirga o'tlari o'ynasi o'yin.",0.5404002999421209,56,False,False
eval_000108,flores_devtest,60,en,uz,Over four million people went to Rome to attend the funeral.,Dafn marosimida ishtirok etish uchun to'rt milliondan ko'proq kishi Rimga tashrif buyurdi.,public_v2_adapter,U x'yolida o'zilgan 4 milyon kişi Romaya qaytadi.,0.21439199999440461,22,False,False
eval_000109,flores_devtest,604,en,uz,"Only mutations in germ-line cells can be passed on to children, while mutations elsewhere can cause cell-death or cancer.","Faqatgina jinsiy hujayralardagi mutatsiyalar bolalarga o'tishi mumkin, boshqa har qanday yerdagi mutatsiyalar hujayraning nobud bo'lishi yoki saratonga sabab bo'lishi mumkin.",public_v2_adapter,"U germ-line qildida mutasyonlar o'zagan, mutasyonlarda o'zgda qildin bo'ilgan va kanceriyasi qay'ilgan.",0.3942127999616787,41,False,False
eval_000110,flores_devtest,605,en,uz,"Nature-based tourism attracts people interested in visiting natural areas for the purpose of enjoying the scenery, including plant and animal wildlife.","Tabiatga asoslangan turizm tabiat, jumladan, o'simliklar hamda hayvonlarning yovvoyi hayotidan zavqlanish maqsadida tabiiy hududlarga tashrif buyurishga qiziquvchi kishilarni o'ziga jalb qiladi.",public_v2_adapter,"Doğalga tug'ilgan turizmi, o'zalar va hayoliylar da bo'shida sahilini o'ynashida o'yaganlar o'qidanlar oʻzaganlar.",0.47545619995798916,50,False,False
eval_000111,flores_devtest,61,en,uz,The number of people present was so large that it was not possible for everybody to gain access to the funeral in St. Peter's Square.,"Kelganlar soni shu qadar ko'p ediki, barchaning Avliyo Peter maydonidagi dafn marosimiga kirishi imkonsiz edi.",public_v2_adapter,U o'zlar o'yagan o'ynasi o'yin o'kin o'yun o'yan o'nin o'n o'nun o'nan o'qidan o'ʻynasi bo'ynadi o'yni o''ynani o'ymani o`ynasi.,0.6576032999437302,70,False,False
eval_000112,flores_devtest,616,en,uz,"Fortunately, drivers tend to behave within a reasonably consistent range; thus, traffic streams tend to have some reasonable consistency and can be roughly represented mathematically.","Yaxshiki, haydovchilar o'zini oqilona izchil doirada tutishga moyil; shu sababli qatnov oqimlari bir oz oqilona izchillikka ega va matematik jihatdan taxminan ifodalanishi mumkin.",public_v2_adapter,"Fortunatla, xoflar o'zilgan bir yogda bo'shagan; bu sayda, trafik akralar o'yogdan o'ynashida bo'zlan va matematik olarak o'qotlamasi o'yin.",0.5587073999922723,60,False,False
eval_000113,flores_devtest,623,en,uz,"Thousands of years ago, a man called Aristarchus said that the Solar System moved around the Sun.",Bir necha ming yil avval Aristarx ismli kishi Quyosh tizimi Quyosh atrofida aylanishini aytgan.,public_v2_adapter,"Tiyollar o'zilgan Aristarkus adalga bir adam, solar sistemini solda ko'zdi.",0.3174231998855248,32,False,False
eval_000114,flores_devtest,626,en,uz,The Amazon River is the second longest and the biggest river on Earth. It carries more than 8 times as much water as the second biggest river.,Amazonka yer yuzidagi eng katta va ikkinchi eng uzun daryodir. U ikkinchi eng katta daryodan 8 karra ko'proq suv tashiydi.,public_v2_adapter,Amazon riyisi - Yeryüzünding o'zilgan va o'zgli o'qida. o'yagan o'gʻirga o'yin o'kin o'ynasi o'ng o'yun o'nun o'nin o'nini o'yan o'nan o'r o'lliga o'x'in o'l.,0.8836580000352114,85,False,False
eval_000115,flores_devtest,630,en,uz,"Although pyramid-building in stone continued until the end of the Old Kingdom, the pyramids of Giza were never surpassed in their size and the technical excellence of their construction.","Toshdan piramida qurish Qadimgi qirollikning oxirigacha davom etganligiga qaramasdan, ular Giza piramidalaridan o'zlarining o'lchamlari va qurilishdagi texnik afzalliklari jihatidan hech qachon ustun bo'lmagan.",public_v2_adapter,"U guriy piramidida bo'ilgan o'zigan o'ynagan o'yinni o'yagan, Giza piramidid o'yun bo'ynining o'ygida va teknik yeksiyasi bo'yaga bo'yasidan bo'ysilgan.",0.6102089000632986,64,False,False
eval_000116,flores_devtest,632,en,uz,Vatican City's population is around 800. It is the smallest independent country in the world and the country with the lowest population.,Vatikan shahri aholisi 800 kishi atrofida. U dunyodagi eng kichik mustaqil davlat va eng kam aholiga ega mamlakatdir.,public_v2_adapter,Vatikan City o'zilgan 800. Bu - va bo'zli o'zgli oʻzli.,0.26215659989975393,28,False,False
eval_000117,flores_devtest,635,en,uz,All citizens of Vatican City are Roman Catholic.,Vatikan shahrining barcha aholisi katolikdir.,public_v2_adapter,Vatikan Cityning o'zlar romat katolik.,0.14938630000688136,16,False,False
eval_000118,flores_devtest,637,en,uz,"Aristotle, a philosopher, theorised that everything is made up of a mixture of one or more of four elements. They were earth, water, air, and fire.","Faylasuf Aristotel barcha narsa to'rt unsurning bir yoki bir nechtasi aralashmasidan tashkil topgan degan nazariyani ilgari surgan. Ularni tuproq, suv, havo va olov ekanligini aytib o'tgan.",public_v2_adapter,"Aristotle, filosofi, o'zilgan ki, o‘zgan o'ynatga bir va o'yash elementini bo'shadi. O'z, oʻz, u'z va oʻzim.",0.5572600000305101,56,False,False
eval_000119,flores_devtest,64,en,uz,"Historians have criticized past FBI policies for focusing resources on cases which are easy to solve, especially stolen car cases, with the intent of boosting the agency's success rate.","Tarixchilar agentlikning muvaffaqiyat darajasini kuchaytirish uchun osongina hal qilish mumkin bo'lgan, ayniqsa avtomobil o'g'rilanishi bo'yicha ishlarga resurslarning qaratilganligi uchun FQB agentligining o'tmishdagi siyosatlarini tanqid qildilar.",public_v2_adapter,"Tariyorlar FBI-yil bilan o'zasi bo'ilgan, agensiya qaytashini bo'zagan o'zgida, o'ynagan oʻzagan bo'zgidan o'gari bo'gadi bo'qida resurslari bo'xagan o‘zagan va o'rgan bo'iladi.",0.7614217000082135,78,False,False
eval_000120,flores_devtest,644,en,uz,"Thus, the pencil was a good friend to many people when it came out.","Shu tarzda, qalam paydo bo'lganida ko'pchilik uchun yaxshi do'st edi.",public_v2_adapter,"U o'z, o'zg o'yin o'ynagan o'yilgan o'qidan o'kin o'r.",0.3262484000297263,33,False,False
eval_000121,flores_devtest,645,en,uz,"Sadly, as newer methods of writing have emerged, the pencil has been relegated to lesser status and uses.","Afsuski, yozuvning yangi usullari vujudga kelganligi tufayli qalam quyi maqomga va kamroq foydalanish darajasiga tushib qoldi.",public_v2_adapter,"U'zilgan, o'zlar pislik metodoliylar yildildi kimi, pensiyili o'yashga statusi va o'ynatlara qaytadi.",0.4074127998901531,43,False,False
eval_000122,flores_devtest,654,en,uz,There may be more maria on the near side because the crust is thinner. It was easier for lava to rise up to the surface.,"Yaqin joyda mariya ko'proq bo'lishi mumkin, chunki qobiq yupqa. Lavaning yuzaga chiqishi osonroq bo'lgan.",public_v2_adapter,"U u'ziyda maria bo'ilgan, o'zida ko'z. Lavaga yildida o'ynagan o'yin.",0.34273210004903376,36,False,False
eval_000123,flores_devtest,661,en,uz,"At the other end of the spectrum, one morphs into an unrecognizable individual that feels he or she must change everything the team has been doing and make it their own.","Spektrning boshqa uchida, bir inson jamoa shu paytgacha qilgan barcha narsalarni o'zgartirish va uni o'zlarinikini qilish kerak deb hisoblovchi tanib bo'lmaydigan shaxsga aylanadi.",public_v2_adapter,"Spektromun o'zilgan o'yagan, o'ynini o'yin o'yun o'nun o'yan o'kin o'nin o'qidan o'ʻynini bo'ynagan va o'n o'nan o'ymani o'yni bo'yin.",0.6598394999746233,69,False,False
eval_000124,flores_devtest,668,en,uz,The “invisible team” is the management team to which each of the members report. The invisible team sets the standards for each member.,"""Ko'rinmas jamoa"" — bu a'zolarning har biri hisobot beruvchi boshqaruv jamoasidir. Ko'rinmas jamoa har bir a'zo uchun standartlarni belgilab beradi.",public_v2_adapter,"""G'ilgan ekip"" - o'ynamida o'yagan bilan o'zagan bo'ilgan. ""g'ilgan o'yinamida"" q'yidan o'yanlar bo'yaga standardlar ko'yilgan.",0.5502731000306085,57,False,False
eval_000125,flores_devtest,669,en,uz,Why would an organization want to go through the time consuming process of establishing a learning organization? One goal for putting organizational learning concepts into practice is innovation.,Ta'lim tashkiloti nima sababdan tashkillashtirish uchun ko'p vaqt talab qiladigan jarayondan o'tishni xohlar ekan? Tashkiliy ta'lim konsepsiyalarini amaliyotga tatbiq etishning bitta maqsadi — innovatsiyadir.,public_v2_adapter,"Bir organizasyon, u o'ziying organizasyonini yilganga o'yagan bo'ynish bilan o'ynash? Organizational o'yinning kavimlari ko'yaga qo'ynasi bir o'ylam yenovasyon.",0.5662218000506982,59,False,False
eval_000126,flores_devtest,67,en,uz,"Middle order batsmen, Sachin Tendulkar and Rahul Dravid, performed well and made a hundred-run partnership.",o'rta zveno betsmenlari Sachin Tendulkar va Rahul Dravid yaxshi o'yin ko'rsatdi va birgalikda yuz ran to'plagan sheriklarga aylandi.,public_v2_adapter,"U'ziy o'zari bo'zmanlar Sachin Tendulkar va Rahul Dravid, iyimlik o'ynagan va qosat-rong kumarchiasi ko'zilgan.",0.48865810001734644,52,False,False
eval_000127,flores_devtest,68,en,uz,"But, after losing the captain's wicket India only made 36 runs loosing 7 wickets to end the innings.","Biroq sardor viketini yo'qotganidan keyin, Hindiston uzatmalarni yakunlash uchun 7 ta viket yo'qotishlar bilan faqatgina 36 ta ranni amalga oshirdi.",public_v2_adapter,"U, kapitanni wicketini bo'ilgan o'zdan sonra Hindistan, inning o'zgagan q'ynagan o'q'ilgan 7 wicketi bo'zgan 36 runsga ko'zdi.",0.5210651000961661,54,False,False
eval_000128,flores_devtest,680,en,uz,Research in AI involves making machines to automate tasks that require intelligent behavior.,AI bo'yicha tadqiqotlar aqlli xatti-harakatlar talab etiluvchi vazifalarni avtomatlashtirish uchun mashinalar yaratishdan iborat.,public_v2_adapter,"AI-yilda q'ilganlar, akıllı o'zida vajalasi tasyonlar otomatikizman maşinalarini bo'ynagan.",0.36159790004603565,38,False,False
eval_000129,flores_devtest,688,en,uz,"Blogs can also help improve student writing. While students often begin their blog experience with sloppy grammar and spelling, the presence of an audience generally changes that.","Bloglar talabalarning yozish mahoratini yaxshilashga ham yordam beradi. Talabalar ko'pincha o'z blog tajribasini pala-partish grammatika va imlo bilan boshlasa-da, auditoriyaning borligini odatda buni o'zgartiradi.",public_v2_adapter,"Bloglar da student pismi bo'ynagan o'zilgan. U'zalar blogga o'zgli grammar va yosqlamasi bilan o'yogʻlan, o'yin o'ynani o'kin o'rgan o'g'tadi o'n o'qlamadi.",0.7133838000008836,73,False,False
eval_000130,flores_devtest,689,en,uz,"Since students are often the most critical audience, the blog writer begins to strive to improve writing to avoid criticism.","Talabalar ko'p hollarda eng tanqidiy tinglovchilar bo'lganligi tufayli, bloger tanqiddan qochish uchun yozayotganlarini yaxshilashga intiladi.",public_v2_adapter,"U'yollar o'ynilgan o'yogasi o'yin, blog yazar, kritiklik o'zagan q'ilgan pisiying bo'ynashgan.",0.41470680001657456,43,False,False
eval_000131,flores_devtest,696,en,uz,Large areas further north are quite sparsely populated and some is nearly uninhabited wilderness.,"Yanada shimolroqdagi katta hududlarning aholisi juda siyrak, ayrim yerlar esa qariyb kimsasiz sahrodir.",public_v2_adapter,"U'ziy o'zlar qosirda o'zgilgan, o'yin o'qosir bo'zagan o'yogida.",0.368438099976629,38,False,False
eval_000132,flores_devtest,698,en,uz,The East African Islands are in the Indian Ocean off the eastern coast of Africa.,Sharqiy Afrika orollari Afrika qit'asining sharqiy sohillari bo'yidagi Hind ummonida joylashgan.,public_v2_adapter,Afrika o'zlar Afrikasi o'zgida Indiya o'sirida bo'ilgan.,0.23124220001045614,24,False,False
eval_000133,flores_devtest,704,en,uz,"Women: It is recommended that any women travellers say that they are married, regardless of actual marital status.","Ayollar: Oilaviy holatidan qat'i nazar, barcha ayol sayyohlarga o'zlarini turmush qurgan deb aytish tavsiya etiladi.",public_v2_adapter,"Qadınlar: U ham qamilga u o'zli bo'shagan, o'ynatlik o'qashiyasi bilan o'yilgan o'yin o'rgan o'zgidan.",0.5420968999387696,50,False,False
eval_000134,flores_devtest,706,en,uz,"Women should realize that cultural differences may result in what they would consider harassment and it is not uncommon to be followed, grabbed by the arm, etc.","Ayollar madaniy farqlarning ular ta'qib qilish deb hisoblovchi narsalarga olib kelishi mumkinligini anglab yetishlari kerak va kuzatib borish, qo'lidan ushlash kabilar kam uchraydigan holat emas.",public_v2_adapter,"U'zlar kultural farklotlar, o'zida o'yashlikga o'ynagan bo'ilgan va o'yin o'yan o'ymagan, o`zida bo'yagan o'q'ilgan o'rgan o'nagan o’yashidan o'yaslan.",0.7512428999179974,74,False,False
eval_000135,flores_devtest,707,en,uz,"Be firm in turning down men, and don't be afraid to stand your ground (cultural differences or not, it doesn't make it ok!).",Erkaklarga rad javob qilishda qat'iy bo'ling va o'z aytganingizda turishdan qo'rqmang (madaniy farqlar borligi yoki yo'qligidan qat'iy nazar bu uni oddiy holatga aylantirmaydi!).,public_v2_adapter,"U u'zlar bo'ilgan o'zagan va yildida ko'zdan bo'zlan (kultiyal farklatlar ya da olgan, o'ynasi o'yin!).",0.4754256000742316,49,False,False
eval_000136,flores_devtest,71,en,uz,"After a week of losses in the midterm election, Bush told an audience about the expansion of trade in Asia.","Oraliq saylovlardagi bir haftalik yo'qotishlardan keyin, Bush ommaga Osiyoda savdo-sotiqning kengayishi to'g'risida so'zlab berdi.",public_v2_adapter,"U qosirlik o'ziyda bir yedida bo'ilgan, Bush Asyalı ticaretini o'ynaganla o'yinli o'kin o'yni o'yun.",0.45383550005499274,47,False,False
eval_000137,flores_devtest,721,en,uz,It was one of the major stops during Henry Louis Gates' PBS special Wonders of the African World.,"Bu Genri Luis Geystning PBS kanalidagi ""Afrika dunyosi mo'jizalari"" maxsus serialidagi asosiy to'xtash nuqtalaridan biri bo'lgan edi.",public_v2_adapter,U Henry Louis Gates PBS afrikiyagida Special Wondersda o'zilgan bo'zlar.,0.2785334000363946,28,False,False
eval_000138,flores_devtest,724,en,uz,"The park covers 19,500 km² and is divided in 14 different ecozones, each supporting different wildlife.",Bog' 19 500 km² maydonni qamrab olgan hamda har biri turlicha yovvoyi tabiatni qo'llab-quvvatlovchi 14 ta ekohududga bo'lingan.,public_v2_adapter,"Parki 19,500 km2 o'yilgan va 14 yildik ekozoniya bo'ynagan, her biri o'ziyolida bo'yoggan.",0.38610409991815686,41,False,False
eval_000139,flores_devtest,73,en,uz,"Layton had asked for changes to the conservatives' environmental bill during the meeting with the PM, asking for a ""thorough and complete rewriting"" of the Conservative party's environmental bill.","Bosh vazir bilan uchrashuv paytida Layton konservatorlarning atrof-muhit haqidagi qonun loyihasini ""batafsil va to'liq qayta yozish""ni, Konservatorlar partiyasining atrof-muhit haqidagi qonun loyihasiga o'zgartishlar kiritishni so'radi.",public_v2_adapter,"Layton Konservativ partiyasi ekolojiylik bilan ""tombli va o'zilgan"" re-scripting o'ynagan premirga o'yinda konservatiflar bo'lida o'rgan bo'lliga o'ndi.",0.6221136000240222,64,False,False
eval_000140,flores_devtest,731,en,uz,The great majority of Hong Kong Island's urban development is densely packed on reclaimed land along the northern shore.,Gonkong orolidagi shaharsozlik taraqqiyotining katta qismi shimoliy sohil bo'ylab o'zlashtirilgan yerlarda zich joylashgan.,public_v2_adapter,Hong Kong o'llida ayilgan bo'zlari o'zadi yosiyasi q'yolda o'zgagan o'rgan o'g'zagan.,0.4319875999353826,43,False,False
eval_000141,flores_devtest,732,en,uz,"This is the place the British colonisers took as their own and so if you are looking for evidence of the territory's colonial past, this is a good place to start.","Bu ingliz mustamlakachilari o'ziniki deb bilgan joy, shunday ekan, agar siz hududning mustamlaka bo'lgan o'tmishiga dalil diqirayotgan bo'lsangiz, bu yer boshlash uchun yaxshi joydir.",public_v2_adapter,"Bu Britiyal kolonizatorlar bo'zilgan va o'yolida to'ynagan kolonial bilan kanashida, bu o'ynagdan qay'qidan.",0.43775640008971095,45,False,False
eval_000142,flores_devtest,737,en,uz,"Since 1966 the Sundarbans have been a wildlife sanctuary, and it is estimated that there are now 400 Royal Bengal tigers and about 30,000 spotted deer in the area.",1966-yildan beri Sandarban yovvoyi tabiat qo'riqxonasi bo'lib kelmoqda hamda mazkur hududda hozirda 400 ta qirollik Bengal yo'lbarslari va qariyb 30 000 tog' kiyiklari borligi taxmin qilinadi.,public_v2_adapter,1966-yildan bu yana Sundarbans vahiylik o'ynasi bo'ilgan va o'zagan 400 Royal Bengal tigri va oʻzidan 30 000 o'rga bo'tli o'yashida bo'ttani.,0.5496359000680968,58,False,False
eval_000143,flores_devtest,741,en,uz,"Shared taxis are a quick and comfortable means to travel to nearby places, such as Paro (Nu 150) and Punakha (Nu 200).",Hamroh taksilar Paro (Nu 150) va Punaxa (Nu 200) singari uzoq bo'lmagan joylarga safar qilishning tez va qulay usullari hisoblanadi.,public_v2_adapter,Shared taxis Paro (Nu 150) va Punakha (Nu 200) kimi o'zilgan o'ynagan o'yogida va o'yinda o'yan o'yo'ynasi.,0.4818609000649303,50,False,False
eval_000144,flores_devtest,747,en,uz,"The Chaco region was home to other groups of indigenous tribes such as the Guaycurú and Payaguá, who survived by hunting, gathering and fishing.","Chako mintaqasida Guaykuru va Payagua kabi mahalliy qabilalarning boshqa guruhlari yashab, ular ovchilik, termachilik va baliq ovlash orqali hayotlarini saqlab qolishgan.",public_v2_adapter,"Chaco regioni Guaycurú va Payaguá gibi o'zilgan o'yogganlar, yogashga, yaganaga bo'ynaganlar o'ynanlar.",0.4410632000071928,46,False,False
eval_000145,flores_devtest,750,en,uz,"Since the foundation of Asunción in 1537, Paraguay has managed to keep a lot of its indigenous character and identity.",1537-yili Asunson tashkil topganidan beri Paragvay o'zining tub xususiyatlari va o'ziga xosligining katta qismini saqlab qolishga muvaffaq bo'ldi.,public_v2_adapter,1537-yilda Asunción o'ynagandan bu yana Paraguay o'zilgan o'yinlik o'yashini va identityini bo'ynilgan.,0.41543779999483377,43,False,False
eval_000146,flores_devtest,751,en,uz,Argentina is well known for having one of the best polo teams and players in the world.,Argentina dunyodagi eng yaxshi polo jamoalaridan biri va o'yinchilariga egaligi bilan mashhur.,public_v2_adapter,"Argentina - ""yolda o'zlar va o'zglari birini bo'ilgan.",0.23801949992775917,24,False,False
eval_000147,flores_devtest,755,en,uz,The official Falklands currency is the Falkland pound (FKP) whose value is set equivalent to that of one British pound (GBP).,"Folklendning rasmiy valyutasi — Folklend funti (FKP) bo'lib, uning qiymati bir Britaniya funtiga (GBP) teng qilib belgilangan.",public_v2_adapter,"Falkland valutasi - Falklandi pound (FKP), o'ynini bir Britani poundida (GBP) bilan bilan bilan o'yash.",0.40746669995132834,42,True,False
eval_000148,flores_devtest,758,en,uz,"On the outlying islands credit cards will probably not be accepted, although British and United States currency may be taken; check with the owners in advance to determine what is an acceptable payment method.","Britaniya hamda AQSH valyutasi olinishi mumkin bo'lsa-da, markazdan uzoqdagi orollarda kredit kartalari qabul qilinmasligi mumkin; qanday to'lov usuli qabul qilinishini bilish uchun oldindan egalaridan aniqlashtirib oling.",public_v2_adapter,"U o'zlarda kredit kartlar o'ynagan, Britaniya va Amerika valutasi bo'ilgan; o'yinlari tahtli o'yagan o'ymagan oʻynagan o`ynagan q'ilgan o'nagan o‘ynagan.",0.6168979000067338,63,False,False
eval_000149,flores_devtest,759,en,uz,"It is nearly impossible to exchange Falklands currency outside of the islands, so exchange money prior to leaving the islands.","Orollardan tashqarida Folklend valyutasini almashtirish deyarli imkonsiz, shu sababli pulni orollarni tark etishdan avval almashtirib oling.",public_v2_adapter,"Falkland valutasi o'zalarlardan o'yagan o'ynash o'yin, bu yüzden o'zgalardan oʻzalardan qaytilgan o'ygida o'yun o'yan o'yni o'kin o'nin o'nyan o'nadi.",0.6683628000319004,70,False,False
eval_000150,flores_devtest,761,en,uz,"Montevideo is in the subtropics; in the summer months, temperatures above +30°C are common.",Montevideo subtropikada joylashgan; yoz oylarida harorat +30°C dan yuqori bo'lishi odatiy hol.,public_v2_adapter,Montevideo subtropiklarda o'zilgan; o'ynam aylarında +30 °C o'yagan temperaturlar yaygan.,0.32624299998860806,33,False,False
eval_000151,flores_devtest,77,en,uz,"No major damage or injuries have been reported in Tonga, but power was temporarily lost, which reportedly prevented Tongan authorities from receiving the tsunami warning issued by the PTWC.","Tongada katta zarar yoki jarohatlar qayd qilinmagan, lekin elektr energiyasi vaqtincha uzilgan va bu Tonga hukumatiga PTWC tomonidan berilgan sunami ogohlantirishini qabul qilishga xalal bergani xabar qilinmoqda.",public_v2_adapter,"Tonga va o'zli bo'ilgan va oʻzlar bilan bo'ynilgan, mas'ilgan, ximoliyasi bo'zilgan, Tongan otoritati PTWC-yil o'yagan tsunami tahtadi bo'shagan bo'qidan.",0.6256805999437347,65,False,False
eval_000152,flores_devtest,779,en,uz,"The main local beer is 'Number One', it is not a complex beer, but pleasant and refreshing. The other local beer is called ""Manta"".","Asosiy mahalliy pivo ""Birinchi raqami"" bo'lib, u murakkab profilli pivo emas, lekin yoqimli va tetiklantiruvchi. Ikkinchi mahalliy pivoning nomi ""Manta"".",public_v2_adapter,"Top lokal biri ""Number One"" va o'zli bir, ama o'yash va bo'zilgan. Di'kin lokal birchi ""Manta"" o'ynan.",0.4450333999702707,46,False,False
eval_000153,flores_devtest,782,en,uz,"For Australians, the idea of 'flat white' coffee is foreign. A short black is 'espresso', cappuccino comes heaped high with cream (not froth), and tea is served without milk.","""Yassi oq"" qahva g'oyasi avstraliyaliklar uchun begona. ""Espresso"" qora pakana deb nomlanadi, kapuchino qaymoq (ko'pik bilan emas) bilan to'ldirligan bo'ladi, choy esa sutsiz beriladi.",public_v2_adapter,"Avstraliyalarda ""yol-zilgan"" kavgi idoni o'shadi. ""espresso"" o'zilgan, cappuccino krem (hay frost) bo'shagan bo'zdan bo'sagan va çay qozga bo'tlan.",0.6441513999598101,66,False,False
eval_000154,flores_devtest,787,en,uz,"Sharks do exist, however they rarely attack humans. Most sharks are scared of humans and would swim away.","Akulalar mavjud, biroq ular kamdan-kam hollarda odamlarga hujum qiladi. Ko'pchilik akulalar odamlardan qo'rqadi va uzoqroqqa suzib ketishadi.",public_v2_adapter,"Qarklar o'ynagan, ama o'zilgan insanlara bo'ynilgan. Qarkların çoğu insanlardan qorxib va o'yoggan.",0.4067584000295028,40,False,False
eval_000155,flores_devtest,791,en,uz,"Travel agents usually offer packages that include breakfast, transportation arrangements to/from the airport or even combined flight and hotel packages.","Sayyohlik agentlari odatda nonushta, aeroportga/dan transportni tashkillashtirish yoxud hatto parvoz hamda mehmonxona xizmatlarini o'z ichiga oluvchi to'plamlarni taklif etadi.",public_v2_adapter,"U'zalar agentsasi, o'zara o'yagan, u'zari o'ynagan/g'ilgan transfer planlar va o'yin kombinasiyat uçuşlar va hotel paketlar ko'yaga paketsini bo'yilgan.",0.6127719000214711,62,False,False
eval_000156,flores_devtest,793,en,uz,Any amendments or requests though should be coursed through the travel agent first and not directly with the hotel.,"Barcha o'zgartirishlar va so'rovlar bevosita mehmonxonalarga emas, balki avval sayyohlik agentligi orqali yuborilishi kerak.",public_v2_adapter,"U'zlar va o'zalar u hotelida o'yilgan, o'yin o'ynagan o'qotasi agentsini bo'ilgan.",0.36851009994279593,39,False,False
eval_000157,flores_devtest,797,en,uz,Some festivals have special camping areas for families with young children.,Ayrim festivallarda yosh bolalari bo'lgan oilalar uchun maxsus kemping hududlari mavjud bo'ladi.,public_v2_adapter,"Biraz festivallar, o'zga o'yilgan familiyalar için özel kampinglar var.",0.2505358000053093,26,False,False
eval_000158,flores_devtest,821,en,uz,"There are different ways of purifying water, some more effective against specific threats.","Suvni tozalashning turli xil usullari bor, ba'zilari ma'lum xavflarga qarshi ancha samarali hisoblanadi.",public_v2_adapter,"U'ynini o'zilgan, bazıları belirli o'yashlar va o'qilgan.",0.26115329994354397,27,False,False
eval_000159,flores_devtest,826,en,uz,"Infectious diseases themselves, or dangerous animals that can injure or kill people by force, do not usually qualify as pests.",Yuqumli kasalliklarning o'zi yoxud kuch bilan insonlarni jarohatlashi yoxud halok qilishi mumkin bo'lgan xavfli hayvonlar odatda zararkunandalar toifasiga kiritilmaydi.,public_v2_adapter,"U infeksiyotlar, ya da insanlara yuxida o'zagan va o'qlamdan o'ynatlar bo'ilgan o'yinlar, o'yolda pestiga o'ylagan.",0.5252954000607133,53,False,False
eval_000160,flores_devtest,831,en,uz,Posted speed limits are noticeably lower than in previous and subsequent sections — commonly 35-40 mph (56-64 km/h) — and strict obedience to them is even more important than otherwise.,o'rnatilgan tezlik chegaralari avvalgi va keyingi qismlariga qaraganda sezilarli darajada past — odatda 35–40 mil/s (56–64 km/s) — va ularga qat'iy rioya qilish boshqalariga qaraganda yanada muhimroq.,public_v2_adapter,U'yagan o'zlar bo'zlari bilan o'yagda va o'ynatda bo'yaga bo'yilga bo'ilgan bo'qlar - o'yin 35-40 mph (56-64 km/h) - va oʻzida o'yu o'zgli o'qlamasi o'ygdan o'g'ilgan o'r.,1.0710018000099808,89,False,False
eval_000161,flores_devtest,837,en,uz,"A curry is a dish based on herbs and spices, together with either meat or vegetables.",Karri giyohlar hamda ziravorlar bilan birgalikda go'sht yoxud sabzavotlarga asoslangan ovqatdir.,public_v2_adapter,"Curry - o'zlar va yoslar, ya qozga va yeşliklarla o'ynagan bo'ilgan bir tahsh.",0.47856469999533147,35,False,False
eval_000162,flores_devtest,842,en,uz,"Now widely available throughout the archipelago, Javanese cuisine features an array of simply seasoned dishes, the predominant flavorings the Javanese favor being peanuts, chillies, sugar (especially Javanese coconut sugar) and various aromatic spices.","Hozirda butun arxipelag bo'ylab keng tarqalagan Yava oshxonasi oddiy ziravorlar qo'shilgan taomlardan iborat, yavaliklar yaxshi ko'radigan asosiy ziravorlar yeryong'oq, chili qalampiri, shakar (ayniqsa Yava kokos yong'og'idan olinadigan shakar) va turli xushbo'y ziravorlardir.",public_v2_adapter,"U ki o'ziy arsipelaga yilgan, Javanese kuchida basit o'yogasi bo'ynagan, Jovanese o'rga o'ynan bo'yogi peanuts, chillies, şeker (özolda Javanez kokot shukor) va o'llar aromatik spiriya.",0.8890680999029428,82,False,False
eval_000163,flores_devtest,848,en,uz,"Cochamó Valley - Chile's premier climbing destination, known as the Yosemite of South America, with a variety of granite big walls and crags.","Koxamo vodiysi — Janubiy Amerikaning Yosemiti deb nomlangan, turli granitli yirik devorlar va qoyalarga ega bo'lgan Chilining toqqa chiqish uchun asosiy manzilidir.",public_v2_adapter,Cochamó valli - Chilida yosemite olarak bilagan chilli'nin o'zilgan u qashmi bo'zlar va granitlar bo'qlar.,0.4815966999158263,45,False,False
eval_000164,flores_devtest,850,en,uz,"Downhill snowsports, which include skiing and snowboarding, are popular sports involving sliding down snow-covered terrain with skis or a snowboard attached to your feet.",Chang'i hamda snoubordni o'zida mujassamlashtirgan tog' chang'isi sport turlari — bu qor bilan qoplangan yerda chang'i yoki oyoqqa biriktirilgan snoubord bilan sirpanishdan iborat ommabop sport turlaridir.,public_v2_adapter,"Downhill snow sportlar, o'ynagan skining va snowboarding, u ayatlara bo'shning ski va snowboardga snowning bo'siga bo'slining olgan popüler sporlar.",0.5718779999297112,52,False,False
eval_000165,flores_devtest,852,en,uz,The idea of skiing is very old — cave paintings depicting skiers date back as far as 5000 BC!,Chang'ichilik g'oyasi nihoyatda qadimiy — chang'ichilarni tasvirlovchi g'or suratlari m.a. 5000-yillarga borib taqaladi!,public_v2_adapter,Skiing o'yasi - skiarlar o'zagan bo'zilgan mağara bo'rlar 5000-yilda qaytadi!,0.39972740004304796,35,False,False
eval_000166,flores_devtest,855,en,uz,"It is related to but usually not involving alpine style ski touring or mountaineering, the latter ones done in steep terrain and requiring much stiffer skis and boots.","Bu odatda alpinizm uslubidagi tog' chang'isi yoki alpinizm bilan bog'liq, lekin ularni o'z ichida olmaydi, ular tik sahnlarda amalga oshiriladi va qattiq chang'i va etiklarni talab qiladi.",public_v2_adapter,"U alp stil ski turning va da'shining o'zilgan, bu u yosiyik zeminda bo'zagan va o'yollar va bo'tlar o'ynagan.",0.5179984000278637,48,False,False
eval_000167,flores_devtest,860,en,uz,"As long as you stay in this zone, you can generally cross borders without going through passport control checkpoints again.","Siz mazkur hududda bo'lsangiz, odatda yana pasport nazorati punktlaridan o'tmasdan chegaralarni kesib o'ta olasiz.",public_v2_adapter,"U bu o'zoni bo'ilgan, u yoldan pasaport kontrol kontrol qosiplari qay'ilgan borgi bilan ko'ynash.",0.37108359998092055,36,False,False
eval_000168,flores_devtest,87,en,uz,"""He [Wales] basically lied to us from the start. First, by acting as if this was for legal reasons. Second, by pretending he was listening to us, right up to his art deletion.""","""U [Uels] boshidanoq bizga yolg'on gapirgan. Birinchidan, buning huquqiy sabablar tufayli bo'lganligi kabi harakat qilish orqali. Ikkinchidan, to o'zining mohirona yo'qolishigacha o'zini bizni tinglayotgandek qilib ko'rsatish orqali"".",public_v2_adapter,"""Hon [Wales] o'zdanga bizaga yolladi. birincisi, bu yasal o'ynasi bo'ilgan o'yulladi. ikincisi - o'yin o'ymagan o'mi o'qlamda o'zimning o'rgan o'lidan o'llani o'n o'tlan va o'nun santigi bo'shini o'ttlan.""",1.1399333999725059,99,False,False
eval_000169,flores_devtest,870,en,uz,"You may also wish to consult the advice of governments other than your own, but their advice is designed for their citizens.","Siz, shuningdek, o'zingiznikidan boshqa hukumatlar maslahatini olishni xohlashingiz mumkin, biroq ularning maslahati o'zlarining fuqarolari uchun mo'ljallangan.",public_v2_adapter,"U sizga o'ynagan valida danışmanlardan qosilgan, va onların danışmanları vatandaşlar bo'lalar.",0.33925890002865344,32,False,False
eval_000170,flores_devtest,877,en,uz,"Regional and seasonal severe weather phenomena include blizzards, snowstorms, ice storms, and dust storms.","Mintaqaviy va mavsumiy jiddiy ob-havo hodisalari kuchli qor yog'ishi, qor bo'ronlari, muz bo'ronlari hamda chang bo'ronlarini o'z ichiga oladi.",public_v2_adapter,"Regional va sezonal o'ziyari fenomeni, blizzardlar, snowstorms, jod storms va tox storms o'ynagan.",0.4115359999705106,39,False,False
eval_000171,flores_devtest,878,en,uz,Travellers are strongly advised to be aware of any risk of severe weather affecting their area as they may affect any travel plans.,"Sayyohlarga o'z hududlariga ta'sir qiluvchi keskin ob-havo xavflaridan xabardor bo'lish qattiq tavsiya etiladi, chunki ular har qanday sayohat rejalariga ta'sir qilishi mumkin.",public_v2_adapter,"U'zalar, o'zlar o'yin planları bo'ynagan o'yogasi o'ynan o'yan o'qilgan o'ygiyari rischi bilan u'ynatlamidan o'ylagan.",0.6099046999588609,56,False,False
eval_000172,flores_devtest,882,en,uz,"A course will normally be from 2-5 days and will involve role play, a lot of first aid and sometimes weapons training.","Kurs odatda 2–5 kun davom etadi va rol o'ynash, ko'plab birinchi yordam va ba'zan qurol-yarog' mashqlarini o'z ichiga oladi.",public_v2_adapter,"Kurs normalda 2-5 günddan bo'ilgan va rol oynat, bir o'zotlar va o'ynamada silahlar ko'lida.",0.3991818999638781,37,False,False
eval_000173,flores_devtest,883,en,uz,"Books and magazines dealing with wilderness survival are common, but publications dealing with war zones are few.","Sahroda omon qolishga oid kitob va jurnallar keng tarqalgan, biroq urush hududlariga oid nashrlar kam.",public_v2_adapter,"U'ziylik o'zogida bo'ilgan kitaplar va magazinlar yaygildir, mas, o'zgiylikga bo'zoni bo'ynagan publikasyonlar azdır.",0.5459217000752687,48,False,False
eval_000174,flores_devtest,884,en,uz,Voyagers planning sex reassignment surgery abroad must ensure they're carrying valid documents for the return trip.,Chet elda jinsni almashtirish operatsiyasini bajartirishni rejalashtirayotgan sayohatchilar qaytish safari uchun yaroqli bo'lgan hujjatlarni olganliklariga ishonch hosil qilishlari kerak.,public_v2_adapter,"Uyolganlar yurtdışida sex reassignment chirurgiya planlamagan, qayttachi o'zasi va valli dokumalar ko'ynilgan.",0.43582899996545166,43,False,False
eval_000175,flores_devtest,888,en,uz,Pre-operative transgender people should not expect to pass through the scanners with their privacy and dignity intact.,Operatsiyadan avvalgi transgender shaxslar shaxsiy hayoti hamda nafsoniyatiga tegilmagan holda skanerlardan o'tishni kutmasliklari kerak.,public_v2_adapter,"Operatiyal transgenderlar, gizolgan va o'zli bo'shagan skannerlardan q'ilgan olidan.",0.41151330003049225,34,False,False
eval_000176,flores_devtest,89,en,uz,"The work done was mostly theoretical, but the program was written to simulate observations made of the Sagittarius galaxy.","Bajarilgan ishlarning aksariyati nazariy edi, biroq dastur o'qotar galaktikasidagi kuzatuvlarni simulyatsiya qilish uchun yozilgan edi.",public_v2_adapter,"U o'zlar bo'ilgan, o'yotoriya bo'zdi, ama program Sagittarius galaksiyasi bo'ynagan gözlemlerini simulatida o'ynan.",0.5672865000087768,49,False,False
eval_000177,flores_devtest,890,en,uz,"Due to the underwater topology the return flow is concentrated at a few deeper sections, and a fast current to deep water may form there.",Suv osti topologiyasi sababli qaytuvchi oqim bir qancha chuqurroq bo'lmalarda to'planadi va u yerda chuqur suvda tez oqim paydo bo'ladi.,public_v2_adapter,"U'ziyal topolojisi o'zida qaytarga qosqilgan o'yagan o'ynagan oʻyagan, va o'yin o'yan o'yun o'yu o'nyagan o`yagan bo'ynilgan.",0.693858899991028,62,False,False
eval_000178,flores_devtest,894,en,uz,"Re-entry shock comes on sooner than culture shock (there's less of a honeymoon phase), lasts longer, and can be more severe.","Qayta kirish shoki madaniy shokdan nisbatan tezroq keladi (asal oyi davriga nisbatan kamroq bo'ladi), ko'proq davom etadi hamda og'irroq bo'lishi mumkin.",public_v2_adapter,"U'yullim shok kulturiyash shokga o'ynagan (bir ayda bir fasasi bo'ilgan), o'yumlar va o'zli olgan.",0.511184599949047,44,False,False
eval_000179,flores_devtest,913,en,uz,Your local telephone service provider should be able to give more information about connecting to this service.,Mahalliy telefon xizmati provayderingiz bu xizmatni ulash haqida ko'proq ma'lumotlar berishi mumkin.,public_v2_adapter,U lokal telefon servis servis o'zari bu servisida qosqilganga o'yashlari o'ynagan.,0.48597769998013973,31,False,False
eval_000180,flores_devtest,921,en,uz,"Boating is a national pastime in Finland, with a boat to every seven or eight people.","Qayiqda suzish — Finlandiyada milliy ko'ngilochar mashg'ulotdir, har yetti yoki sakkiz kishiga bitta qayiq to'g'ri keladi.",public_v2_adapter,"U'ziying Finlandiya o'zida bo'ziga, yedi va o'zgda o'zi bo'zilga.",0.4567831999156624,34,False,False
eval_000181,flores_devtest,925,en,uz,If you only go ashore using shipboard excursions you will not need a separate visa (as of 2009).,"Agar faqat kema ekskursiyalaridan foydalanib qirg'oqqa chiqsangiz, sizga alohida viza kerak bo'lmaydi (2009-yil holatiga ko'ra).",public_v2_adapter,"U u shirotga o'zlarga oʻzlar bo'zlari o'zgagan, o'ynamida vizasi (yunan 2009-yilda o'yin).",0.5273986000102013,45,False,False
eval_000182,flores_devtest,929,en,uz,"For some, understanding something about how aircraft work and what happens during a flight may help to overcome a fear which is based on the unknown or on not being in control.",Ba'zilar uchun samolyotning qanday ishlashi va uchish vaqtida nimalar bo'lishi haqida ayrim narsalarni tushinish noma'lum nazorat ostida bo'lish yoki bo'lmaslikdan kelib chiquvchi qo'rquvni yengishga yordam beradi.,public_v2_adapter,"Birkinlar için, u'zalarga bo'ynagan va uçuşda o'yilgan o'ynasi bo'yagan o'zagan oʻzagan va o'yin kontroldan yokgan o'qidan bo'zigan o'zgagan o`zagan bo'ilgan.",0.9269250000361353,69,False,False
eval_000183,flores_devtest,933,en,uz,"The only way to get it through faster was to send it as checked luggage. Airline regulations will not allow them to send luggage without a passenger, which is where you come in.","Buni tezroq bitirishning yagona yo'li — uni tekshirilgan yuk sifatida yuborishdir. Aviakompaniya qoidalari ularga yo'lovchisiz yuklarni jo'natishga ruxsat bermaydi, shu yerda siz kirib borasiz.",public_v2_adapter,"U'yash o'zdan bo'zagan o'ynagan o`zagan ko'zigan o'yin. Airline regulasyonlar u'ziyaga o'zgida o'zhagan oʻzagan, o'yasi siz o'qilgan o'gagan o‘zagan bo'agan o’zagan.",1.003946700016968,79,False,False
eval_000184,flores_devtest,935,en,uz,"However, this does not come cheap: as rough rules of thumb, you can expect to pay up to four times the normal economy fare for business, and eleven times for first class!","Lekin bu arzonga tushmaydi: yozilmagan qoidaga ko'ra, siz biznes uchun odatdagi ekonom klassdan to'rt baravargacha, birinchi klass uchun o'n bir baravargacha ko'proq to'lov qilishni kutishingiz mumkin!",public_v2_adapter,"U'zasi o'zilgan: o'zg o'qotga bo'ziylik ko'zida, bizgi normal ekonomiyasi oʻzini o'yagan va birim o'ynadi o'yin o'zi o'yan o'kin o'ymagan o'ygini o‘yagan!",0.8257530000992119,76,False,False
eval_000185,flores_devtest,943,en,uz,"İzmir is the third largest city in Turkey with a population of around 3.7 million, the second biggest port after Istanbul, and a very good transport hub.","Izmir 3,7 millionga yaqin aholisi bilan Turkiyadagi uchinchi eng katta shahar, Istambuldan keyingi ikkinchi eng katta port va juda yaxshi transport markazi hisoblanadi.",public_v2_adapter,"İzmir Turqiyagi 3,7 milyon o'zilgan, Istanbuldan sonra ikkinsi o'zg hamri va o'yogasi transport qubaga.",0.4686650999356061,38,False,False
eval_000186,flores_devtest,946,en,uz,The village of Haldarsvík offer views of the nearby island Eysturoy and has an unusual octagonal church.,Haldarsvik qishlog'i yonma-yon joylashgan Eysturoy oroli manzarasini taqdim qiladi hamda noodatiy sakkiz qirrali cherkovga ega.,public_v2_adapter,Haldarsvík qossi Eysturoy o'zilgan o'yagan o'ynashida va u o'ktal oktagonal kilisesi bo'ilgan.,0.5950443999608979,44,False,False
eval_000187,flores_devtest,947,en,uz,"In the churchyard, there are interesting marble sculptures of doves over some tombs.","Cherkovning hovlisida, ayrim qabrlarning ustida marmardan ishlangan ajib kabutarlar haykallari bor.",public_v2_adapter,"Kirchikardda, bazı kaplarda damlar o'zilgan marmerlik skulpturalar var.",0.4254480000818148,28,False,False
eval_000188,flores_devtest,949,en,uz,To the north and within easy reach is the romantic and fascinating town of Sintra and which was made famous to foreigners after a glowing account of its splendours recorded by Lord Byron.,"Romantik va maftunkor Sintra shahri shimolda va osongina borish mumkin bo'lgan joyda joylashgan bo'lib, uning hashamati to'g'risida Lord Bayron tomonidan yozib qoldirilgan maqtovli tavsiflardan so'ng xorijliklar orasida mashhur bo'lgan.",public_v2_adapter,"U q'yolda va o'zga o'ynagan, Sintra romantik va fascinatiyasi kasti bo'ilgan va Lord Byron o'yin o'yogʻlida o'rgan o'lida bo'lidan o'llagan o'nagan o`lida.",0.9101070000324398,73,False,False
eval_000189,flores_devtest,952,en,uz,"Please remember that you are essentially visiting a mass grave site, as well as a site that has an almost incalculable meaning to a significant portion of the world's population.","Shuni yodda tutungki, siz asosan qabriston va hamda dunyo aholisining katta qismi uchun deyarli bebaho ahamiyatga ega bo'lgan joyga tashrif buyurmoqdasiz.",public_v2_adapter,"U u'zagan, siz o'zdan masasi ma'rida va bo'zda bo'riga bo'lida bo'llida bo`lida o'lidan bo'lsida boʻlida va o'rta bo'sida bo‘lida q'ilgan bo'tida bo’lida.",0.8758164000464603,78,False,False
eval_000190,flores_devtest,953,en,uz,"There are still many men and women alive who survived their time here, and many more who had loved ones who were murdered or worked to death there, Jews and non-Jews alike.","Bu yerda hanuzgacha o'zlarining davrida omon qolgan yahudiylar ham, yahudiy bo'lmaganlar ham birdek bo'lgan ko'plab erkak va ayollar bor va yaqinlari bo'lgan yana ko'plab kishilar u yerda o'ldirilgan yoki o'lguniga qadar ishlatilgan.",public_v2_adapter,"U burda o'zlar va o'zglar bo'ilgan, o'yuda o'qlar boʻlagan va o`zida o'rgan o'g'lagan o'ynagan o’zlar bo‘lagan, o’yudlar va yo'lmaz o'llar o'n o'llagan.",0.9056157000595704,81,False,False
eval_000191,flores_devtest,959,en,uz,"Regular announcements in the Metro are made only in Catalan, but unplanned disruptions are announced by an automated system in a wide variety of languages including Spanish, English, French, Arabic and Japanese.","Metroda odatiy e'lonlar faqat katalan tilida aytiladi, biroq rejalashtirilmagan uzilishlar avtomatlashtirilgan tizim yordamida ko'plab tillarda, jumladan, ispan, ingliz, fransuz, arab va yapon tillarida e'lon qilinadi.",public_v2_adapter,"Metroda regular o'zlarlar Katalanta bo'ilgan, va yosmish o'zglamad o'zhlar spaniol, anglis, franschi, arabik va japoniyagi o'yashga o'qotlarlar bo'zalar.",0.7126445999601856,65,False,False
eval_000192,flores_devtest,964,en,uz,"It has a notably wide variety of plant communities, due to its range of microclimates, differing soils and varying levels of altitude.","U o'zining bir qator mikroiqlimlari, farq qiluvchi tuproqlari va turli darajalardagi balandligi tufayli sezilarli darajada keng o'simlik turlariga egadir.",public_v2_adapter,"U mikroklimatlar, o'zlar bo'ilgan va yosiylik o'ynashlar boʻlida o'yogida bo'lida boʻlliga bo'lliga o'rgan bo'lsiga.",0.7234561000950634,57,False,False
eval_000193,flores_devtest,97,en,uz,Authorities speculate that this indicates that containers holding uranium fuel at the site may have ruptured and are leaking.,Mutasaddilar organlari joydagi uran yoqilg'isi bo'lgan konteynerlar yorilgan va to'kilayotgan bo'lishi mumkinligini taxmin qilishmoqda.,public_v2_adapter,"Uvallar bu, o'zida uran yakıtlari tutgan konteynerlerin bo'shagan va bo'qilgan olidan o'ynagan.",0.4193442000541836,39,False,False
eval_000194,flores_devtest,972,en,uz,"A simple popular dinner, especially during the summer, is the Pa amb Oli: Bread with olive oil, tomato, and any available condiments such as cheese, tunafish, etc.","Ayniqsa yoz oylarida ommabop oddiy kechki ovqat bu Pa amb Olidir: zaytun yog'i, pomidor hamda pishloq, tunesva boshqalar qo'shimchalar bilan tortilgan non.",public_v2_adapter,"U o'ziyda, o'yolda o'ynagan o'yin o'yun o'nin o'nun o'yan o'nan o'kin o'llini: oliv ya‘liga, tomatida va qosip, tunafish va o'qilgan o'rga o'n o'ng o'yu.",0.8628285999875516,82,False,False
eval_000195,flores_devtest,974,en,uz,This is an important way to distinguish between some verbs and objects.,Bu ba'zi bir fe'l va predmetlarni farqlashning muhim usulidir.,public_v2_adapter,"Bu, bazı verblar va objekti bilan q'ilgan.",0.17832259996794164,17,False,False
eval_000196,flores_devtest,991,en,uz,"Singapore is generally an extremely safe place to be and very easy to navigate, and you can buy almost anything after arriving.",Singapur odatda nihoyatda xavfsiz joy hamda sayohat qilish uchun juda oson va kelganingizdan keyin deyarli hamma narsani xarid qilishingiz mumkin.,public_v2_adapter,"Singapur o'yilgan o'ynagan va navigasi o'zilgan oʻzilgan, u u o'yinning o'ndan o'qash o'rini o'zgida.",0.5227162999799475,48,False,False
eval_000197,flores_devtest,992,en,uz,"But being placed in the ""high tropics"" just a few degrees north of equator you will need to deal with both heat (always) and strong sun (when the sky is clear, more rarely).","Lekin Ekvatordan bor-yo'g'i bir necha darajada shimolda joylashgan ""baland tropiklar""da joylashish uchun siz ham issiqlik bilan (har doim), ham kuchli quyosh (osmon musaffo bo'lgan vaqtda, kamdan-kam hollarda) bilan hisoblashishingiz kerak bo'ladi.",public_v2_adapter,"U ""yol tropiklar""da o'zilgan, ekvatordan o'zg o'qidan o'xirga o'g'tasi (onning) va o'lli solida (onni o'rgan o'ynagan o'zhog, o'sh o'ch o'h o''zdi).",0.8368392999982461,81,False,False
eval_000198,flores_devtest,998,en,uz,"Christmas is one of the most important holidays of Christianity, and is celebrated as the birthday of Jesus.",Mavlud xristianlikning eng muhim bayramlaridan biridir hamda Isoning tavallud kuni sifatida nishonlanadi.,public_v2_adapter,Krismasi kristlikning o'zilgan o'zglar bir va İsa'yil o'yashida o'ynagan.,0.34198929998092353,33,False,False
eval_000199,flores_devtest,999,en,uz,Many of the traditions surrounding the holiday have been adopted also by non-believers in Christian countries and non-Christians around the world.,Bayramga aloqador ko'plab urf-odatlar dunyo bo'ylab xristian davlatlardagi dinsizlar va xristian bo'lmagan davlatlar tomonidan ham qabul qilingan.,public_v2_adapter,"U o'ziyini o'yagan tradisyonlar, kristlik qolida va dünya çapında o'ynasi bo'ilgan o'llar o'rgan o'n o'llagan o'yin.",0.5309687999542803,52,False,False
eval_000200,flores_devtest,1008,uz,en,"Hududlarda aholi siyrakligi tufayli, yorug'lik ifloslanishi ko'p hollarda muammo bo'lmaydi, siz ham yulduzlardan zavqlana olasiz.","As the areas are sparsely populated, and light pollution therefore often not a problem, you will also be able to enjoy the stars.",public_v2_adapter,"There are many different types of foods in the world, such as food, water and other foods, which can be used for all foods.",0.347024800023064,34,False,False
eval_000201,flores_devtest,1011,uz,en,Alohida shaxslarning yutuqlarini maqtashdan ko'ra jamoa harakatlariga urg'u berish orqali ish joyining uyg'unligi muhumdir.,"Workplace harmony is crucial, emphasizing group effort rather than praising individual accomplishments.",public_v2_adapter,Alohida is a former family member who has been born to the village for the first time in his life.,0.27890449995175004,26,False,False
eval_000202,flores_devtest,102,uz,en,Ammo sil kasalligi bilan xastalangan odamlarning butun guruhida XDR-TB ulushi hali ham past ko'rinadi; Janubiy Afrikada istalgan muayyan lahzada jami 330 000 kishidan 6000 nafari kasallangan.,"However, the percentage of XDR-TB in the entire group of people with tuberculosis still seems to be low; 6,000 of the total 330,000 people infected at any particular moment in South Africa.",public_v2_adapter,"The number of people living in the village is 6,000 from 330 000 in the area of the district, with the number of residents living in Africa; the number is 66,000 from the districts living in January.",0.5278000999242067,50,False,False
eval_000203,flores_devtest,108,uz,en,"Pensilvaniya shtati Pittsburg shahridagi bolalar shifoxonasida ishlagan shifokor chorshanba kuni onasi uning avtomobili yukxonasidan o'lik holda topilgandan keyin, og'irlashtiruvchi holatlarda qotillik sodir etishda ayblanmoqda, deb xabar beradi Ogayo shtati rasmiylari.","A doctor who worked at Children's Hospital of Pittsburgh, Pennsylvania will be charged with aggravated murder after her mother was found dead in the trunk of her car Wednesday, authorities in Ohio say.",public_v2_adapter,"The Pennsylvania state of Pittsburgh is located in the city of Pitthsburg, where the motorcycle is located on a large-scale road to the highest level of the car, and is located at a small area in the southern coast of Ohio.",0.6561989999609068,60,False,False
eval_000204,flores_devtest,11,uz,en,"Birgina tajriba vaksinasi Eboladan o'lish xavfini kamaytira olishga qodir ko'rinsa ham, shu vaqtga qadar mavjud infeksiyani davolash uchun mos keladigan aniq birorta dori vositasi ko'rsatilmagan.","While one experimental vaccine appears able to reduce Ebola mortality, up until now, no drugs have been clearly demonstrated suitable for treating existing infection.",public_v2_adapter,"If a woman is diagnosed with an epilepsy disease, she may also be diagnosed in the middle of her infection.",0.33289229997899383,31,False,False
eval_000205,flores_devtest,111,uz,en,Ular u yerda 53 yoshli Saroja Balasubramanianning qonga bulg'angan yopinchiqlar bilan o'ralgan jasadini topishdi.,"There, they found the body of Saroja Balasubramanian, 53, covered with blood-stained blankets.",public_v2_adapter,The wreck was a young woman who had been killed by 53-year-old Saroja Balasubramani.,0.3227700999705121,31,False,False
eval_000206,flores_devtest,121,uz,en,"Uning 1000-markasi 2000-yilda David Klyoker Erenstrahl tomonidan yaratilgan, Dunyo rekordlari Ginnes kitobiga kiritilgan ulug'vor ""Shved shohlariningbuyuk ishlari"" bo'lgan edi.","His 1,000th stamp was the magnificent ""Great Deeds by Swedish Kings"" by David Klöcker Ehrenstrahl in 2000, which is listed in the Guinness Book of World Records.",public_v2_adapter,"Its 1000-year record was created by David Klyoker Erenstrahl in 2000, and the Donau records were recorded by Ginnes' book ""The Swedish World of War"".",0.4753986999858171,44,False,False
eval_000207,flores_devtest,137,uz,en,"Yong'indan qutqaruv guruhlari va nihoyat, tungi soat 11:35 da olovni o'chirishdi.",Fire rescue crews eventually doused the fire by 11:35 pm.,public_v2_adapter,The young woman was born and died at 11:35.,0.15176640008576214,14,False,False
eval_000208,flores_devtest,138,uz,en,1963-yili to'g'on qurilganidan keyin butun daryo bo'ylab cho'kindilarni tarqatuvchi mavsumiy suv toshqinlar to'xtadi.,"After the dam was built in 1963, the seasonal floods that would spread sediment throughout the river were halted.",public_v2_adapter,"Since the establishment of the 1963 year, the newly-established family has been built with a large number of small-scale residential facilities.",0.4167761999415234,38,False,False
eval_000209,flores_devtest,140,uz,en,"Natijada, ikki baliq turi yo'q bo'lib ketdi hamda yana boshqa ikkitasi, jumladan, bukri baliq turi ham yo'qolish xavfi ostida qolgan.","As a result, two fish species have become extinct, and two others have become endangered, including the humpback chub.",public_v2_adapter,"In Natya, two of the two children were born in a small town, with three children living in a large town.",0.31736959994304925,28,False,False
eval_000210,flores_devtest,159,uz,en,"""Yetti opa-singillar"" deb ataluvchi g'orga kirish joylarining barchasining diametri kamida 100 dan 250 metrgacha (328 dan 820 futgacha).","All of the cave entrances, which were named ""The Seven Sisters"", are at least 100 to 250 meters (328 to 820 feet) in diameter.",public_v2_adapter,"The diameter of the range of the ""Yetti opa-singillar"" is between 100 and 250 metres (328 to 820 feet).",0.4037722999928519,33,False,False
eval_000211,flores_devtest,169,uz,en,"Biroq ASUS 2007-yilgi ""Tayvan barqarorlik mukofoti"" taqdirlash marosimida Xitoy Respublikasi boshqaruvchisi Yuan tomonidan taqdirlanganidan keyin noutbuk kompyuterlari iste'molchilari bozori nihoyatda xilma-xil bo'ladi va o'zgaradi.",But the consumer market on laptop computer will be radically varied and changed after ASUS was awarded in the 2007 Taiwan Sustainable Award by Executive Yuan of the Republic of China.,public_v2_adapter,"The company has developed and developed new computers for the development of the 2007 ASUS ""Taiwan City Road"" project, which is designed to support the development and development of new computing systems.",0.4484561999561265,44,False,False
eval_000212,flores_devtest,175,uz,en,"Bishkek bir kuzatuvchi tomonidan ""anarxiya"" holatiga cho'kib ketayotgandek tasvirlangan edi, chunki ko'chalarda to'da-to'da odamlar izg'ib yurar va iste'mol tovarlari do'konlarini talon-taroj qilardi.","Bishkek was described as sinking into a state of ""anarchy"" by one observer, as gangs of people roamed the streets and plundered stores of consumer goods.",public_v2_adapter,"Bishkek was a family member who had been described as ""anarchy"" and made it clear, and in the smallest areas there were rooms that were built to build houses and house-made shops.",0.539366599987261,49,False,False
eval_000213,flores_devtest,185,uz,en,Fransiyaning sharqidagi Lion yaqinida joylashgan botqoqdan dushanba kuni topilgan o'lik o'rdak insonlar uchun halokatli bo'lgan parranda grippining H5N1 turi bilan kasallangani tasdiqlandi.,"The strain of bird flu lethal to humans, H5N1, has been confirmed to have infected a dead wild duck, found on Monday, in marshland near Lyon in the east of France.",public_v2_adapter,French authorities have confirmed the death of H5N1 flu in a large-scale area for several children who were killed from the Lion County.,0.49488120002206415,36,False,False
eval_000214,flores_devtest,199,uz,en,"Politsiyaning aytishicha, suratkashni urib yuborgan avtoulov haydovchisining jinoiy javobgarlikka tortilish ehtimoli kam.","According to police, the driver of the vehicle that hit the photographer is unlikely to face criminal charges.",public_v2_adapter,The police have been arrested by the senior officer of the city's autovision.,0.26088610000442713,23,False,False
eval_000215,flores_devtest,200,uz,en,Bir kunda bor-yo'g'i o'n sakkizta medal bo'lgani sababli bir qator mamlakatlar medal shohsupasiga ko'tarila olmadi.,"With only eighteen medals available a day, a number of countries have failed to make the medal podium.",public_v2_adapter,"In one day, she was not able to win a medal for her second time.",0.2265194000210613,20,False,False
eval_000216,flores_devtest,209,uz,en,BMTning mazkur kasallik bo'yicha mutaxassisi Deniel Lantan epidemiyaga tinchlikparvar kuchlar sabab bo'lgan bo'lishi mumkinligini ta'kidladi.,"Danielle Lantagne, a UN expert on the disease, stated the outbreak was likely caused by the peacekeepers.",public_v2_adapter,UN General Assembly's medical doctor Deniel Lantan has confirmed his death due to the epidemic of a young woman.,0.3513529000338167,33,False,False
eval_000217,flores_devtest,210,uz,en,Hamilton Xovard universiteti kasalxonasi barqaror holatdagi bemorni qabul qilganligini tasdiqladi.,Hamilton confirmed Howard University Hospital admitted the patient in stable condition.,public_v2_adapter,Hamilton established a new university in the University of Xovard.,0.20816150004975498,18,False,False
eval_000218,flores_devtest,211,uz,en,Bemor ba'zi Ebola holatlari qayd etilgan Nigeriyada bo'lgan.,"The patient had been to Nigeria, where some cases of the Ebola virus have occurred.",public_v2_adapter,"Bemor was born in Nigeria, where Ebola were caused.",0.17680130002554506,17,False,False
eval_000219,flores_devtest,214,uz,en,"U 1980-yillarda ""Taxi"", ""Cheers"" va ""The Tracy Ullman Show"" singari shoular ustida ish olib borgan.","During the 1980s he worked on shows such as Taxi, Cheers, and The Tracy Ullman Show.",public_v2_adapter,"She was formerly a member of the 1980s in the series ""Taxi"", ""Cheers"" and ""The Tracy Ullman Show"".",0.35900679999031126,34,False,False
eval_000220,flores_devtest,216,uz,en,"Shouni 1993-yili tark etganligiga qaramasdan, u ijrochi prodyuser unvonini saqlab qoldi hamda har mavsumda o'nlab million dollar goronar olishda davom etdi.","Despite leaving the show in 1993 he kept the title of executive producer, and continued to receive tens of millions of dollars every season in royalties.",public_v2_adapter,"Since his birth in 1993, he earned $10 million in the total amount of money for the first time he won a new producer title.",0.4534321000101045,33,False,False
eval_000221,flores_devtest,219,uz,en,"Dastlabki xabarlarga ko'ra, samolyotning Urumchiga favqulodda qo'nishi rad etilgandan keyin u ortga — Afg'onistonga yo'l olgan.",The early reports say the plane was diverted back to Afghanistan after being denied an emergency landing in Ürümqi.,public_v2_adapter,"In the middle of the village, the aircraft was destroyed by a military officer in Urumchiga province and left with Afghanistan.",0.5157943000085652,34,False,False
eval_000222,flores_devtest,236,uz,en,Lakkxa Singx chappan bhog bhajanni ham taqdim etdi. Qo'shiqchi Raju Xandelval unga jo'r bo'ldi.,"Lakkha Singh presented the chhappan bhog bhajan as well. Singer, Raju Khandelwal was accompanying him.",public_v2_adapter,"Lakkxa Singx also presented the family, with former Raju Xandelval.",0.2571383999893442,22,False,False
eval_000223,flores_devtest,238,uz,en,"Televizor pultiga o'xshab, boshqaruv pulti foydalanuvchi televizori yaqinida joylashgan ikkita sensordan uning uch o'lchamli bo'shliqdagi joylashuvini aniqlash uchun foydalanadi.","Resembling a television remote, the controller uses two sensors placed near the user's television to triangulate its position in three-dimensional space.",public_v2_adapter,"He spoke to the TV station, and told the television station that he was able to play his two-sensors in a long run.",0.4113981999689713,33,False,False
eval_000224,flores_devtest,24,uz,en,"Kinoning ikki ashulasi — ""Tinglov"" (""Orzu qiladigan ahmoqlar"") hamda ""Yulduzlar shahri"" eng yaxshi original qo'shiq nominatsiyalarini qo'lga kiritdi. Lionsgate studiyasi boshqa har qanday studiyadan ko'ra ko'proq – 26 ta nominatsiyaga sazovor bo'ldi.","Two songs from the movie, Audition (The Fools Who Dream) and City of Stars, received nominations for best original song. Lionsgate studio received 26 nominations — more than any other studio.",public_v2_adapter,"His second name, ""Tinglov"" (""The People of the Sea"") was named for original membership nominations for the ""Youthers' Day"".Lionsgate studios were also graduated from two studies - he won 26 nominations.",0.7688028999837115,56,False,False
eval_000225,flores_devtest,245,uz,en,"Uchirishdan taxminan 3 daqiqa o'tib, bortdagi kamera yonilg'i idishidan bir qancha penoplast parchalari ajralib chiqqanini ko'rsatdi.","Around 3 minutes into the launch, an on-board camera showed numerous pieces of insulation foam break away from the fuel tank.",public_v2_adapter,"Three days after the opening, a camera was installed in a penoplast parchal with a small number of cameras.",0.2970582999987528,31,False,False
eval_000226,flores_devtest,248,uz,en,"Ko'rgazmadan besh daqiqa o'tib, shamol esa boshladi, taxminan bir daqiqadan so'ng, shamolning tezligi 70 km/s ga yetadi… undan keyin yomg'ir yog'ishni boshladi, shunaqangi qattiq va shiddatli yog'adiki, tanaga ignadek sanchiladi, shundan keyin osmondan do'l yog'iladi, odamlar vahimaga tushgan va qichqirib, bir-birining ustiga yugura boshladi.","Five minutes into the display a wind starts rolling in, about a minute later, the wind is reaching 70km/h... then the rain comes, but so hard and so large that it slaps your skin like a needle, then hail fell from the sky, people panicking and screaming and running over each other.",public_v2_adapter,"From the day to the day, the shamol was built, the room was opened and broken down from a road, the area of the shamol reached 70 km/s... before it started the garden, the house was closely shattered and shaddated, the building was closed with the water, the rooms were opened up and shrinked, and the room began to go together.",1.086506100022234,92,False,False
eval_000227,flores_devtest,250,uz,en,"NHK, shuningdek, Niigata prefekturasidagi Kashivazaki Kariva atom elektrostansiyasi odatdagi tarzda ishlayotganini xabar qildi.",NHK also reported that the Kashiwazaki Kariwa nuclear power plant in Niigata prefecture was operating normally.,public_v2_adapter,"NHK, in the province of Niigata prefecture, has been established as an atomic power station in Kariva, Kashivaz.",0.3785663000307977,36,False,False
eval_000228,flores_devtest,255,uz,en,Ikki soat davomida hukumat binolari yaqinida yana uchta bomba portladi.,Three more bombs exploded near government buildings in a period of two hours.,public_v2_adapter,Both sides were left bomb portals alongside the law building.,0.22901080001611263,18,False,False
eval_000229,flores_devtest,26,uz,en,Tramp Turkiya prezidenti Rajab Toyyib Erdo'g'an bilan telefonda gaplashganidan keyin bu haqida ma'lum qilindi.,The announcement was made after Trump had a phone conversation with Turkish President Recep Tayyip Erdoğan.,public_v2_adapter,Trump told Turkish President Rajab Toyyib Erdo on a phone call.,0.201507700025104,20,False,False
eval_000230,flores_devtest,260,uz,en,Bu kristallarning tuzilishi infraqizil spektroskopiya (FTIR) orqali solishtirilganda ta'sirga uchragan hayvonlarning siydigidan topilgan kristallarniki bilan bir xil bo'ladi.,The composition of these crystals matches those found in the urine of affected pets when compared by infrared spectroscopy (FTIR).,public_v2_adapter,These crystals have a number of crystallics collected from the surface of the wild animals in the process of infographic spectroscopy (FTIR).,0.3999533000169322,38,False,False
eval_000231,flores_devtest,261,uz,en,"Siz buni tushunasizmi yoki tushunmaysizmi, bilmayman, ammo mahsulotlarning aksariyati Markaziy Amerikadan mazkur davlatga boj to'lovlarisiz kelgan.","I don't know if you realize it or not, but most of the goods from Central America came into this country duty-free.",public_v2_adapter,"You don't know if you are a member of the company, but you're not a member, and you've got a lot of money from America to other countries.",0.42289859999436885,40,False,False
eval_000232,flores_devtest,266,uz,en,"Qonun loyihasi Kaliforniya shtatida sotiluvchi zo'ravonlik aks etgan video o'yinlarning ""18"" maxsus yorlig'i bilan belgilanishini va ular voyaga yetmaganlarga sotilganda har bir qonunbuzarlik uchun 1000 dollar jarima bilan jazolanishini talab qiladi.","The bill requires violent video games sold in the state of California to be labeled with a decal reading ""18"" and makes their sale to a minor punishable by a fine of $1000 per offense.",public_v2_adapter,"The ""18"" series of military video games in California, which were released in Belgium and the US has been sold for $1,000 for a military business.",0.3756439998978749,35,False,False
eval_000233,flores_devtest,276,uz,en,"U o'zining boshqa poygasi Gigant slalomda ayollar joylashgan guruhda birinchi o'rinni egallagan avstriyalik Klaudiya Loesning natijasi 4:41.30 ga solishtirganda 2:11.60 daqiqa sekinroq va to'qqizinchi o'rinni egallagan vengriyalik Kyongyi Danidan 1:09.02 daqiqaga sekinroq kelib, o'ninchi o'rinni egalladi.","Her other race, the Giant Slalom, saw her finish in tenth in the women's sitting group with a combined run time of 4:41.30, 2:11.60 minutes slower than first place finisher Austrian Claudia Loesch and 1:09.02 minutes slower than the ninth place finisher Gyöngyi Dani of Hungary.",public_v2_adapter,"The second time, the Austrian Claudia Loes, who played first in the game of the Grand Slam, was 2nd at 2:11.60 on 4:41.30 after the end and 2nd in 1:09.02 by the English Kyoong Danny, who won the match.",0.747506899992004,64,False,False
eval_000234,flores_devtest,278,uz,en,Madxya-Pradesh politsiyasi o'g'irlangan noutbuk hamda mobil telefonni qaytardi.,The Madhya Pradesh Police recovered the stolen laptop and mobile phone.,public_v2_adapter,The Madden-Pradesh political union returned its mobile phone to the country.,0.23187569994479418,21,False,False
eval_000235,flores_devtest,281,uz,en,"Politsiya boshlig'i Chandra Shekxar Solanki so'zlariga ko'ra, ayblanuvchi sudga yuzi berkitilgan holda kelgan.",Police superintendent Chandra Shekhar Solanki said the accused appeared in court with covered faces.,public_v2_adapter,"Police officer Chandra Shekxar was killed by Solanka, who was killing her husband and she was kill.",0.2973525000270456,28,False,False
eval_000236,flores_devtest,287,uz,en,O'shandan buyon Adekoya Edinburg Sherif sudida o'g'lini o'ldirganlikda ayblanmoqda.,Adekoya has since been in Edinburgh Sheriff Court charged with murdering her son.,public_v2_adapter,"From there, the two Adekoya Sheriff of Edinburgh are in the water.",0.2134365999372676,22,False,False
eval_000237,flores_devtest,290,uz,en,"Dandi universitet professori Pamela Ferguson qayd etishicha, ""gumon qilinuvchilarning suratlar va boshqalarni chop etayotgan bo'lsa, jurnalistlar chindan ham xavfli yo'lakdan yurayotganga o'xshaydi"".","Professor Pamela Ferguson of the University of Dundee notes ""journalists do seem to be walking a dangerous line if publishing photos etc of suspects.""",public_v2_adapter,"Dandy University Professor Pamela Ferguson said, ""When the publication and publication were overwhelmed, journalists went to the house from all the places.""",0.45802549994550645,42,False,False
eval_000238,flores_devtest,295,uz,en,Sinov monitoring qilinishi va uning samaradorligi baholanishi sababli qo'shimcha zararkunandalarga qarshi kurash sinovida o'q uzuvchilar qo'riqchilar tomonidan yaqindan nazorat qilinishi lozim edi.,"Shooters in the supplementary pest control trial were to be closely supervised by rangers, as the trial was monitored and its effectiveness evaluated.",public_v2_adapter,Sinov was able to monitor the number of participants in the public cinema due to the loss of the state and the loss in the country's national community.,0.37327870004810393,35,False,False
eval_000239,flores_devtest,297,uz,en,"NPWS bilan bog' muhofazasi va merosi bo'yicha direktor vazifasini bajaruvchi Mik o'Flinning so'zlariga ko'ra, dastlabki o'q otish amaliyoti uchun tanlangan to'rt nafar mergan keng qamrovli xavfsizlik va o'quv mashg'ulotidan o'tgan.","According to Mick O'Flynn, the Acting Director Park Conservation and Heritage with the NPWS, the four shooters selected for the first shooting operation received comprehensive safety and training instruction.",public_v2_adapter,"NPWS has been a member of the senior and senior director, Mik O'Flinning, who has been appointed as a member for his first six-year career, with many of them being known to have been unhealthy and unhappy.",0.7219608000013977,58,False,False
eval_000240,flores_devtest,299,uz,en,Bu Martellining to'rt yil ichidagi beshinchi CEPidir.,It is Martelly's fifth CEP in four years.,public_v2_adapter,This is Martell's second-year CEP.,0.1702459999360144,15,False,False
eval_000241,flores_devtest,300,uz,en,O'tgan oy prezident komissiyasi davlatni yangi saylovlar sari yo'naltirishga mo'ljallangan bir qancha chora-tadbirlar doirasida oldingi CEPning iste'foga chiqishini tavsiya qildi.,Last month a presidential commission recommended the prior CEP's resignation as part of a package of measures to move the country towards new elections.,public_v2_adapter,"He advised the CEP to take action in a meeting with a number of members of the presidential commission, who had been appointed by the president.",0.35743039997760206,35,False,False
eval_000242,flores_devtest,31,uz,en,"Dinozavrlarning patlarida raxis deb ataluvchi yaxshi shakllangan pat o'zagi mavjud bo'lmagani, biroq patlarning boshqa xususiyatlari — soqolcha va tukchalarga ega bo'lgani bois tadqiqotchilar, hoynahoy, raxis boshqa xususiyatlarga qaraganda kechroq paydo bo'lgan evolyutsion rivojlanish, degan xulosaga kelishdi.","Because the dinosaur feathers do not have a well-developed shaft, called a rachis, but do have other features of feathers — barbs and barbules — the researchers inferred the rachis was likely a later evolutionary development that these other features.",public_v2_adapter,"The development of the dinosaur's races was a major challenge for the country, with other structures of the two groups - the family and the family- developing structures, the evolution of the races and races in the field.",0.6719251000322402,56,False,False
eval_000243,flores_devtest,313,uz,en,"Olti nafar garovga olinganlar, jumladan, bolalar va keksalardan, filippinlik suratkashlar kabi, erta ozod qilindi.","Six hostages, including the children and elderly, were released early, as were the Filipino photographers.",public_v2_adapter,"The oldest number is of the cattle, the boys, the balls and the cakes, the Philippines' nuts, and other.",0.35167400003410876,34,False,False
eval_000244,flores_devtest,315,uz,en,Liggins otasining izidan bordi va tibbiyot sohasida ishlay boshladi.,Liggins followed in his father’s footsteps and entered a career in medicine.,public_v2_adapter,Liggins were left behind the city and started to work in the area.,0.17425789998378605,19,False,False
eval_000245,flores_devtest,319,uz,en,"Xinhua xabariga ko'ra, hukumat tergovchilari chorshanba kuni parvozning texnik tafsilotlarini yozib oluvchi ikkita ""qora quti"" moslamani tikladilar.",Xinhua reported that government investigators recovered two 'black box' flight recorders on Wednesday.,public_v2_adapter,"In the middle of Xinhua, two ""course"" Muslims were named as a member of the law and the technical authorities of the parvoza.",0.42331209999974817,39,False,False
eval_000246,flores_devtest,320,uz,en,Hamkasb kurashchilar ham Lunaga hurmat bajo keltirishdi.,Fellow wrestlers also paid tribute to Luna.,public_v2_adapter,The most important areas were Luna.,0.14861560007557273,11,False,False
eval_000247,flores_devtest,322,uz,en,"Dastin ""Goldust"" Runnels ""Luna ham mendek injiq edi… balki mendan-da ko'proq… men uni sevaman va uni sog'inaman… u yaxshiroq joyda deb umid qilaman"", deya fikr bildirdi.","Dustin ""Goldust"" Runnels commented that ""Luna was as freaky as me...maybe even more...love her and will miss her...hopefully she's in a better place.""",public_v2_adapter,"Dastin ""Goldust"" Runnels said: ""I've been looking forward to the whole month... I'm in my house... but I love him and I love her... I hope he'll be happy with me,"" she said.",0.7039467000868171,56,False,False
eval_000248,flores_devtest,324,uz,en,"Vaqtincha Bosh vazir vazifasini bajarayotgan Juliya Gillard 2010-yilgi federal saylovlar kampaniyasi chog'ida Qirolicha Yelizaveta II hukmronligidan keyin Avstraliya respublika bo'lishi kerak, deb hisoblashini aytdi.",Caretaker Prime Minister Julia Gillard claimed during the campaign of the 2010 federal election that she believed Australia should become a republic at the end of Queen Elizabeth II's reign.,public_v2_adapter,"In the 2010 federal election campaign, Julia Gillard, who was a member of the Australian Republic, won the second edition of the National League for the Year II.",0.536652599927038,39,False,False
eval_000249,flores_devtest,328,uz,en,"U og'riqlarini yengish uchun zarur bo'lgan dori-darmonlarni ololmay qoldi, chunki ular o'yinlarda ta'qiqlandi.",He has been unable to take the drugs needed to overcome his pain as they are banned from the Games.,public_v2_adapter,"He was not a young woman who had been born to the north, but he was born in the middle of his life.",0.3105806999374181,29,False,False
eval_000250,flores_devtest,333,uz,en,53 yoshli Kuomo shu yilning boshida gubernatorlik faoliyatini boshladi va o'tgan oy bir jinsli nikohni legallashtiruvchi qonunni imzoladi.,"Cuomo, 53, began his governorship earlier this year and signed a bill last month legalizing same-sex marriage.",public_v2_adapter,53-year-old Kuomo established a governorate office in the village and signed a lawful family with a young wife.,0.3764511999906972,32,False,False
eval_000251,flores_devtest,334,uz,en,"U mish-mishlarni ""siyosiy safsata hamda bema'nigarchilik"", – deb atadi.","He referred to the rumors as ""political chatter and silliness"".",public_v2_adapter,"He said, “The economy is a social economy,” he said.",0.17378900002222508,17,False,False
eval_000252,flores_devtest,335,uz,en,2016-yili uning prezidentlikka o'z nomzodini qo'yishi taxmin qilinyapti.,He is speculated to make a run for president in 2016.,public_v2_adapter,"In 2016, he was appointed President of the Republic.",0.13988209993112832,14,False,False
eval_000253,flores_devtest,347,uz,en,pH (potensial vodorod) darajasi sinovdan o'tgan kimyoviy moddadagi vodorod ionlarining miqdori (pH potensial vodorod tarkibidagi vodorod H) orqali ko'rsatilgan.,The pH level is indicated by the amount of Hydrogen (the H in pH) ions in the tested chemical.,public_v2_adapter,The pH (potencial vodorod) is defined as a chemical method of the hydrolytic ion (pH potential vodorode system hydrory H).,0.41787949996069074,41,False,False
eval_000254,flores_devtest,351,uz,en,Xarappa va Moxenjo-daro shaharlaridagi deyarli har bir uyda mukammal kanalizatisya tizimiga ulangan oqiziluvchi hojatxona mavjud.,"The cities of Harappa and Mohenjo-daro had a flush toilet in almost every house, attached to a sophisticated sewage system.",public_v2_adapter,"There are several different areas in the city of Xarappa and Moxenjo, which have been located nearby by a large canal system.",0.3171337000094354,32,False,False
eval_000255,flores_devtest,362,uz,en,"Ularning muvaffaqiyatining siri joy tushunchasi — har bir mushuk egalik qiladigan, uni boshqalar bilan raqobat qilishdan tutib turuvchi maxsus mashg'ulotdir.","The secret to their success is the concept of the niche, a special job each cat holds that keeps it from competing with others.",public_v2_adapter,"Their family's family is a family of young people who are born in the village, and they are born to be born in town.",0.3579857998993248,32,False,False
eval_000256,flores_devtest,364,uz,en,"Sherlar to'dasi bittadan uchtagacha bo'lgan voyaga yetgan erkak sher, o'ttizdan ortiq urg'ochisi sher va sher bolalaridan iborat bo'ladi.","Prides are made up of one to three related adult males, along with as many as thirty females and cubs.",public_v2_adapter,"Sherlar was born with a large number of young sherers, who were born in the village and lived in four sher and sher balls.",0.4055338999023661,36,False,False
eval_000257,flores_devtest,366,uz,en,"Arslon to'dalari xuddi bo'rilar yoki itlar to'dalariga o'xshab harakat qiladi, hayvonlar (lekin boshqa katta mushuklar emas) hayratlanarli darajada sherlarga xatti-harakat va shuningdek, o'ljalari uchun halokatli ekanligi bilan o'xshashdir.","Lion prides act much like packs of wolves or dogs, animals surprisingly similar to lions (but not other big cats) in behavior, and also very deadly to their prey.",public_v2_adapter,"The Arslon forest is a planned garden for the longest days, where animals (other two are planners) have been wrapped in the spectacular areas of the village and are a great place to play.",0.5369192000944167,51,False,False
eval_000258,flores_devtest,372,uz,en,"Tungi ko'rish qobiliyati yordamida ular qorong'ida juda yaxshi ko'ra oladi, ham tovush chiqarmasdan harakatlanadi. Oselotlar o'z o'ljasini ovlayotganda atrof-muhitga uygʻunlashadi, keyin esa o'z o'ljasini quvlab qo'lga kiritadi tushiradi.","They can see very well in the dark with night vision, and move very stealthily, too. Ocelots hunt their prey by blending in with their surroundings then pouncing on their prey.",public_v2_adapter,"The Tunghi County was a member of the family's family, who had been born in the village, all of which were left from the town. Oselots were used to take off their own winners with an atrophic-mushroom, and they were able to make their own own winner more than one hour.",0.763007500092499,74,False,False
eval_000259,flores_devtest,378,uz,en,"Bu jarayonni tur hosil bo'lishi deb ataymiz, bu shunchaki yangi turlarning shakllanishini anglatadi. Tur hosil bo'lishi evolyutsiyaning muqarrar oqibati va juda ahamiyatli qismidir.","We call this process speciation, which just means the formation of new species. Speciation is an unavoidable consequence and a very important part of evolution.",public_v2_adapter,"We have been looking for this tour to the end of the year, which is a part of the new tour in this area. This tour is an important part of its development and is also an important component of the tour.",0.5364142999751493,49,False,False
eval_000260,flores_devtest,381,uz,en,Biz uylarimiz va kiyim-kechaklarimizni o'simliklardan qilamiz. Biz iste'mol qiladigan oziq-ovqatlarning aksariyati o'simliklardir. o'simliklarsiz mavjudotlar omon qololmaydi.,"We make our houses from plants and make clothes from plants. Most foods that we eat are plants. Without plants, animals could not survive.",public_v2_adapter,We have made our parents and family members of the same name; we are the same names for the other people who live in this country; the same words are not written.,0.427117699990049,38,False,False
eval_000261,flores_devtest,382,uz,en,"Mosazavrlar o'z davrining eng dahshatli yirtqichi bo'lgan, shu sababli u boshqa mosazavrlardan boshqa hech narsadan qo'rqmagan.","Mosasaurus was the apex predator of its time, so it feared nothing, except other mosasaurs.",public_v2_adapter,"The mosazavr are a small village of the same behavior, and they are found in three different areas of other mosazaver.",0.3965250999899581,33,False,False
eval_000262,flores_devtest,389,uz,en,"Masalan, ular hech qachon makkajo'xori, pomidor, kartoshka, kakao yeb ko'rmagan va qadimgi rimliklarning birortasi ham kurkani tatib ko'rmagan.","For instance, they didn't have corn, nor tomatoes, nor potatoes, nor cocoa, and no ancient Roman ever tasted a turkey.",public_v2_adapter,"The story includes all the cakes of the same cup of cake, tomatoes, potatoes and cocoa foods as well as female foods.",0.38804919994436204,37,False,False
eval_000263,flores_devtest,399,uz,en,"Grenlandiyada aholi siyrak. Norvegiya dostonlarida Qizil Erik qotillik uchun Islandiyadan surgun qilingani va g'arbga tomon sayohat qilayotganda Grenlandiyani uchratib, unga Grenlandiya deb nom bergani aytiladi.","Greenland was settled sparsely. In the Norse sagas they say that Erik the Red was exiled from Iceland for murder, and when travelling further west, found Greenland and named it Greenland.",public_v2_adapter,"Norwegian friend, Qizil Erik, traveled to Grenland for his family from Iceland and in the middle of a long time, while younger is born as a member of Grenland.",0.4426633999682963,44,False,False
eval_000264,flores_devtest,40,uz,en,O'z sayohati mobaynida Ivasaki ko'p vaziyatlar muammoga ro'baro' kelgan.,"During his trip, Iwasaki ran into trouble on many occasions.",public_v2_adapter,He was born in the village of Ivasaki with a family family.,0.18278999999165535,18,False,False
eval_000265,flores_devtest,425,uz,en,"1624-yili Gollandiyaning Ost-Indiya kompaniyasi Tayvanning janubi-g'arbiy qismida baza tashkil qilib, mahalliy don ishlab chiqarish amaliyotida transformatsiyani boshladi hamda xitoylik ishchilarni guruch hamda shakar plantatsiyalarida ishga jalb etdi .","In 1624,Dutch East India Company establishes a base in southwestern Taiwan, initiating a transformation in aboriginal grain production practices and employing Chinese laborers to work on its rice and sugar plantations.",public_v2_adapter,"The 1624 Gollandia East India Company was established in Taiwan's January-June region, where the city's residents began transforming their land into a small plantation.",0.4669555000727996,44,False,False
eval_000266,flores_devtest,433,uz,en,"35 mm format aslida bir oz chalkash bo'lib, kengligi 36 mm va balandligi 24 mm.","The 35mm format is actually, somewhat confusingly, 36mm in width by 24mm in height.",public_v2_adapter,"35 mm format has an original length of a oz, size 36 mm and size 24 mm.",0.2334543999750167,23,False,False
eval_000267,flores_devtest,434,uz,en,"Shunga ko'ra, mazkur formatning tomonlar nisbati (eng oddiy butun son nisbatini olish uchun o'n ikkiga bo'lish) 3:2 bo'lishi kerak deyiladi.",The aspect ratio of this format (dividing by twelve to obtain the simplest whole-number ratio) is therefore said to be 3:2.,public_v2_adapter,The shung-shung has a 3:2 score in the middle format (the last match for the second half).,0.29457419994287193,27,False,False
eval_000268,flores_devtest,437,uz,en,Unda asosiy subyekt uchun eng samarali joy suratni vertikal va gorizontal tarzda uchga bo'ladigan chiziqlar kesishmasida ekanligi aytilgan (namunaga qarang).,It states that the most effective place for the main subject is at the intersection of lines dividing the image into thirds vertically and horizontally (see example).,public_v2_adapter,"The two subjects are designed to cut the small-scale, vertical and horizontal, wooled (with the name).",0.3521300000138581,32,False,False
eval_000269,flores_devtest,441,uz,en,"Nasroniylikning asosiy tamoyillaridan biri, boylik azob-uqubatlar hamda qashshoqlikni yengillashtirish uchun kerak va cherkovning pul mablag'lari aynan ana shu maqsad yo'lida qo'llanishidir.",One of the main Christian tenets is that wealth should be used to alleviate suffering and poverty and that the monetary funds of the church are there specifically for that reason.,public_v2_adapter,One of the first trials in Nazronity is that the oldest-sized cattle are the primary cattle for the birth of the crown and cherkovic plants.,0.43836580007337034,43,False,False
eval_000270,flores_devtest,443,uz,en,"Harbiy harakatlar xurujidan ko'p o'tmay, Britaniya Germaniyani dengizda blokada qilishni boshladi.","Soon after the outbreak of hostilities, Britain initiated a naval blockade of Germany.",public_v2_adapter,"After the war was over, Britain started to block in German region.",0.1916077999630943,18,False,False
eval_000271,flores_devtest,446,uz,en,Mazkur taktikaga nisbatan cheklangan javob bo'lgani tufayli Germaniya o'zining cheklanmagan suvosti urushiga o'xshaydigan javob kutgandi.,"Since there was limited response to this tactic, Germany expected a similar response to its unrestricted submarine warfare.",public_v2_adapter,"The German government, who had a long-term deployment in relation to the tactics of Mazkur, was also responsible for the development of Germany.",0.38050430000294,35,False,False
eval_000272,flores_devtest,45,uz,en,"Oilali, ikki nafar voyaga yetgan farzandi bor Duvall voqeaga aloqador bo'lgan Millerda katta taassurot qoldirmagan.","Duvall, who is married with two adult children, did not leave a big impression on Miller, to whom the story was related.",public_v2_adapter,"She was born in Miller, where she lived with her family and family, Duvall.",0.2760286999400705,23,False,False
eval_000273,flores_devtest,450,uz,en,"U AQSHga o'z nomidagi 4 sent, she'riy kitob va Charlz Batchelordan (oldingi ish joyidagi ish boshqaruvchisi) Tomas Edisonga tavsiyanoma bilan kelgandi.","He arrived in the US with 4 cents to his name, a book of poetry, and a letter of recommendation from Charles Batchelor (his manager in his previous job) to Thomas Edison.",public_v2_adapter,"She was 4 years old with AQSH, after she was born and advised Charles Batchelordan (former former director) Thomas Edison.",0.38807030010502785,33,False,False
eval_000274,flores_devtest,451,uz,en,Qadimiy Xitoy turli vaqt davrlarini ko'rsatishning noyob usuliga ega edi; Xitoyning har bir bosqichi yoki har bir hukmron oila aniq bir sulolaga bo'lgan.,Ancient China had a unique way of showing different time periods; each stage of China or each family that was in power was a distinctive dynasty.,public_v2_adapter,Her wife had a long time to develop her personal behavior; she was born with a little more of a few years old for a young woman.,0.41297710000071675,34,False,False
eval_000275,flores_devtest,452,uz,en,"Shuningdek, har bir sulola orasida beqaror parokanda provinsiyalar davri bo'lgan. Bu davrlardan eng mashhuri Xan hamda Sin sulolalari o'rtasida 60 yil davomida yuz bergan Uch qirollik davridir.",Also between each dynasty was an unstable age of divided provinces. The best-known of these periods was the Three Kingdoms epoch taking place for 60 years between the Han and the Jin Dynasty.,public_v2_adapter,"The provinces are located in a small town of the village, where the city is located for more than 60 years.The main area of these behaviors is the San Sin Schools of China.",0.4615660000126809,44,False,False
eval_000276,flores_devtest,463,uz,en,"Tepadagi tiniq, go'zal osmon va atrofdagi ko'plab tog'lardan boshqa hech narsa ko'rinmaydi. g'or ichida bu dunyoning juda kichik qismini ko'rish yoki eshitish mumkin.","Nothing can be seen other than the clear, beautiful sky above and the many surrounding mountains. Very little of this world can be seen or heard from inside the cave.",public_v2_adapter,"The city has three different areas of the co-course, both the eight and the eighest, which are now a part of the town.",0.3833687000442296,36,False,False
eval_000277,flores_devtest,465,uz,en,Eramizdan avvalgi uchinchi asrda misrliklar tomonidan bunyod etilgan Buyuk Piramida vafot etgan Fir'avn sharafiga barpo qilingan ko'plab yirik piramida inshootlaridan biri hisoblanadi.,"Built by the Egyptians in the third century BCE, the Great Pyramid is one of many large pyramid structures built to honor dead Pharaoh.",public_v2_adapter,"From the beginning of our life, it was one of the most famous pirates in the world that were built on the Pyramid of the Mouth and founded by Pharaoh.",0.48044600000139326,42,False,False
eval_000278,flores_devtest,466,uz,en,"Misr o'liklar vodiysidagi Giza platosi yoki ""Giza qabristoni"" bir qancha piramidalar (ularning eng yirigi — buyuk piramida), bir nechta kichik qabrlar, bir qancha ibodatxonalar va buyuk Sfinksni o'z ichiga oladi.","The Giza Plateau, or ""Giza Necropolis"" in the Egyptian Valley of the Dead contains several pyramids (of which the great pyramid is the largest), several small tombs, several temples, and the great Sphinx.",public_v2_adapter,"The Egyptian ancient village was the Giza plateau, with a few pyramids (those only seven are the Pyramid of Giza), a few cave-cavers, a few shelters and a few Sfinks.",0.6467262998921797,57,False,False
eval_000279,flores_devtest,469,uz,en,Yuqoriga degani uchidan boshlashingiz va torni bosishingiz kerakligi va pastga degani strelkadan (qo'lingiz kamonni ushlab turgan nuqta) boshlashingiz va torni tortishingiz kerakligini anglatadi.,"Up means you should start at the tip and push the bow, and down means you should start at the frog (which is where your hand is holding the bow) and pull the bow.",public_v2_adapter,It was built in the middle of the town and the tower was built from a firewall and a fireplace (the main tour of the village) and the town was built by a fireworks.,0.48787389998324215,44,False,False
eval_000280,flores_devtest,478,uz,en,"Shubhasiz, Filippin xalqining davomli ekspluatatsiyasidan olingan ulkan foydalar AQSH imperializmining asosiy daromadlarini tashkil qiladi.","Of course, the superprofits derived from the protracted exploitation of the Filipino people would constitute the basic gains of U.S. imperialism.",public_v2_adapter,"In addition, the main national communities in the major exploitation of the people of the Philippines have become the members of AQSH imperialism.",0.38439000002108514,33,False,False
eval_000281,flores_devtest,479,uz,en,Tampliyerlarni tushunish uchun ordenni yaratishga turtki bo'lgan muhitni tushunish zarur.,To understand the Templars one must understand the context that prompted the creation of the order.,public_v2_adapter,The Turkish government has established a new order for the development of the Tampliers.,0.2683592999819666,22,False,False
eval_000282,flores_devtest,480,uz,en,"Voqealar sodir bo'lgan vaqt umumiy holda Yuqori o'rta asrlar deb ataluvchi Yevropa tarixidagi 11, 12 va 13-asrlardir (m. 1000–1300 yillar).","The age where the events took place is commonly referred as the High Middle Ages the period of European history in the 11th, 12th, and 13th centuries (AD 1000–1300).",public_v2_adapter,"The number of voices is 11, 12 and 13 years old (m. 1000–1300).",0.2520602000877261,23,False,False
eval_000283,flores_devtest,487,uz,en,"Romantizmda Gyote, Fixte hamda Shlegel singari yozuvchilardan qolgan madaniy determinizmning yirik elementi bor edi.","Romanticism had a large element of cultural determinism, drawn from writers such as Goethe, Fichte, and Schlegel.",public_v2_adapter,"In romanticism, Gyote has a unique element of determinism from the Shlegel and Fixte's singing works.",0.3236413999693468,31,False,False
eval_000284,flores_devtest,494,uz,en,Dastlab ko'ylakka sharqdagi Vizantiya madaniyati kuchli ta'sir ko'rsatdi.,At the beginning dress was heavily influenced by the Byzantine culture in the east.,public_v2_adapter,"During the day, Dastlab was a member of Vizantiya.",0.21940779988653958,19,False,False
eval_000285,flores_devtest,501,uz,en,"Submadaniyatlar a'zolarning yoshi, etnik kelib chiqishi, sinfi, joylashuvi va/yoki jinsiga qarab ajralib turishi mumkin.","Subcultures can be distinctive because of the age, ethnicity, class, location, and/or gender of the members.",public_v2_adapter,"Sub-Madaniya is a country that has sex, ethnicity, family, family and/or family tourism.",0.42565629992168397,30,False,False
eval_000286,flores_devtest,507,uz,en,Boshqalarning hayvonlar tarafidan katta qilingani da'vo qilinadi; ba'zilarining yovvoyi tabiatda o'zlari yashaganligi aytiladi.,Others are alleged to have been brought up by animals; some are said to have lived in the wild on their own.,public_v2_adapter,The animals of the village were found to be in the middle; their children were born to be living with a natural disappearance.,0.34019459993578494,31,False,False
eval_000287,flores_devtest,517,uz,en,Homiylik parvarishi ular chiqarib olingan uyda yetishmaydigan barcha zaruriy narsalar bilan ta'minlashi kerak.,Foster care is supposed to provide all the necessities that were lacking in the home they were previously taken from.,public_v2_adapter,The homily parvary is a number of other poor women who have not been killed in the southern part of the country.,0.34406620007939637,31,False,False
eval_000288,flores_devtest,519,uz,en,Internetning alohida xususiyatlari undan foydalanish hamda mamnun etuvchi yondashuv borasida qo'shimcha o'lchamlarga yetaklaydi.,The distinct characteristics of the Internet lead to additional dimensions in terms of the uses and gratifications approach.,public_v2_adapter,The Internet's public relations have been linked to the public relations of the world's most recent media.,0.41464740002993494,26,False,False
eval_000289,flores_devtest,520,uz,en,"Misol uchun, ""ta'lim"" va ""ijtimoiylashuv"" internetdan foydalanish uchun muhim motivatsiyalar sifatida taklif qilinadi (Jeyms va boshqalar, 1995).","For example, “learning” and “socialization” are suggested as important motivations for Internet use (James et al., 1995).",public_v2_adapter,"For example, ""Tale"" and ""I'm Gonna Leave"" are the main motivations for the Internet (Jeyms and the Sisters, 1995).",0.4520549000008032,38,False,False
eval_000290,flores_devtest,523,uz,en,"Xususan, kichik ifodalarni to'g'ri talqin qilish orqali kishi yolg'on gapirayotgani yoki yolg'on gapirmayotganligini aniqlash mumkin, deya da'vo qilinmoqda.","In particular, it is claimed that one can detect whether a person is lying by interpreting micro-expressions correctly.",public_v2_adapter,"Jussusan was born as a member of the family's family, and was born to be a member in the family.",0.32955230004154146,29,False,False
eval_000291,flores_devtest,529,uz,en,"Savannadan tashqarida, inson kabi ovqat hazm qilish tizimiga ega bo'lgan primat uchun aminokislotaga bo'lgan ehtiyojni mavjud o'simlik manbalaridan qondirish mushkul.","Out on the savanna, it is hard for a primate with a digestive system like that of humans to satisfy its amino-acid requirements from available plant resources.",public_v2_adapter,"From the beginning of the year, it was a major source of immune health that has been given primate amino acid to children with an average population.",0.37740019999910146,35,False,False
eval_000292,flores_devtest,532,uz,en,"Bundan farqli o'laroq, mavjudot ozuqalar (chumolilar, termitlar, tuxumlar) nafaqat yengil hazm bo'ladi, balki ular muhim aminokislotalarning barchasini o'z ichiga olgan yuqori miqdordagi oqsillar bilan ham ta'minlaydi.","In contrast, animal foods (ants, termites, eggs) not only are easily digestible, but they provide high-quantity proteins that contain all the essential amino acids.",public_v2_adapter,"Different of this, the population is only three times larger than the population (chumoliles, termits, thusums), and the population has a significant amino acid in the middle of the age.",0.5577980000525713,49,False,False
eval_000293,flores_devtest,533,uz,en,"Barcha narsalar hisobga olingan holda, agar ajdodlarimiz o'zlarining ""oqsil muammolarini"" bugungi kunda savanna shimpanzelariga o'xshash usulda hal qilgan bo'lsalar, ajablanmasligimiz kerak.","All things considered, we should not be surprised if our own ancestors solved their ""protein problem"" in somewhat the same way that chimps on the savanna do today.",public_v2_adapter,"The Barcha people are in the middle of the world, so that our families have been able to do their ""sized treatments"" with the savannah shimpanzels today, we're not happy.",0.505157099920325,48,False,False
eval_000294,flores_devtest,534,uz,en,Uyqu uzilishi — bu sizning odatdagi uyqu vaqtingizdan atay uyg'onish va qisqa vaqtdan keyin (10–60 daqiqa) uyquga ketish jarayonidir.,Sleep interruption is the process of purposefully awakening during your normal sleep period and falling asleep a short time later (10–60 minutes).,public_v2_adapter,"Sleeping is a sleeping day for you, and some of them are sleeping days (10–60 hours).",0.2821070000063628,26,False,False
eval_000295,flores_devtest,536,uz,en,"Agar siz uyqudaligingizda soatni o'chirib qo'yayotgan bo'lsangiz, uni xonaning boshqa burchagiga qo'yishingiz mumkin, bu holda uni o'chirish uchun o'rningizdan turishingizga to'g'ri keladi.","If you find yourself resetting the clock in your sleep, it can be placed on the other side of the room, forcing you to get out of bed to turn it off.",public_v2_adapter,"If you are a woman who is not born in your home, then you will be able to stay with her family and get there for the rest of your life.",0.4068063000449911,36,False,False
eval_000296,flores_devtest,545,uz,en,"Germaniya Ikkinchi jahon urushida SSSR bilan AQSH o'rtasidagi hamkorlikka sababchi bo'lgan umumiy dushman edi. Urush tugashi bilan tizim, taraqqiyot jarayoni hamda madaniyat to'qnashuvlari davlatlarni o'zaro nizoga boshladi.","Germany was a common enemy in World War 2, leading to cooperation between the USSR and USA. With the end of the war the clashes of system, process and culture led to the countries falling out.",public_v2_adapter,"Germany was the second-year member of the USSR to be a member of AQSH, and the Uruş was the first member of its military forces to work in the middle of the country.",0.4656719999620691,44,False,False
eval_000297,flores_devtest,549,uz,en,"Lekin Sovet Ittifoqi qizil armiyasining 800 000 dan ortiq askarlari Riga tinchlik shartnomasi, Tajovuz qilmaslik to'g'risidagi Sovet-Polsha pakti hamda boshqa ikki tomonlama va ko'p tomonlama shartnomalarni buzgan holda Polshaning sharqiy hududlarini bosib olgandan so'ng Belorussiya va Ukrainaga kirishi hamda frontlar yaratganida mazkur rejalar deyarli bir kechaga eskirgandi.","However, these plans were rendered obsolete nearly overnight, when over 800,000 soldiers from the Soviet's Union Red Army entered and created the Belarussian and Ukrainian fronts after invading the eastern regions of Poland in violation of the Riga Peace Treaty, the Soviet-Polish Non-Aggression Pact, and other international treaties, both bilateral and multilateral.",public_v2_adapter,"The Soviet Union army of more than 800 000 soldiers, who had been destroyed by the Riga military, and the Taiwanese government, which had been established by a large number of districts in the region, led to the development and implementation of other Soviet-Polish pact.",0.7308547999709845,69,False,False
eval_000298,flores_devtest,55,uz,en,"Uning 78 tavsiyasidan birinchisi shuki, shu yil oxiriga qadar Iroq chegaralarini tajovuzlardan himoya qilish va qo'shnilar bilan diplomatik aloqalarni qayta tiklashga oid yangi diplomatik choralarni boshlash lozim.",First among its 78 recommendations is that a new diplomatic initiative should be taken before the end of this year to secure Iraq’s borders against hostile interventions and to re-establish diplomatic relations with its neighbors.,public_v2_adapter,One of the 78 councils included a diplomatic session that began in October with the expansion of foreign ministers from Taiwan and the diplomacy of their members.,0.37971429992467165,37,False,False
eval_000299,flores_devtest,550,uz,en,Mahsulotlarni tashish uchun kemalardan foydalanish yirik miqdordagi insonlar va mahsulotlarni okeanlar bo'ylab harakatlantirishning eng samarali usulidir.,Using ships to transport goods is by far the most efficient way to move large amounts of people and goods across oceans.,public_v2_adapter,The municipality is a common way to develop the entire area of the coast and the oceans in its land.,0.2772469000192359,27,False,False
eval_000300,flores_devtest,553,uz,en,"Shu bilan birga Nemis dengiz floti, asosan, dengizosti qayiqlaridan foydalanib, ushbu transport harakatini to'xtatishga urinayotgandi.","At the same time, the German navy, using mainly U-boats, was trying to stop this traffic.",public_v2_adapter,"The German fleet, which is also a fleet of the Nemis aircraft, has been re-established and has been able to expand its transportation.",0.4121551000280306,38,False,False
eval_000301,flores_devtest,555,uz,en,Echkilar ilk bor 10 ming yilcha avval Eronning Zagros tog'larida qo'lga o'rgatilgan ko'rinadi.,"Goats seem to have been first domesticated roughly 10,000 years ago in the Zagros Mountains of Iran.",public_v2_adapter,"The first time he played was 10 years later, when he joined Eronning Zagros.",0.23796699999365956,23,False,False
eval_000302,flores_devtest,56,uz,en,Kecha kechqurun Buenos-Ayresdan 50 km (31 mil) uzoqlikdagi La Platada amaldagi senator va Argentinaning birinchi xonimi Kristina Fernandes de Kirshner prezidentlikka o'z nomzodini qo'yishini ma'lum qildi.,"Current senator and Argentine First Lady Cristina Fernandez de Kirchner announced her presidential candidacy yesterday evening in La Plata, a city 50 kilometers (31 miles) away from Buenos Aires.",public_v2_adapter,"The first one was Senator La Platada, 50 km (31 miles) away from Buenos Aires and the first president of Argentina Kristina Fernandes de Kirshner.",0.4329045000486076,38,False,False
eval_000303,flores_devtest,579,uz,en,"Ikkilik raqamlar faqatgina ikkita qiymatdan biriga ega bo'la oladi, misol uchun 0 yoki 1 hamda mazkur raqamlar kompyuter jargonida foydalanish uchun bitlar yoki ikkilik raqamlar deb yuritiladi.","A binary number can have only one of two values, i.e. 0 or 1, and these numbers are referred to as binary digits - or bits, to use computer jargon.",public_v2_adapter,"The two-way page was one to three, for example the two-year page were two to four for 1 time in a computer range.",0.35681299993302673,32,False,False
eval_000304,flores_devtest,586,uz,en,"Butun Amerika Qo'shma Shtatlari bo'ylab taxminan 400 000 ta parishonxotirlik sklerozi (MS) holatlari ma'lum bo'lib, bu yoshroq va o'rta yoshdagi kattalar orasida yetakchi nevrologik kasallik bo'lib qolmoqda.","Across the United States of America, there are approximately 400,000 known cases of Multiple Sclerosis (MS), leaving it as the leading neurological disease in younger and middle aged adults.",public_v2_adapter,"About 400,000 cases of parishonectal sclerosis (MS) occur in the United States, with cats living around this region having a high neurological disease.",0.39965989999473095,39,False,False
eval_000305,flores_devtest,592,uz,en,"Ilm-fanning asosiy maqsadi ilmiy usul orqali dunyoning qanday ishlashini aniqlashdir. Aslini olganda, bu usul boshqa ko'plab ilmiy izlanishlarga yo'lboshchilik qiladi.",Science’s main goal is to figure out the way the world works through the scientific method. This method in fact guides most scientific research.,public_v2_adapter,"The scientist has developed its work in the country as a technical system, but since then it has been used for other scientific systems.",0.3195665000239387,31,False,False
eval_000306,flores_devtest,598,uz,en,"Tashqi davriy signallarga oddiygina javob bo'lmagan davriy ritmlar ko'plab tirik jonzotlar, jumladan, bakteriya, zamburug', o'simlik hamda hayvonlar uchun hujjatlashtirilgan.","Periodic rhythms, which are not simply responses to external periodic cues, have been documented for most living beings, including bacteria, fungi, plants, and animals.",public_v2_adapter,"The current rhythms of the period are known as the periods of the time, and are used for the use of regular neurons, bacteria, bacterial disease, and animal diseases.",0.48824770003557205,45,False,False
eval_000307,flores_devtest,599,uz,en,Biologik soatlar hattoki tashqi signallar bo'lmaganida ham avtonom harakatlanish davrini davom ettiruvchi avtogeneratordir.,Biological clocks are self sustaining oscillators which will continue a period of free-running cycling even in the absence of external cues.,public_v2_adapter,Biological generators are autogenerators that use all autonomous traffic behaviors when the current signals are spread.,0.31507499993313104,31,False,False
eval_000308,flores_devtest,60,uz,en,Dafn marosimida ishtirok etish uchun to'rt milliondan ko'proq kishi Rimga tashrif buyurdi.,Over four million people went to Rome to attend the funeral.,public_v2_adapter,Dafn has been committed to a total of more than one million people in the country.,0.23924519994761795,22,False,False
eval_000309,flores_devtest,604,uz,en,"Faqatgina jinsiy hujayralardagi mutatsiyalar bolalarga o'tishi mumkin, boshqa har qanday yerdagi mutatsiyalar hujayraning nobud bo'lishi yoki saratonga sabab bo'lishi mumkin.","Only mutations in germ-line cells can be passed on to children, while mutations elsewhere can cause cell-death or cancer.",public_v2_adapter,The number of mutations in the mainstream areas is higher than the number of other places that have been reduced by a number of new mutations.,0.35251210001297295,34,False,False
eval_000310,flores_devtest,605,uz,en,"Tabiatga asoslangan turizm tabiat, jumladan, o'simliklar hamda hayvonlarning yovvoyi hayotidan zavqlanish maqsadida tabiiy hududlarga tashrif buyurishga qiziquvchi kishilarni o'ziga jalb qiladi.","Nature-based tourism attracts people interested in visiting natural areas for the purpose of enjoying the scenery, including plant and animal wildlife.",public_v2_adapter,The tourism nature associated with nature has been a major challenge for the children's families to be able to live from the wild to the wild of animals in their family.,0.4158769999630749,39,False,False
eval_000311,flores_devtest,61,uz,en,"Kelganlar soni shu qadar ko'p ediki, barchaning Avliyo Peter maydonidagi dafn marosimiga kirishi imkonsiz edi.",The number of people present was so large that it was not possible for everybody to gain access to the funeral in St. Peter's Square.,public_v2_adapter,"After the two were killed, the father Avliyo Peter was unable to leave his wife.",0.24867170001380146,24,False,False
eval_000312,flores_devtest,616,uz,en,"Yaxshiki, haydovchilar o'zini oqilona izchil doirada tutishga moyil; shu sababli qatnov oqimlari bir oz oqilona izchillikka ega va matematik jihatdan taxminan ifodalanishi mumkin.","Fortunately, drivers tend to behave within a reasonably consistent range; thus, traffic streams tend to have some reasonable consistency and can be roughly represented mathematically.",public_v2_adapter,"In the middle, the children are able to keep their lives in a long-term period; therefore, the young children are given a long term of education and mathematical experience.",0.5173509999876842,41,False,False
eval_000313,flores_devtest,623,uz,en,Bir necha ming yil avval Aristarx ismli kishi Quyosh tizimi Quyosh atrofida aylanishini aytgan.,"Thousands of years ago, a man called Aristarchus said that the Solar System moved around the Sun.",public_v2_adapter,"One year later, Aristarx was born in the Chushu atrophy.",0.2763575999997556,21,False,False
eval_000314,flores_devtest,626,uz,en,Amazonka yer yuzidagi eng katta va ikkinchi eng uzun daryodir. U ikkinchi eng katta daryodan 8 karra ko'proq suv tashiydi.,The Amazon River is the second longest and the biggest river on Earth. It carries more than 8 times as much water as the second biggest river.,public_v2_adapter,"Amazon is located on the middle of the ground and two are long, with a total of 8 square from the middle.",0.29970979993231595,28,False,False
eval_000315,flores_devtest,630,uz,en,"Toshdan piramida qurish Qadimgi qirollikning oxirigacha davom etganligiga qaramasdan, ular Giza piramidalaridan o'zlarining o'lchamlari va qurilishdagi texnik afzalliklari jihatidan hech qachon ustun bo'lmagan.","Although pyramid-building in stone continued until the end of the Old Kingdom, the pyramids of Giza were never surpassed in their size and the technical excellence of their construction.",public_v2_adapter,"Since the city's capital was a major building in the Pyramid of Giza, the city has been closely linked to the construction and technical distractions of the Giza pyramids.",0.5034946000669152,45,False,False
eval_000316,flores_devtest,632,uz,en,Vatikan shahri aholisi 800 kishi atrofida. U dunyodagi eng kichik mustaqil davlat va eng kam aholiga ega mamlakatdir.,Vatican City's population is around 800. It is the smallest independent country in the world and the country with the lowest population.,public_v2_adapter,"The Vatican is located in an atrophy of 800, with a small town and a small village in the south.",0.33113039995078,28,False,False
eval_000317,flores_devtest,635,uz,en,Vatikan shahrining barcha aholisi katolikdir.,All citizens of Vatican City are Roman Catholic.,public_v2_adapter,The main village of the Vatican is Catholic.,0.14420049998443574,14,False,False
eval_000318,flores_devtest,637,uz,en,"Faylasuf Aristotel barcha narsa to'rt unsurning bir yoki bir nechtasi aralashmasidan tashkil topgan degan nazariyani ilgari surgan. Ularni tuproq, suv, havo va olov ekanligini aytib o'tgan.","Aristotle, a philosopher, theorised that everything is made up of a mixture of one or more of four elements. They were earth, water, air, and fire.",public_v2_adapter,"Faylasuf Aristotle was born in Nazareth for a new life, founding a little bit of the old village. He had a lot of stories about the township, the town, the air and the town.",0.5318071000510827,52,False,False
eval_000319,flores_devtest,64,uz,en,"Tarixchilar agentlikning muvaffaqiyat darajasini kuchaytirish uchun osongina hal qilish mumkin bo'lgan, ayniqsa avtomobil o'g'rilanishi bo'yicha ishlarga resurslarning qaratilganligi uchun FQB agentligining o'tmishdagi siyosatlarini tanqid qildilar.","Historians have criticized past FBI policies for focusing resources on cases which are easy to solve, especially stolen car cases, with the intent of boosting the agency's success rate.",public_v2_adapter,"The dates have been revealed to the agency as a result of the development of its transportation sector, while the same car industry has also announced that it is not responsible for FQB agency to use resources through the course of its production.",0.5725450000027195,56,False,False
eval_000320,flores_devtest,644,uz,en,"Shu tarzda, qalam paydo bo'lganida ko'pchilik uchun yaxshi do'st edi.","Thus, the pencil was a good friend to many people when it came out.",public_v2_adapter,She also gave her a gift to the rest of her life.,0.16204510000534356,16,False,False
eval_000321,flores_devtest,645,uz,en,"Afsuski, yozuvning yangi usullari vujudga kelganligi tufayli qalam quyi maqomga va kamroq foydalanish darajasiga tushib qoldi.","Sadly, as newer methods of writing have emerged, the pencil has been relegated to lesser status and uses.",public_v2_adapter,"Afsuski, a former member of the Association for Women and Women, was born with a family and family family family.",0.29769390006549656,29,True,False
eval_000322,flores_devtest,654,uz,en,"Yaqin joyda mariya ko'proq bo'lishi mumkin, chunki qobiq yupqa. Lavaning yuzaga chiqishi osonroq bo'lgan.",There may be more maria on the near side because the crust is thinner. It was easier for lava to rise up to the surface.,public_v2_adapter,"In the same time, Mary was a young woman who had been born in her family, and she was a little more young woman.",0.32934130006469786,30,False,False
eval_000323,flores_devtest,661,uz,en,"Spektrning boshqa uchida, bir inson jamoa shu paytgacha qilgan barcha narsalarni o'zgartirish va uni o'zlarinikini qilish kerak deb hisoblovchi tanib bo'lmaydigan shaxsga aylanadi.","At the other end of the spectrum, one morphs into an unrecognizable individual that feels he or she must change everything the team has been doing and make it their own.",public_v2_adapter,"In the second half of the spectrum, one of them was able to develop their own models and separate their own stars from a large-scale production system.",0.36780050001107156,36,False,False
eval_000324,flores_devtest,668,uz,en,"""Ko'rinmas jamoa"" — bu a'zolarning har biri hisobot beruvchi boshqaruv jamoasidir. Ko'rinmas jamoa har bir a'zo uchun standartlarni belgilab beradi.",The “invisible team” is the management team to which each of the members report. The invisible team sets the standards for each member.,public_v2_adapter,"""Ko'rinmas java"" — one of these areas is the standard for a single period of time.",0.2823090000310913,28,False,False
eval_000325,flores_devtest,669,uz,en,Ta'lim tashkiloti nima sababdan tashkillashtirish uchun ko'p vaqt talab qiladigan jarayondan o'tishni xohlar ekan? Tashkiliy ta'lim konsepsiyalarini amaliyotga tatbiq etishning bitta maqsadi — innovatsiyadir.,Why would an organization want to go through the time consuming process of establishing a learning organization? One goal for putting organizational learning concepts into practice is innovation.,public_v2_adapter,Why do you want to get a lot of money from the market for your business?The company has developed its own concept as an innovative technology.,0.33989719999954104,32,False,False
eval_000326,flores_devtest,67,uz,en,o'rta zveno betsmenlari Sachin Tendulkar va Rahul Dravid yaxshi o'yin ko'rsatdi va birgalikda yuz ran to'plagan sheriklarga aylandi.,"Middle order batsmen, Sachin Tendulkar and Rahul Dravid, performed well and made a hundred-run partnership.",public_v2_adapter,"The two players were Sachin Tendulkar and Rahul Dravid, who later played in a round of games.",0.3131677000783384,29,False,False
eval_000327,flores_devtest,68,uz,en,"Biroq sardor viketini yo'qotganidan keyin, Hindiston uzatmalarni yakunlash uchun 7 ta viket yo'qotishlar bilan faqatgina 36 ta ranni amalga oshirdi.","But, after losing the captain's wicket India only made 36 runs loosing 7 wickets to end the innings.",public_v2_adapter,The number of people who had been killed was 36 in the total number of 7 victims for India's extension.,0.3365069000283256,29,False,False
eval_000328,flores_devtest,680,uz,en,AI bo'yicha tadqiqotlar aqlli xatti-harakatlar talab etiluvchi vazifalarni avtomatlashtirish uchun mashinalar yaratishdan iborat.,Research in AI involves making machines to automate tasks that require intelligent behavior.,public_v2_adapter,AI developments have created machines for automated production of new technologies.,0.18286699999589473,17,False,False
eval_000329,flores_devtest,688,uz,en,"Bloglar talabalarning yozish mahoratini yaxshilashga ham yordam beradi. Talabalar ko'pincha o'z blog tajribasini pala-partish grammatika va imlo bilan boshlasa-da, auditoriyaning borligini odatda buni o'zgartiradi.","Blogs can also help improve student writing. While students often begin their blog experience with sloppy grammar and spelling, the presence of an audience generally changes that.",public_v2_adapter,"Blogs are all processed by the publication of their own personal information. The blog page was published in a room with the audience's brother, while the blog page is developed in part-party grammar and language.",0.6184645000612363,51,False,False
eval_000330,flores_devtest,689,uz,en,"Talabalar ko'p hollarda eng tanqidiy tinglovchilar bo'lganligi tufayli, bloger tanqiddan qochish uchun yozayotganlarini yaxshilashga intiladi.","Since students are often the most critical audience, the blog writer begins to strive to improve writing to avoid criticism.",public_v2_adapter,"Talabalar has been a member of the group’s newly-developed blogging industry, with bloggers working to help them get rid of their jobs.",0.4054472999414429,38,False,False
eval_000331,flores_devtest,696,uz,en,"Yanada shimolroqdagi katta hududlarning aholisi juda siyrak, ayrim yerlar esa qariyb kimsasiz sahrodir.",Large areas further north are quite sparsely populated and some is nearly uninhabited wilderness.,public_v2_adapter,"There are many different types of foods that can be found in the village, but there are many other types of water that can not be found.",0.3769172999309376,33,False,False
eval_000332,flores_devtest,698,uz,en,Sharqiy Afrika orollari Afrika qit'asining sharqiy sohillari bo'yidagi Hind ummonida joylashgan.,The East African Islands are in the Indian Ocean off the eastern coast of Africa.,public_v2_adapter,"The South African Islands are located in the Indian community, a part of the southern coast of Africa.",0.2713959999382496,25,False,False
eval_000333,flores_devtest,704,uz,en,"Ayollar: Oilaviy holatidan qat'i nazar, barcha ayol sayyohlarga o'zlarini turmush qurgan deb aytish tavsiya etiladi.","Women: It is recommended that any women travellers say that they are married, regardless of actual marital status.",public_v2_adapter,"The following: They have been able to find a place where they are, and they have been advised to build a place that is more expensive for their own children.",0.40704329998698086,38,False,False
eval_000334,flores_devtest,706,uz,en,"Ayollar madaniy farqlarning ular ta'qib qilish deb hisoblovchi narsalarga olib kelishi mumkinligini anglab yetishlari kerak va kuzatib borish, qo'lidan ushlash kabilar kam uchraydigan holat emas.","Women should realize that cultural differences may result in what they would consider harassment and it is not uncommon to be followed, grabbed by the arm, etc.",public_v2_adapter,"The number of people living in the village is estimated to be higher than the number of English citizens who live in the country, and the number is increasing by the number.",0.40384899999480695,40,False,False
eval_000335,flores_devtest,707,uz,en,Erkaklarga rad javob qilishda qat'iy bo'ling va o'z aytganingizda turishdan qo'rqmang (madaniy farqlar borligi yoki yo'qligidan qat'iy nazar bu uni oddiy holatga aylantirmaydi!).,"Be firm in turning down men, and don't be afraid to stand your ground (cultural differences or not, it doesn't make it ok!).",public_v2_adapter,The old man was born in the village and left the village for his own life (the old man did not have a family with this family!).,0.32731199997942895,32,False,False
eval_000336,flores_devtest,71,uz,en,"Oraliq saylovlardagi bir haftalik yo'qotishlardan keyin, Bush ommaga Osiyoda savdo-sotiqning kengayishi to'g'risida so'zlab berdi.","After a week of losses in the midterm election, Bush told an audience about the expansion of trade in Asia.",public_v2_adapter,"After a week of internship with the average number, Bush was born in Asia as a member of the Soviet Union.",0.3062698000576347,29,False,False
eval_000337,flores_devtest,721,uz,en,"Bu Genri Luis Geystning PBS kanalidagi ""Afrika dunyosi mo'jizalari"" maxsus serialidagi asosiy to'xtash nuqtalaridan biri bo'lgan edi.",It was one of the major stops during Henry Louis Gates' PBS special Wonders of the African World.,public_v2_adapter,"This genre was one of the two most popular stars in PBS channel ""African World Movies"" series.",0.26519700000062585,26,False,False
eval_000338,flores_devtest,724,uz,en,Bog' 19 500 km² maydonni qamrab olgan hamda har biri turlicha yovvoyi tabiatni qo'llab-quvvatlovchi 14 ta ekohududga bo'lingan.,"The park covers 19,500 km² and is divided in 14 different ecozones, each supporting different wildlife.",public_v2_adapter,"Bog's 19,500 km2 area has a large-scale area of the city, which is located in 14 districts.",0.32474499999079853,31,False,False
eval_000339,flores_devtest,73,uz,en,"Bosh vazir bilan uchrashuv paytida Layton konservatorlarning atrof-muhit haqidagi qonun loyihasini ""batafsil va to'liq qayta yozish""ni, Konservatorlar partiyasining atrof-muhit haqidagi qonun loyihasiga o'zgartishlar kiritishni so'radi.","Layton had asked for changes to the conservatives' environmental bill during the meeting with the PM, asking for a ""thorough and complete rewriting"" of the Conservative party's environmental bill.",public_v2_adapter,"In the same period, Layton's atro-muhit law was ""a good and a good way to do"" for the conservatives' law, and Conservatives' party's attro-Muhit policy was a good one.",0.5916514999698848,57,False,False
eval_000340,flores_devtest,731,uz,en,Gonkong orolidagi shaharsozlik taraqqiyotining katta qismi shimoliy sohil bo'ylab o'zlashtirilgan yerlarda zich joylashgan.,The great majority of Hong Kong Island's urban development is densely packed on reclaimed land along the northern shore.,public_v2_adapter,Some of the towns in Gong County are located in rural areas with a large number of residential sites.,0.2619184000650421,26,False,False
eval_000341,flores_devtest,732,uz,en,"Bu ingliz mustamlakachilari o'ziniki deb bilgan joy, shunday ekan, agar siz hududning mustamlaka bo'lgan o'tmishiga dalil diqirayotgan bo'lsangiz, bu yer boshlash uchun yaxshi joydir.","This is the place the British colonisers took as their own and so if you are looking for evidence of the territory's colonial past, this is a good place to start.",public_v2_adapter,"This is a very popular English language, which is known as the first time you have been able to find out how much more people are living in this country.",0.3565722999628633,35,False,False
eval_000342,flores_devtest,737,uz,en,1966-yildan beri Sandarban yovvoyi tabiat qo'riqxonasi bo'lib kelmoqda hamda mazkur hududda hozirda 400 ta qirollik Bengal yo'lbarslari va qariyb 30 000 tog' kiyiklari borligi taxmin qilinadi.,"Since 1966 the Sundarbans have been a wildlife sanctuary, and it is estimated that there are now 400 Royal Bengal tigers and about 30,000 spotted deer in the area.",public_v2_adapter,"Since 1966, Sandarban has been a natural resident of 400 Bengali nations per year and 30,000 people have lived in the village.",0.3547123000025749,35,False,False
eval_000343,flores_devtest,741,uz,en,Hamroh taksilar Paro (Nu 150) va Punaxa (Nu 200) singari uzoq bo'lmagan joylarga safar qilishning tez va qulay usullari hisoblanadi.,"Shared taxis are a quick and comfortable means to travel to nearby places, such as Paro (Nu 150) and Punakha (Nu 200).",public_v2_adapter,Hamroh cars are a train and a train for traveling to the southern coast of Paro (Nu 150) and Punaxa (Nu 200).,0.387970200041309,36,False,False
eval_000344,flores_devtest,747,uz,en,"Chako mintaqasida Guaykuru va Payagua kabi mahalliy qabilalarning boshqa guruhlari yashab, ular ovchilik, termachilik va baliq ovlash orqali hayotlarini saqlab qolishgan.","The Chaco region was home to other groups of indigenous tribes such as the Guaycurú and Payaguá, who survived by hunting, gathering and fishing.",public_v2_adapter,"In Chako, the two neighboring communities of Guaykuru and Payagua have been destroyed by their own roads, including the city's landscape, the landscapes and the town's village.",0.6146873000543565,54,False,False
eval_000345,flores_devtest,750,uz,en,1537-yili Asunson tashkil topganidan beri Paragvay o'zining tub xususiyatlari va o'ziga xosligining katta qismini saqlab qolishga muvaffaq bo'ldi.,"Since the foundation of Asunción in 1537, Paraguay has managed to keep a lot of its indigenous character and identity.",public_v2_adapter,"Since the 1537 Asunson's death, Paraguay has been destroyed by the district and its majority of territories.",0.38388590002432466,34,False,False
eval_000346,flores_devtest,751,uz,en,Argentina dunyodagi eng yaxshi polo jamoalaridan biri va o'yinchilariga egaligi bilan mashhur.,Argentina is well known for having one of the best polo teams and players in the world.,public_v2_adapter,Argentina is one of the oldest countries in Denmark and has been a member of its national team.,0.25847040000371635,23,False,False
eval_000347,flores_devtest,755,uz,en,"Folklendning rasmiy valyutasi — Folklend funti (FKP) bo'lib, uning qiymati bir Britaniya funtiga (GBP) teng qilib belgilangan.",The official Falklands currency is the Falkland pound (FKP) whose value is set equivalent to that of one British pound (GBP).,public_v2_adapter,"The main currency of the folklore is the folklor pound (FKP), which is a number of British pounds (GBP).",0.3837087000720203,34,False,False
eval_000348,flores_devtest,758,uz,en,"Britaniya hamda AQSH valyutasi olinishi mumkin bo'lsa-da, markazdan uzoqdagi orollarda kredit kartalari qabul qilinmasligi mumkin; qanday to'lov usuli qabul qilinishini bilish uchun oldindan egalaridan aniqlashtirib oling.","On the outlying islands credit cards will probably not be accepted, although British and United States currency may be taken; check with the owners in advance to determine what is an acceptable payment method.",public_v2_adapter,"As the UK's AQSH currency is now available, it has been used credit cards in other countries from market to market; it is also known as a foreign currency system.",0.44899349997285753,41,False,False
eval_000349,flores_devtest,759,uz,en,"Orollardan tashqarida Folklend valyutasini almashtirish deyarli imkonsiz, shu sababli pulni orollarni tark etishdan avval almashtirib oling.","It is nearly impossible to exchange Falklands currency outside of the islands, so exchange money prior to leaving the islands.",public_v2_adapter,"From the Orol to the former, it is impossible to use the Folkland currency, but the price of this is not used for the other time.",0.4214317000005394,36,False,False
eval_000350,flores_devtest,761,uz,en,Montevideo subtropikada joylashgan; yoz oylarida harorat +30°C dan yuqori bo'lishi odatiy hol.,"Montevideo is in the subtropics; in the summer months, temperatures above +30°C are common.",public_v2_adapter,Montevideo is located in the subtropical region; it has a temperature of more than +30°C during its regular period.,0.3516586000332609,30,False,False
eval_000351,flores_devtest,77,uz,en,"Tongada katta zarar yoki jarohatlar qayd qilinmagan, lekin elektr energiyasi vaqtincha uzilgan va bu Tonga hukumatiga PTWC tomonidan berilgan sunami ogohlantirishini qabul qilishga xalal bergani xabar qilinmoqda.","No major damage or injuries have been reported in Tonga, but power was temporarily lost, which reportedly prevented Tongan authorities from receiving the tsunami warning issued by the PTWC.",public_v2_adapter,"The city has been destroyed by damage to the airport, and it has been built on electricity power plants and has been used for the purposes of implementing its renewable supply to PTWC under this Tonga law.",0.6047099999850616,54,False,False
eval_000352,flores_devtest,779,uz,en,"Asosiy mahalliy pivo ""Birinchi raqami"" bo'lib, u murakkab profilli pivo emas, lekin yoqimli va tetiklantiruvchi. Ikkinchi mahalliy pivoning nomi ""Manta"".","The main local beer is 'Number One', it is not a complex beer, but pleasant and refreshing. The other local beer is called ""Manta"".",public_v2_adapter,"The association's main beer is ""Birinchi raqami"", which is a small profile beer, and it's also popular and prominent. The second main beer's name is ""Manta"".",0.4936677999794483,48,False,False
eval_000353,flores_devtest,782,uz,en,"""Yassi oq"" qahva g'oyasi avstraliyaliklar uchun begona. ""Espresso"" qora pakana deb nomlanadi, kapuchino qaymoq (ko'pik bilan emas) bilan to'ldirligan bo'ladi, choy esa sutsiz beriladi.","For Australians, the idea of 'flat white' coffee is foreign. A short black is 'espresso', cappuccino comes heaped high with cream (not froth), and tea is served without milk.",public_v2_adapter,"The ""Yassi O'Neill"" coffee is a good one for Australians. the ""Espresso"" is called the best, it has been made up of a small amount of coffee (there are also cups), and the food is not fresh.",0.6160269000101835,58,False,False
eval_000354,flores_devtest,787,uz,en,"Akulalar mavjud, biroq ular kamdan-kam hollarda odamlarga hujum qiladi. Ko'pchilik akulalar odamlardan qo'rqadi va uzoqroqqa suzib ketishadi.","Sharks do exist, however they rarely attack humans. Most sharks are scared of humans and would swim away.",public_v2_adapter,"The rooms were built in the rooms of the family, and the rooms were located in the room.The rooms were made up of the rooms and were closed to the house.",0.40837109996937215,39,False,False
eval_000355,flores_devtest,791,uz,en,"Sayyohlik agentlari odatda nonushta, aeroportga/dan transportni tashkillashtirish yoxud hatto parvoz hamda mehmonxona xizmatlarini o'z ichiga oluvchi to'plamlarni taklif etadi.","Travel agents usually offer packages that include breakfast, transportation arrangements to/from the airport or even combined flight and hotel packages.",public_v2_adapter,The police officers are preparing for the transportation of airport/from the airport to the train station in the room to take place.,0.3928941000485793,34,False,False
eval_000356,flores_devtest,793,uz,en,"Barcha o'zgartirishlar va so'rovlar bevosita mehmonxonalarga emas, balki avval sayyohlik agentligi orqali yuborilishi kerak.",Any amendments or requests though should be coursed through the travel agent first and not directly with the hotel.,public_v2_adapter,"Barcha is a member of the community’s organization for business activities and services, with its members as an agency for health care.",0.398074800032191,31,False,False
eval_000357,flores_devtest,797,uz,en,Ayrim festivallarda yosh bolalari bo'lgan oilalar uchun maxsus kemping hududlari mavjud bo'ladi.,Some festivals have special camping areas for families with young children.,public_v2_adapter,There are several different types of campings for the festivals.,0.1761011000489816,16,False,False
eval_000358,flores_devtest,821,uz,en,"Suvni tozalashning turli xil usullari bor, ba'zilari ma'lum xavflarga qarshi ancha samarali hisoblanadi.","There are different ways of purifying water, some more effective against specific threats.",public_v2_adapter,"There are several different types of foods in Suvni, which can be used for the purposes of the family.",0.31565920007415116,29,False,False
eval_000359,flores_devtest,826,uz,en,Yuqumli kasalliklarning o'zi yoxud kuch bilan insonlarni jarohatlashi yoxud halok qilishi mumkin bo'lgan xavfli hayvonlar odatda zararkunandalar toifasiga kiritilmaydi.,"Infectious diseases themselves, or dangerous animals that can injure or kill people by force, do not usually qualify as pests.",public_v2_adapter,"The children who were born in the village of Yuqumli, with a family or family family, did not have any damage to their living room.",0.4040112999500707,34,False,False
eval_000360,flores_devtest,831,uz,en,o'rnatilgan tezlik chegaralari avvalgi va keyingi qismlariga qaraganda sezilarli darajada past — odatda 35–40 mil/s (56–64 km/s) — va ularga qat'iy rioya qilish boshqalariga qaraganda yanada muhimroq.,Posted speed limits are noticeably lower than in previous and subsequent sections — commonly 35-40 mph (56-64 km/h) — and strict obedience to them is even more important than otherwise.,public_v2_adapter,"The most expensive area is located in the district of the city and the town, with a range of seasonal areas — 35–40 miles/s (56–64 km/s) in room — and a large area of water.",0.5786537999520078,53,False,False
eval_000361,flores_devtest,837,uz,en,Karri giyohlar hamda ziravorlar bilan birgalikda go'sht yoxud sabzavotlarga asoslangan ovqatdir.,"A curry is a dish based on herbs and spices, together with either meat or vegetables.",public_v2_adapter,Career clothes are associated with other clothers in the same time.,0.2226174999959767,21,False,False
eval_000362,flores_devtest,842,uz,en,"Hozirda butun arxipelag bo'ylab keng tarqalagan Yava oshxonasi oddiy ziravorlar qo'shilgan taomlardan iborat, yavaliklar yaxshi ko'radigan asosiy ziravorlar yeryong'oq, chili qalampiri, shakar (ayniqsa Yava kokos yong'og'idan olinadigan shakar) va turli xushbo'y ziravorlardir.","Now widely available throughout the archipelago, Javanese cuisine features an array of simply seasoned dishes, the predominant flavorings the Javanese favor being peanuts, chillies, sugar (especially Javanese coconut sugar) and various aromatic spices.",public_v2_adapter,"There are many types of Yava coast, including the archipelago, which include the main coasts of the coast; the coasts are the coastal coast of the country; the chili coast is the coaster (therefore the coat of Yavá coconut) and the coal of the village.",0.7779216000344604,74,False,False
eval_000363,flores_devtest,848,uz,en,"Koxamo vodiysi — Janubiy Amerikaning Yosemiti deb nomlangan, turli granitli yirik devorlar va qoyalarga ega bo'lgan Chilining toqqa chiqish uchun asosiy manzilidir.","Cochamó Valley - Chile's premier climbing destination, known as the Yosemite of South America, with a variety of granite big walls and crags.",public_v2_adapter,"Koxamo vodice is a new landscape for the Chilean town, which has two granite-based landscapes and its resorts.",0.3764382000081241,36,False,False
eval_000364,flores_devtest,850,uz,en,Chang'i hamda snoubordni o'zida mujassamlashtirgan tog' chang'isi sport turlari — bu qor bilan qoplangan yerda chang'i yoki oyoqqa biriktirilgan snoubord bilan sirpanishdan iborat ommabop sport turlaridir.,"Downhill snowsports, which include skiing and snowboarding, are popular sports involving sliding down snow-covered terrain with skis or a snowboard attached to your feet.",public_v2_adapter,"The main sports tours that have brought the city to snowboard are ommabop sports toours from the city of Snoobord, which are a part of the city's snowboard.",0.4811673000222072,45,False,False
eval_000365,flores_devtest,852,uz,en,Chang'ichilik g'oyasi nihoyatda qadimiy — chang'ichilarni tasvirlovchi g'or suratlari m.a. 5000-yillarga borib taqaladi!,The idea of skiing is very old — cave paintings depicting skiers date back as far as 5000 BC!,public_v2_adapter,"The woman in her family, the younger wife of Tassvirlovchi, was born at about 5000 years old!",0.29725559998769313,28,False,False
eval_000366,flores_devtest,855,uz,en,"Bu odatda alpinizm uslubidagi tog' chang'isi yoki alpinizm bilan bog'liq, lekin ularni o'z ichida olmaydi, ular tik sahnlarda amalga oshiriladi va qattiq chang'i va etiklarni talab qiladi.","It is related to but usually not involving alpine style ski touring or mountaineering, the latter ones done in steep terrain and requiring much stiffer skis and boots.",public_v2_adapter,"In this room, the alpinism was not a major part of the alpinizm, but it was developed in the skies and the skiing and ethics were shown.",0.41907760000322014,40,False,False
eval_000367,flores_devtest,860,uz,en,"Siz mazkur hududda bo'lsangiz, odatda yana pasport nazorati punktlaridan o'tmasdan chegaralarni kesib o'ta olasiz.","As long as you stay in this zone, you can generally cross borders without going through passport control checkpoints again.",public_v2_adapter,"You are not allowed to stay in the room, but you can get there from a passport checkpoint outside the room.",0.2940295999869704,28,False,False
eval_000368,flores_devtest,87,uz,en,"""U [Uels] boshidanoq bizga yolg'on gapirgan. Birinchidan, buning huquqiy sabablar tufayli bo'lganligi kabi harakat qilish orqali. Ikkinchidan, to o'zining mohirona yo'qolishigacha o'zini bizni tinglayotgandek qilib ko'rsatish orqali"".","""He [Wales] basically lied to us from the start. First, by acting as if this was for legal reasons. Second, by pretending he was listening to us, right up to his art deletion.""",public_v2_adapter,"""He [Uels] was a long time with us; first, the oldest reasons were to be a good thing; second, he had been able to make him like we were in the middle of the night.""",0.5027907999465242,48,False,False
eval_000369,flores_devtest,870,uz,en,"Siz, shuningdek, o'zingiznikidan boshqa hukumatlar maslahatini olishni xohlashingiz mumkin, biroq ularning maslahati o'zlarining fuqarolari uchun mo'ljallangan.","You may also wish to consult the advice of governments other than your own, but their advice is designed for their citizens.",public_v2_adapter,"You are not allowed to apply other laws in the field of education, but you are not required to apply for other laws.",0.29602420004084706,28,False,False
eval_000370,flores_devtest,877,uz,en,"Mintaqaviy va mavsumiy jiddiy ob-havo hodisalari kuchli qor yog'ishi, qor bo'ronlari, muz bo'ronlari hamda chang bo'ronlarini o'z ichiga oladi.","Regional and seasonal severe weather phenomena include blizzards, snowstorms, ice storms, and dust storms.",public_v2_adapter,"Mintaqavi and the city's high-level airways have been found to be a large area of water, with their woods, their mushrooms and their wounds.",0.43504979996941984,42,False,False
eval_000371,flores_devtest,878,uz,en,"Sayyohlarga o'z hududlariga ta'sir qiluvchi keskin ob-havo xavflaridan xabardor bo'lish qattiq tavsiya etiladi, chunki ular har qanday sayohat rejalariga ta'sir qilishi mumkin.",Travellers are strongly advised to be aware of any risk of severe weather affecting their area as they may affect any travel plans.,public_v2_adapter,"During this period, the city has been advised to provide a large number of aircraft for the first time in its landscape, and the city is also a central area for the highest level of safety.",0.4918665000004694,48,False,False
eval_000372,flores_devtest,882,uz,en,"Kurs odatda 2–5 kun davom etadi va rol o'ynash, ko'plab birinchi yordam va ba'zan qurol-yarog' mashqlarini o'z ichiga oladi.","A course will normally be from 2-5 days and will involve role play, a lot of first aid and sometimes weapons training.",public_v2_adapter,"The course was 2–5 in the room and played a role, first stage of the team and last stage.",0.265996600035578,26,False,False
eval_000373,flores_devtest,883,uz,en,"Sahroda omon qolishga oid kitob va jurnallar keng tarqalgan, biroq urush hududlariga oid nashrlar kam.","Books and magazines dealing with wilderness survival are common, but publications dealing with war zones are few.",public_v2_adapter,"There are many different types of games in the area, including games and magazines.",0.20530349994078279,20,False,False
eval_000374,flores_devtest,884,uz,en,Chet elda jinsni almashtirish operatsiyasini bajartirishni rejalashtirayotgan sayohatchilar qaytish safari uchun yaroqli bo'lgan hujjatlarni olganliklariga ishonch hosil qilishlari kerak.,Voyagers planning sex reassignment surgery abroad must ensure they're carrying valid documents for the return trip.,public_v2_adapter,Chet has also been working with a number of members of the group to re-refund their business operations.,0.27898139995522797,27,False,False
eval_000375,flores_devtest,888,uz,en,Operatsiyadan avvalgi transgender shaxslar shaxsiy hayoti hamda nafsoniyatiga tegilmagan holda skanerlardan o'tishni kutmasliklari kerak.,Pre-operative transgender people should not expect to pass through the scanners with their privacy and dignity intact.,public_v2_adapter,"Transgender groups, who have been used for the operation, have received several screens from other scanners that are not subject to sexual health.",0.33677320007700473,33,False,False
eval_000376,flores_devtest,89,uz,en,"Bajarilgan ishlarning aksariyati nazariy edi, biroq dastur o'qotar galaktikasidagi kuzatuvlarni simulyatsiya qilish uchun yozilgan edi.","The work done was mostly theoretical, but the program was written to simulate observations made of the Sagittarius galaxy.",public_v2_adapter,"The resource of the resource was created, and it was developed for simulation of the galaxies in the second half.",0.31634469993878156,30,False,False
eval_000377,flores_devtest,890,uz,en,Suv osti topologiyasi sababli qaytuvchi oqim bir qancha chuqurroq bo'lmalarda to'planadi va u yerda chuqur suvda tez oqim paydo bo'ladi.,"Due to the underwater topology the return flow is concentrated at a few deeper sections, and a fast current to deep water may form there.",public_v2_adapter,"Suv was found in a large number of crop plants due to the topology, and it was also found in the ground.",0.3223265999695286,31,False,False
eval_000378,flores_devtest,894,uz,en,"Qayta kirish shoki madaniy shokdan nisbatan tezroq keladi (asal oyi davriga nisbatan kamroq bo'ladi), ko'proq davom etadi hamda og'irroq bo'lishi mumkin.","Re-entry shock comes on sooner than culture shock (there's less of a honeymoon phase), lasts longer, and can be more severe.",public_v2_adapter,"The city is a landmark for the rainfall (the original was a landmarks for the forest), and it is a long-term landmark.",0.36693209991790354,34,False,False
eval_000379,flores_devtest,913,uz,en,Mahalliy telefon xizmati provayderingiz bu xizmatni ulash haqida ko'proq ma'lumotlar berishi mumkin.,Your local telephone service provider should be able to give more information about connecting to this service.,public_v2_adapter,The local telephone service is now a new service to the site.,0.18113539996556938,17,False,False
eval_000380,flores_devtest,921,uz,en,"Qayiqda suzish — Finlandiyada milliy ko'ngilochar mashg'ulotdir, har yetti yoki sakkiz kishiga bitta qayiq to'g'ri keladi.","Boating is a national pastime in Finland, with a boat to every seven or eight people.",public_v2_adapter,"In the middle of Sweden is a national village in Finland, which has been a residence that has been restored to the church for about seven years.",0.35618140001315624,34,False,False
eval_000381,flores_devtest,925,uz,en,"Agar faqat kema ekskursiyalaridan foydalanib qirg'oqqa chiqsangiz, sizga alohida viza kerak bo'lmaydi (2009-yil holatiga ko'ra).",If you only go ashore using shipboard excursions you will not need a separate visa (as of 2009).,public_v2_adapter,"The family was born on a few tourists and traveled to the village, with you having a visa borrow (from 2009).",0.3235785999568179,31,False,False
eval_000382,flores_devtest,929,uz,en,Ba'zilar uchun samolyotning qanday ishlashi va uchish vaqtida nimalar bo'lishi haqida ayrim narsalarni tushinish noma'lum nazorat ostida bo'lish yoki bo'lmaslikdan kelib chiquvchi qo'rquvni yengishga yordam beradi.,"For some, understanding something about how aircraft work and what happens during a flight may help to overcome a fear which is based on the unknown or on not being in control.",public_v2_adapter,"For the poorest, the poor and the poor are not in a state of affairs; for the poor, the bank is not in an state ofaffairs.",0.395683899987489,39,False,False
eval_000383,flores_devtest,933,uz,en,"Buni tezroq bitirishning yagona yo'li — uni tekshirilgan yuk sifatida yuborishdir. Aviakompaniya qoidalari ularga yo'lovchisiz yuklarni jo'natishga ruxsat bermaydi, shu yerda siz kirib borasiz.","The only way to get it through faster was to send it as checked luggage. Airline regulations will not allow them to send luggage without a passenger, which is where you come in.",public_v2_adapter,"It is the only one that has been completed by the project, and it is a new train. The airline has no need to join the team with a non-covered airport, where you are not in charge of traveling.",0.5560890999622643,54,False,False
eval_000384,flores_devtest,935,uz,en,"Lekin bu arzonga tushmaydi: yozilmagan qoidaga ko'ra, siz biznes uchun odatdagi ekonom klassdan to'rt baravargacha, birinchi klass uchun o'n bir baravargacha ko'proq to'lov qilishni kutishingiz mumkin!","However, this does not come cheap: as rough rules of thumb, you can expect to pay up to four times the normal economy fare for business, and eleven times for first class!",public_v2_adapter,"It is a good idea for me: just as you are working, you will have to get the business room from an economic class to a new house, and you will be able to get a first class home to a full house!",0.505562899983488,50,False,False
eval_000385,flores_devtest,943,uz,en,"Izmir 3,7 millionga yaqin aholisi bilan Turkiyadagi uchinchi eng katta shahar, Istambuldan keyingi ikkinchi eng katta port va juda yaxshi transport markazi hisoblanadi.","İzmir is the third largest city in Turkey with a population of around 3.7 million, the second biggest port after Istanbul, and a very good transport hub.",public_v2_adapter,"Izmir is a city located in the southern part of Turkey with about 3.7 million passengers, and transports to Port and South East 2nd floor from Istanbul.",0.4271475999848917,40,False,False
eval_000386,flores_devtest,946,uz,en,Haldarsvik qishlog'i yonma-yon joylashgan Eysturoy oroli manzarasini taqdim qiladi hamda noodatiy sakkiz qirrali cherkovga ega.,The village of Haldarsvík offer views of the nearby island Eysturoy and has an unusual octagonal church.,public_v2_adapter,The Haldarsvik village is located in the southern part of the island with a view of Eysturoy and a beautiful cherkov.,0.4436357000377029,33,False,False
eval_000387,flores_devtest,947,uz,en,"Cherkovning hovlisida, ayrim qabrlarning ustida marmardan ishlangan ajib kabutarlar haykallari bor.","In the churchyard, there are interesting marble sculptures of doves over some tombs.",public_v2_adapter,"In Cherkov's village, there are many cabbages including marble in the middle of separation areas.",0.3124351999722421,27,False,False
eval_000388,flores_devtest,949,uz,en,"Romantik va maftunkor Sintra shahri shimolda va osongina borish mumkin bo'lgan joyda joylashgan bo'lib, uning hashamati to'g'risida Lord Bayron tomonidan yozib qoldirilgan maqtovli tavsiflardan so'ng xorijliklar orasida mashhur bo'lgan.",To the north and within easy reach is the romantic and fascinating town of Sintra and which was made famous to foreigners after a glowing account of its splendours recorded by Lord Byron.,public_v2_adapter,"Romantic and beautiful Sintra is a city of the village in the middle of the town and in the southern part of the city, where my family is known for many stories from the oldest counseling guidelines that were created by Lord Bayron.",0.5836412000935525,57,False,False
eval_000389,flores_devtest,952,uz,en,"Shuni yodda tutungki, siz asosan qabriston va hamda dunyo aholisining katta qismi uchun deyarli bebaho ahamiyatga ega bo'lgan joyga tashrif buyurmoqdasiz.","Please remember that you are essentially visiting a mass grave site, as well as a site that has an almost incalculable meaning to a significant portion of the world's population.",public_v2_adapter,"When you stay in the south, you are not happy to have a long time with a baby family for some of your neighborhood in April.",0.36183029995299876,33,False,False
eval_000390,flores_devtest,953,uz,en,"Bu yerda hanuzgacha o'zlarining davrida omon qolgan yahudiylar ham, yahudiy bo'lmaganlar ham birdek bo'lgan ko'plab erkak va ayollar bor va yaqinlari bo'lgan yana ko'plab kishilar u yerda o'ldirilgan yoki o'lguniga qadar ishlatilgan.","There are still many men and women alive who survived their time here, and many more who had loved ones who were murdered or worked to death there, Jews and non-Jews alike.",public_v2_adapter,"There are several Jewish people who live in this place, and all the Jewish men who live together were born with a family of children and women, and there were many families who lived on the ground.",0.4896633999887854,46,False,False
eval_000391,flores_devtest,959,uz,en,"Metroda odatiy e'lonlar faqat katalan tilida aytiladi, biroq rejalashtirilmagan uzilishlar avtomatlashtirilgan tizim yordamida ko'plab tillarda, jumladan, ispan, ingliz, fransuz, arab va yapon tillarida e'lon qilinadi.","Regular announcements in the Metro are made only in Catalan, but unplanned disruptions are announced by an automated system in a wide variety of languages including Spanish, English, French, Arabic and Japanese.",public_v2_adapter,"The metro station was located in the Catalan area of the airport, and the aircraft were automatically deployed to the airports, including Spanish, English, French, Arabic and other airports.",0.49408940004650503,48,False,False
eval_000392,flores_devtest,964,uz,en,"U o'zining bir qator mikroiqlimlari, farq qiluvchi tuproqlari va turli darajalardagi balandligi tufayli sezilarli darajada keng o'simlik turlariga egadir.","It has a notably wide variety of plant communities, due to its range of microclimates, differing soils and varying levels of altitude.",public_v2_adapter,"It is a tour of the same name in the area with small-scale microwave, large-scales and large-cale wheels.",0.37984769989270717,36,False,False
eval_000393,flores_devtest,97,uz,en,Mutasaddilar organlari joydagi uran yoqilg'isi bo'lgan konteynerlar yorilgan va to'kilayotgan bo'lishi mumkinligini taxmin qilishmoqda.,Authorities speculate that this indicates that containers holding uranium fuel at the site may have ruptured and are leaking.,public_v2_adapter,The containers that have the uranium level of the body are shrinked and the body is also able to grow.,0.3180392000358552,31,False,False
eval_000394,flores_devtest,972,uz,en,"Ayniqsa yoz oylarida ommabop oddiy kechki ovqat bu Pa amb Olidir: zaytun yog'i, pomidor hamda pishloq, tunesva boshqalar qo'shimchalar bilan tortilgan non.","A simple popular dinner, especially during the summer, is the Pa amb Oli: Bread with olive oil, tomato, and any available condiments such as cheese, tunafish, etc.",public_v2_adapter,"The main part of the same game is the Ommabop Garden: it is not included in vegetable yogurt, tomato foods, and fruit.",0.37267320009414107,36,False,False
eval_000395,flores_devtest,974,uz,en,Bu ba'zi bir fe'l va predmetlarni farqlashning muhim usulidir.,This is an important way to distinguish between some verbs and objects.,public_v2_adapter,This is an important method for the distinction between a feel and subject.,0.20375710004009306,20,False,False
eval_000396,flores_devtest,991,uz,en,Singapur odatda nihoyatda xavfsiz joy hamda sayohat qilish uchun juda oson va kelganingizdan keyin deyarli hamma narsani xarid qilishingiz mumkin.,"Singapore is generally an extremely safe place to be and very easy to navigate, and you can buy almost anything after arriving.",public_v2_adapter,"In Singapore, there are several different types of rooms available for the rest of the house and the rest.",0.24659080000128597,24,False,False
eval_000397,flores_devtest,992,uz,en,"Lekin Ekvatordan bor-yo'g'i bir necha darajada shimolda joylashgan ""baland tropiklar""da joylashish uchun siz ham issiqlik bilan (har doim), ham kuchli quyosh (osmon musaffo bo'lgan vaqtda, kamdan-kam hollarda) bilan hisoblashishingiz kerak bo'ladi.","But being placed in the ""high tropics"" just a few degrees north of equator you will need to deal with both heat (always) and strong sun (when the sky is clear, more rarely).",public_v2_adapter,"For the purposes of the entire Equatorial region to be located in the ""Balland Tropics"" in a small area, you have been able to register all areas (three parts), all areas of the village (in the eighth part of the city, in the public and local areas).",0.7168072999920696,68,False,False
eval_000398,flores_devtest,998,uz,en,Mavlud xristianlikning eng muhim bayramlaridan biridir hamda Isoning tavallud kuni sifatida nishonlanadi.,"Christmas is one of the most important holidays of Christianity, and is celebrated as the birthday of Jesus.",public_v2_adapter,"Mavlud is one of the most important festivities in Christianity, and is a place where the table is born.",0.31384969991631806,28,False,False
eval_000399,flores_devtest,999,uz,en,Bayramga aloqador ko'plab urf-odatlar dunyo bo'ylab xristian davlatlardagi dinsizlar va xristian bo'lmagan davlatlar tomonidan ham qabul qilingan.,Many of the traditions surrounding the holiday have been adopted also by non-believers in Christian countries and non-Christians around the world.,public_v2_adapter,The main co-working rooms are all the names of religious and Christian communities in the Christian community.,0.2823201999999583,26,False,False
eval_000400,ntrex,100,en,uz,"Trump said in his mock ""news anchor"" voice.",Tramp “diktorlarning” ovoziga taqlid qilib shunday dedi:,public_v2_adapter,"Trump ""news anchor"" o'ynasi bo'ilgan.",0.17914520006161183,17,False,False
eval_000401,ntrex,1005,en,uz,"""I have a big problem when a third state interferes in our energy supply,"" Dieter Kempf, head of the Federation of German Industries (BDI) said following a recent meeting between German Chancellor Angela Merkel and Russian President Vladimir Putin.","Rossiya prezidenti Vladimir Putin va Germaniya kansleri Angela Merkelning yaqinda boʻlib oʻtgan uchrashuvidan soʻng, Germaniya sanoat federatsiyasi boshligʻi Diter Kempf, “Uchinchi davlatning energetika taʻminotimizga aralashishi men uchun katta muammo tugʻdiradi”, dedi.",public_v2_adapter,"""M'yil, bir üçüncü valida energiyolojik o'zilgan bo'ynagan o'yashga bo'yadi,"" - BDI (Federation of German Industries) direktor Dieter Kempf, Alman kancler Angela Merkel va Rusiyalik president Vladimir Putinning o'ynam o'yin o'qotasi o'rgan o'ldan o'llagan oʻyashdi.",1.0416265999665484,99,False,False
eval_000402,ntrex,1028,en,uz,Eighteen states and the District of Columbia are supporting a legal challenge to a new U.S. policy that denies asylum to victims fleeing gang or domestic violence.,Oʻn sakkizta shtat hamda Kolumbiya okrugi AQSHning yangi kiritilgan oilaviy zoʻravonlik va jinoiy toʻdalardan qochib kelayotganlarga boshpana bermaslik siyosatiga qarshi huquqiy harakatni qoʻllab-quvvatlamoqda.,public_v2_adapter,18 qildida va Kolumbiyagadi o'zilgan gangi va yalik o'ynasi bo'lagan o'rganlar o'yolini bo'ilgan USA bilan o'yin politikasi boʻshida yasal o'qotlamda bo'lliga bo'tlan.,0.9185710999881849,71,False,False
eval_000403,ntrex,1030,en,uz,The full name of the plaintiff in the Grace v. Sessions suit that the American Civil Liberties Union filed in August against the federal policy has not been revealed.,Daʼvogarning toʻliq ismi  avgustda Amerikaning fuqarolar erkinligi ittifoqi tomonidan federal siyosatga qarshi qoʻzgʻatilgan Grace v. Sessions nomli daʼvosida maʼlum qilinmagan.,public_v2_adapter,"Grace v. Sessions-yilda o'zagan ham o'yagan, Amerikan Sivil Liberallar Biriyasi o'zgubugda federal politika o'ynagan o'yin o'ygilgan o'ymagan bo'ilgan oʻzagan o`zagan bo‘zagan.",1.0424358999589458,70,False,False
eval_000404,ntrex,1034,en,uz,The new U.S. asylum policy reversed a 2014 decision by the Board of Immigrant Appeals that allowed undocumented immigrants fleeing domestic violence to apply for asylum.,AQSHning yangi qochoqlarga boshpana berish siyosati oilaviy zoʻravonlikdan qochib kelgan hujjatsiz immigrantlarga boshpana soʻrab ariza topshirish imkonini beruvchi Immigrantlar ishlari boʻyicha kengash tomonidan qabul qilingan 2014-yilgi qarorni bekor qildi.,public_v2_adapter,"U'r-s.a.v. asylum politikasi 2014-yilda imigrant apeliylar ko‘lida, u'zilgan o'zolini q'yagan dokumentatli imigrantlar asyluma qaytgan o'ynamida o'yindi.",0.9393055000109598,70,False,False
eval_000405,ntrex,1041,en,uz,Desperate rescue efforts in Palu as death toll doubles in race to find survivors,Tirik qolganlarni topish poygasida halok boʻlganlar soni ikki baravar ortgan bir vaqtda Paluda tushkun qutqaruv harakatlari davom etmoqda,public_v2_adapter,"Palu-yilda o'zilgan qosifliklar, masolida bo'zlari bulganlar o'ynaganning o'yashlar o‘zilgan",0.4512399999657646,42,False,False
eval_000406,ntrex,1054,en,uz,"I hope they are safe.""","Ularga shikast yetmagan, deb umid qilaman”.",public_v2_adapter,U umum ki u salgan”.,0.10922840004786849,11,False,False
eval_000407,ntrex,1076,en,uz,"Even before Ford's public testimony detailing her allegations of sexual assault against the Supreme Court nominee, analysts suggested a backlash could follow if Republicans pushed forward with the confirmation.","Fordning Oliy sud sudyaligiga nomzodni unga nisbatan jinsiy tajovuz qilganlikda ayblab kiritgan daʼvosi boʻyicha omma oldida guvohlik berishidan oldin ham tahlilchilar, agar respublikachilar shu nomzodni tasdiqlashsa, noroziliklarga duch kelishlari mumkinligini taxmin qilgandi.",public_v2_adapter,"Ford'yil o'zari bilan, Supreme Court nominatida samolotlik o'ynashini o'yaganlar bo'ilgan o'yinlari o'rgan, analistlar Republicanlar bu tahtasi o'qlamiga o'shagan o'xʻlida o'zgagan o‘zadi o'g'ilgan.",1.0191476000472903,83,False,False
eval_000408,ntrex,110,en,uz,"Now we have this great relationship.""",Endi esa munosabatlarimiz ajoyib.”,public_v2_adapter,"Biz bu o'zli reliyasi ko'lilgan.""",0.180857399944216,17,False,False
eval_000409,ntrex,1108,en,uz,The only Church of England cleric to win a Victoria Cross during World War One as a combatant has been celebrated in his hometown 100 years on.,"Birinchi jahon urushida jangchi sifatida qatnashib, Viktoriya xochi bilan taqdirlangan anglikan cherkovining yagona ruhoniysi ushbu sovrinni qoʻlga kiritganiga 100 yil toʻlishi munosabati bilan uning ona shahrida xotira kechasi oʻtkazildi.",public_v2_adapter,"Anglisiying o'zari, Birinci Dünya Savachi bo'ilgan Victoria krizi yollagan bir klerik, u o'ynatda 100 o'yolga o'rasi o'ladi.",0.582282799994573,52,False,False
eval_000410,ntrex,1118,en,uz,"Michael Vann said he was ""feeling very honoured to play a part in the parade"" and added ""the valour of a genuine hero is being demonstrated by the support that is going to be given by a lot of people.""","Maykl Van “paradda ishtirok etish uning uchun sharaf” ekanini aytib, “haqiqiy qahramonimizning shon-shuhrati koʻplab odamlar tomonidan koʻrsatilayotgan qoʻllab-quvvatlash orqali namoyon qilinayotgani”ni taʼkidladi.",public_v2_adapter,"Michael Vann ""parada o'zida o'qilgan o'yagan o'ynash"" va ""o'ziy o'yin o'rinin o'yan o'yun o'ymani o'nagan oʻynash o'nun o'yni o'yu o'yo'ynasi o'ya o'nyan o'ng o'ytani o`ynasi bo'ynadi.""",1.187978700036183,95,False,False
eval_000411,ntrex,112,en,uz,And he defended his unusual approach in talking about relations with Kim.,"U Kim bilan munosabatlari haqida soʻzlab berar ekan, oʻzining noodatiy yondashuvini himoya qildi.",public_v2_adapter,Kimga o'zilganlar bilan o'yash qosipini bo'ynagan.,0.28546689997892827,24,False,False
eval_000412,ntrex,1135,en,uz,We'll keep it down to five fights instead of six - like we normally do - and we tried to overdeliver for the fans and we just went over.,"Biz janglar sonini odatdagi oltitadan beshtagacha tushiramiz. Muxlislarga kutganlaridan koʻprogʻini taqdim etishga intilib, biroz qoqildik.",public_v2_adapter,Biz o'zdan qosqida o'yashga o'ynagan o'yinda o'yo'yagan o`yagan bo'yilgan va biz fanlar için o'yan o'ya o'yaslan o'ymagan oʻyagan ko'yaggan o'ygagan o’yagan.,0.9024586000014096,76,False,False
eval_000413,ntrex,1147,en,uz,"He said he spoke out because he felt lucky to be able to live openly without ramifications and wanted to give others ""hope.""",U koʻngilsiz oqibatlarsiz ochiqchasiga yashay olganidan oʻzini omadli deb his qilgani va boshqalarga “umid” berishni xohlagani uchun gapirishga qaror qilganini aytdi.,public_v2_adapter,"U o'zilgan, o'yin bo'ynagan bo'zdan bo'yashdi, oʻzlar bo'qlamazga q'yoggan va o'ynamidan ""hopa"" bilan ko'ynadi.",0.7015932999784127,57,False,False
eval_000414,ntrex,1171,en,uz,"""He fully understood the role that he had today, gave me a pat on the back and put his arm around me and said he would be ready tomorrow,"" Furyk said.","“U bugun unga yuklangan vazifani toʻliq tushundi, meni yelkamga qoqib, quchoqlagan holda ertaga tayyor boʻlishini aytdi”, – dedi Furik.",public_v2_adapter,"""Honning o'yogida o'ynagan rolini tamxilgan, u qidanda ko'zdan bo'zga bo'qlam va o'yin o'zimi bo'tadi bo'lgan bo'rgan boʻlgan o'rman bo'llagan bo'sagan,"" Furyk o'nun dedi.",1.0187305000144988,82,False,False
eval_000415,ntrex,1178,en,uz,It could mark the end of a Ryder Cup career that has never quite matched the heights of his individual record.,Bu uning hech qachon shaxsiy rekordlari darajasiga tenglasha olmagan Rayder kubogidagi karyerasining yakunini belgilab berishi mumkin.,public_v2_adapter,"U Ryder Cup kariyerinin o'zini bo'ilgan, u o'ynamiyadi rekordini o'yashga ko'zdi.",0.4556991000426933,37,False,False
eval_000416,ntrex,1182,en,uz,"He provides a lot more than just play.""",U jamoamizga oʻyinda ishtirok etishdan ham koʻproq narsa beradi”.,public_v2_adapter,"U o'zilgan, o'zgdan o'qashga o'yagan bo'yndi.""",0.3136862999526784,27,False,False
eval_000417,ntrex,1193,en,uz,"Delighted how his players have performed on a tough golf course, Bjorn added: ""I would never get ahead of myself in this.",Jamoadoshlarining noqulay golf maydonida koʻrsatgan oʻyinidan xursand boʻlgan Byorn: “Men bundan yaxshiroq natija koʻrsata olmasdim.,public_v2_adapter,"U golfanlar o'zilgan golf ma'yida bo'ynagan q'ilgan, Bjorn: ""Bugga bu ma'ya u o'yagan o'ynamdan o'yin.",0.5682158999843523,49,False,False
eval_000418,ntrex,1199,en,uz,"In contrast to Bjorn, opposite number Jim Furyk will be looking for his players to perform better individually than they did as partners, the exceptions being Jordan Spieth and Justin Thomas, who picked up three points out of four.","Byorndan farqli ravishda, raqib jamoa sardori Jim Furik oʻzining oʻyinchilaridan yakkalikda juftlikda koʻrsatgan oʻyinlaridan yaxshiroq natija koʻrsatishlarini soʻraydi. Toʻrt ochkodan uchtasini qoʻlga kiritgan Jordan Spit va Jastin Tomaslar bundan istisno.",public_v2_adapter,"Bjornning o'zilgan, o'ynagan Jim Furyk, oʻzlar bo'zdan yildida bo'yoggan o'yuggan oʻyogidan o'yinlari o'qlamagan o'rgan o`zagan o‘zagan bo'ilgan, Jordan Spieth va Justin Thomas, o‘yogdan o'g'ilgan o'zgdan o‘g'agan o’zagan.",1.2407367998966947,101,False,False
eval_000419,ntrex,121,en,uz,"While tsunami shelters have been built in Aceh, they are not a common sight on other coastlines.","Achexda sunamidan saqlanish uchun panohgohlar barpo etilgan boʻlsa-da, boshqa sohillarda ular kamyob.",public_v2_adapter,"Tsunami shelterlar Acehda bo'ilgan, o'ynagan o'ziylikta o'yogida o'yin.",0.3642985000042245,34,False,False
eval_000420,ntrex,1230,en,uz,The study by scientists at the National Trust for Scotland will follow common and soprano pipistrelles as well as brown long-eared and Daubenton bats at Inverewe Gardens in Wester Ross.,"Tadqiqot davomida Shotlandiyaning National Trust tashkiloti olimlari tomonidan Uester Rossdagi Inverewe bogʻlarida keng tarqalgan va soprano pipistrellari, shuningdek, jigarrang uzun quloqli hamda dobenton koʻrshapalaklari kuzatib boriladi.",public_v2_adapter,"Skotski National Trust o'zilgan bilim adamlar bilan, Wester Ross-yil Inverewe Gardens va bronz longeard va Daubenton bo'lida kumoliy va soprano pipistrellasi o'ynagan.",0.7359261000528932,57,False,False
eval_000421,ntrex,1232,en,uz,NHS staff and volunteers will also carry out mobile surveys using hand-held detectors.,"Shuningdek, NHS xodimlari va koʻngillilari qoʻl detektorlari yordamida koʻchma tadqiqotlar olib borishadi.",public_v2_adapter,"NHS personal va samolotlar da mobil anketi, o'z-hold detektorlarga ko'lida bo'ilgan.",0.4410034000175074,34,False,False
eval_000422,ntrex,1234,en,uz,A habitat map and report will then be produced to create a detailed landscape-scale picture of their behaviour.,"Keyin esa, ular xatti-harakatining landshaf masshtabidagi batafsil tasvirini yaratish uchun istiqomat xaritasi va hisobot ishlab chiqiladi.",public_v2_adapter,"U'zagan habitat harati va raporasi, o'zalarlar bo'ynilgan o'yinning farklat-skalga bilan detalliyadi bir tabloyoyu ko'yashdi.",0.7123136000009254,51,False,False
eval_000423,ntrex,125,en,uz,"A hospital ship that had been stationed in Lombok to treat earthquake victims is making its way to Palu, but it will take at least three days to reach the site of the new calamity.","Zilziladan jabr koʻrganlarni davolash maqsadida Lombokda joylashtirilgan kasalxona kemasi Paluga yoʻl olgan, biroq yangi ofat yuz bergan joyga yetib borish uchun kamida uch kun kerak boʻladi.",public_v2_adapter,"Lombokda potosiyat o'zilganlar q'yashida bo'ynagan bo'zidan bo'tadi bo'ttasi Palu va, u bo'yushik katamityasi bo'ng o'yani bo'nini bo'lagan.",0.8698586999671534,66,False,False
eval_000424,ntrex,1266,en,uz,"Ronaldo's lawyers are preparing to sue Der Spiegel over the allegations, which they have called ""an inadmissible reporting of suspicions in the area of privacy,"" according to Reuters.","“Reuters” nashriga koʻra, Ronalduning advokatlari “shaxsiy hayot daxlsizligi sohasida shubhalar haqida nomaqbul tarzda xabar berish” degan ayblov bilan “Der Spiegel” jurnali ustidan sudga daʼvo kiritishga tayyorgarlik koʻrmoqda.",public_v2_adapter,"Ronaldo avukatlar ""yolda gizlilik o'ynashida o'zilgan o'zglamasi"" o'yinlari Der Spiegel va o'qlamagan o'yaganlar o'kin o'gaganlar bo'ilgan.",0.8207137000281364,58,False,False
eval_000425,ntrex,1270,en,uz,"Mayorga claims Ronaldo fell to his knees after the alleged incident and told her he was ""99 percent"" a ""good guy"" let down by the ""one percent.""","Mayorga, daʼvo qilinayotgan hodisa sodir boʻlganidan keyin, Ronaldu tiz choʻkib, unga “99 foiz yaxshi yigit” ekanini va qolgan “bir foiz” unga pand berganini aytgan, deb taʼkidlamoqda.",public_v2_adapter,"Mayorga Ronaldo o'zilgan o'ynagan sonra bo'zida ko'ziga yilddi va ""99-percent"" ""yullgan adam"" ""on percent"" o'yinni o'yun.",0.6955247999867424,52,False,False
eval_000426,ntrex,1271,en,uz,"The documents claim that Ronaldo confirmed the pair had sex, but that it was consensual.","Hujjatlarda Ronaldu ayol bilan jinsiy aloqa qilganini tasdiqlagani, biroq bu aloqa ikki tomonlama ixtiyoriylikka asoslanganini aytgani keltirilgan.",public_v2_adapter,"Dokumentlar Ronaldo o'ziyda sexini o'ynagan bo'ilgan, va o'yin o'yagan o'qlam.",0.4065732000162825,35,False,False
eval_000427,ntrex,1273,en,uz,The 34-year-old says she is now seeking to overturn the settlement as she continues to be traumatized by the alleged incident.,34 yoshli ayol daʼvo qilingan hodisaning salbiy taʼsiri hali ham davom etayotganligi tufayli hozirda kelishuvni bekor qilishga harakat qilmoqda.,public_v2_adapter,"34-yil o'zari, o'ynasi o'zgini o'yagan o'yinning o'qilgan o'kin o'g'yndi o'yan o'yun o'ygiyadi o'ymagan.",0.7906856000190601,56,False,False
eval_000428,ntrex,1274,en,uz,"Ronaldo was on the verge of joining Real Madrid from Manchester United at the time of the alleged assault, and this summer moved to Italian giants Juve in a €100 million deal.",Ronaldu daʼvo qilingan hujum vaqtida “Manchester United”dan “Real Madrid”ga kelib qoʻshilish arafasida boʻlgan va bu yil yozda 100 million yevrolik shartnoma asosida Italiya giganti “Yuve”ga oʻtgan.,public_v2_adapter,"Ronaldo o'zilgan o'yashda Manchester Uniteddan Real Madridida u'ynagan o'ynani o'yinni o'yan, va bu o'nyatga 100 milyon euro o'rda o'ylangi o'ytanlar Juve o'ymani oʻynasi.",0.8911170999053866,69,False,False
eval_000429,ntrex,1279,en,uz,The Japanese carmaker said the impact of border delays in the event of a no-deal Brexit could cost jobs.,"Yaponiyaning avtomobil ishlab chiqaruvchi kompaniyasi kelishuvsiz Breksit amalga oshirilgan taqdirda, chegaradagi ushlanib qolishlar uchun ish oʻrinlari bilan badal toʻlashga toʻgʻri kelishi mumkinligini aytgan.",public_v2_adapter,"Japon makerchi, Brexit o'ynashga o'zasi bo'ilgan bilan borgi yondaganlar o'yogida o'yinlari o'rgan.",0.5861840000143275,42,False,False
eval_000430,ntrex,1281,en,uz,"""My view is that if Britain crashes out of the EU at the end of March we will see production stops in our factory,"" said Marvin Cooke, Toyota's managing director at Burnaston.","“Oʻylashimcha, agar Britaniya mart oxirida Yevropa Ittifoqidan chiqsa, zavodimizda ishlab chiqarish toʻxtaydi”, – deydi Bernastondagi Toyota zavodining boshqaruvchi direktori Marvin Kuk.",public_v2_adapter,"""Miying o'zim mart ayilganda Britaniya EU-yildan bo'ynagan, biz fabrikimizda produksiyat bilan bo'shini o'ynashidan"" - Burnastonda Toyota'nın CEO Marvin Cooke dedi.",0.763812999939546,60,False,False
eval_000431,ntrex,1284,en,uz,The main concerns relate to what carmakers say are supply chain risks in the event of a no-deal Brexit.,"Avtomobil ishlab chiqaruvchilarga koʻra, kelishuvsiz Breksit amalga oshirilgandagi asosiy xavotirlar taʼminot zanjiri xavflari bilan bogʻliq.",public_v2_adapter,"Kamil o'zlar, yosiyatlar Brexit bo'ilgan o'yashda o'ynamik rishikalar o'yinlari o'ymagan.",0.5085859000682831,42,False,False
eval_000432,ntrex,1287,en,uz,"It would be impossible for Toyota to hold more than a day's worth of inventory at its Derbyshire plant, the company said, and so production would be stopped.","Toyota kompaniyasi rasmiylariga koʻra, Derbishayr zavodidagi ashyolar zaxirasi bir kundan ortiq muddatga yetmaydi va shu sababli, ishlab chiqarish toʻxtatilishi mumkin.",public_v2_adapter,"Toyota Derbyshire fabrikasi o'zilgan bir gündendan o'yin o'ynini o'yagan bo'ilgan, kompaniya dedi va bu o'yun o'yan o'ymagan.",0.5743843999225646,48,False,False
eval_000433,ntrex,1288,en,uz,"Mr Clark said Theresa May's Chequers plan for future relations with the EU is ""precisely calibrated to avoid those checks at the border.""",Janob Klark Tereza Meyning Yevropa Ittifoqi bilan kelajakdagi munosabatlarga oid Chekers rejasi “aynan chegaradagi ushbu tekshiruvlarni oldini olishga moslangan”.,public_v2_adapter,"Clark ""Theresa May'in EU-yilga o'zilgan bilan o'yollar bo'ynagan Chequers planini bu borgi o'yinchi o'ynashdan q'ilgan"" o'qlamasi bo'ilgan.",0.7615394999738783,60,False,False
eval_000434,ntrex,129,en,uz,"More than 1,000 people were killed and tens of thousands dislocated from their homes as Christian and Muslim gangs battled on the streets, using machetes, bows and arrows, and other crude weapons.","Nasroniy va musulmonlardan iborat toʻdalarning qilichlar, kamon va nayzalar kabi qurollar bilan koʻchalarda jang qilishi oqibatida mingdan ortiq odam halok boʻlgan, oʻn minhlab odamlar oʻz uyini tark etgan.",public_v2_adapter,"1000-yildan o'zilgan va binlardan oʻzagan bo'zganlar, mashet, bo'shlar va o'qlar va bilan ham o'ynat silahlar bo'tilgan qosiyida bo'lidan.",0.8013845999957994,59,False,False
eval_000435,ntrex,1291,en,uz,"Toyota was unable to say how long production would be stopped, but in the longer term, warned that added costs would reduce the plant's competitiveness and eventually cost jobs.","Toyota kompaniyasi ishlab chiqarish qancha muddatga toʻxtatilishini ayta olmadi, biroq bir qancha vaqtdan soʻng, qoʻshimcha xarajatlar zavodning raqobatbardoshliligini pasaytirishi va oxir-oqibat ish oʻrinlarining yoʻqotilishiga sabab boʻlishi mumkinligi haqida ogohlantirdi.",public_v2_adapter,Toyota o'ynasi bo'ilgan o'yagan bo'yaga bo'yasida bo'ysidan bo'ya bo'yan bo'yo'yani bo'ynash bo'yin bo'ziyini bo'yil va bilan bo'ymaglar bo'ʻlan bo'sini boʻyagan.,1.0717493999982253,74,False,False
eval_000436,ntrex,1294,en,uz,"Trump meeting with Rosenstein may be delayed again, says White House","Oq uyning aytishiga koʻra, Trampning Rozenshteyn bilan uchrashuvi yana orqaga surilishi mumkin",public_v2_adapter,"Trump Rosensteinga o'zilgan o'zgagan, White House o'yagan",0.33528899995144457,22,False,False
eval_000437,ntrex,1311,en,uz,"""The president does more Q&A sessions than any president has prior to him,"" she said, adding without citing evidence: ""We've looked at those numbers.""","“Amaldagi prezident undan oldingi har qanday prezidentdan koʻra koʻproq savol-javob uchrashuvlarini oʻtkazadi”, – dedi u va dalillar keltirmagan holda “Biz buni raqamlarda koʻrib chiqqanmiz”, – deb qoʻshimcha qildi.",public_v2_adapter,"""President q'yashda o'zdan o'yoshida o'q'yushga o'ya o'ynagan o'yin o'yan o'yun o'yu o'yo'yasi o'ymdi,"" dedi, yotlamaz o'yasiy o'n o'r: ""Biz o'llar o'llara o'yrilgan o'ʻyashdi.""",1.4169056001119316,95,False,False
eval_000438,ntrex,1317,en,uz,Health secretary writes to EU workers at NHS Scotland over Brexit fears,Sogʻliqni saqlash kotibi Shotlandiyaning Milliy sogʻliqni saqlash xizmatidagi Yevropa Ittifoqi xodimlariga Breksit boʻyicha xavotirlar yuzasidan maktub yoʻlladi,public_v2_adapter,U'zalar sekretari NHS Skotlandda EU-yilga Brexit o'ynlari bo'ilgan,0.3943692999891937,27,False,False
eval_000439,ntrex,1324,en,uz,"That is why I wanted to reiterate now how much I value the contribution of every member of staff, regardless of their nationality.","Shu sababli ham, fuqaroligidan qatʼi nazar, har bir xodimning hissasini qanchalik qadrlashimni yana bir bor takrorlashni istardim.",public_v2_adapter,"Bu da, o'zdan o'ynamida o'yinning o'yumgan o'nman o'nun katmashini, oʻynatlik bilan u'ynatga o'ymagan.",0.7529221000149846,52,False,False
eval_000440,ntrex,1335,en,uz,"He had five total tackles Saturday before exiting the game, which brought his season total to 18 tackles.",Yakshanba kuni oʻyinni tark etishidan oldin u beshta teklni amalga oshirgan va uning butun mavsum davomidagi tekllari soni 18 taga yetgan.,public_v2_adapter,"U o'zdan o'yagan o'yin o'ynagan o`zdan bo'ilgan, o'yun o'yan o'qidan o'ybagan o’zdan yombida bo'zgan o'zgdi, bu da o'ygon o'yu 18 o'g'ziga bo'yaga bo'yndi.",1.2052117999410257,82,False,False
eval_000441,ntrex,1344,en,uz,"The surcharge - which is in addition to the present stamp duty, including the higher levels introduced two years ago on second homes and buy-to-lets - could be as much as three per cent.","Joriy muhr yigʻimiga, jumladan, ikki yil oldin oshirilgan ikkinchi uy va ijaraga berish uchun uy xarid qilish yigʻimiga koʻpi bilan uch foiz qoʻshimcha mablagʻ qoʻshilishi mumkin.",public_v2_adapter,"U'ziy - o'zigan hamti bilan da, o'yolda yilgan o'qimning va o'chim-to-letta o'ynagan o'zglar bilan o'gari bo'zida - oʻziy o'rga o'xir o'yin o'ng o'ygini o'nash o'lasi o'lladi o''ziga o'zhik o'shik o`ziy.",1.781322699971497,109,False,False
eval_000442,ntrex,1346,en,uz,"An estimated 13 per cent of new-build London properties are bought by non-UK residents, driving up prices and making it harder for first-time buyers to get a foot on the housing ladder.",Londondagi yangi qurilgan koʻchmas mulklarning taxminan 13 foizi Birlashgan Qirollik rezidenti boʻlmaganlar tomonidan xarid qilinadi va bu narxlarning oshishi hamda birinchi marta uy xarid qiluvchilarning uy-joy pillapoyasidan yuqorilashini qiyinlashishiga olib kelmoqda.,public_v2_adapter,"U'yilgan London bo'zagan 13 procenti o'yashlar Britaniya olmayanlar o'ynasichi, o'zalar o'yinlari o'kin o'yanlar va o'rda o'llar oʻynatlar o`zara o'nta o'qida o'g't'i o'ng o'llagan.",1.3229314999189228,88,False,False
eval_000443,ntrex,1348,en,uz,The new policy comes just weeks after Boris Johnson called for a stamp duty cut to help more young people own their first home.,Ushbu yangi siyosat Boris Jonsonning muhr yigʻimini pasaytirish orqali yanada koʻproq yoshlar birinchi marta uy sotib olishlarida yordam berish haqidagi chaqiruvidan bir necha hafta oʻtib ilgari surilmoqda.,public_v2_adapter,"U bilan politika Boris Johnson, o'zlar yo‘lida o'ynatlari o'yinatlari bo'ilgan o'yagan o'ymagan o’yagan bo'yaga bo'ynash o'ylagan o`yagan.",0.8546358000021428,59,False,False
eval_000444,ntrex,136,en,uz,"""It was just trying to get into that position, to get on the ball and players like Shaq always play it forward as much as possible, so I just tried to create myself as much time as possible,"" Sturridge told LiverpoolFC.com.","“U aynan shu pozitsiyaga tushishga tayyor edi, shiddat bilan va Shakiri kabi o‘yinchilar iloji boricha doim hujumga o‘ynashadi, men esa o‘zim uchun vaqtdan yutishga harakat qildim”, deb aytdi Starrij LiverpoolFC.com saytiga.",public_v2_adapter,"""Yalgan o'yolida ko'zilgan, topda bo'ynagan va Shaq gibi oyuncular o'ynan o'yin o'zidan o'yan o'yun o'nun o'kin o'nin o'yni o'ʻzidan, bu yüzden o'ymani o'n o'yu o'yo'ynam o'yim,"" Sturridge LiverpoolFC.com-yilga o'rdi.",1.4756239999551326,101,False,False
eval_000445,ntrex,1362,en,uz,"I got a B cap and that was it,"" Ross told BBC Scotland's Sportsound.","Biroq men B kepkasini oldim va barchasi shundan iborat”, – dedi Ross BBC Shotlandiyaning “Sport ovozi” dasturida.",public_v2_adapter,"U B kapi ko'lida va o'zdi,"" Ross BBC-yil Skotland Sportsoundga bo'ilgan.",0.48087080009281635,32,False,False
eval_000446,ntrex,1379,en,uz,"I always wanted to manage and now I am doing it, it feels the most comfortable I have been in my own skin throughout my entire adult life.""",Men doim boshqarishni xohlaganman va hozir buni bajaryapman hamda bu men uchun voyaga yetganimdan keyin butun hayotim davomidagi eng yaxshi davrdir”.,public_v2_adapter,"U da'zga ko'lida o'zilgan va şimdi bu ko'zdan o'zgim, o'yumda bo'zgan o'qimning o'gimlik o'ynamiga o'ragan o'lidan o'llim. """,0.9920699999202043,66,False,False
eval_000447,ntrex,1382,en,uz,The summer heatwave has boosted takings for Britain's struggling pubs but heaped more pressure on restaurant chains.,"Yozgi jazirama Britaniyaning zoʻriqqan qovoqxonalarida savdoni oshirib yubordi, lekin restoran tarmoqlariga koʻproq bosim oʻtkazdi.",public_v2_adapter,"Uyolda o'ziylar Britaniya bo'shing publarga uqilgan, mas'tlar restorant lanetleri o'ynagan.",0.5982140999985859,39,False,False
eval_000448,ntrex,1393,en,uz,"The long hot summer could not have come at a worse time for food-led operators and time will tell whether the more moderate temperatures we've experienced in August will provide some much-needed respite.""",Uzoq choʻzilgan yoz jaziramasining asosan oziq-ovqat sotuvi bilan shugʻullanuvchilar ustiga yopirilishi uchun bundan-da noqulayroq vaqt boʻlmasa kerak. Avgustda kuzatilgan biroz moʻtadil harorat ularga hozirda juda zarur boʻlgan tanaffusni taqdim etadimi yoki yoʻqmi vaqt koʻrsatadi”.,public_v2_adapter,"U o'z o'q o'yagan o'ynagan operatörlar bo'ilgan o'yinda olgan va o'ygod o'yan o'ybogga o'ymagan oʻyagan bo'ynidan o'ylagan o`yagan ko'ynan o'yun o'n o'yo'ynani o'yu o'ya o'nun o'yragan o’yagan. """,1.5151601999532431,99,False,False
eval_000449,ntrex,1413,en,uz,"The American, who won the 200 metres and 400 metres at the 1996 Games in Atlanta among his total of four Olympic golds and is now a regular BBC pundit, was left unable to walk after suffering a transient ischemic attack.","1966-yil Atlanta oʻyinlarida 200 va 400 metrga yugurish boʻyicha gʻolib, jami  toʻrtta Olimpiada oltin medaliga ega boʻlgan, hozirda BBC eksperti hisoblanuvchi amerikalik sportchi ishemik yurak xurujini boshidan oʻtkazganidan keyin yura olmay qolgandi.",public_v2_adapter,"1996-yilda Atlanta o'zilgan 200 metrov va 400 metrovini o'yolimiygi o'ynasi bo'ilgan, u bilan BBC o'yin o'yan o'yun o'ymani bo'ynadi bo'yagan, o'n o'yu o'ylimiyik o'nyagan o'qida o'yasdan o'ya o'ysidan o'ytan o'ygida o’yagan o’ynagan o‘yagan.",1.5816177000524476,113,False,False
eval_000450,ntrex,1424,en,uz,"However, the advert, which has been published on the firm's Facebook page, has caused controversy online.",Biroq kompaniya Facebook sahifasida eʼlon qilgan bu reklama internetda bahs-munozaralarga sabab boʻlmoqda.,public_v2_adapter,"U'ziy firmin Facebook sayida o'yilgan reklam, online sporiya bo'yndi.",0.3747850999934599,27,False,False
eval_000451,ntrex,1425,en,uz,"With 77,000 views and hundreds of comments, the video has received mixed reactions from viewers, with many saying it makes light of the ""horrors"" of the dairy industry.","77 000 marta koʻrilgan va yuzlab fikrlar bildirilgan videoga koʻruvchilar tomonidan turli munosabat bildirildi, ularning koʻpchiligi video sut mahsulotlari sanoatining “dahshatlari”ni namoyish qilganini taʼkidlagan.",public_v2_adapter,"77,000 o'zida va o'yotlar o'qlamaga video, o'ynagan qosimlik reaksiyonlar bo'ilgan, oʻyinlar o‘ziygi ""hormor""ga o'rgan.",0.8311400000238791,59,False,False
eval_000452,ntrex,1432,en,uz,"Others defended the advert, with one woman admitting that she found the song ""hilarious.""",Boshqalar reklamani himoya qilgan. Bir ayol qoʻshiq juda “kulguli” ekanligini taʼkidlagan.,public_v2_adapter,"O'zlar reklamini o'zagan, bir kadın o'yin lagu ""yiyari"" va o'ynagan.",0.44857500004582107,31,False,False
eval_000453,ntrex,1441,en,uz,The concept behind the campaign is based on the insight that many women who breast-pump say they feel like cows.,Ushbu reklama gʻoyasi koʻkrak nasosi orqali sutini sogʻib oluvchi koʻplab ayollar oʻzini sigirdek his qilishini taʼkidlashiga asoslangan.,public_v2_adapter,"Kampanyada o'zilgan kavim, ham qolga bo'qida o'qolga o'yagan o'ynagan oʻzdan o'yin o'rgan o'nlari o'lagan.",0.77956090006046,54,False,False
eval_000454,ntrex,1451,en,uz,"Last week, Matthew Albence, a senior official with Immigration and Customs Enforcement, testified before Congress that the agency had arrested dozens of people who applied to sponsor unaccompanied minors.",Oʻtgan hafta Immigratsiya va bojxona xizmatining yuqori mansabli xodimi Metyu Olbens Kongressda agentlik qarovchisiz voyaga yetmaganlarga homiylik qilmoqchi boʻlib murojaat qilgan oʻnlab kishilarni hibsga olganini tasdiqladi.,public_v2_adapter,"Uyug ayilgan, Imigracion va Tollaglar o'ynasiya q'yilni Matthew Albence Kongressida o'zagan o'yin o'nun o'yun o'nin o'q'ilgan o'kin o'yan o'yagan o’ynagan o‘zigan o'ymagan o`zgan o'yu o'zgagan.",1.168414399959147,89,False,False
eval_000455,ntrex,1453,en,uz,"""Close to 80 percent of the individuals that are either sponsors or household members of sponsors are here in the country illegally, and a large chunk of those are criminal aliens.",“Homiylar yoki homiy oila aʼzolarining 80 foizga yaqini mamlakatda noqonuniy ravishda istiqomat qilmoqda va ularning katta qismini xorijlik jinoyatchilardir.,public_v2_adapter,"""Honch 80 procenti sponsorlar va sponsoranlar o'ynatlik qolida, bu taraqda yagan bo'ilgan va o'zidan o'yin bir o'yani kriminaliylar.",0.6758036999963224,54,False,False
eval_000456,ntrex,1454,en,uz,"So we are continuing to pursue those individuals,"" Mr. Albence said.","Shu sababli, biz ushbu shaxslarni kuzatishda davom etyapmiz”, – deydi janob Olbens.",public_v2_adapter,"Bu halidan biz o'zlar qosqilgan"" - Albence o'ynam.",0.31138940004166216,25,False,False
eval_000457,ntrex,1464,en,uz,"""They must withdraw immediately and without any conditions,"" he told the assembly.","“Ular, hech qanday shartlarsiz, zudlik bilan chiqib ketishi lozim“, – dedi u assambliyada.",public_v2_adapter,"""Honlar o'zdan va koʻshimlik bo'ilgan qay'ilgan"" - o'ynagan o'yin.",0.37563779996708035,33,False,False
eval_000458,ntrex,1469,en,uz,"On the issue of refugees, Moualem said the conditions were fine for them to return, and he blamed ""some western countries"" for ""spreading irrational fears"" that prompted refugees to stay away.","Qochoqlar masalasiga toʻxtalar ekan, Muallim ularning uyga qaytishi uchun barcha sharoitlar koʻngildagidek ekanini aytdi hamda ayrim gʻarbiy davlatlarni qochoqlarni vatandan tshqarida qolishga undovchi “asossiz vahima tarqatishda” aybladi.",public_v2_adapter,"U'zilganlar bilan, Mualem o'zagan bo'ynlari qaytmak o'yashida o'ynadi o'yindi va ""biraz o'zgdanga"" ""yokiy o'qlamasi bo'rasi"" o'ʻynadi ko'lidanlar bo'zgan.",0.8036392999347299,75,False,False
eval_000459,ntrex,1471,en,uz,"""They are politicizing what should be a purely humanitarian issue.""",“Ular toʻla-toʻkis gumanitar boʻlishi lozim boʻlgan masalalarni siyosiylashtirmoqda”.,public_v2_adapter,"""Honlar, o'ynagan humanitariyasi bilan o'yashini politizgan.""",0.2760581000475213,26,False,False
eval_000460,ntrex,1474,en,uz,"The Russian-Turkish deal averted a large-scale assault by Russian-backed Syrian forces on the province, where three million people live.",Rus-turk bitimi Rossiya koʻmagi ostidagi Suriya harbiy kuchlari uch million aholi istiqomat qiluvchi provinsiyadagi yirik masshtabli hujumni toʻxtatib qolinish imkonini berdi.,public_v2_adapter,"Rus-Turkiy o'zasi, rus-shotlik o'zgli Suriyelik o'ynatlar 3 milyonda bo'ilgan provinsiyida masolib o'qashini yagan.",0.5458847999107093,50,False,False
eval_000461,ntrex,1481,en,uz,"As of now, there are no signs of viewer fatigue.","Hozircha, kuzatuvchilarda toliqish alomatlari sezilgani yoʻq.",public_v2_adapter,U'zdan o'zlar o'zglari yorguliyasi o'yagan.,0.3106528000207618,25,False,False
eval_000462,ntrex,1482,en,uz,"Since 2014, prime-time ratings have more than doubled to 1.05 million at CNN and nearly tripled to 1.6 million at MSNBC.","2014-yildan beri CNN kanalida praym-taym reytinggi ikki baravardan koʻproq – 1,05 millonga hamda MSNBC kanalida esa deyarli uch baravarga – 1,6 millionga oshgan.",public_v2_adapter,"2014-yildan bu yana CNN-yilda o'ziylik o'zglar 1,05 milyonga bo'ilgan va MSNBC-yilga o'zhida 1,6 milyonga oʻzagan.",0.4934097999939695,47,False,False
eval_000463,ntrex,1490,en,uz,There is entertainment value in the chaos.,Betartiblikda koʻngilochar qadriyatlar bor.,public_v2_adapter,U kaosda q'yashlik o'zadi.,0.16832409997005016,16,False,False
eval_000464,ntrex,1491,en,uz,"Of course, unlike anything else on TV, the story lines coming out of Washington could determine the future of Roe v. Wade, whether immigrant families can reunite and the health of the global economy.","Albatta, telekoʻrsatuvlardagidan farqli ravishda, “Royga qarshi Ueyd” kurashining kelajagini, bir-biridan ajratilgan immigrant oilalar qayta birlashish-birlashmasligi yoki global iqtisodning sogʻlomligini hal qilishi mumkin boʻlgan hikoya satrlari Vashingtonda yoziladi.",public_v2_adapter,"Tabolasi, televizyonda o'zilganga o'ynagan o'yinning, Washingtondan qaygan hikayalar Roe va Wade'nin o'yani, migrantlar familiyatlari bo'ynida va global ekonomiyata o'lida bo'liga bo'lladi.",0.8324778999667615,72,False,False
eval_000465,ntrex,1495,en,uz,"""Part of what he's doing that makes it feel like a reality show is that he is feeding you something every night,"" said Brent Montgomery, chief executive of Wheelhouse Entertainment and the creator of ""Pawn Stars,"" about the Trump show's rotating cast and daily plot twists (picking a fight with the N.F.L., praising Kim Jong-un).","“U bajarayotgan ishlarning voqelikni realiti-shoudek qilib koʻrsatuvchi omil – u har kech sizni nima bilandir oziqlantirishida”, – dedi “Wheelhouse Entertainment” kompaniyasining bosh ijrochi direktori va “Piyoda yulduzlar” seriali yaratuvchisi Brent Montgomeri Tramp shousining almashib turuvchi aktyorlari va ssenariydagi qiziqarli burilishlar (NFL bilan janjal, Kim Chen Inni koʼkka koʻtarish) haqida.",public_v2_adapter,"""O'yagan o'ynini reality showga o'zilgan o'yin o'yani o'n o'nun o'yu o'qida o'r o'llasi o'ladi o'zg o'g'ilgan"" - Wheelhouse Entertainment va Pawn Stars o'yun o'ng o'x'o'ziyari Brent Montgomery Trump o'nin o'ygiyini o'tlari o'ttʻi o'rtʻi bo'tʻi yondogda o'nt't't o'",1.8226037999847904,129,False,True
eval_000466,ntrex,1498,en,uz,"He couldn't peel himself away, not with Brett Kavanaugh set to face the Senate Judiciary Committee and the future of the Supreme Court hanging in the balance.",U Senat sud qoʻmitasi va muvozanatda osilib turgan Oliy sud kelajagiga yuzlangan Bret Kavanodan oʻzini ajrata olmasdi.,public_v2_adapter,"U u o'zilgan bo'shadi, Brett Kavanaugh Senatda xiflik komitetini va Supreme Courtning bilan bilan bo'qida bo'xagan.",0.46166810009162873,44,False,False
eval_000467,ntrex,1511,en,uz,"U.S. Weighed Penalizing El Salvador Over Support for China, Then Backed Off",AQSH Salvadorni Xitoyni qoʻllab-quvvatlagani uchun jazoga tortdi va keyinchalik chekindi,public_v2_adapter,"U.S. El Salvador'yil Qinasida o'zilgan, o'ynagan bo'zdan bo'zgdi",0.29066540009807795,31,False,False
eval_000468,ntrex,1532,en,uz,Americans face several of these inflection points now.,Hozirda amerikaliklar bir qancha shu kabi burilish nuqtalari bilan toʻqnash kelmoqda.,public_v2_adapter,Amerikalılar bu uqlamalardan bir çox o'ynagan.,0.17831779993139207,19,False,False
eval_000469,ntrex,1542,en,uz,"With that as my heritage, how can I not be an optimist about our future?""","Mana shunday merosga ega boʻlgan holda, qanday qilib kelajagimizga nisbatan optimist boʻla olmasligim mumkin?”",public_v2_adapter,"U bu va o'zimga, bizning o'yumqimizla u optimist olgan ko‘ynam?""",0.29386680002789944,31,False,False
eval_000470,ntrex,1554,en,uz,The squad's good and the boys are really enjoying it; the training's good.,"Jamoa yaxshi, yigitlar chindan ham bundan zavqlanmoqdalar, tayyorgarlik ham yaxshi.",public_v2_adapter,Ekipning va o'zlar bu bo'zilgan; o'zg bilan bo'q.,0.23721990000922233,25,False,False
eval_000471,ntrex,1564,en,uz,Bring in your financial advisor: Your advisor can also help you come up with a way to pay for those expenses.,Moliyaviy maslahatchi jalb qiling: Maslahatchingiz zaruriy xarajatlarni qoplash usullarini topishga yordam beradi.,public_v2_adapter,U finans danışmanini ko'z: U danışman u o'zlarga o'yashida o'ynagan bo'zilgan.,0.37580549996346235,35,False,False
eval_000472,ntrex,1605,en,uz,"2010: A 7.5 magnitude quake hit one of the Mentawai islands, off Sumatra, triggering up tsunami of up to 10 meters that destroyed dozens of villages and killed around 300 people.","2010-yil: Sumatra yaqinidagi Mentavai orollari 7,5 balli zilzila ostida qolgan va ortidan 10 metrli sunami talofati kuzatilgan, oʻnlab qishloqlar vayronaga aylangan va qurbonlar soni 300 nafar atrofida boʻlgan.",public_v2_adapter,"2010: 7.5-magnitudli bir tsunami Sumatra o'ynida Mentawai islarida o'zagan, 10 metrov o'yinni tsunami bo'ilgan, o'yashlar qosiyini yilddi va 300-yilda o'qolagan.",0.8018911000108346,67,False,False
eval_000473,ntrex,1607,en,uz,"No tsunami was triggered this time, but more than 100 were killed by fallen buildings.","Zilzila ortidan sunami kuzatilmagan, biroq binolar qulashi natijasida 100 dan ortiq kishi halok boʻlgan.",public_v2_adapter,"Bu o'zda tsunami bo'ilgan, mas 100-yildan qotasi bilan bo'ynagan.",0.3282533000456169,28,False,False
eval_000474,ntrex,1610,en,uz,Sarah Palin's Eldest Son Arrested on Domestic Violence Charges,"Sara Peylinning katta oʻgʻli oilaviy zoʻravonlikda ayblanib, hibsga olindi",public_v2_adapter,"Sarah Palin'in o'zli q'ilgan, uqoliyasi o'zglamlarga tutshilgan",0.29053049988579005,30,False,False
eval_000475,ntrex,1626,en,uz,At least 384 people have died after an earthquake hit the Indonesian island of Sulawesi on Friday.,Juma kuni Indoneziyaning Sulavesi orolida roʻy bergan zilzila oqibatida kamida 384 kishi halok boʻlgan.,public_v2_adapter,Endoneziyalik Sulawesi o'lida u qosimda o'zilgan 384 kişi bo'ynagan.,0.30936780001502484,32,False,False
eval_000476,ntrex,1631,en,uz,Hundreds of people had gathered for a beach festival in the city of Palu when the tsunami smashed on shore.,Sunami qirgʻoqqa yopirilgan vaqtda yuzlab kishilar Palu shahridagi sohil festivali uchun yigʻilib turgan boʻlgan.,public_v2_adapter,Palu q'ilgan plazgi festivalini o'yagan o'ynasi tsunami bo'ynadi.,0.26907629997003824,28,False,False
eval_000477,ntrex,1643,en,uz,"The last time the death penalty was carried out in a New York federal case was in 1953 for Julius and Ethel Rosenberg, a married couple executed after they were convicted of conspiracy to commit espionage for the Soviet Union during the Cold War two years before.","Nyu Yorkda federal jinoyat ishi boʻyicha oʻlim jazosi oxirgi marta Xulius va Etel Rosenberglarga nisbatan 1953-yilda ijro etilgan. Ushbu er-xotin ikki yil avval, Sovuq urush davrida, Sovet Ittifoqi uchun josuslik qilishga til biriktirganlikda aybdor deb topilgandan keyin qatl qilingan.",public_v2_adapter,"U New York federal o'zida o'yashda o'ynagan o'yin o'yun o'yan o'kin o'ymani o'ylasi 1953-yilda Julius va Ethel Rosenberg, o'ygiy o'yu o'qilgan o'yni o'n o'g'ynidan o'r o'ng o'nun o'zg'ilgan Sovyetya o'yi o'nyat o'ʻynagan bo'ilgan o`zdan o'lladi o'nin o'yrgan o'lida o`yogdi",1.5981784999603406,129,False,True
eval_000478,ntrex,1658,en,uz,"The premier is struggling to keep her Chequers compromise plan on track amid attacks from Brexiteers, Remainers and the EU.","Breksit tarafdorlari, qolish tarafdorlari va Yevropa Ittifoqi hujumlari orasida qolib ketgan Bosh vazir Chekers muzokara rejasini amalga oshirish uchun kurashmoqda.",public_v2_adapter,"Premijerini Brexit, Remainers va EU-yilning o'zlar bo'ilgan bilan ko'zida Chequers kompromisi planini tutmak qashdi.",0.500921200029552,42,False,False
eval_000479,ntrex,1677,en,uz,A smattering of activists waved Tories Against Brexit banners after the launch of the group this weekend.,"Shu hafta oxirida guruh ishga kirishganidan keyin, bir qancha faollar “Torilar Breksitga qarshi” deb yozilgan bannerlarni koʻtarib chiqishgan.",public_v2_adapter,Aktivistlar Tories Brexit bandarlari bu o'zagubning o'ynagan o'yin bo'ilgan.,0.34148599999025464,30,False,False
eval_000480,ntrex,1681,en,uz,"There isn't such a thing as a good Brexit,' he added.","Yaxshi Breksit degan narsani oʻzi yoʻq”, – qoʻshimcha qildi u.",public_v2_adapter,"U o'z Brexitga o'yash şey yok,"" o'ynagan.",0.22891229996457696,21,False,False
eval_000481,ntrex,1687,en,uz,Saturday afternoon's event in Holyoke was her 36th meeting with constituents using the town hall format since Trump took office.,Shanba kungi Holiokada tashkillashtirilgan tadbir uning Tramp prezidentlikka kirishganidan beri oʻz saylovchilari bilan aholi bilan uchrashuv formatida o’tkazilgan 36-suhbati edi.,public_v2_adapter,Holyoke-yilda sabotun o'zari bilan Trump u o'rida qay'ilgan bu ayatlik formati bo'shagan konstitucionallarga 36-yil o'ynasi.,0.607319200062193,49,False,False
eval_000482,ntrex,1689,en,uz,"Warren replied that it's time ""for women to go to Washington to fix our broken government, and that includes a woman at the top.""","Uorren unga javoban, “ayollarning Vashingtonga borishi va eng yuqori lavozimdan turib, buzuq hukumatni tuzatishining payti kelganini” aytgan.",public_v2_adapter,"Warren ""yolda, biz o'zilgan valida bo'shagan va bu yollan bir qam'i ko'qlamasi Washingtonga qaygan"" olidan.",0.6363453000085428,44,False,False
eval_000483,ntrex,1694,en,uz,"Sims, 20, was shot and killed near Southern University's campus early Friday.",20 yoshli Sims juma kuni ertalab Janubiy universitetning kampusi yaqinida otib oʻldirilgan edi.,public_v2_adapter,"20-yil Sims, Southern University kampusida o'zilgan qotasi va bo'ladi.",0.30395440000575036,28,False,False
eval_000484,ntrex,1720,en,uz,"I didn't leak.""",Men sizdirmaganman”.,public_v2_adapter,"U ko'lim.""",0.09697889990638942,9,False,False
eval_000485,ntrex,1727,en,uz,"Maybe she didn't, but that's the worst body language I've ever seen.""","Balki u qilmagandir bu ishni, lekin bu men koʻrgan eng sotqin tana harakatlari tili edi”.",public_v2_adapter,"U'yumga o'ynam, ama bu - u'yimning o'yilgan o'yin o'yan bo'ynami. """,0.36497250001411885,37,False,False
eval_000486,ntrex,1729,en,uz,"""They are determined to take back power by any means necessary.",“Ular hokimiyatni har qanday yoʻl bilan qaytarib olishga qatʼiy qaror qilgan.,public_v2_adapter,"""Honlar o'zilgan o'yagan bo'ynilgan.",0.20910119998734444,20,False,False
eval_000487,ntrex,1741,en,uz,Dwyer made sure the Giants took a lead into the first break when he hit his second goal of the night at the end of the first period.,Birinchi boʻlimning soʻngi soniyalarida oʻzining ikkinchi golini kiritgan Duayer “Devlar”ni tanaffusga ustunlik bilan chiqib ketishini taʼminladi.,public_v2_adapter,"Dwyer, Giants o'ziyning o'zg o'gari bo'zida o'yagan o'yin o'ynasi o'qilgan o'ygini o'kin o'yun o'yan o'nun o'ymani o'yni o'yo'ynadi o'yu o'ʻynadi.",1.057997400057502,78,False,False
eval_000488,ntrex,1754,en,uz,We prepared a helicopter from Balikpapan in Kalimantan to take him to a bigger hospital in another city.,Uni boshqa shahardagi kattaroq shifoxonaga oʻtkazish uchun Kalimantan orolidagi Balikpapan aeroportida vertolyot tayyorlab qoʻygandik.,public_v2_adapter,"Kalimantanda Balikpapanga helikopterini ko'limo, o'ynagan bir uʻziyda bo'ilgan.",0.40168739994987845,35,False,False
eval_000489,ntrex,1755,en,uz,Unfortunately we lost him this morning before the helicopter reached Palu.,"Afsuski, bugun ertalab vertolyot Paluga yetib borgunicha biz uni berib qoʻydik.",public_v2_adapter,Biz bu o'zimning helikopter Palu o'ynagan o'yinizi yollad.,0.28011519997380674,27,False,False
eval_000490,ntrex,1801,en,uz,A hip hop trio wants to challenge the negative view of the genre by filling their music with positive messages.,Hip-hop triosi oʻz musiqalarini ijobiy xabarlar bilan toʻldirish orqali ushbu janrga boʻlgan salbiy qarashni oʻzgartirishni xohlamoqda.,public_v2_adapter,"Hip hop trio, xantinin ollib o'zini o'yagan, muzikalarini olib mesajlarga bo'ilgan.",0.39776900003198534,35,False,False
eval_000491,ntrex,1808,en,uz,"The couple deny they are racist, likening the suit to ""extortion.""","Er-xotin daʼvoni “tovlamachilikka” qiyoslab, oʻzlarining irqchi ekanligini rad etmoqda.",public_v2_adapter,"Parasi rasistlik o'ynagan, ""yoking""ga o'zilgan.",0.2811331000411883,24,False,False
eval_000492,ntrex,1812,en,uz,"After realizing her gaffe, an ""uncomfortable"" Plasco-Flaxman fired Ms. Maurice, stating that their outgoing nanny, who was African-American, had done a bad job and that she was instead expecting a Filipino, according to the New York Post.","New York Post nashrining xabariga koʻra, xatosini sezib qolgach, “noqulay vaziyatga tushib qolgan” Plasko-Fleksmen xonim afro-amerikalik enaganing ishini yomon bajarganini, uning oʻrnini filippinlik enagani olmoqchiligini aytib, Moris xonimni ishdan boʻshatgan.",public_v2_adapter,"U u'ziyini o'zilgan, ""yokish"" Plasco-Flaxman M. Maurice bo'ynagan, afrikay-amerikaliyga o'yin o'ynasi bo'zgan va New York Postya göre filipinida o'qlamda o'rdi.",0.9850218999199569,74,False,False
eval_000493,ntrex,1816,en,uz,"The couple have hit back at the claims that they are racist, saying that terminating Maurice's employment was the reasonable thing to do, fearing they could not trust her after offending her.","Er-xotin ularni irqchilikda ayblayotgan daʼvolarga Morisni ishdan boʻshatish yagona oqilona yoʻl boʻlganini, uni haqorat qilgach, unga ishonib boʻlmasligidan qoʻrqqanlarini aytib, javob zarbasini yoʻllagan.",public_v2_adapter,"Parasi, ma'ristlik o'zilgan o'ynaganlar bo'shini yolladi, Mauriciya o'yullida o'yinli o'yun o'nun o'yandan o'n o'qidan o'kin o'ʻlan o'nan o'nin o'ymani o'yni o''yndi.",1.0676826999988407,84,False,False
eval_000494,ntrex,1817,en,uz,"""My wife had sent her something that she didn't mean to say.",“Xotinim unga aytishni xohlamagan xabarni joʻnatib yuborgan.,public_v2_adapter,"""Miyam o'ynim, o'yin o'yashilgan o'zagan bir şey ko'yadi.",0.3746825000271201,31,False,False
eval_000495,ntrex,1829,en,uz,"It's very amusing knowing now what we know about Paddington's huge success.""",Paddingtonning yuksak muvaffaqiyati haqida hozir nima bilishimizni bilish juda kulguli”.,public_v2_adapter,"Paddingtonning o'zilgan o'zgini bizim o'yagan o'ynagan oʻziydi. """,0.34259120002388954,32,False,False
eval_000496,ntrex,1845,en,uz,She had died some time before hand and this was it all shutting down.,U biroz muddat oldin jon berib boʻlgan va endi tana aʼzolarining barchasi oʻz faoliyatini yakunlayotgan edi.,public_v2_adapter,U o'zdan bir o'qida bo'ilgan va bu o'yogdi.,0.2986099999397993,24,False,False
eval_000497,ntrex,1866,en,uz,"Ms Davis created the cards, ""to let people know there are people out there that you can go to and you can talk to, even if it's a friend.","Devis xonim otkritkalarni “odamlarga, ularning doʻsti boʻlma-da, shunchaki borib, gaplashish mumkin boʻlgan insonlar mavjudligini bildirish” uchun yaratgan.",public_v2_adapter,"Ms Davis kartlar ""yolda o'zagan o'yin o'ynagan oʻzagan va o'yagan o`zagan, o'yun o'qimsi o'yni o'yan o'ymagan o‘zagan.",0.762801899923943,60,False,False
eval_000498,ntrex,1885,en,uz,North Korea defector numbers 'drop' under Kim,Kim boshqaruvi davrida Shimoliy Koreyadan qochib chiquvchilar soni “kamaygan”,public_v2_adapter,"Kimning ""yog'ilgan"" Kuyriy koro defektari numrasi",0.23866519995499402,22,False,False
eval_000499,ntrex,1925,en,uz,"""They don't know you're furious.",“Ular gʻazabga toʻlganingni bilishmaydi.,public_v2_adapter,"""Honlar u sizga bo'zilgan olidan.",0.18323859991505742,17,False,False
eval_000500,ntrex,1929,en,uz,"""It was not a well-thought-out decision,"" she said to me with a laugh 30 years later.","“Bu chuqur oʻylangan qaror emasdi”, – dedi u menga kulgancha oradan 30 yil oʻtib.",public_v2_adapter,"""Yolda o'zilgan o'ynasi olgan,"" 30 yildan sonra qammaganga ko'zdi.",0.3468336999649182,31,False,False
eval_000501,ntrex,1935,en,uz,"""Do they think I get a discount?"" she wondered.","“Ular menga chegirma beriladi deb oʻylashganmi?”, – hayron boʻladi u.",public_v2_adapter,"""M'yimmi o'zlarga bo'ynam?"" o'yin qilgan.",0.28529449994675815,25,False,False
eval_000502,ntrex,1957,en,uz,Another six million people still living in the country are in need of humanitarian assistance.,Mamlakatda hali ham istiqomat qilayotgan yana olti million kishi gumanitar yordamga muhtoj.,public_v2_adapter,U bu qildida o'zilgan 6 milyon kişi humanitariyasi yuxili va bo'zadi.,0.30289650009945035,28,False,False
eval_000503,ntrex,1972,en,uz,"I am so happy, so happy to get the cup back.",Kubokni qaytarib olinganimizdan juda va juda baxtliman.,public_v2_adapter,"U o'z, o'zg qopga qaytadi.",0.18278470006771386,18,False,False
eval_000504,ntrex,1988,en,uz,"We got outplayed.""",Raqib bizdan kuchliroq oʻynadi”.,public_v2_adapter,"Biz o'zilgan olduk.""",0.11562789999879897,11,False,False
eval_000505,ntrex,211,en,uz,It would be extremely ill advised to venture out into the desert on foot with the threat of tropical rainfall.,Tropik yomg‘ir yog‘ish xavfi sabab cho‘l hududiga piyoda sayohat qilish tavsiya etilmaydi.,public_v2_adapter,U tropikal o'zlar bo'ilgan o'ynagan bo'zida yogda bo'qidan bo'xida bo'yagan.,0.44080540002323687,37,False,False
eval_000506,ntrex,212,en,uz,Heavy rain could cause canyons to become raging rivers and thunderstorms will bring locally gusty winds and blowing dust.,Kuchli yomg‘ir kanyonlardagi suvning ko‘payishi va bo‘ron kuchli shamol va chang ko‘tarilishiga olib keladi.,public_v2_adapter,Kaganga o'zlar kanyonlar bo'ilgan riyalar va tondurlar lokolasiya o'yogida o'ynatlar va yosumda o'yinlar ko'ynash.,0.6395704000024125,52,False,False
eval_000507,ntrex,213,en,uz,The approaching trough will bring some locally heavy rain to parts of the Southern California coastline.,Yaqinlashayotgan bo‘ron tarnovi janubiy Kaliforniya sohilining ba’zi hududlarida kuchli yog‘ingarchilikni keltirib chiqaradi.,public_v2_adapter,"U o'zilgan bo'llar, Kaliforniya qosipiyida o'yagan bir o'ynasi bo'llini.",0.40960839996114373,35,False,False
eval_000508,ntrex,232,en,uz,"The company was counting average viewership on CBS, ABC, NBC, CNN, Fox News Channel and MSNBC.","Bu kompaniya CBS, ABC, NBC, CNN, Fox News va MSNBC telekanallarida o‘rtacha tomoshabinlar sonini hisoblab borgan.",public_v2_adapter,"Şirket CBS, ABC, NBC, CNN, Fox News Channel va MSNBC o'zilgan o'ynatida o'yagan bo'ilgan.",0.42258350003976375,39,False,False
eval_000509,ntrex,234,en,uz,And Nielsen usually has some trouble measuring people who watch in offices.,"Shu bilan birga, Nielsen ish joylarida televizor tomosha qilganlar haqida doim ham aniq ma’lumotlarga ega bo‘lolmaydi.",public_v2_adapter,Nielsen o'zilgan ofislarda o'ynagan o'yagan oʻynagan bo'ynilgan.,0.3004798999754712,28,False,False
eval_000510,ntrex,238,en,uz,"CBS had 3.1 million, NBC had 2.94 million, MSNBC had 2.89 million and CNN had 2.52 million, Nielsen said.","Nielsen natijalariga ko‘ra, CBS kanalida 3,1 million, NBC kanalida 2,94 million, MSNBC kanalida 2,89 million va CNN kanalida 2,52 million tomoshabin qayd etilgan.",public_v2_adapter,"CBS 3,1 milyon, NBC 2,94 milyon, MSNBC 2,89 milyon va CNN 2,52 milyonga bo'ilgan.",0.30856610008049756,31,False,False
eval_000511,ntrex,240,en,uz,Flake was the central figure in Friday's drama.,Juma kungi hayajonga to‘la jarayonda Flayk diqqat markazida bo‘ldi.,public_v2_adapter,Flake - Friday drama o'ynasi.,0.13306280004326254,13,False,False
eval_000512,ntrex,248,en,uz,"But Flake said he would only do so with the understanding that the FBI would look into the allegations against the nominee for the next week, which minority Democrats have been urging.","Biroq Fleyk faqat bir shart bilangina bu ishni qilishini aytgan, unga koʻra, FQB kelasi haftada nomzodga qoʻyilgan aybloblarni koʻrib chiqishi kerak. Buni demokratlardan iborat ozchilik talab qilmoqda.",public_v2_adapter,"U Flekning o'ynagan o'yashini o'zilgan, FBI-yil o'yin o'ymidan o'qida o'yan o'kin o'yni o'ʻzagan o’zaganlar o'zgagan.",0.7408593000145629,59,False,False
eval_000513,ntrex,252,en,uz,President Trump has opened an FBI investigation into the allegations against Kavanaugh.,President Tramp Kavanaga qarshi ayblovlarni o‘rganish bo‘yicha FQB tergovini ochib bergan.,public_v2_adapter,Trump FBI Kavanaugh o'ynlari bilan birqashchi ko'lida bo'ilgan.,0.28000720008276403,25,False,False
eval_000514,ntrex,255,en,uz,"Britain's Prime Minister Theresa May arrives for the Conservative Party Conference in Birmingham, Britain, September 29, 2018.",Britaniya bosh vaziri Tereza Mey 2018-yil 29-sentabr kuni Birmingemda oʻtadigan Konservativ partiya anjumaniga tashrif buyuradi.,public_v2_adapter,"Britaniya premijer Theresa May 2018-yil 29-septemberda Birmingham, Britaniya-yolida Konservatif Parti konferansasi o'ynagan.",0.44974950002506375,40,False,False
eval_000515,ntrex,257,en,uz,Wayde Sims shooting: Police arrest suspect Dyteon Simpson in LSU player's death,Uyed Sims otishmasi:  Politsiya LSU oʻyinchisi oʻlimida gumondor Deyton Simpsonni qoʻlga oldi,public_v2_adapter,Wayde Sims o'zilgan: LSU qapirini bo'zida Dyteon Simpson o'zgagan polischi tutshilgan,0.3723809999646619,36,False,False
eval_000516,ntrex,271,en,uz,"""This is what you worry about at all times,"" Wade said.","“Bu doim xavotirga sabab boʻladi”, dedi Ueyd.",public_v2_adapter,"""Yolda o'zilgan siz o'yagan,"" Wade q'yil.",0.21863080002367496,23,False,False
eval_000517,ntrex,290,en,uz,"Narcis Termes, 68, an electrician attending the separatist protest with his wife said he was no longer hopeful about the prospects of Catalonia gaining independence.",68 yashar elektrik Narsis Termes oʻz turmush oʻrtogʻi bilan ayirmachilar namoyishiga chiqishganini va Kataloniya mustaqillikka erishishidan umidsiz ekanligini aytib oʻtgan.,public_v2_adapter,"68-yil Narcis Termes, separatist protestida o'ziga o'yagan elektrifikasi, Katalonya iskaratida oʻshilgan potentssiyallarini o'ynamidan olgan.",0.6025235999841243,52,False,False
eval_000518,ntrex,299,en,uz,"Three men, aged 33, 34 and 39, have been arrested after a car was repeatedly rammed into a house in Londonderry.","33,34 va 39 yashar uch erkak Londonderrida mashina uyga kelib urilganidan keyin hibsga olingan.",public_v2_adapter,"33, 34 va 39-yilda o'zlar Londonderryga bir qosida ko'zilgan o'zi bo'zdan o'zgagan.",0.45188169996254146,38,False,False
eval_000519,ntrex,30,en,uz,"Churches, he added, could be replaced by apartment buildings with condominiums filled with the kind of people who will not help the neighborhood's remaining sanctuaries.","Uning aytishicha, cherkovlar o‘rniga ko‘p xonali binolar quriladi, u yerda yashovchi odamlar esa mahalladagi qolgan ibodatxonalarga yordam bermaydi.",public_v2_adapter,"Kilisasi, o'yashdi, maholining o'zilgan sakramentatlar bo'ynagan o'yinga o'ynan ko'lida o'rgan kondominiya qosimlik o'lliyadi.",0.5880213000345975,58,False,False
eval_000520,ntrex,306,en,uz,Dolly Menga's strike proved to be the difference as Gary Holt's side moved level with Hibernian in second.,Dolli Menga zarbasi Geri Holt o‘yinchilarini “Hibernian” jamoasi bilan tenglashtiruvchi o‘zgarish bo‘ldi.,public_v2_adapter,Dolly Menga'yil o'zasi Gary Holt-yil oʻzasi ikkinda Hibernianga bo'zilgan.,0.3602029000176117,36,False,False
eval_000521,ntrex,307,en,uz,"Gerrard's side remain without an away win in the Premiership this season and face leaders Hearts, who they trail by eight points, next Sunday.","Jerardning jamoasi esa bu mavsumda mehmonda biror marta g‘alabaga erishmagan, yetakchilardan bo‘lgan va sakkiz ochko oldindagi “Hearts” bilan keyingi shanba yuzma-yuz keladilar.",public_v2_adapter,Gerrardning o'zasi bu sezon Premijerlikda o'yogida bo'ilgan va o'ynagan bir o'qotta o'yinlari o'yanlarga o'kin o'yunlar o'ymagan Hearts.,0.5974395000375807,59,False,False
eval_000522,ntrex,308,en,uz,"Before then, Rangers host Rapid Vienna in the Europa League on Thursday.",Ungacha esa payshanba kuni Yevropa ligasida “Rapid Vienna” jamoasiga mezbonlik qiladilar.,public_v2_adapter,"O'ynagan Rangers, xövratda Europa ligaga Rapid Vienna o'zilgan.",0.24765429995022714,26,False,False
eval_000523,ntrex,317,en,uz,"That pattern continued into the second half, though Alfredo Morelos did force a save from Kelly.","O‘yinning ikkinchi yarmida ham o‘yin shu zayil davom etayotgan edi, lekin orada Kelli Alfredo Morelosning jiddiy zarbasini bartaraf etdi.",public_v2_adapter,"Bu model o'zilgan, Alfredo Morelos Kelly bo'ynini yolladi.",0.22500489989761263,23,False,False
eval_000524,ntrex,343,en,uz,"The crash comes months after another cyclist died in a hit-and-run on Childers Street, about a mile away from Saturday's crash.","Hodisa Chaylders ko‘chasida, so‘nggi halokat bo‘lgan joydan deyarli bir mil uzoqlikda yana bir velosipedchi mashinada urib tashlanib ketgani sababli halok bo‘lganidan keyin bir necha oy o‘tib yuz berdi.",public_v2_adapter,"U o'ziy, Sabatda o'yashida o'ynagan o'yin mildan o'qilgan Childers Street va hit-and-runga bo'ilgan aylar o'r.",0.53361450007651,49,False,False
eval_000525,ntrex,345,en,uz,Road closures and bus diversions are in place and motorists have been advised to avoid the area.,"Yo‘l berkilgan, avtobus qatnovlari o‘zgartirilgan va haydovhilar bu yo‘ldan yurmasligi maslahat berilgan.",public_v2_adapter,U'zlar va bus tahtlari bo'shadi va motoristlar o'ziydan qilgan.,0.2763977999566123,28,False,False
eval_000526,ntrex,353,en,uz,"We do not tolerate violence in our prisons, and are clear that those responsible will be referred to the police and could spend longer behind bars.""","Qamoqxonalarimizda zo‘ravonlikka toqat qilmaymiz, voqeaga javobgar shaxslar politisyaga yuboriladi va ularning jazo muddati yana orttirilishiga amin bo‘lamiz.”",public_v2_adapter,"Biz biz qasharlarda o'zlamini tahlimli, va o'zglar polisida qaytilgan va barlarda o'yogagan bo'ynagan o'yindi o'ynan. """,0.5614301000023261,51,False,False
eval_000527,ntrex,368,en,uz,"First, Hurricane Rosa's path leads to landfall across the Baja California peninsula of Mexico.",Dastavval Roza bo‘ronining yo‘li Meksikoning Quyi shimoliy Kaliforniya yarimoroli bo‘ylab o‘tadi.,public_v2_adapter,"Birincisi, Hurricane Rosa bo'zida Meksikoya Baja Kaliforniya peninsula o'ynagan.",0.29619590006768703,30,False,False
eval_000528,ntrex,369,en,uz,"Rosa, still at hurricane strength Sunday morning with maximum winds of 85 miles per hour, is 385 miles south of Punta Eugenia, Mexico and moving north at 12 miles per hour.",Yakshanba erta soatlarda Roza Meksikoning Punta Yevgeniya janubidan 385 mil uzoqlikda soatiga 85 mil shamol tezligi bilan hamon bo‘ron kuchiga ega bo‘lib soatiga 12 mil tezlik bilan shimolga qarab yo‘l olgan.,public_v2_adapter,"Rosa, x'yokagan o'zilgan, 85 milda qosimlik maksimum rüzgarlarga yondaggi o'ynida o'yogidan 385 milda Meksiko-Yugeniya Punta va 12 milda ku'yolda bo'yilgan.",0.9437993000028655,68,False,False
eval_000529,ntrex,383,en,uz,"Trump says Kavanaugh 'suffered, the meanness, the anger' of the Democratic Party","Tramp Kavana Demokratlar partiyasining “razilligi, shafqatsizligidan” aziyat chekkanini aytib o‘tdi",public_v2_adapter,"Trump Kavanaugh ""yolida, Demokrati Parti'nin o'zasi"" o'ynagan",0.2686961001018062,27,False,False
eval_000530,ntrex,384,en,uz,"""A vote for Judge Kavanaugh is a vote to reject the ruthless and outrageous tactics of the Democratic Party,"" Trump said at a rally in Wheeling, West Virginia.","“Sudya Kavanaga ovoz berish Demokratlar partiyasining berahm va shafqatsiz taktikasiga qarshi ovoz berishdir”, dedi Tramp Ga‘rbiy Virjiniyadagi Viling yig‘ilishida.",public_v2_adapter,"""Yargida Kavanaugh o'zasi demokratik partiya bo'shilgan va u'zagan taktikini yolladi"" - Trump West Virginia-yil Wheelingga bir rallida o'yashdi.",0.7333407000405714,53,False,False
eval_000531,ntrex,395,en,uz,"The first key procedural vote on the Senate floor on Kavanaugh's nomination is expected to take place no later than Friday, a senior GOP leadership aide has told CNN.","Senatda Kavana nomzodligi bo‘yicha birinchi asosiy ovoz berish jumadan kech qolmaydi, degan Respublikachilar rahbarining katta yordamchisi CNN kanaliga.",public_v2_adapter,"Kavanaugh'yil nominasiyasi o'zilgan Senat bo'lida o'yashda o'ynagan o'r o'llini Cuma o'yinni o'nagan oʻzilgan, GOP qosiplik o'shadi o'qotasi CNN-i o'yu o'zgagan.",1.0521338999969885,78,False,False
eval_000532,ntrex,412,en,uz,"Communications ""were totally crippled with no information"" from Donggala, Nugroho said.","Donggaladan “deyarli hech qanday ma’lumot yo‘q”, aloqa uzilgan, dedi Nugroho.",public_v2_adapter,"Donggala va ""yolga o'zilgan"" qosiflik o'qotlar, Nugroho o'ynagan.",0.4362980000441894,34,False,False
eval_000533,ntrex,417,en,uz,"Within minutes a wall of water crashes onto the shore, carrying away buildings and cars.","Bir necha daqiqalardan so‘ng juda katta to‘lqin sohilga kelib urilgan va yo‘lidagi mashinalar, binolarni yuvib ketgan.",public_v2_adapter,"U dakikalarda o'ziy qosida bo'ilgan, binalar va avtomoballar yollagan.",0.3750450999941677,29,False,False
eval_000534,ntrex,421,en,uz,The city's airport has been reopened only for relief efforts and will remain closed until Oct.,Shahar aeroporti faqat yordam sa’y-harakatlari uchun ochiq va 2-oktabrgacha yopiq qoladi.,public_v2_adapter,Qytat u'riyotasi bo'ynilgan o'zashlar bo'zagan va Oktobda o'zgida o'yogʻlan.,0.4515875999350101,40,False,False
eval_000535,ntrex,423,en,uz,Indonesia Tsunami Toll Soars Above 800.,Indoneziyadagi tsunami sababli halok bo‘lganlar soni 800 dan ortdi.,public_v2_adapter,Indonesia tsunami 800-yildan o'zilgan.,0.14446580002550036,15,False,False
eval_000536,ntrex,428,en,uz,"Even as aid groups began the grim motions of starting the gears of disaster relief, some complained that foreign aid workers with deep expertise were being prevented from traveling to Palu.","Yordam ko‘rsatish guruhlari favqulotda vaziyatlarda olib boriladigan faoliyatlarini olib borishni boshlan bo‘lsalarda, ba’zilar favqulotda vaziyatlar bo‘yicha chuqur malakaga ega chet ellik yordam ko‘rsatish guruhlariga Paluga kirish ruxsat berilmagani haqida xabar berishgan.",public_v2_adapter,"U o'zlar bo'zalar qosqida bo'qida o'qimlik bo'xida boʻlida bo‘lida, birisi bo'lida o’zlarga bo'rgan bo'lliga bo'tlari Palu va qayilgan bo'ttagan bo'ilgan.",1.012066000024788,74,False,False
eval_000537,ntrex,434,en,uz,"On Saturday, a little boy was plucked from a sewer.",Shanba kuni kanalizatsiya quvuri ichidan kichik bolani qutqarib olishgan.,public_v2_adapter,"Sabadda, o'zdan bir o'zg bo'zga bo'qilgan.",0.2373574998928234,24,False,False
eval_000538,ntrex,439,en,uz,"Mr. Gendon recounted how, in the hours after the news of the Roa Roa Hotel collapse circulated among the paragliding community, he had desperately sent WhatsApp messages to the Palu competitors, who were taking part in the beach festival.",Janob Gendon Roa Roa mehmonxonasi qulagani haqidagi xabar paraplanerizm hamjamiyati orasida tarqalishi bilan WhatsApp ilovasi orqali sohil festivalida ishtirok etgan Paludagi raqiblarga umidsizlik bilan xabar yuborishni boshlagan.,public_v2_adapter,"Gendon, Roa Roa Hotelning o'zilgan o'ynagan o'yin o'yagan oʻzdan o'yun o'n o'nun o'qolida o'r o'lidan o'llagan o`zagan o’zagan bo'ilgan o‘zagan Palu o'ng o'zgagan o‘salarga WhatsApp mesajlar ko'yndi.",1.164666400058195,94,False,False
eval_000539,ntrex,454,en,uz,"As well as being an abbreviation of his current professional name, West has previously said the word has religious significance for him.",Hozirgi professional ismining qisqartmasi bo‘lish bilan bir qatorda Vest avval bu so‘z uning uchun diniy ahamiyatga ega ekanligini aytib o‘tgan.,public_v2_adapter,"U o'yani professional nimida abstraktga bo'ilgan, West o'ynatda bu kelimasi onun için dini o'zli o'yindi.",0.4754490000195801,41,False,False
eval_000540,ntrex,480,en,uz,Lee said immigration policy changes could also help the U.S. bolster its AI efforts.,Immigratsiya siyosatidagi o‘zgarishlar AQSHning S.I. sohasidagi sa’y-harakatlarni kuchaytirishi mumkin.,public_v2_adapter,Lee - immigratori politikasi bilan o'zlar U.S.da AI yuxashini bo'shagan o'ynadi.,0.33796849998179823,35,False,False
eval_000541,ntrex,483,en,uz,"China's National Natural Science Foundation provides funding to people at academic institutions similar to the way that the National Science Foundation and other government organizations dole out money to U.S. researchers, but the quality of academic work is lower in China, Lee said.","Xuddi Milliy fan jamg‘armasi va boshqa davlat tashkilotlari AQSHlik tadqiqotchilar uchun mablag‘ ajratganlaridek Xitoyning aniq fanlar bo‘yicha milliy jamg‘armasi akedemik muassasalaridagilarni moliyalashtiradilar, ammo Xitoyda ilimiy ishlar sifati pastroq, dedi Li.",public_v2_adapter,"China National Natural Science Foundation, National Science Foundation va o'zari g'olganlar US tutqilganga o'lida o'rasi bo'liga o'llagan o'tlamiylik institutiyonlarda o'ynagan oʻshadi o'yashdi, ama akademik o'nun o'nlari o'yinning o'ttlamiyini o'g'o'llidan o'sagan o`tlamisi o'ng o'ntlamiydi.",1.3997246000217274,115,False,False
eval_000542,ntrex,486,en,uz,"As for the NSF, it currently invests more than $100 million per year in AI research.",Milliy fan jamg‘armasi esa har yili S.I. tadqiqotiga 100 million AQSH dollari ajratadi.,public_v2_adapter,"NSF o'yilgan, o'ynda AI tyrimida 100 milyon dollardan fazla yondolga yatır.",0.33728289999999106,30,False,False
eval_000543,ntrex,50,en,uz,"His whole clavicle was ripped open,"" Hammel said he noticed once he got to the boy.","Jarohatdan uning oʻmrov suyagi ochilib qolgan edi”, dedi Xammel. U bolaning oldiga yetib borganida jarohatni koʻrgan.",public_v2_adapter,"U o'z q'ilgan bo'lli bo'lliyini yolladi,"" Hammel, o'ynagan o'yinga o'yolida o'q'ilgan o'rdi.",0.5624109000200406,49,False,False
eval_000544,ntrex,508,en,uz,"He said that a ""yes"" result would be ""confirmation of our future.""",U “ha” degan natija “kelajagimiz tasdig‘i bo‘lishini aytdi”.,public_v2_adapter,"U ""yani"" bilan ""yumolimasi biz'ilgan"" o'ynagan.",0.2580940000480041,24,False,False
eval_000545,ntrex,515,en,uz,"Sergio Aguero and Raheem Sterling dispatched of the Brighton defense in Manchester City's 2-0 win on Saturday at Etihad Stadium in Manchester, England.",Shanba kuni Angliyaning Manchsterida joylashgan Etihad maydonida Serxio Aguero va Rahim Sterling Brayton himoyasini yengib “Manchester City” jamoasiga 2-0 g‘alaba olib keldi.,public_v2_adapter,Sergio Aguero va Raheem Sterling Anglisiyasida Manchester City'nin Etihad stadionida 2-0 o'zilgan Brighton bo'ynagan bo'ilgan.,0.44620339991524816,41,False,False
eval_000546,ntrex,520,en,uz,He pushed around one defender before outrunning several more at the edge of the Brighton box.,U bir himoyachidan o‘tib Brayton jarima maydonchasi chetida yana bir nechtasidan o‘tib ketdi.,public_v2_adapter,U Brighton boxida o'zilgan o'yagan o'ynagan o‘yagan bo'yaga o'yin.,0.3470243999036029,34,False,False
eval_000547,ntrex,528,en,uz,That goal came in the 29th minute.,U gol o‘yinning 29-daqiqasida urilgan edi.,public_v2_adapter,Bu gol 29-yil dakida o'zilgan.,0.13245650008320808,14,False,False
eval_000548,ntrex,535,en,uz,"With the Nationals eliminated from playoff contention, there wasn't much reason to force another start.",Pley-off musobaqasini “Nationals” jamoasi tark etishi bilan yana bir o‘yin boshlash ehtiyoj qolmagan edi.,public_v2_adapter,"Nationallar playoff o'zdan bo'ilgan, birning o'ynagan o'yagan oʻzilgan o'yinli bo'zdi.",0.4279868999728933,39,False,False
eval_000549,ntrex,539,en,uz,"Why wouldn't I want to compete in that?""",Nimaga bu musobaqada ishtirok etmas ekanman?”,public_v2_adapter,"N'i'mga o'ynimda yarışmak ko‘min?""",0.2326735999668017,20,False,False
eval_000550,ntrex,553,en,uz,"He referenced Senate Judiciary Committee ranking Democratic Sen. Dianne Feinstein by name, which received loud boos from the audience.",U Demokratlar senatori Dayan Faynshteynni tilga olib senat adliya qo‘mitasini eslab o‘tdi. Uning bu gaplari olomonda salbiy hissiyotlarni uyg‘otdi.,public_v2_adapter,"U Senat xusiyari komitasi Demokrati senatori Dianne Feinstein nomida bo'shini o'zilgan, o'ynagan o'yogʻlanga bo'sini o‘zadi.",0.5589094000170007,54,False,False
eval_000551,ntrex,556,en,uz,"Uh, uh, what.","A, nima?",public_v2_adapter,"U, u, ko.",0.1250135999871418,9,False,False
eval_000552,ntrex,57,en,uz,"Giles noted that there are more than 135 shark species in the area, but most are not considered dangerous.","Jayls ushbu hududda 135 turdagi akula borligini, lekin ularning koʻpi xavfli emasligini qayd etgan.",public_v2_adapter,"Giles o'zida 135 yogga o'yogida bo'ilgan, mas'ilgan o'ynagan o'yinli o'ymadi.",0.39814810000825673,38,False,False
eval_000553,ntrex,571,en,uz,And that is not just my experience.,Va bu faqat mening boshimdan o‘tganlari emas.,public_v2_adapter,Bu bilan ma'minga o'zilgan.,0.13030049996450543,14,False,False
eval_000554,ntrex,577,en,uz,"I have had lots of advice over the past two years urging me to keep my head down, not to be so vocal and then I would ""be all right.""","Ikki yil davomida menga kamtarroq bo‘lish, ovozimni chiqarmaslik haqida va ana o‘shanda “hammasi yaxshi bo‘lishi” haqida juda ko‘p maslahat berildi.",public_v2_adapter,"U son 2 yilda o'zilgan, u o'zgdan ko'zagan, o'yoggan o'qimga bo'zlamam va o'ynam ""tullok o'yin"".",0.6506487000733614,51,False,False
eval_000555,ntrex,582,en,uz,"To those who promoted the motion on Friday, all I would say is that when the country is ploughing towards a Brexit that will hurt households, businesses and our public services, I do not understand the desire to waste time and energy on my loyalty to the Labour party leader.","Juma kungi harakatda tashabbus ko‘rsatganlarga aytmoqchi bo‘lgan yagona gapim, oilalarga, bizneslarga va ijtimoiy xizmatlarimizga zarar keltiruvchi Brexit tomon qarab ketayotgan bir vaqtda Leyboristlar yetakchisiga sadoqatlikka vaqtim va kuchimni ketkazish xohishini tushunmayman.",public_v2_adapter,"U bu motifini o'yaganlarga, u o'ynamida o'yin o'zilgan o'min o'ymgan o'mi o'r o'qim o'ladi Brexit o'yilda bo'ynagan ki o'lumlar, bizatalar va bizim jemsiyizga o'ilgan o`zagan o'zgidan o'g'ilgan ko'm o'llim labirent partiya qafida yildim o’zagan bo'zdan o'sir o'dzim o‘zagan.",1.7295938999159262,128,False,True
eval_000556,ntrex,583,en,uz,"But really the one message I have is not to Nottingham Momentum, it is to my constituents, whether Labour members or not: I am proud to serve you and I promise that no amount of deselection threats or political expediency will deter me from acting in what I believe are the best interests of you all.","Ammo yetkazishni istagan asosiy xabarim Notinghem Momentum uchun emas, balki xoh Leyborist bo‘lsin, xoh boshqa mening saylovchilarim uchundir: men sizlarga xizmat qilishdan mamnunman va hech qanday qayta saylash tahdidlari yoki siyosiy manfaat men muhim deb bilgan narsa – barchangizning manfaatlaringiz uchun kurashishdan qaytarmaydi.",public_v2_adapter,"Men, o'zimga bir mesaj Nottingham Momentumga va u o'yogganlarma bo'ynilgan: Biz sizida qolagan va ko'yugganlar va koʻyogdanlar o'yinning o'ynamiygi ma'yokgan o'ymagan va politik o'qotlamiygi sizlerin o'ygidanlar olganlarda o'yanlarga o'yaslanmdan o'yo'ynagan o'yun.",1.4080273000290617,114,False,False
eval_000557,ntrex,584,en,uz,Chris Leslie is MP for Nottingham East,Kris Lesli Nottinghem Sharq uchun parlament a’zosi,public_v2_adapter,Chris Leslie Nottingham East-yilda MP bo'ilgan,0.16963859996758401,18,False,False
eval_000558,ntrex,585,en,uz,Ayr 38 - 17 Melrose: Unbeaten Ayr go top,“Ayr” 38 - 17 “Melrose”: Yengilmas “Ayr” yuqoriga ko‘tarilmoqda,public_v2_adapter,Ayr 38 - 17 Melrose: Unbeaten Ayr topga o'zilgan,0.19574280001688749,21,False,False
eval_000559,ntrex,594,en,uz,"There was then a lengthy hold-up for a serious injury to Ruaridh Knott, who was stretchered off, and from the restart, Ayr surged further ahead through a Stafford McDowall try, converted by Climo.","Ruarid Notning jarohati uzoq to‘xtashga sabab bo‘ldi, uni zambilda maydondan olib chiqib ketishdi, bundan keyin “Ayr” jamoasi Stafford Maddoval urinishi va Klimoning yana bir realizatsiyasi bilan qo‘shimcha ochkoni qo‘lga kiritdi.",public_v2_adapter,"U o'ynilgan Ruaridh Knott, o'z bo'shagan o'yashida o'yin o'yan o'kin o'qiydi va qaytlanga Ayr Climo o'ʻzidan Stafford McDowall o'yu o'yasida o`zdan o'ya o'ttan o'zg.",0.9062734000617638,81,False,False
eval_000560,ntrex,600,en,uz,"The 56-year-old plays Jack Jarvis on the popular BBC show, which he writes and co-stars with long-time comedy partner Greg Hemphill.",56 yashar aktyor BBCning mashhur serialida Jek Jarvis rolini oʻynaydi. U oʻzining eski sherigi Greg Hemfill bilan birga serial ssenariysini yozadi va bosh rolni ijro etadi.,public_v2_adapter,"56-yil o'zari Jack Jarvis BBC va bo'zilgan, o'yol komediyat kumarga Greg Hemphillida ko'zadi.",0.4843356000492349,42,False,False
eval_000561,ntrex,619,en,uz,"""The issue of access to the sea has been hijacked by the current Bolivian administration,"" said Zárate.","“Dengizga chiqish yoʻli muammosi Boliviyaning joriy hukumati ixtiyoriga o’tdi”, dedi Zarate.",public_v2_adapter,"""Siyasga o'zagan qashqilgan bilan bolivianiyik administracioni bo'shadi"" - Zárate o'ynamida.",0.4120448000030592,39,False,False
eval_000562,ntrex,652,en,uz,Celebrity stylist Luke Armitage told FEMAIL: 'I'm expecting to see large hats and beach bags arrive on the high street for next summer - as the designer has made such a huge impact it would be hard to ignore the demand for the oversized accessories.',"Taniqli stilist Lyuke Armitaj FEMAIL nashriga shunday dedi: “Keyingi yoz mavsumida ulkan shlyapalar va plyaj sumkalari ko‘chalarda ham paydo bo‘lishiga ishonaman, chunki bu dizayner juda katta ta’sir qilgan va ulkan hajmli aksesuarlarga bo‘lgan talabga e’tibor bermaslikning iloji bo‘lmaydi.”",public_v2_adapter,"FEMAIL-yilda o'zari stilist Luke Armitage: ""M'yim, birgondayga o'zgida o'qidan va plazh baglar bo'ilgan o'ynamagan - designer o'yin o'yash o'yan o'kin o'yun o'nun o'ʻynamiyini o'ymagan o'n o'yo'ynagan o`ynamisi o'yni o'yu o'yragan o’ynagan bo'ynan o'nan o'r o''ynaman o'",1.6579706999473274,129,False,True
eval_000563,ntrex,66,en,uz,Online shopping and a shift towards buying small amounts of food daily at local convenience stores means supermarkets are having to do more to persuade people to visit.,Supermarketlar onlayn xaridlar va kichik hajmdagi mahalliy do‘konlarda o‘z ehtiyojlarini qondiradigan iste’molchilar e’tiborini qozonish uchun supermarketlar yaxshiroq harakat qilishlari kerak bo‘lmoqda.,public_v2_adapter,"Online o'zlar va lokal o'zglar mağazalarda günlük o'yogida o'ynamiy o'yinning o'qilgan o'rlar, o'llar o'yu o'nagan o'yanlar o`zidan o'ymagan o‘zlar.",1.1300392999546602,72,False,False
eval_000564,ntrex,671,en,uz,"According to a YouGov poll of more than 4,000 UK adults in 2013, 75 per cent were unable to speak a foreign language well enough to hold a conversation and with French being the only language spoken by a double-digit percentage, 15 per cent.","2013-yilda YouGov portali tomonidan 4000 dan ortiq katta yoshlilar oʻrtasida oʻtkazilgan soʻrovga koʻra, 75 foiz odam xorijiy tilda suhbat olib borish uchun yetarli darajada yaxshi gapira olmasligini bildirgan, fransuz tili esa 15 foiz odam biladigan yagona til boʻlgan.",public_v2_adapter,"2013-yilda Ujogov 4 000-yildan o'zidanga o'yagan o'ynagan o‘yaganga, 75 procenti qosirchi o'yin o'yan o'yun o'nun o'nin o'yu o'ʻyagan bo'ilgan o'qosir o'yo'yani o'ya o'ymagan o’yagan va Fransish o'yni o'ygiyagan o`yagan bu'yagida o'nyagan o ́yagan, 15 procenti.",1.9932232999708503,122,False,False
eval_000565,ntrex,680,en,uz,"Independent schools will continue to offer this choice, diversity and excellence for Scotland's young people.","Mustaqil maktablar Shotlandiya yoshlari uchun bu kabi tanlov, xilma-xillik va afzalliklarni taklif qilishda davom etadi.",public_v2_adapter,"U'zoliylar Skotski yo‘lida bu seçkin, farklat va yuxalini o'ynagan.",0.452706600073725,33,False,False
eval_000566,ntrex,681,en,uz,Il faut bien le faire.,Il faut bien le faire.,public_v2_adapter,U ham o'zli bo'z.,0.16170370008330792,13,False,False
eval_000567,ntrex,70,en,uz,"Sainsbury's tested a joint venture with Boots in the early 2000s, but the tie-up ended after a row over how to split the revenues from the chemist's stores in its supermarkets.","Sainsbury 2000-yillar boshida Boots bilan birgalikda qo‘shma korxona ochib ko‘rgan, ammo supermarketlardagi dorixonalardan tushgan daromadni taqsimlash borasidagi tortishuvlar sabab aloqa uzilgan edi.",public_v2_adapter,"Sainsbury 2000-yilda bootsga joint venture bilan o'zilgan, mas u bu ma'shlar kimyasik mağazalardan qaytashini yollagan o'ynagan oʻzidan o'zgida o'qotasi bo'zgan.",0.7818871999625117,65,False,False
eval_000568,ntrex,705,en,uz,"""It's not a good sign for Morrisey that the president has to come to try to give him a boost in the polls,"" said Simon Haeder, a political scientist at West Virginia University, according to Reuters.","Reuter nashrining xabariga koʻra, Gʻarbiy Virjiniya Universiteti siyosatshunosi Saymon Xeder “saylovda Morrisseyni koʻtarish uchun prezidentning oʻzi kelishga majbur boʻlishi yaxshi alomat emas”ligini ta’kidlagan.",public_v2_adapter,"""Morrisey'i presida o'ynamasi bilan bo'shini o'zagan o'yindi va o'qilgan o'kin bo'zadi o'ʻzadi,"" - Reutersning, West Virginia universitetining politiyatist Simon Haeder o'yash.",0.8360568999778479,69,False,False
eval_000569,ntrex,706,en,uz,Ryder Cup 2018: Team USA show stomach for fight to keep hopes alive heading into Sunday singles,Rayder kubogi 2018: AQSH jamoasi yakshanbadagi yakka bahslar oldidan ruhni tushirmasdan davom etishga jurʼat koʻrsatdi,public_v2_adapter,"Ryder Cup 2018: Team USA - o'ziylar, yondagida singlesga bo'ilgan umudlar bo'ynagan bo'iladi.",0.4435691999970004,37,False,False
eval_000570,ntrex,71,en,uz,"The new strategy comes after Sainsbury's sold its 281-store pharmacy business to Celesio, the owner of the Lloyds Pharmacy chain, for £125m, three years ago.",Yangi strategiya uch yil avval Sainsbury 281 ta do‘kondagi dori-darmon bo‘limlarini “Lloyds Pharmacy” dorixonalar tarmogʻiga egalik qiluvchi “Celesio” kompaniyasiga 125 million funt sterlingga sotganidan keyin qabul qilingan.,public_v2_adapter,"U bilan strateji Sainsbury 281-yolda farmakoloji biznesini Lloyds Pharmacy chenagi o'ynagan Celesio, 125m £, 3 yildan o'zilgan o'yin.",0.5816629000473768,52,False,False
eval_000571,ntrex,711,en,uz,"Europe have the advantage, of course, four points ahead with twelve more in play.","Albatta, toʻrt ochkolik ustunlik Yevropa jamoasi tomonda va oldinda oʻn ikkita oʻyin bor.",public_v2_adapter,"Europa, o'zilgan, o‘zdan o'qida o'yagan, o’zdan yondolda o'ynasi o'yin.",0.4386543999426067,39,False,False
eval_000572,ntrex,716,en,uz,"""You've really just got to dig deep and worry about your own match,"" Spieth said.","“Shunchaki astoydil harakat qilish va oʻz oʻyiningiz uchun jon kuydirish kerak,” –  dedi Spayt.",public_v2_adapter,"""Yonning va siz o'zilgan va ma'shini bo'ynagan va u'zagan va"" Spieth.",0.3992347000166774,33,False,False
eval_000573,ntrex,731,en,uz,Europe will take a healthy advantage into the final day of the Ryder Cup after emerging from Saturday's fourballs and foursomes matches with a 10-6 lead over the United States.,Yevropa shanba kuni golfning toʻrt toʻplik va toʻrt otishlik oʻyinlarida 10-6 hisobida AQSHdan ustun kelganidan keyin Rayder Kubogining soʻnggi kunida salmoqli ustunlikka ega boʻladi.,public_v2_adapter,"Europa Ryder Cupning finalda 10-6 o'yashida o'zilgan sabotunda bo'zdan va foursomes ma'raganga qay'tilgan, riyadi bilan safida o‘zli o'qasi bo'di.",0.7681940998882055,61,False,False
eval_000574,ntrex,745,en,uz,North Korea says 'no way' will disarm unilaterally without trust,"Shimoliy Koreya ishonch hosil qilinmasa, “hech qanaqasiga” bir taraflama qurolsizlanmasligini aytdi",public_v2_adapter,"Kuyrur Kore ""hay o'z"" biril-temsida bo'shilgan.",0.2863511999603361,24,False,False
eval_000575,ntrex,746,en,uz,North Korea's foreign minister told the United Nations on Saturday continued sanctions were deepening its mistrust in the United States and there was no way the country would give up its nuclear weapons unilaterally under such circumstances.,Shimoliy Koreya Tashqi ishlar vaziri shanba kuni Birlashgan Millatlar Tashkilotiga sanksiyalarning davom etayotganligi AQSHga nisbatan ishonchsizlikni kuchaytirayotgani va mamlakat hech qanday vaziyatda atom qurolidan bir taraflama voz kechmasligini maʼlum qildi.,public_v2_adapter,Kuyriy Koreya qashminasi U'zong-yunanida sabotada o'zilgan sanksyonlar USA-yilda o'ynamini bo'shagan va bu tara o'yin o'nukoliyini o'lidan o'rdan o'llagan o'tlangan o'qlamadi o'yagan.,0.9589170999825001,84,False,False
eval_000576,ntrex,747,en,uz,"Ri Yong Ho told the world body's annual General Assembly that North Korea had taken ""significant goodwill measures"" in the past year, such as stopping nuclear and missiles tests, dismantling the nuclear test site, and pledging not to proliferate nuclear weapons and nuclear technology.","Ri Yong Xo har yilgi Bosh Assambleyada Shimoliy Koreya oʻtgan yili “muhim salmoqli choralar”ni amalga oshirgani, jumladan, yadro va raketa sinovlarini toʻxtatish, yadro poligoni demontaj qilish va atom hamda yadro texnologiyalarining tarqalmasligi choralari koʻrilganini aytdi.",public_v2_adapter,"Ri Yong Ho ""yoliylik jeneral asambladida"" o'zaganda, Kuyrik Kore ""yotomiylik va rakit testini yosumilgan, nükleer test sitasi bo'shagan va nüklekli silahlar va nörolojik teknoloji bo'sagan olgan o'ynamidan o'yinlari"" oʻzagan.",0.9682096999604255,91,False,False
eval_000577,ntrex,758,en,uz,"The minister instead highlighted three meetings between Kim and South Korean leader Moon Jae-in in the past five months and added: ""If the party to this issue of denuclearization were South Korea and not the U.S., the denuclearization of the Korean peninsula would not have come to such a deadlock.""","Vazir buning oʻrniga soʻnggi besh oy ichida Kim va Janubiy Koreya rahbari Mun Je-in oʻrtasida uchta uchrashuv boʻlib oʻtganini taʼkidladi va: “Agar yadro qurolidan holi boʻlish muammosi boʻyicha ikkinchi taraf AQSH emas, Janubiy Koreya boʻlganida, Koreya Yarimorolining yadro qurolidan holi etish shu qadar boshi berk koʻchaga kirib qolmagan boʻlardi”, – deb qoʻshimcha qildi.",public_v2_adapter,"Kim va Koreyani lider Moon Jae-in o'ynilgan bu qombida bo'zilgan o'zagan o'zgini yilddi va ""bu demuklearizasyon probleminin partii, Amerika ko'lasi olgan, Koreyanska peninsula demuklirizasyon o'yin o'g'ilgan oʻzigan o'qlamadi bo'ilgan"".",0.9839278999716043,89,False,False
eval_000578,ntrex,760,en,uz,"This year at the United Nations, Trump, who last year threatened to ""totally destroy"" North Korea, heaped praise on Kim for his courage in taking steps to disarm, but said much work still had to be done and sanctions must remain in place until North Korea denuclearizes.","Oʻtgan yili Shimoliy Koreyani “butunlay vayron qilishi”ni aytgan Tramp, bu yilgi BMT yigʻilishida, Kimni qurolsizlanish yoʻlidagi jasorati uchun maqtadi, ammo bu borada hali koʻp ishlar amalga oshirilishi zarurligi hamda Shimoliy Koreya atom qurolidan holi boʻlmaguncha, sanksiyalar saqlanib turishi maqsadga muvofiq ekanligini aytdi.",public_v2_adapter,"Bu yil U'nunda Trump, yunanda Kuyrik Koreyu ""totalga bo'shida"" o'ynagan, Kimchi silahlanma bo'zilgan o'zasi bilan q'ilgan oʻzadi va o'yin o'yashidan o'q'ilgan bo'sagan o'rgan bo'tlari bo'lagan oʻtlamlar bo'llagan.",1.024157700012438,94,False,False
eval_000579,ntrex,772,en,uz,An academic found students at the world's number one university are often clueless when it comes to the very basics about how to look after themselves.,"Akademiklardan biri dunyodagi birinchi raqamli universitet talabalari oʻzlariga gʻamxoʻrlik qilishni bilmaydi, deb topdi.",public_v2_adapter,"U'yolda bir numaralı universitetida akademik o'zagan studentlar, o'ynamida o'yinning o'yogasi o'yan o'yun o'nun o'nlari o'nan o'qilgan o'rga o'lli.",0.7999184000073001,64,False,False
eval_000580,ntrex,775,en,uz,"'At the end of it one girl came up to me and said: 'Why am I only being told this now, in my senior year?'","“Maʼruza yakunida bir talaba qiz yonimga kelib, soʻradi: “Nima uchun menga bu haqida hozir, yuqori kurs boʻlganimdan keyin aytishyapti?”",public_v2_adapter,"U o'yagan o'zdan bir o'ynani u q'ilgan va: ""Nobim bu, o'yin o'q'yilda ko'zgan o'zgdan o'g'ilgan?""",0.5605518999509513,52,False,False
eval_000581,ntrex,781,en,uz,"In another section, participants are told how long-term sleep deprivation can increase risks of heart attacks, stroke, depression and cancer.","Boshqa boʻlimda ishtirokchilarga koʻp uxlash yurak xuruji, insult, depressiya va saraton kasalliklariga chalinish xavfini kuchaytirishi haqida maʼlumot beriladi.",public_v2_adapter,"U o'zda, qosiplari o'yagan bo'ilgan u o'ynamiyasi bo'yani bo'ynama bo'ya bo'yinlik bo'kinlik boʻynama, tahri, depresyon va kanser riski bo'yil.",0.6908569999504834,64,False,False
eval_000582,ntrex,786,en,uz,"Ensuring you have enough sleep, of a good quality, should be a student's 'secret weapon' to combat stress, exhaustion and anxiety, he said - even to avoid putting on weight, as sleep deprivation puts the brain into starvation mode, making them constantly hungry.","Yetarli va sifatli uyqu talabaning stress, charchoq hamda toliqishga qarshi “sirli quroli” boʻlishi kerak, – deydi u, – hattoki ortiqcha vaznga ham uyqusizlik sababchi. Chunki,uyqu yetishmasligi miyani ochlik rejimiga sozlaydi, bu esa oʻz navbatida doimiy ochlikni his qilishga olib keladi.",public_v2_adapter,"U u o'z, o'yiyiyiy o'yin bo'ynagan, stresi, yorgullasi va kaygida bo'ilgan student ""shimlik silah"" olgan, oʻz - o'ynamdan o'kin o'qlamash o'yni bo'zdan o`z, u o`yogdan o‘z bo'tlama o'rini bo'lida bo’zga bo'lladi, o‘yogda bo'ttan o'zglari bo'chlar.",1.31859819998499,123,False,False
eval_000583,ntrex,793,en,uz,"The Ibrox side were looking to record their first win on the road since February's 4-1 triumph at St Johnstone, but Gary Holt's team inflicted just Gerrard's second defeat in 18 games as manager to leave his side eight points adrift of runaway Ladbrokes Premiership leaders Hearts.","“Ibrox” klubi fevral oyida “St Johnstone” bilan o‘yinda 4-1 hisobda zafar quchganlaridan beri mehmonda birinchi g‘labani hisoblariga yozish niyatida bo‘lgan edilar, ammo Gari Holt jamoasi Djerard murabbiylikni o‘z bo‘yniga olganidan beri 18 ta oyinda ikkinchi mag‘lubiyatni olib keldi, uning jamoasi “Ladbrokes” premier ligase yetakchilari “Hearts”dan sakkiz ochko ortda qolmoqda.",public_v2_adapter,Ibrox o'zasi Fevralda St Johnstonega 4-1 triumfdan bu o'yolda bo'ilgan o'ynagan bo'ynagida bo'zigan bo'yogini bo'yo'yagan boʻyagan Gerrardning 18 ma'yaga bo'ya bo'yasida bo`yagan o'yin bo'yan bo'agan bo`ynagiga bo'yil bo'ysagan bo‘yagan Bo'yani bo'ytagan bo’yagan.,1.2410331000573933,119,False,False
eval_000584,ntrex,808,en,uz,Gerrard acted at the break as he swapped Coulibaly for Ryan Kent and the switch almost provided an immediate impact as the winger slotted in Morelos but the impressive Kelly raced from his line to block.,"Jerard tanaffus vaqtida Kulibalini Rayan Kentga almashtirdi, bu o‘zgartirish shu zahotiyoz ta’sirini ko‘rsatdi, hujumchi Morelosning yo‘lini kesib o‘tdi, ammo Kelli o‘z chizig‘idan himoyaga yetib keldi.",public_v2_adapter,"Gerrard Coulibaly Ryan Kent va ko'lida ko'llibali bo'ilgan o'zda o'yagan, Morelosga yogasi bo'zgan bo'yilgan oʻzdan o'ynadi o'yin o'qidan o'yan o'kin o'yun o'yu bo'yndi.",0.8299446000019088,80,False,False
eval_000585,ntrex,809,en,uz,"But Livingston continued to suck the visitors into playing exactly the type of game they enjoy, with Lithgow and Halkett sweeping up long ball after long ball.","Ammo “Livingston” mehmonlarni aynan o‘zlari istagan o‘yinni o‘ynashga majbur qildilar, Litgou va Halket ketma-ket uzun to‘p oshirishlarni amalga oshirdilar.",public_v2_adapter,"U Livingston o'zilgan, o'zgdan o'yagan o'ynagan o‘yagan bo'ilgan, Lithgow va Halkett o'yin o'yu o'yun o'yan o'nun o'ygidan o'qida bo'qidan o’qida o'xagan.",0.7508991999784485,75,False,False
eval_000586,ntrex,833,en,uz,"Kanye West Embarked on a Pro-Trump Diatribe, Wearing a MAGA Hat, After his SNL Appearance.",Kanyi Uest SNL dasturi ishtirok etdi va MAGA kepkasini kiygan holda Trampni oqlovchi tanqidga kirishdi.,public_v2_adapter,"Kanye West SNL o'zilgan, Magda Hat bo'ilgan Pro-Trump diatribega u o'yagan.",0.33704689994920045,33,False,False
eval_000587,ntrex,846,en,uz,"And then they say I'm in a sunken place,"" he said, according to the Washington Examiner.","Va shundan keyin ular men gʻarq boʻlgan joyda ekanligimni aytishdi”, – dedi u “Washington Examiner” nashriga.",public_v2_adapter,"U o'zlar, ""mimi yoggan bir yerida ko'lagan,"" Washington Examinerga u o'rilgan.",0.3541550999507308,34,False,False
eval_000588,ntrex,850,en,uz,"West had been brought in as a late replacement for singer Ariana Grande, whose former boyfriend, the rapper Mac Miller had died a few days ago.","Uestni Ariana Grandening sobiq yigiti – Mak Miller bundan bir necha kun muqaddam olamdan oʻtgani sababli, oʻrindosh sifatida tadbirga olib kelishgan.",public_v2_adapter,"West, Ariana Grande-yil o'zari boynini rapper Mac Miller o'yilgan o'yin bir gün o'ynagan o'rgan o'lida bo'lidan.",0.5143357999622822,47,False,False
eval_000589,ntrex,866,en,uz,Kit Harington is known for his sword-swinging role as Jon Snow in HBO's violent medieval fantasy series Game of Thrones.,Kit Xerington HBOʼning oʻrta asr jangari fantastikasi hisoblangan “Taxtlar oʻyini” filmida jangchi Jon Snou roli bilan tanilgan.,public_v2_adapter,Kit Harington HBO-yil o'zilgan mediyoliy fantazi seriali Game of Thronesda Jon Snow va sabot-swinging rolini bo'ilgan.,0.4497351999161765,43,False,False
eval_000590,ntrex,887,en,uz,"The vast majority of new cases were transmitted through sex, marking a change from the past.","Yangi holatlarning aksariyati, avvalgi yillardan farqli ravishda, jinsiy aloqa orqali yuqtirilgan.",public_v2_adapter,"U bilan o'zlarga o'yagan o'ynasi sex yolda yilgan, o'yindan o'yan bir o'ylini marxida.",0.4255050999345258,40,False,False
eval_000591,ntrex,888,en,uz,"Traditionally, HIV spread rapidly through some parts of China as a result of infected blood transfusions.","Odatda, OIV Xitoyning baʼzi hududlarida infeksiyalangan qon quyish oqibatida tez tarqalar edi.",public_v2_adapter,"Tradiyal olarak HIV, Xinasida o'zilgan transfusiya bo'ynagan o'yashda o'yinli bo'yadi.",0.38912169996183366,38,False,False
eval_000592,ntrex,905,en,uz,"""The member of my staff - whose identity, personal information, and safety have been compromised as a result of these fraudulent and false allegations - was in no way responsible for the leak of this information.","“Shaxsiy maʼlumotlari, xavfsizligi va shaxsi ushbu yolgʻon daʼvolar tufayli xavf ostida qolgan xodimim bu maʼlumotlarning tarqalib ketishiga hech qanaqasiga javobgar emas.",public_v2_adapter,"""Miy personalni - o'z, o'zg, oʻz o'g'ilgan o'yagan kimlik, o`z o‘z bilan va o'q'ilgan q'ilgan istimchi - bu o'yin bo'ynlari o'ynagan o'ygdan o'n o'ng o'yun o'ymagan o’ynagan.",0.8812143999384716,86,False,False
eval_000593,ntrex,906,en,uz,"This unfounded allegation is completely false and an absolute lie.""",Bu asossiz daʼvo butunlay soxta va mutlaqo yolgʻon”.,public_v2_adapter,"Bu o'zilgan o'qotasi va abstrakt yalan bo'ilgan.""",0.2295380000723526,23,False,False
eval_000594,ntrex,915,en,uz,"Omar Navarro, a Republican candidate running to unseat Waters in the midterm elections, also voiced his thoughts on Twitter.",Uotersning oraliq saylovlardagi raqibi boʻlgan Respublikachilar partiyasi nomzodi Omar Navarro ham Twitterda bu voqeaga nisbatan oʻz fikrini bildirdi.,public_v2_adapter,U mid-term valida Waters o'ynashini o'zagan Republican kandidaat Omar Navarro Twitterda o'yogʻilgan.,0.39984630001708865,37,False,False
eval_000595,ntrex,924,en,uz,"He's also originally based on the traveller and international man of mystery Atkinson once played in the now forgotten Barclaycard TV ads, leaving chaos in his wake.","Uning kelib chiqishi aslida oʻz ortidan tartibsizlik qoldirib, hozirda unutilib ketgan Atkinson ijrosidagi “Baryclaycard” kompaniyasi tele-reklamalarida tasvirlangan sayohatchi va xalqaro mistik kishi qahramoniga ham asosnlangan. Jonni Inglishning soʻnggi chiqishida esa bir yoki ikkita yaxshi sahnalar bor.",public_v2_adapter,U o'zilgan Barclaycard TV reklamlarda o'ynda o'yagan atkinson gizemli o'yin va ulidanga bo'shini yogdi.,0.5146742999786511,44,False,False
eval_000596,ntrex,944,en,uz,The party reportedly wants company bosses to pass on savings made through the artificial intelligence (AI) revolution to workers by giving them an extra day off.,"Ma’lumotlarga ko‘ra, partiya korxonalar boshliqlari sun’iy intellekt (SI) inqilobi orqali tejalgan mablag‘lar hisobiga ishchilarga qo‘shimcha dam olish kuni berishni talab qilgan.",public_v2_adapter,"Partia, korporatiyalar patronlar, bu y'y'y-y'ya (AI) revolusionda o'zilgan o'yagan o'ynagan o`yagan bo'yaga o'yin o'yan o'yun o'nun o'nin o'ymagan.",0.6949106000829488,69,False,False
eval_000597,ntrex,963,en,uz,"I called him after this happened, that allegation came out, said, 'Did you do it?'","Ayblovlar yangraganidan keyin unga qo‘ng‘iroq qildim, undan “Sen buni qildingmi?”, deb so‘radim.",public_v2_adapter,"U bu o'zdan sonra ko'lga qaytadi, o'ynasi o'yagan: ""Hat't siz o'yin?",0.388144199969247,37,False,False
eval_000598,ntrex,985,en,uz,"In response to one of the FAQs on its website asking ""what makes you think we can end extreme poverty?""",Tashkilot vebsaytining savol-javob bo‘limidagi “jadal qashshoqlikni to‘xtata olaman deyishga nima xizmat qiladi?” degan savoliga,public_v2_adapter,"U internet sitasi FAQ-yildan birini o'zagan ""yolimiying bizning ekstrem yoksullu bo'ynilgan olgan?"", ""yogimiyiz"" q'ilgan.",0.4930772999068722,48,False,False
eval_000599,ntrex,995,en,uz,"Zinke was addressing the attendees of the event hosted by the Consumer Energy Alliance, a non-profit group which styles itself as the ""voice of the energy consumer"" in the US.","Zinke Isteʼmolchilar energetikasi ittifoqi (Consumer Energy Alliance), AQSHda oʻzini “energetika isteʼmolchilari ovozi” sifatida koʻrsatadigan notijorat guruh mezbonlik qilayotgan tadbir qatnashchilariga murojaat qilayotgandi.",public_v2_adapter,"Zinke ""energiyolik o'z"" USA-yilda ""gullida o'zg"" o'qilgan, konsumer enerji aliansi, bo'zli o'yash g'zili o'yin o'ynagan o'kin o'yanlarga o'ʻrgan o'ng o'yun o'nun o'yu o''ynasi.",0.9468122000107542,88,False,False
eval_000600,ntrex,100,uz,en,Tramp “diktorlarning” ovoziga taqlid qilib shunday dedi:,"Trump said in his mock ""news anchor"" voice.",public_v2_adapter,"Trump said in response to the ""dictature"" statement:",0.1819821000099182,16,False,False
eval_000601,ntrex,1005,uz,en,"Rossiya prezidenti Vladimir Putin va Germaniya kansleri Angela Merkelning yaqinda boʻlib oʻtgan uchrashuvidan soʻng, Germaniya sanoat federatsiyasi boshligʻi Diter Kempf, “Uchinchi davlatning energetika taʻminotimizga aralashishi men uchun katta muammo tugʻdiradi”, dedi.","""I have a big problem when a third state interferes in our energy supply,"" Dieter Kempf, head of the Federation of German Industries (BDI) said following a recent meeting between German Chancellor Angela Merkel and Russian President Vladimir Putin.",public_v2_adapter,"In a meeting with Russian President Vladimir Putin and German Chancellor Angela Merkel, German Federal Political Party Diter Kempf said: “The economy has been increasingly expanded by our energy levels.”",0.5217512999661267,46,False,False
eval_000602,ntrex,1028,uz,en,Oʻn sakkizta shtat hamda Kolumbiya okrugi AQSHning yangi kiritilgan oilaviy zoʻravonlik va jinoiy toʻdalardan qochib kelayotganlarga boshpana bermaslik siyosatiga qarshi huquqiy harakatni qoʻllab-quvvatlamoqda.,Eighteen states and the District of Columbia are supporting a legal challenge to a new U.S. policy that denies asylum to victims fleeing gang or domestic violence.,public_v2_adapter,"In his recent study, the state of Colombia has developed a new system for agricultural and industrial development in the region of AQSH, which is based on the British economy.",0.39909800002351403,38,False,False
eval_000603,ntrex,1030,uz,en,Daʼvogarning toʻliq ismi  avgustda Amerikaning fuqarolar erkinligi ittifoqi tomonidan federal siyosatga qarshi qoʻzgʻatilgan Grace v. Sessions nomli daʼvosida maʼlum qilinmagan.,The full name of the plaintiff in the Grace v. Sessions suit that the American Civil Liberties Union filed in August against the federal policy has not been revealed.,public_v2_adapter,"The name of the dog was named Grace v. Sessions, a member of the American People's Alliance for Women in August.",0.35900469997432083,33,False,False
eval_000604,ntrex,1034,uz,en,AQSHning yangi qochoqlarga boshpana berish siyosati oilaviy zoʻravonlikdan qochib kelgan hujjatsiz immigrantlarga boshpana soʻrab ariza topshirish imkonini beruvchi Immigrantlar ishlari boʻyicha kengash tomonidan qabul qilingan 2014-yilgi qarorni bekor qildi.,The new U.S. asylum policy reversed a 2014 decision by the Board of Immigrant Appeals that allowed undocumented immigrants fleeing domestic violence to apply for asylum.,public_v2_adapter,"The previous year, AQSH was awarded the title of Immigrants for the 2014 Year, which has been a member of the National Assembly for immigration and immigration to immigrants who have been unemployed by the country.",0.6373970999848098,55,False,False
eval_000605,ntrex,1041,uz,en,Tirik qolganlarni topish poygasida halok boʻlganlar soni ikki baravar ortgan bir vaqtda Paluda tushkun qutqaruv harakatlari davom etmoqda,Desperate rescue efforts in Palu as death toll doubles in race to find survivors,public_v2_adapter,"In the middle of the towns, there are many people who have been killed in a small village in Paluda.",0.3349410999799147,28,False,False
eval_000606,ntrex,1054,uz,en,"Ularga shikast yetmagan, deb umid qilaman”.","I hope they are safe.""",public_v2_adapter,"I have a lot of hope and I can't wait.""",0.17922630009707063,16,False,False
eval_000607,ntrex,1076,uz,en,"Fordning Oliy sud sudyaligiga nomzodni unga nisbatan jinsiy tajovuz qilganlikda ayblab kiritgan daʼvosi boʻyicha omma oldida guvohlik berishidan oldin ham tahlilchilar, agar respublikachilar shu nomzodni tasdiqlashsa, noroziliklarga duch kelishlari mumkinligini taxmin qilgandi.","Even before Ford's public testimony detailing her allegations of sexual assault against the Supreme Court nominee, analysts suggested a backlash could follow if Republicans pushed forward with the confirmation.",public_v2_adapter,"Ford's all reviews were from the publication of a new train in the southern coast of the island, where it was noted that the republics had been registered as a member of the country, and the Norwegian government had been informed about their own rights.",0.6194273999426514,61,False,False
eval_000608,ntrex,110,uz,en,Endi esa munosabatlarimiz ajoyib.”,"Now we have this great relationship.""",public_v2_adapter,Now we have these plans.”,0.09010249993298203,9,False,False
eval_000609,ntrex,1108,uz,en,"Birinchi jahon urushida jangchi sifatida qatnashib, Viktoriya xochi bilan taqdirlangan anglikan cherkovining yagona ruhoniysi ushbu sovrinni qoʻlga kiritganiga 100 yil toʻlishi munosabati bilan uning ona shahrida xotira kechasi oʻtkazildi.",The only Church of England cleric to win a Victoria Cross during World War One as a combatant has been celebrated in his hometown 100 years on.,public_v2_adapter,"The first time he was born in the village of Cherkov, England, where he had been born for 100 years after his death.",0.30630930000916123,30,False,False
eval_000610,ntrex,1118,uz,en,"Maykl Van “paradda ishtirok etish uning uchun sharaf” ekanini aytib, “haqiqiy qahramonimizning shon-shuhrati koʻplab odamlar tomonidan koʻrsatilayotgan qoʻllab-quvvatlash orqali namoyon qilinayotgani”ni taʼkidladi.","Michael Vann said he was ""feeling very honoured to play a part in the parade"" and added ""the valour of a genuine hero is being demonstrated by the support that is going to be given by a lot of people.""",public_v2_adapter,"Maykl Van described his ""sign for the family in the house"" as a ""real hero who wants to make our family home-friendly rooms.",0.3682688999688253,36,False,False
eval_000611,ntrex,112,uz,en,"U Kim bilan munosabatlari haqida soʻzlab berar ekan, oʻzining noodatiy yondashuvini himoya qildi.",And he defended his unusual approach in talking about relations with Kim.,public_v2_adapter,He was a great man who had lost his lives and made his own life.,0.19142980000469834,19,False,False
eval_000612,ntrex,1135,uz,en,"Biz janglar sonini odatdagi oltitadan beshtagacha tushiramiz. Muxlislarga kutganlaridan koʻprogʻini taqdim etishga intilib, biroz qoqildik.",We'll keep it down to five fights instead of six - like we normally do - and we tried to overdeliver for the fans and we just went over.,public_v2_adapter,"We had a lot of trouble with the rest of our house, and we had a little bit of troubles for the rest.",0.3048731000162661,30,False,False
eval_000613,ntrex,1147,uz,en,U koʻngilsiz oqibatlarsiz ochiqchasiga yashay olganidan oʻzini omadli deb his qilgani va boshqalarga “umid” berishni xohlagani uchun gapirishga qaror qilganini aytdi.,"He said he spoke out because he felt lucky to be able to live openly without ramifications and wanted to give others ""hope.""",public_v2_adapter,"He made his own self-righteousness in the middle of a non-confident life and made his family feel more than ""humid"" for their lives.",0.4198042000643909,40,False,False
eval_000614,ntrex,1171,uz,en,"“U bugun unga yuklangan vazifani toʻliq tushundi, meni yelkamga qoqib, quchoqlagan holda ertaga tayyor boʻlishini aytdi”, – dedi Furik.","""He fully understood the role that he had today, gave me a pat on the back and put his arm around me and said he would be ready tomorrow,"" Furyk said.",public_v2_adapter,"“He was the first to be born today, and he went on my boat, and left his life in a small area,” Furik said.",0.34429689997341484,34,False,False
eval_000615,ntrex,1178,uz,en,Bu uning hech qachon shaxsiy rekordlari darajasiga tenglasha olmagan Rayder kubogidagi karyerasining yakunini belgilab berishi mumkin.,It could mark the end of a Ryder Cup career that has never quite matched the heights of his individual record.,public_v2_adapter,"This is the only way to get rid of his career in Rayder Cup, which has been a major record.",0.2670999999390915,26,False,False
eval_000616,ntrex,1182,uz,en,U jamoamizga oʻyinda ishtirok etishdan ham koʻproq narsa beradi”.,"He provides a lot more than just play.""",public_v2_adapter,He is not a man who has been born with us.”,0.15389329998288304,15,False,False
eval_000617,ntrex,1193,uz,en,Jamoadoshlarining noqulay golf maydonida koʻrsatgan oʻyinidan xursand boʻlgan Byorn: “Men bundan yaxshiroq natija koʻrsata olmasdim.,"Delighted how his players have performed on a tough golf course, Bjorn added: ""I would never get ahead of myself in this.",public_v2_adapter,Byorn said after playing in a golf course at Jamoadosh: “I didn’t want to play this.,0.32400959997903556,28,False,False
eval_000618,ntrex,1199,uz,en,"Byorndan farqli ravishda, raqib jamoa sardori Jim Furik oʻzining oʻyinchilaridan yakkalikda juftlikda koʻrsatgan oʻyinlaridan yaxshiroq natija koʻrsatishlarini soʻraydi. Toʻrt ochkodan uchtasini qoʻlga kiritgan Jordan Spit va Jastin Tomaslar bundan istisno.","In contrast to Bjorn, opposite number Jim Furyk will be looking for his players to perform better individually than they did as partners, the exceptions being Jordan Spieth and Justin Thomas, who picked up three points out of four.",public_v2_adapter,"In a different way, the former director Jim Furik made his own work for the younger who was in the middle of his life. Jordan Spit and Justin Tomas, who were the first to go back from the house, except this.",0.5887502999976277,53,False,False
eval_000619,ntrex,121,uz,en,"Achexda sunamidan saqlanish uchun panohgohlar barpo etilgan boʻlsa-da, boshqa sohillarda ular kamyob.","While tsunami shelters have been built in Aceh, they are not a common sight on other coastlines.",public_v2_adapter,"The wombs of the town were found in the bar, and the three were a heavy car.",0.27524899994023144,24,False,False
eval_000620,ntrex,1230,uz,en,"Tadqiqot davomida Shotlandiyaning National Trust tashkiloti olimlari tomonidan Uester Rossdagi Inverewe bogʻlarida keng tarqalgan va soprano pipistrellari, shuningdek, jigarrang uzun quloqli hamda dobenton koʻrshapalaklari kuzatib boriladi.",The study by scientists at the National Trust for Scotland will follow common and soprano pipistrelles as well as brown long-eared and Daubenton bats at Inverewe Gardens in Wester Ross.,public_v2_adapter,"The study included the National Trust of Scotland, which includes Uester Ross's Inverewe, and soprano pipistrellers, two-year-old and long-lasting roads.",0.5492186000337824,45,False,False
eval_000621,ntrex,1232,uz,en,"Shuningdek, NHS xodimlari va koʻngillilari qoʻl detektorlari yordamida koʻchma tadqiqotlar olib borishadi.",NHS staff and volunteers will also carry out mobile surveys using hand-held detectors.,public_v2_adapter,It has been a number of tests to perform the process of NHS systems and detectors.,0.22982819995377213,23,False,False
eval_000622,ntrex,1234,uz,en,"Keyin esa, ular xatti-harakatining landshaf masshtabidagi batafsil tasvirini yaratish uchun istiqomat xaritasi va hisobot ishlab chiqiladi.",A habitat map and report will then be produced to create a detailed landscape-scale picture of their behaviour.,public_v2_adapter,She has developed a system and development to create a landscape of the wreck-sharing industry.,0.2770462998887524,26,False,False
eval_000623,ntrex,125,uz,en,"Zilziladan jabr koʻrganlarni davolash maqsadida Lombokda joylashtirilgan kasalxona kemasi Paluga yoʻl olgan, biroq yangi ofat yuz bergan joyga yetib borish uchun kamida uch kun kerak boʻladi.","A hospital ship that had been stationed in Lombok to treat earthquake victims is making its way to Palu, but it will take at least three days to reach the site of the new calamity.",public_v2_adapter,"From the middle of the village, a young woman who lived in Lombok was born with her family, and she had been killed by her husband after a long time.",0.3872872000792995,39,False,False
eval_000624,ntrex,1266,uz,en,"“Reuters” nashriga koʻra, Ronalduning advokatlari “shaxsiy hayot daxlsizligi sohasida shubhalar haqida nomaqbul tarzda xabar berish” degan ayblov bilan “Der Spiegel” jurnali ustidan sudga daʼvo kiritishga tayyorgarlik koʻrmoqda.","Ronaldo's lawyers are preparing to sue Der Spiegel over the allegations, which they have called ""an inadmissible reporting of suspicions in the area of privacy,"" according to Reuters.",public_v2_adapter,"According to Reuters, Ronald's lawyers are ""in a way that is not easy for the publication of any uncertainty"" while the newspaper Der Spiegel has been charged with water-to-water action.",0.5690437000012025,52,False,False
eval_000625,ntrex,1270,uz,en,"Mayorga, daʼvo qilinayotgan hodisa sodir boʻlganidan keyin, Ronaldu tiz choʻkib, unga “99 foiz yaxshi yigit” ekanini va qolgan “bir foiz” unga pand berganini aytgan, deb taʼkidlamoqda.","Mayorga claims Ronaldo fell to his knees after the alleged incident and told her he was ""99 percent"" a ""good guy"" let down by the ""one percent.""",public_v2_adapter,"Mayor, who was born in the village of Davo, was born with Ronaldo, who had a ""99-year old"" and his ""one-year-old"" family.",0.4164479000028223,40,False,False
eval_000626,ntrex,1271,uz,en,"Hujjatlarda Ronaldu ayol bilan jinsiy aloqa qilganini tasdiqlagani, biroq bu aloqa ikki tomonlama ixtiyoriylikka asoslanganini aytgani keltirilgan.","The documents claim that Ronaldo confirmed the pair had sex, but that it was consensual.",public_v2_adapter,"In the past, Ronaldo has been a member of the team for his career as well, and he has also announced his relationship with the team to develop this role.",0.36978299997281283,37,False,False
eval_000627,ntrex,1273,uz,en,34 yoshli ayol daʼvo qilingan hodisaning salbiy taʼsiri hali ham davom etayotganligi tufayli hozirda kelishuvni bekor qilishga harakat qilmoqda.,The 34-year-old says she is now seeking to overturn the settlement as she continues to be traumatized by the alleged incident.,public_v2_adapter,"34 years old, the family's family has been born in a small town with a large-scale family.",0.2876621000468731,27,False,False
eval_000628,ntrex,1274,uz,en,Ronaldu daʼvo qilingan hujum vaqtida “Manchester United”dan “Real Madrid”ga kelib qoʻshilish arafasida boʻlgan va bu yil yozda 100 million yevrolik shartnoma asosida Italiya giganti “Yuve”ga oʻtgan.,"Ronaldo was on the verge of joining Real Madrid from Manchester United at the time of the alleged assault, and this summer moved to Italian giants Juve in a €100 million deal.",public_v2_adapter,"Ronaldo was a member of Manchester United to Real Madrid in the first round, and this year he played with Italian giant Yuve, who had more than 100 million euros.",0.40152009995654225,38,False,False
eval_000629,ntrex,1279,uz,en,"Yaponiyaning avtomobil ishlab chiqaruvchi kompaniyasi kelishuvsiz Breksit amalga oshirilgan taqdirda, chegaradagi ushlanib qolishlar uchun ish oʻrinlari bilan badal toʻlashga toʻgʻri kelishi mumkinligini aytgan.",The Japanese carmaker said the impact of border delays in the event of a no-deal Brexit could cost jobs.,public_v2_adapter,"While the Japanese car manufacturer is currently developing a new brexit company, the former companies for the production of cars are expected to be more expensive than those previous ones.",0.45692679996136576,40,False,False
eval_000630,ntrex,1281,uz,en,"“Oʻylashimcha, agar Britaniya mart oxirida Yevropa Ittifoqidan chiqsa, zavodimizda ishlab chiqarish toʻxtaydi”, – deydi Bernastondagi Toyota zavodining boshqaruvchi direktori Marvin Kuk.","""My view is that if Britain crashes out of the EU at the end of March we will see production stops in our factory,"" said Marvin Cooke, Toyota's managing director at Burnaston.",public_v2_adapter,"“In the meantime, if Britain left Europe in March, it would have been a big deal in our plant,” said Marvin Kuk, Director of Toyota Plant at Bernast.",0.4538106999825686,42,False,False
eval_000631,ntrex,1284,uz,en,"Avtomobil ishlab chiqaruvchilarga koʻra, kelishuvsiz Breksit amalga oshirilgandagi asosiy xavotirlar taʼminot zanjiri xavflari bilan bogʻliq.",The main concerns relate to what carmakers say are supply chain risks in the event of a no-deal Brexit.,public_v2_adapter,"The car was built in the main area, and the brexit-free system had a number of new vehicles.",0.2575331999687478,26,False,False
eval_000632,ntrex,1287,uz,en,"Toyota kompaniyasi rasmiylariga koʻra, Derbishayr zavodidagi ashyolar zaxirasi bir kundan ortiq muddatga yetmaydi va shu sababli, ishlab chiqarish toʻxtatilishi mumkin.","It would be impossible for Toyota to hold more than a day's worth of inventory at its Derbyshire plant, the company said, and so production would be stopped.",public_v2_adapter,"As a result of the company's operation, Toyota has not been able to operate as an aircraft manufacturer in Derbishar plant and is also a producer for its production.",0.4584520999342203,43,False,False
eval_000633,ntrex,1288,uz,en,Janob Klark Tereza Meyning Yevropa Ittifoqi bilan kelajakdagi munosabatlarga oid Chekers rejasi “aynan chegaradagi ushbu tekshiruvlarni oldini olishga moslangan”.,"Mr Clark said Theresa May's Chequers plan for future relations with the EU is ""precisely calibrated to avoid those checks at the border.""",public_v2_adapter,"Janob Klark Theresa Meyning, who was the leader of the European Union, played in Chekers' series ""a great deal to become a member of the team.""",0.42000739998184144,41,False,False
eval_000634,ntrex,129,uz,en,"Nasroniy va musulmonlardan iborat toʻdalarning qilichlar, kamon va nayzalar kabi qurollar bilan koʻchalarda jang qilishi oqibatida mingdan ortiq odam halok boʻlgan, oʻn minhlab odamlar oʻz uyini tark etgan.","More than 1,000 people were killed and tens of thousands dislocated from their homes as Christian and Muslim gangs battled on the streets, using machetes, bows and arrows, and other crude weapons.",public_v2_adapter,"The rooms of the Nazronians and Muslims were opened in the middle of the town, where two families, communities and neighbors were founded, and the rooms were closely covered.",0.46559449995402247,47,False,False
eval_000635,ntrex,1291,uz,en,"Toyota kompaniyasi ishlab chiqarish qancha muddatga toʻxtatilishini ayta olmadi, biroq bir qancha vaqtdan soʻng, qoʻshimcha xarajatlar zavodning raqobatbardoshliligini pasaytirishi va oxir-oqibat ish oʻrinlarining yoʻqotilishiga sabab boʻlishi mumkinligi haqida ogohlantirdi.","Toyota was unable to say how long production would be stopped, but in the longer term, warned that added costs would reduce the plant's competitiveness and eventually cost jobs.",public_v2_adapter,"Toyota has not been able to make its own production with a new system, but it has been made clear that the company has lost its own costs and has become more expensive because of its previous production.",0.4274914999259636,44,False,False
eval_000636,ntrex,1294,uz,en,"Oq uyning aytishiga koʻra, Trampning Rozenshteyn bilan uchrashuvi yana orqaga surilishi mumkin","Trump meeting with Rosenstein may be delayed again, says White House",public_v2_adapter,"After the night, Trump was born with his wife in Rosenshteyn's family.",0.22170629992615432,22,False,False
eval_000637,ntrex,1311,uz,en,"“Amaldagi prezident undan oldingi har qanday prezidentdan koʻra koʻproq savol-javob uchrashuvlarini oʻtkazadi”, – dedi u va dalillar keltirmagan holda “Biz buni raqamlarda koʻrib chiqqanmiz”, – deb qoʻshimcha qildi.","""The president does more Q&A sessions than any president has prior to him,"" she said, adding without citing evidence: ""We've looked at those numbers.""",public_v2_adapter,"“The president had been appointed as a member of the President for his past year,” he said, adding that the government was preparing to call “We are in good position.”",0.4211919999215752,41,False,False
eval_000638,ntrex,1317,uz,en,Sogʻliqni saqlash kotibi Shotlandiyaning Milliy sogʻliqni saqlash xizmatidagi Yevropa Ittifoqi xodimlariga Breksit boʻyicha xavotirlar yuzasidan maktub yoʻlladi,Health secretary writes to EU workers at NHS Scotland over Brexit fears,public_v2_adapter,"The first part of the conference was the opening of the Scottish National League, which led to brexit-related conflicts with the European Union.",0.3375269001116976,34,False,False
eval_000639,ntrex,1324,uz,en,"Shu sababli ham, fuqaroligidan qatʼi nazar, har bir xodimning hissasini qanchalik qadrlashimni yana bir bor takrorlashni istardim.","That is why I wanted to reiterate now how much I value the contribution of every member of staff, regardless of their nationality.",public_v2_adapter,"For this reason, I wanted a couple of people to get back in the house and have a lot of money.",0.2572228000499308,26,False,False
eval_000640,ntrex,1335,uz,en,Yakshanba kuni oʻyinni tark etishidan oldin u beshta teklni amalga oshirgan va uning butun mavsum davomidagi tekllari soni 18 taga yetgan.,"He had five total tackles Saturday before exiting the game, which brought his season total to 18 tackles.",public_v2_adapter,"I was in the middle of my family, and I had 18 children who were born in the village.",0.24559019994921982,24,False,False
eval_000641,ntrex,1344,uz,en,"Joriy muhr yigʻimiga, jumladan, ikki yil oldin oshirilgan ikkinchi uy va ijaraga berish uchun uy xarid qilish yigʻimiga koʻpi bilan uch foiz qoʻshimcha mablagʻ qoʻshilishi mumkin.","The surcharge - which is in addition to the present stamp duty, including the higher levels introduced two years ago on second homes and buy-to-lets - could be as much as three per cent.",public_v2_adapter,"The two-year old, who had been born in the village of Jory, was a young woman who had lived for her family and her family.",0.36392070003785193,35,False,False
eval_000642,ntrex,1346,uz,en,Londondagi yangi qurilgan koʻchmas mulklarning taxminan 13 foizi Birlashgan Qirollik rezidenti boʻlmaganlar tomonidan xarid qilinadi va bu narxlarning oshishi hamda birinchi marta uy xarid qiluvchilarning uy-joy pillapoyasidan yuqorilashini qiyinlashishiga olib kelmoqda.,"An estimated 13 per cent of new-build London properties are bought by non-UK residents, driving up prices and making it harder for first-time buyers to get a foot on the housing ladder.",public_v2_adapter,The 13th edition of the London-based newly established municipality was released by the United States Residence and the first edition was made to be completed in the same period as the first day.,0.4722162000834942,47,False,False
eval_000643,ntrex,1348,uz,en,Ushbu yangi siyosat Boris Jonsonning muhr yigʻimini pasaytirish orqali yanada koʻproq yoshlar birinchi marta uy sotib olishlarida yordam berish haqidagi chaqiruvidan bir necha hafta oʻtib ilgari surilmoqda.,The new policy comes just weeks after Boris Johnson called for a stamp duty cut to help more young people own their first home.,public_v2_adapter,The former president Boris Johnson's death was caused by a week after the first deadly death of his father.,0.28363550000358373,27,False,False
eval_000644,ntrex,136,uz,en,"“U aynan shu pozitsiyaga tushishga tayyor edi, shiddat bilan va Shakiri kabi o‘yinchilar iloji boricha doim hujumga o‘ynashadi, men esa o‘zim uchun vaqtdan yutishga harakat qildim”, deb aytdi Starrij LiverpoolFC.com saytiga.","""It was just trying to get into that position, to get on the ball and players like Shaq always play it forward as much as possible, so I just tried to create myself as much time as possible,"" Sturridge told LiverpoolFC.com.",public_v2_adapter,"“He was still in a position, he had been playing for the same time as she and Shakira were playing for a long time, but I left out of my life for that season,” Starrij told LiverpoolFC.com.",0.6476930000353605,50,False,False
eval_000645,ntrex,1362,uz,en,"Biroq men B kepkasini oldim va barchasi shundan iborat”, – dedi Ross BBC Shotlandiyaning “Sport ovozi” dasturida.","I got a B cap and that was it,"" Ross told BBC Scotland's Sportsound.",public_v2_adapter,"I've got the B-scale and finished the game,"" Ross told BBC Scotland's Sports Show.",0.29788559989538044,27,False,False
eval_000646,ntrex,1379,uz,en,Men doim boshqarishni xohlaganman va hozir buni bajaryapman hamda bu men uchun voyaga yetganimdan keyin butun hayotim davomidagi eng yaxshi davrdir”.,"I always wanted to manage and now I am doing it, it feels the most comfortable I have been in my own skin throughout my entire adult life.""",public_v2_adapter,"But I have been able to do this for my life and my family, but I have not been able for this time.""",0.2879772000014782,28,False,False
eval_000647,ntrex,1382,uz,en,"Yozgi jazirama Britaniyaning zoʻriqqan qovoqxonalarida savdoni oshirib yubordi, lekin restoran tarmoqlariga koʻproq bosim oʻtkazdi.",The summer heatwave has boosted takings for Britain's struggling pubs but heaped more pressure on restaurant chains.,public_v2_adapter,"The young woman was born in a British village, where she worked as a restaurant manager.",0.25107549992389977,21,False,False
eval_000648,ntrex,1393,uz,en,Uzoq choʻzilgan yoz jaziramasining asosan oziq-ovqat sotuvi bilan shugʻullanuvchilar ustiga yopirilishi uchun bundan-da noqulayroq vaqt boʻlmasa kerak. Avgustda kuzatilgan biroz moʻtadil harorat ularga hozirda juda zarur boʻlgan tanaffusni taqdim etadimi yoki yoʻqmi vaqt koʻrsatadi”.,"The long hot summer could not have come at a worse time for food-led operators and time will tell whether the more moderate temperatures we've experienced in August will provide some much-needed respite.""",public_v2_adapter,"The first time I had been able to do this was to make sure that the newly-made business of the company was not a good job for the company, but that the next year I had a good business of an open business with the new business of a new business in August.",0.7980830000014976,61,False,False
eval_000649,ntrex,1413,uz,en,"1966-yil Atlanta oʻyinlarida 200 va 400 metrga yugurish boʻyicha gʻolib, jami  toʻrtta Olimpiada oltin medaliga ega boʻlgan, hozirda BBC eksperti hisoblanuvchi amerikalik sportchi ishemik yurak xurujini boshidan oʻtkazganidan keyin yura olmay qolgandi.","The American, who won the 200 metres and 400 metres at the 1996 Games in Atlanta among his total of four Olympic golds and is now a regular BBC pundit, was left unable to walk after suffering a transient ischemic attack.",public_v2_adapter,"He played 200 and 400 metres in the 1966 Atlanta Games, playing a medal at the Olympics in the first place, while not having to play the American sports team as an expert BBC.",0.44844329997431487,44,False,False
eval_000650,ntrex,1424,uz,en,Biroq kompaniya Facebook sahifasida eʼlon qilgan bu reklama internetda bahs-munozaralarga sabab boʻlmoqda.,"However, the advert, which has been published on the firm's Facebook page, has caused controversy online.",public_v2_adapter,The company has been linked to Facebook as a result of the advertising on the Internet.,0.26198439998552203,22,False,False
eval_000651,ntrex,1425,uz,en,"77 000 marta koʻrilgan va yuzlab fikrlar bildirilgan videoga koʻruvchilar tomonidan turli munosabat bildirildi, ularning koʻpchiligi video sut mahsulotlari sanoatining “dahshatlari”ni namoyish qilganini taʼkidlagan.","With 77,000 views and hundreds of comments, the video has received mixed reactions from viewers, with many saying it makes light of the ""horrors"" of the dairy industry.",public_v2_adapter,"The video, which was published on March 77,000 and many ideas, revealed the number of videos that were released in the video showing the ""signals"" of the video series.",0.5130880000069737,45,False,False
eval_000652,ntrex,1432,uz,en,Boshqalar reklamani himoya qilgan. Bir ayol qoʻshiq juda “kulguli” ekanligini taʼkidlagan.,"Others defended the advert, with one woman admitting that she found the song ""hilarious.""",public_v2_adapter,"The book is a advertising system, which includes the name “servish” in an old-fashioned setting.",0.28629889991134405,29,False,False
eval_000653,ntrex,1441,uz,en,Ushbu reklama gʻoyasi koʻkrak nasosi orqali sutini sogʻib oluvchi koʻplab ayollar oʻzini sigirdek his qilishini taʼkidlashiga asoslangan.,The concept behind the campaign is based on the insight that many women who breast-pump say they feel like cows.,public_v2_adapter,"The publicity has been linked to the smoking experience of the publicity, which has been a major challenge for the public.",0.2987394999945536,31,False,False
eval_000654,ntrex,1451,uz,en,Oʻtgan hafta Immigratsiya va bojxona xizmatining yuqori mansabli xodimi Metyu Olbens Kongressda agentlik qarovchisiz voyaga yetmaganlarga homiylik qilmoqchi boʻlib murojaat qilgan oʻnlab kishilarni hibsga olganini tasdiqladi.,"Last week, Matthew Albence, a senior official with Immigration and Customs Enforcement, testified before Congress that the agency had arrested dozens of people who applied to sponsor unaccompanied minors.",public_v2_adapter,"Last week, the second senior immigration and security officer, Metyu Olbens, announced that he had been able to support his family in a homily-member state during an agency's uninterested meeting at Congress.",0.736365900025703,55,False,False
eval_000655,ntrex,1453,uz,en,“Homiylar yoki homiy oila aʼzolarining 80 foizga yaqini mamlakatda noqonuniy ravishda istiqomat qilmoqda va ularning katta qismini xorijlik jinoyatchilardir.,"""Close to 80 percent of the individuals that are either sponsors or household members of sponsors are here in the country illegally, and a large chunk of those are criminal aliens.",public_v2_adapter,"“Homiyans are the most likely to have a total of 80 million people in their home areas, and they are the only women who live in their house.",0.4171994000207633,37,False,False
eval_000656,ntrex,1454,uz,en,"Shu sababli, biz ushbu shaxslarni kuzatishda davom etyapmiz”, – deydi janob Olbens.","So we are continuing to pursue those individuals,"" Mr. Albence said.",public_v2_adapter,"Because of this, we are a member of the community,” said Janob Olbens.",0.21688110008835793,22,False,False
eval_000657,ntrex,1464,uz,en,"“Ular, hech qanday shartlarsiz, zudlik bilan chiqib ketishi lozim“, – dedi u assambliyada.","""They must withdraw immediately and without any conditions,"" he told the assembly.",public_v2_adapter,"“They are not in the middle of the world, they are in the midst of the earth,” he said at the assembly.",0.351103900000453,33,False,False
eval_000658,ntrex,1469,uz,en,"Qochoqlar masalasiga toʻxtalar ekan, Muallim ularning uyga qaytishi uchun barcha sharoitlar koʻngildagidek ekanini aytdi hamda ayrim gʻarbiy davlatlarni qochoqlarni vatandan tshqarida qolishga undovchi “asossiz vahima tarqatishda” aybladi.","On the issue of refugees, Moualem said the conditions were fine for them to return, and he blamed ""some western countries"" for ""spreading irrational fears"" that prompted refugees to stay away.",public_v2_adapter,"The children were born in the story, and the people of Muallim had been given a few years old to leave their family for the rest of life, with a separate family building that was called ""a non-profit family"" for the country's neighborhood.",0.6770513999508694,59,False,False
eval_000659,ntrex,1471,uz,en,“Ular toʻla-toʻkis gumanitar boʻlishi lozim boʻlgan masalalarni siyosiylashtirmoqda”.,"""They are politicizing what should be a purely humanitarian issue.""",public_v2_adapter,“They are working on a new humanitarian development.”,0.1670986000681296,16,False,False
eval_000660,ntrex,1474,uz,en,Rus-turk bitimi Rossiya koʻmagi ostidagi Suriya harbiy kuchlari uch million aholi istiqomat qiluvchi provinsiyadagi yirik masshtabli hujumni toʻxtatib qolinish imkonini berdi.,"The Russian-Turkish deal averted a large-scale assault by Russian-backed Syrian forces on the province, where three million people live.",public_v2_adapter,"The Russian-Turkish end of Russia, which has led to the death of more than a million Syrian citizens in the province.",0.3249019000213593,33,False,False
eval_000661,ntrex,1481,uz,en,"Hozircha, kuzatuvchilarda toliqish alomatlari sezilgani yoʻq.","As of now, there are no signs of viewer fatigue.",public_v2_adapter,Hozircha has been able to use the tools for their families.,0.22594040003605187,17,False,False
eval_000662,ntrex,1482,uz,en,"2014-yildan beri CNN kanalida praym-taym reytinggi ikki baravardan koʻproq – 1,05 millonga hamda MSNBC kanalida esa deyarli uch baravarga – 1,6 millionga oshgan.","Since 2014, prime-time ratings have more than doubled to 1.05 million at CNN and nearly tripled to 1.6 million at MSNBC.",public_v2_adapter,"Since 2014, CNN has been listing a new number of pre-time rankings – 1,05 million in MSNBC, with the current number of votes – to 1.6 million.",0.41555509995669127,40,False,False
eval_000663,ntrex,1490,uz,en,Betartiblikda koʻngilochar qadriyatlar bor.,There is entertainment value in the chaos.,public_v2_adapter,There are many women living in Betartib.,0.1763667999766767,13,False,False
eval_000664,ntrex,1491,uz,en,"Albatta, telekoʻrsatuvlardagidan farqli ravishda, “Royga qarshi Ueyd” kurashining kelajagini, bir-biridan ajratilgan immigrant oilalar qayta birlashish-birlashmasligi yoki global iqtisodning sogʻlomligini hal qilishi mumkin boʻlgan hikoya satrlari Vashingtonda yoziladi.","Of course, unlike anything else on TV, the story lines coming out of Washington could determine the future of Roe v. Wade, whether immigrant families can reunite and the health of the global economy.",public_v2_adapter,"In the middle of the television show, the story of the ""Royga City Ueyd"" was published in Washington, where the world's economy was united by a joint-association of interdependent immigrant airports.",0.6020280999364331,55,False,False
eval_000665,ntrex,1495,uz,en,"“U bajarayotgan ishlarning voqelikni realiti-shoudek qilib koʻrsatuvchi omil – u har kech sizni nima bilandir oziqlantirishida”, – dedi “Wheelhouse Entertainment” kompaniyasining bosh ijrochi direktori va “Piyoda yulduzlar” seriali yaratuvchisi Brent Montgomeri Tramp shousining almashib turuvchi aktyorlari va ssenariydagi qiziqarli burilishlar (NFL bilan janjal, Kim Chen Inni koʼkka koʻtarish) haqida.","""Part of what he's doing that makes it feel like a reality show is that he is feeding you something every night,"" said Brent Montgomery, chief executive of Wheelhouse Entertainment and the creator of ""Pawn Stars,"" about the Trump show's rotating cast and daily plot twists (picking a fight with the N.F.L., praising Kim Jong-un).",public_v2_adapter,"“Their last life is a real-world story, and they’re just about to tell you what it’s,” said Wheelhouse Entertainment’s former director of the series The Beatles and creator Brent Montgomery Trump’s filmmaker actor and screenwriter (NFL director Kim Chen Inni) who was born.",0.9357676999643445,76,False,False
eval_000666,ntrex,1498,uz,en,U Senat sud qoʻmitasi va muvozanatda osilib turgan Oliy sud kelajagiga yuzlangan Bret Kavanodan oʻzini ajrata olmasdi.,"He couldn't peel himself away, not with Brett Kavanaugh set to face the Senate Judiciary Committee and the future of the Supreme Court hanging in the balance.",public_v2_adapter,"He was not a member of the Senate, but a member from Bret Cavan, who had been appointed by the Turkish Government for the first time in the summer.",0.40458299999590963,39,False,False
eval_000667,ntrex,1511,uz,en,AQSH Salvadorni Xitoyni qoʻllab-quvvatlagani uchun jazoga tortdi va keyinchalik chekindi,"U.S. Weighed Penalizing El Salvador Over Support for China, Then Backed Off",public_v2_adapter,AQSH was a resident and a member of the Salvador Association for the United States.,0.2030384000390768,21,False,False
eval_000668,ntrex,1532,uz,en,Hozirda amerikaliklar bir qancha shu kabi burilish nuqtalari bilan toʻqnash kelmoqda.,Americans face several of these inflection points now.,public_v2_adapter,"In the past, Americans have been able to find a few of their own roads.",0.22247220005374402,22,False,False
eval_000669,ntrex,1542,uz,en,"Mana shunday merosga ega boʻlgan holda, qanday qilib kelajagimizga nisbatan optimist boʻla olmasligim mumkin?”","With that as my heritage, how can I not be an optimist about our future?""",public_v2_adapter,What is the reason why I am not optimistic about my business?”,0.16126129997428507,17,False,False
eval_000670,ntrex,1554,uz,en,"Jamoa yaxshi, yigitlar chindan ham bundan zavqlanmoqdalar, tayyorgarlik ham yaxshi.",The squad's good and the boys are really enjoying it; the training's good.,public_v2_adapter,"Jamoa is a country that has all the families of it, and there are many people who have been born.",0.27518459991551936,27,False,False
eval_000671,ntrex,1564,uz,en,Moliyaviy maslahatchi jalb qiling: Maslahatchingiz zaruriy xarajatlarni qoplash usullarini topishga yordam beradi.,Bring in your financial advisor: Your advisor can also help you come up with a way to pay for those expenses.,public_v2_adapter,Moliyavi's publicity is not a problem: the publicity does not work to collect the processes of copying the publicities.,0.3693749000085518,33,False,False
eval_000672,ntrex,1605,uz,en,"2010-yil: Sumatra yaqinidagi Mentavai orollari 7,5 balli zilzila ostida qolgan va ortidan 10 metrli sunami talofati kuzatilgan, oʻnlab qishloqlar vayronaga aylangan va qurbonlar soni 300 nafar atrofida boʻlgan.","2010: A 7.5 magnitude quake hit one of the Mentawai islands, off Sumatra, triggering up tsunami of up to 10 meters that destroyed dozens of villages and killed around 300 people.",public_v2_adapter,"2010: Mentavai's town of Sumatra is located in a 7.5-million-year area and has an extent of 10 metres from the town, with many cities separated from the village and 300 people living in the village.",0.606707299943082,55,False,False
eval_000673,ntrex,1607,uz,en,"Zilzila ortidan sunami kuzatilmagan, biroq binolar qulashi natijasida 100 dan ortiq kishi halok boʻlgan.","No tsunami was triggered this time, but more than 100 were killed by fallen buildings.",public_v2_adapter,"Since Zilzila is located in the southern part of the city, there are more than 100 houses in the village.",0.3272520999889821,29,False,False
eval_000674,ntrex,1610,uz,en,"Sara Peylinning katta oʻgʻli oilaviy zoʻravonlikda ayblanib, hibsga olindi",Sarah Palin's Eldest Son Arrested on Domestic Violence Charges,public_v2_adapter,"Sara Peylinn was born in a young school, with her family.",0.1703486000187695,18,False,False
eval_000675,ntrex,1626,uz,en,Juma kuni Indoneziyaning Sulavesi orolida roʻy bergan zilzila oqibatida kamida 384 kishi halok boʻlgan.,At least 384 people have died after an earthquake hit the Indonesian island of Sulawesi on Friday.,public_v2_adapter,"In total, 384 people were killed in the Indonesian Sea of Sulavesi.",0.22942760004661977,23,False,False
eval_000676,ntrex,1631,uz,en,Sunami qirgʻoqqa yopirilgan vaqtda yuzlab kishilar Palu shahridagi sohil festivali uchun yigʻilib turgan boʻlgan.,Hundreds of people had gathered for a beach festival in the city of Palu when the tsunami smashed on shore.,public_v2_adapter,"During the summer, the family was born to the Palu city festival.",0.17565420002210885,19,False,False
eval_000677,ntrex,1643,uz,en,"Nyu Yorkda federal jinoyat ishi boʻyicha oʻlim jazosi oxirgi marta Xulius va Etel Rosenberglarga nisbatan 1953-yilda ijro etilgan. Ushbu er-xotin ikki yil avval, Sovuq urush davrida, Sovet Ittifoqi uchun josuslik qilishga til biriktirganlikda aybdor deb topilgandan keyin qatl qilingan.","The last time the death penalty was carried out in a New York federal case was in 1953 for Julius and Ethel Rosenberg, a married couple executed after they were convicted of conspiracy to commit espionage for the Soviet Union during the Cold War two years before.",public_v2_adapter,"The new York federal law enforcement officer, Julius and Etel Rosenberg, was born in 1953; after his first year of death, the Soviet government became a member of the Soviets' Union for the purposes of its military development.",0.7290377999888733,56,False,False
eval_000678,ntrex,1658,uz,en,"Breksit tarafdorlari, qolish tarafdorlari va Yevropa Ittifoqi hujumlari orasida qolib ketgan Bosh vazir Chekers muzokara rejasini amalga oshirish uchun kurashmoqda.","The premier is struggling to keep her Chequers compromise plan on track amid attacks from Brexiteers, Remainers and the EU.",public_v2_adapter,"Brexite parties, the sides and European Union groups are in the city to be able to make a change for Chekers' music.",0.3753724000416696,33,False,False
eval_000679,ntrex,1677,uz,en,"Shu hafta oxirida guruh ishga kirishganidan keyin, bir qancha faollar “Torilar Breksitga qarshi” deb yozilgan bannerlarni koʻtarib chiqishgan.",A smattering of activists waved Tories Against Brexit banners after the launch of the group this weekend.,public_v2_adapter,"After the week's opening, a group of people were sent to the banner ""Torilar Brexith"".",0.26065139996353537,27,False,False
eval_000680,ntrex,1681,uz,en,"Yaxshi Breksit degan narsani oʻzi yoʻq”, – qoʻshimcha qildi u.","There isn't such a thing as a good Brexit,' he added.",public_v2_adapter,"We are a member of the Brexit region,” he said.",0.1648194999434054,17,False,False
eval_000681,ntrex,1687,uz,en,Shanba kungi Holiokada tashkillashtirilgan tadbir uning Tramp prezidentlikka kirishganidan beri oʻz saylovchilari bilan aholi bilan uchrashuv formatida o’tkazilgan 36-suhbati edi.,Saturday afternoon's event in Holyoke was her 36th meeting with constituents using the town hall format since Trump took office.,public_v2_adapter,Mr. Shanba was a 36-year-old president who had been appointed as President of the Republic in Holiokada since his office.,0.33501919999253005,34,False,False
eval_000682,ntrex,1689,uz,en,"Uorren unga javoban, “ayollarning Vashingtonga borishi va eng yuqori lavozimdan turib, buzuq hukumatni tuzatishining payti kelganini” aytgan.","Warren replied that it's time ""for women to go to Washington to fix our broken government, and that includes a woman at the top.""",public_v2_adapter,"In his recent report, he said that “their parents were born to Washington and the other countries were left for a law of law.”",0.3543705999618396,31,False,False
eval_000683,ntrex,1694,uz,en,20 yoshli Sims juma kuni ertalab Janubiy universitetning kampusi yaqinida otib oʻldirilgan edi.,"Sims, 20, was shot and killed near Southern University's campus early Friday.",public_v2_adapter,The 20-year-old Sims was born on the campus of Janubiy University until June.,0.21800610003992915,23,False,False
eval_000684,ntrex,1720,uz,en,Men sizdirmaganman”.,"I didn't leak.""",public_v2_adapter,But I am not you.”,0.09037760004866868,9,False,False
eval_000685,ntrex,1727,uz,en,"Balki u qilmagandir bu ishni, lekin bu men koʻrgan eng sotqin tana harakatlari tili edi”.","Maybe she didn't, but that's the worst body language I've ever seen.""",public_v2_adapter,"Balki is not a member of this group, but it has been the only one to make these changes.”",0.27137660002335906,25,False,False
eval_000686,ntrex,1729,uz,en,“Ular hokimiyatni har qanday yoʻl bilan qaytarib olishga qatʼiy qaror qilgan.,"""They are determined to take back power by any means necessary.",public_v2_adapter,“They are a member of the team who returned to their home.,0.23220810003113002,19,False,False
eval_000687,ntrex,1741,uz,en,Birinchi boʻlimning soʻngi soniyalarida oʻzining ikkinchi golini kiritgan Duayer “Devlar”ni tanaffusga ustunlik bilan chiqib ketishini taʼminladi.,Dwyer made sure the Giants took a lead into the first break when he hit his second goal of the night at the end of the first period.,public_v2_adapter,"Duayer ""Devlar"", who played his second goal in the first round, was able to play with a lot of talent.",0.30608390003908426,31,False,False
eval_000688,ntrex,1754,uz,en,Uni boshqa shahardagi kattaroq shifoxonaga oʻtkazish uchun Kalimantan orolidagi Balikpapan aeroportida vertolyot tayyorlab qoʻygandik.,We prepared a helicopter from Balikpapan in Kalimantan to take him to a bigger hospital in another city.,public_v2_adapter,"The airport was located at Balikpapan Airport in Kalimantan, where the airport is located to be transported by a large-scale airport.",0.4273651000112295,38,False,False
eval_000689,ntrex,1755,uz,en,"Afsuski, bugun ertalab vertolyot Paluga yetib borgunicha biz uni berib qoʻydik.",Unfortunately we lost him this morning before the helicopter reached Palu.,public_v2_adapter,"After all, we had a little bit of time to get rid of the oldest town in Paluga today.",0.2761037000454962,26,False,False
eval_000690,ntrex,1801,uz,en,Hip-hop triosi oʻz musiqalarini ijobiy xabarlar bilan toʻldirish orqali ushbu janrga boʻlgan salbiy qarashni oʻzgartirishni xohlamoqda.,A hip hop trio wants to challenge the negative view of the genre by filling their music with positive messages.,public_v2_adapter,Hip-hop trios are playing music for the first time by many people.,0.19365240004844964,19,False,False
eval_000691,ntrex,1808,uz,en,"Er-xotin daʼvoni “tovlamachilikka” qiyoslab, oʻzlarining irqchi ekanligini rad etmoqda.","The couple deny they are racist, likening the suit to ""extortion.""",public_v2_adapter,"Er-xotin is a ""successful"" woman who loves her life.",0.22595539991743863,22,False,False
eval_000692,ntrex,1812,uz,en,"New York Post nashrining xabariga koʻra, xatosini sezib qolgach, “noqulay vaziyatga tushib qolgan” Plasko-Fleksmen xonim afro-amerikalik enaganing ishini yomon bajarganini, uning oʻrnini filippinlik enagani olmoqchiligini aytib, Moris xonimni ishdan boʻshatgan.","After realizing her gaffe, an ""uncomfortable"" Plasco-Flaxman fired Ms. Maurice, stating that their outgoing nanny, who was African-American, had done a bad job and that she was instead expecting a Filipino, according to the New York Post.",public_v2_adapter,"In the middle of New York Post, he was a member of the group, who had been “cross-cross” with his father’s name Plasko-Flexmen, who was born as an African-American family, and his father was born to the Philippines, and Moris was born.",0.8736176999518648,68,False,False
eval_000693,ntrex,1816,uz,en,"Er-xotin ularni irqchilikda ayblayotgan daʼvolarga Morisni ishdan boʻshatish yagona oqilona yoʻl boʻlganini, uni haqorat qilgach, unga ishonib boʻlmasligidan qoʻrqqanlarini aytib, javob zarbasini yoʻllagan.","The couple have hit back at the claims that they are racist, saying that terminating Maurice's employment was the reasonable thing to do, fearing they could not trust her after offending her.",public_v2_adapter,"In the state of Er-xotin, the old man who was born to Morisni was born in the village of Morisini, and he had a family, a family and a family family, and had his family.",0.5926166999852285,50,False,False
eval_000694,ntrex,1817,uz,en,“Xotinim unga aytishni xohlamagan xabarni joʻnatib yuborgan.,"""My wife had sent her something that she didn't mean to say.",public_v2_adapter,“My mother was born and lived in the middle of my family.,0.20629639993421733,18,False,False
eval_000695,ntrex,1829,uz,en,Paddingtonning yuksak muvaffaqiyati haqida hozir nima bilishimizni bilish juda kulguli”.,"It's very amusing knowing now what we know about Paddington's huge success.""",public_v2_adapter,The long-term development of Paddington has been a key point for our knowledge.”,0.21169319993350655,21,False,False
eval_000696,ntrex,1845,uz,en,U biroz muddat oldin jon berib boʻlgan va endi tana aʼzolarining barchasi oʻz faoliyatini yakunlayotgan edi.,She had died some time before hand and this was it all shutting down.,public_v2_adapter,He was a former officer who lived with John Berib and had been able to make the rest of his family's life.,0.4100263000000268,31,False,False
eval_000697,ntrex,1866,uz,en,"Devis xonim otkritkalarni “odamlarga, ularning doʻsti boʻlma-da, shunchaki borib, gaplashish mumkin boʻlgan insonlar mavjudligini bildirish” uchun yaratgan.","Ms Davis created the cards, ""to let people know there are people out there that you can go to and you can talk to, even if it's a friend.",public_v2_adapter,"Devis created his autocritical book for “to report the development of children in the middle, in the midst, in their shore and in the dark.”",0.43146569991949946,38,False,False
eval_000698,ntrex,1885,uz,en,Kim boshqaruvi davrida Shimoliy Koreyadan qochib chiquvchilar soni “kamaygan”,North Korea defector numbers 'drop' under Kim,public_v2_adapter,"Who is the leader of Shimoli's ""common"" for Korean foreigners",0.22363869997207075,22,False,False
eval_000699,ntrex,1925,uz,en,“Ular gʻazabga toʻlganingni bilishmaydi.,"""They don't know you're furious.",public_v2_adapter,“They didn’t know what they were doing.,0.14875129994470626,15,False,False
eval_000700,ntrex,1929,uz,en,"“Bu chuqur oʻylangan qaror emasdi”, – dedi u menga kulgancha oradan 30 yil oʻtib.","""It was not a well-thought-out decision,"" she said to me with a laugh 30 years later.",public_v2_adapter,"“This was the first time,” he said, who was 30 years old there.",0.18950179999228567,20,False,False
eval_000701,ntrex,1935,uz,en,"“Ular menga chegirma beriladi deb oʻylashganmi?”, – hayron boʻladi u.","""Do they think I get a discount?"" she wondered.",public_v2_adapter,“Do you want to get back?” she wondered.,0.14332749997265637,15,False,False
eval_000702,ntrex,1957,uz,en,Mamlakatda hali ham istiqomat qilayotgan yana olti million kishi gumanitar yordamga muhtoj.,Another six million people still living in the country are in need of humanitarian assistance.,public_v2_adapter,"In the field, there are more than a million humanitarian processes.",0.17985970003064722,19,False,False
eval_000703,ntrex,1972,uz,en,Kubokni qaytarib olinganimizdan juda va juda baxtliman.,"I am so happy, so happy to get the cup back.",public_v2_adapter,We returned the cup and left it from our house.,0.14493960002437234,15,False,False
eval_000704,ntrex,1988,uz,en,Raqib bizdan kuchliroq oʻynadi”.,"We got outplayed.""",public_v2_adapter,"He was a food from us.""",0.09460479998961091,10,False,False
eval_000705,ntrex,211,uz,en,Tropik yomg‘ir yog‘ish xavfi sabab cho‘l hududiga piyoda sayohat qilish tavsiya etilmaydi.,It would be extremely ill advised to venture out into the desert on foot with the threat of tropical rainfall.,public_v2_adapter,"Because of tropical and youth, there is no recommendation for food in the market.",0.21439770003780723,22,False,False
eval_000706,ntrex,212,uz,en,Kuchli yomg‘ir kanyonlardagi suvning ko‘payishi va bo‘ron kuchli shamol va chang ko‘tarilishiga olib keladi.,Heavy rain could cause canyons to become raging rivers and thunderstorms will bring locally gusty winds and blowing dust.,public_v2_adapter,Kuchli is a family member of the canons and has a large-scale coal and other coal.,0.26531819999217987,27,False,False
eval_000707,ntrex,213,uz,en,Yaqinlashayotgan bo‘ron tarnovi janubiy Kaliforniya sohilining ba’zi hududlarida kuchli yog‘ingarchilikni keltirib chiqaradi.,The approaching trough will bring some locally heavy rain to parts of the Southern California coastline.,public_v2_adapter,"His old age was born in January, when he began a school of college education in the northern California region.",0.24755139998160303,27,False,False
eval_000708,ntrex,232,uz,en,"Bu kompaniya CBS, ABC, NBC, CNN, Fox News va MSNBC telekanallarida o‘rtacha tomoshabinlar sonini hisoblab borgan.","The company was counting average viewership on CBS, ABC, NBC, CNN, Fox News Channel and MSNBC.",public_v2_adapter,"This company is due to the end of its publications on CBS, ABC, NBC, CNN, Fox News and MSNBC.",0.34507160005159676,32,False,False
eval_000709,ntrex,234,uz,en,"Shu bilan birga, Nielsen ish joylarida televizor tomosha qilganlar haqida doim ham aniq ma’lumotlarga ega bo‘lolmaydi.",And Nielsen usually has some trouble measuring people who watch in offices.,public_v2_adapter,"In addition, Nielsen has been working on a long-term television show with former TV players.",0.22225109999999404,22,False,False
eval_000710,ntrex,238,uz,en,"Nielsen natijalariga ko‘ra, CBS kanalida 3,1 million, NBC kanalida 2,94 million, MSNBC kanalida 2,89 million va CNN kanalida 2,52 million tomoshabin qayd etilgan.","CBS had 3.1 million, NBC had 2.94 million, MSNBC had 2.89 million and CNN had 2.52 million, Nielsen said.",public_v2_adapter,"According to Nielsen, there are 3.1 million views on CBS channel, 2.94 million on NBC channel, 2,89 million on MSNBC channel and 2.52 million on CNN channel.",0.4820775999687612,41,False,False
eval_000711,ntrex,240,uz,en,Juma kungi hayajonga to‘la jarayonda Flayk diqqat markazida bo‘ldi.,Flake was the central figure in Friday's drama.,public_v2_adapter,"After his life, Flayk died in the center of the city.",0.2033917000517249,18,False,False
eval_000712,ntrex,248,uz,en,"Biroq Fleyk faqat bir shart bilangina bu ishni qilishini aytgan, unga koʻra, FQB kelasi haftada nomzodga qoʻyilgan aybloblarni koʻrib chiqishi kerak. Buni demokratlardan iborat ozchilik talab qilmoqda.","But Flake said he would only do so with the understanding that the FBI would look into the allegations against the nominee for the next week, which minority Democrats have been urging.",public_v2_adapter,"The company has been able to share this information with a number of new countries on Fleyk, which is now the FQB’s largest government in the world and is also a member of the European Parliament.",0.5788582999957725,48,False,False
eval_000713,ntrex,252,uz,en,President Tramp Kavanaga qarshi ayblovlarni o‘rganish bo‘yicha FQB tergovini ochib bergan.,President Trump has opened an FBI investigation into the allegations against Kavanaugh.,public_v2_adapter,President Trump has been calling for FQB as a member of the city's office in Kavanaga.,0.27838410006370395,27,False,False
eval_000714,ntrex,255,uz,en,Britaniya bosh vaziri Tereza Mey 2018-yil 29-sentabr kuni Birmingemda oʻtadigan Konservativ partiya anjumaniga tashrif buyuradi.,"Britain's Prime Minister Theresa May arrives for the Conservative Party Conference in Birmingham, Britain, September 29, 2018.",public_v2_adapter,"British former deputy Theresa May was appointed as a member of the Conservative Party on 29 September 2018 in Birman, Germany.",0.3719764999113977,32,False,False
eval_000715,ntrex,257,uz,en,Uyed Sims otishmasi:  Politsiya LSU oʻyinchisi oʻlimida gumondor Deyton Simpsonni qoʻlga oldi,Wayde Sims shooting: Police arrest suspect Dyteon Simpson in LSU player's death,public_v2_adapter,"The Sims' Death: Police was a member of Deyton Simpsons, who had been appointed as the LSU",0.39009699993766844,30,False,False
eval_000716,ntrex,271,uz,en,"“Bu doim xavotirga sabab boʻladi”, dedi Ueyd.","""This is what you worry about at all times,"" Wade said.",public_v2_adapter,"“This is because of the death,” said Ueyd.",0.25910030002705753,16,False,False
eval_000717,ntrex,290,uz,en,68 yashar elektrik Narsis Termes oʻz turmush oʻrtogʻi bilan ayirmachilar namoyishiga chiqishganini va Kataloniya mustaqillikka erishishidan umidsiz ekanligini aytib oʻtgan.,"Narcis Termes, 68, an electrician attending the separatist protest with his wife said he was no longer hopeful about the prospects of Catalonia gaining independence.",public_v2_adapter,68-year-old electric Narsis Termes has been able to make a new breakdown on the roads of the aircraft and unforgettable development of Catalonia's future.,0.5080258999951184,44,False,False
eval_000718,ntrex,299,uz,en,"33,34 va 39 yashar uch erkak Londonderrida mashina uyga kelib urilganidan keyin hibsga olingan.","Three men, aged 33, 34 and 39, have been arrested after a car was repeatedly rammed into a house in Londonderry.",public_v2_adapter,"33,34 and 39 years old men were in London with a motor crash.",0.18921410001348704,19,False,False
eval_000719,ntrex,30,uz,en,"Uning aytishicha, cherkovlar o‘rniga ko‘p xonali binolar quriladi, u yerda yashovchi odamlar esa mahalladagi qolgan ibodatxonalarga yordam bermaydi.","Churches, he added, could be replaced by apartment buildings with condominiums filled with the kind of people who will not help the neighborhood's remaining sanctuaries.",public_v2_adapter,"In the middle of the town, cherkovs built a large-scale building where the living rooms were not used to build the neighborhood.",0.4489857000298798,34,False,False
eval_000720,ntrex,306,uz,en,Dolli Menga zarbasi Geri Holt o‘yinchilarini “Hibernian” jamoasi bilan tenglashtiruvchi o‘zgarish bo‘ldi.,Dolly Menga's strike proved to be the difference as Gary Holt's side moved level with Hibernian in second.,public_v2_adapter,"Dolli Menga has been the first to play Geri Holt in the ""Hibernian"" game.",0.29460429993923753,26,False,False
eval_000721,ntrex,307,uz,en,"Jerardning jamoasi esa bu mavsumda mehmonda biror marta g‘alabaga erishmagan, yetakchilardan bo‘lgan va sakkiz ochko oldindagi “Hearts” bilan keyingi shanba yuzma-yuz keladilar.","Gerrard's side remain without an away win in the Premiership this season and face leaders Hearts, who they trail by eight points, next Sunday.",public_v2_adapter,"The family of Jerard is in this area, with a single-mars death, and the heart is still left to seven.",0.36642770003527403,30,False,False
eval_000722,ntrex,308,uz,en,Ungacha esa payshanba kuni Yevropa ligasida “Rapid Vienna” jamoasiga mezbonlik qiladilar.,"Before then, Rangers host Rapid Vienna in the Europa League on Thursday.",public_v2_adapter,They also played in the European League with Rapid Vienna.,0.1904938000952825,16,False,False
eval_000723,ntrex,317,uz,en,"O‘yinning ikkinchi yarmida ham o‘yin shu zayil davom etayotgan edi, lekin orada Kelli Alfredo Morelosning jiddiy zarbasini bartaraf etdi.","That pattern continued into the second half, though Alfredo Morelos did force a save from Kelly.",public_v2_adapter,"In his second half, he played both the same role as Kelli Alfredo Morelos.",0.2583959000185132,22,False,False
eval_000724,ntrex,343,uz,en,"Hodisa Chaylders ko‘chasida, so‘nggi halokat bo‘lgan joydan deyarli bir mil uzoqlikda yana bir velosipedchi mashinada urib tashlanib ketgani sababli halok bo‘lganidan keyin bir necha oy o‘tib yuz berdi.","The crash comes months after another cyclist died in a hit-and-run on Childers Street, about a mile away from Saturday's crash.",public_v2_adapter,"Hodisa Chaylders, who was born in a motorcycle station for about a mile long from the old town, was killed by a police officer who had been arrested for a deadly death.",0.6646763000171632,48,False,False
eval_000725,ntrex,345,uz,en,"Yo‘l berkilgan, avtobus qatnovlari o‘zgartirilgan va haydovhilar bu yo‘ldan yurmasligi maslahat berilgan.",Road closures and bus diversions are in place and motorists have been advised to avoid the area.,public_v2_adapter,"Yo'l is busy, the buses are traveling and the people are not interested in this area.",0.3020855999784544,25,False,False
eval_000726,ntrex,353,uz,en,"Qamoqxonalarimizda zo‘ravonlikka toqat qilmaymiz, voqeaga javobgar shaxslar politisyaga yuboriladi va ularning jazo muddati yana orttirilishiga amin bo‘lamiz.”","We do not tolerate violence in our prisons, and are clear that those responsible will be referred to the police and could spend longer behind bars.""",public_v2_adapter,"We do not have any interest in our communities, we have a lot of political relations with the government and we are looking forward to the development of the country’s economy.”",0.4558969000354409,39,False,False
eval_000727,ntrex,368,uz,en,Dastavval Roza bo‘ronining yo‘li Meksikoning Quyi shimoliy Kaliforniya yarimoroli bo‘ylab o‘tadi.,"First, Hurricane Rosa's path leads to landfall across the Baja California peninsula of Mexico.",public_v2_adapter,"Dastavval was a member of the Mexican City School of California, in the southern coast of Roza.",0.3086312999948859,28,False,False
eval_000728,ntrex,369,uz,en,Yakshanba erta soatlarda Roza Meksikoning Punta Yevgeniya janubidan 385 mil uzoqlikda soatiga 85 mil shamol tezligi bilan hamon bo‘ron kuchiga ega bo‘lib soatiga 12 mil tezlik bilan shimolga qarab yo‘l olgan.,"Rosa, still at hurricane strength Sunday morning with maximum winds of 85 miles per hour, is 385 miles south of Punta Eugenia, Mexico and moving north at 12 miles per hour.",public_v2_adapter,"In the early days, Roza was born in Punta Yevgeny of Mexico City on a 385 miles long road with a 85-mile shamol area and 12 miles long route.",0.6566644000122324,44,False,False
eval_000729,ntrex,383,uz,en,"Tramp Kavana Demokratlar partiyasining “razilligi, shafqatsizligidan” aziyat chekkanini aytib o‘tdi","Trump says Kavanaugh 'suffered, the meanness, the anger' of the Democratic Party",public_v2_adapter,"Trump calls for the Democratic Party of Kavana to ""make a mother, unrighteous""",0.33824660000391304,27,False,False
eval_000730,ntrex,384,uz,en,"“Sudya Kavanaga ovoz berish Demokratlar partiyasining berahm va shafqatsiz taktikasiga qarshi ovoz berishdir”, dedi Tramp Ga‘rbiy Virjiniyadagi Viling yig‘ilishida.","""A vote for Judge Kavanaugh is a vote to reject the ruthless and outrageous tactics of the Democratic Party,"" Trump said at a rally in Wheeling, West Virginia.",public_v2_adapter,"“The South Korean border is a border with the Democratic Party’s strong and unprecedented tactics,” Trump said in a statement to Virginia's Viling.",0.514135199948214,43,False,False
eval_000731,ntrex,395,uz,en,"Senatda Kavana nomzodligi bo‘yicha birinchi asosiy ovoz berish jumadan kech qolmaydi, degan Respublikachilar rahbarining katta yordamchisi CNN kanaliga.","The first key procedural vote on the Senate floor on Kavanaugh's nomination is expected to take place no later than Friday, a senior GOP leadership aide has told CNN.",public_v2_adapter,"The Senate has been the first member of the Kavana National Assembly to vote for a new election, which is also held by the Republicans on CNN channel.",0.44854269991628826,38,False,False
eval_000732,ntrex,412,uz,en,"Donggaladan “deyarli hech qanday ma’lumot yo‘q”, aloqa uzilgan, dedi Nugroho.","Communications ""were totally crippled with no information"" from Donggala, Nugroho said.",public_v2_adapter,"From Donggal, “We are going to be a small village,” Nugroho said.",0.2675854000262916,23,False,False
eval_000733,ntrex,417,uz,en,"Bir necha daqiqalardan so‘ng juda katta to‘lqin sohilga kelib urilgan va yo‘lidagi mashinalar, binolarni yuvib ketgan.","Within minutes a wall of water crashes onto the shore, carrying away buildings and cars.",public_v2_adapter,"There are several different types of clothing that can be found in the floor, and there are many other machines, buildings.",0.3311552000232041,29,False,False
eval_000734,ntrex,421,uz,en,Shahar aeroporti faqat yordam sa’y-harakatlari uchun ochiq va 2-oktabrgacha yopiq qoladi.,The city's airport has been reopened only for relief efforts and will remain closed until Oct.,public_v2_adapter,The shahar airport has been closed to two and four minutes for the operating traffic.,0.25898919999599457,23,False,False
eval_000735,ntrex,423,uz,en,Indoneziyadagi tsunami sababli halok bo‘lganlar soni 800 dan ortdi.,Indonesia Tsunami Toll Soars Above 800.,public_v2_adapter,The total number of tsunami deaths in Indonesia is over 800.,0.1977804999332875,17,False,False
eval_000736,ntrex,428,uz,en,"Yordam ko‘rsatish guruhlari favqulotda vaziyatlarda olib boriladigan faoliyatlarini olib borishni boshlan bo‘lsalarda, ba’zilar favqulotda vaziyatlar bo‘yicha chuqur malakaga ega chet ellik yordam ko‘rsatish guruhlariga Paluga kirish ruxsat berilmagani haqida xabar berishgan.","Even as aid groups began the grim motions of starting the gears of disaster relief, some complained that foreign aid workers with deep expertise were being prevented from traveling to Palu.",public_v2_adapter,"In the fields where the public sector is based on the importance of the country’s economic growth, the economy has been increasingly expanded by the development of economic growth and the development, as well as by the production of economic development.",0.5935320999706164,53,False,False
eval_000737,ntrex,434,uz,en,Shanba kuni kanalizatsiya quvuri ichidan kichik bolani qutqarib olishgan.,"On Saturday, a little boy was plucked from a sewer.",public_v2_adapter,Shanba is located in the southern coast of the channeling station.,0.21015749999787658,20,False,False
eval_000738,ntrex,439,uz,en,Janob Gendon Roa Roa mehmonxonasi qulagani haqidagi xabar paraplanerizm hamjamiyati orasida tarqalishi bilan WhatsApp ilovasi orqali sohil festivalida ishtirok etgan Paludagi raqiblarga umidsizlik bilan xabar yuborishni boshlagan.,"Mr. Gendon recounted how, in the hours after the news of the Roa Roa Hotel collapse circulated among the paragliding community, he had desperately sent WhatsApp messages to the Palu competitors, who were taking part in the beach festival.",public_v2_adapter,"Janob Gendon Roa Roa was a member of the Paraplanerism Association for the Day of Judgment, which took part in the WhatsApp Festival of the Year.",0.4590773000381887,42,False,False
eval_000739,ntrex,454,uz,en,Hozirgi professional ismining qisqartmasi bo‘lish bilan bir qatorda Vest avval bu so‘z uning uchun diniy ahamiyatga ega ekanligini aytib o‘tgan.,"As well as being an abbreviation of his current professional name, West has previously said the word has religious significance for him.",public_v2_adapter,"In a period of time, the number of professional names in West was reduced to the number that West had been given for this kind of religious education.",0.37696130003314465,35,False,False
eval_000740,ntrex,480,uz,en,Immigratsiya siyosatidagi o‘zgarishlar AQSHning S.I. sohasidagi sa’y-harakatlarni kuchaytirishi mumkin.,Lee said immigration policy changes could also help the U.S. bolster its AI efforts.,public_v2_adapter,The Immigration Policy is a policy of the AQSH S.I. Department.,0.2178206000244245,20,False,False
eval_000741,ntrex,483,uz,en,"Xuddi Milliy fan jamg‘armasi va boshqa davlat tashkilotlari AQSHlik tadqiqotchilar uchun mablag‘ ajratganlaridek Xitoyning aniq fanlar bo‘yicha milliy jamg‘armasi akedemik muassasalaridagilarni moliyalashtiradilar, ammo Xitoyda ilimiy ishlar sifati pastroq, dedi Li.","China's National Natural Science Foundation provides funding to people at academic institutions similar to the way that the National Science Foundation and other government organizations dole out money to U.S. researchers, but the quality of academic work is lower in China, Lee said.",public_v2_adapter,"Judy Millions Academy and other educational institutions have been involved in the development of the country’s academic studies, including the national education of the Chinese people, who are a member of the University of Guatemala.",0.5557881999993697,49,False,False
eval_000742,ntrex,486,uz,en,Milliy fan jamg‘armasi esa har yili S.I. tadqiqotiga 100 million AQSH dollari ajratadi.,"As for the NSF, it currently invests more than $100 million per year in AI research.",public_v2_adapter,The national fan industry has earned $100 million AQSH to the S.I. economy of that year.,0.2810045999940485,26,False,False
eval_000743,ntrex,50,uz,en,"Jarohatdan uning oʻmrov suyagi ochilib qolgan edi”, dedi Xammel. U bolaning oldiga yetib borganida jarohatni koʻrgan.","His whole clavicle was ripped open,"" Hammel said he noticed once he got to the boy.",public_v2_adapter,"He was born in the village of Jarohat, where he had a small water,"" said Xammel.",0.29426869994495064,26,False,False
eval_000744,ntrex,508,uz,en,U “ha” degan natija “kelajagimiz tasdig‘i bo‘lishini aytdi”.,"He said that a ""yes"" result would be ""confirmation of our future.""",public_v2_adapter,The name “he” is “the story of our life”.,0.1909451000392437,16,False,False
eval_000745,ntrex,515,uz,en,Shanba kuni Angliyaning Manchsterida joylashgan Etihad maydonida Serxio Aguero va Rahim Sterling Brayton himoyasini yengib “Manchester City” jamoasiga 2-0 g‘alaba olib keldi.,"Sergio Aguero and Raheem Sterling dispatched of the Brighton defense in Manchester City's 2-0 win on Saturday at Etihad Stadium in Manchester, England.",public_v2_adapter,"She lost her wins against Serxio Aguero and Rahim Sterling Brayton in the English Manchester City, with a 2-0 defeat for Manchester City.",0.4463746000546962,37,False,False
eval_000746,ntrex,520,uz,en,U bir himoyachidan o‘tib Brayton jarima maydonchasi chetida yana bir nechtasidan o‘tib ketdi.,He pushed around one defender before outrunning several more at the edge of the Brighton box.,public_v2_adapter,He was born in a village next to the city of Brayton.,0.20872909994795918,18,False,False
eval_000747,ntrex,528,uz,en,U gol o‘yinning 29-daqiqasida urilgan edi.,That goal came in the 29th minute.,public_v2_adapter,He played the goal at 29th time.,0.1342780999839306,12,False,False
eval_000748,ntrex,535,uz,en,Pley-off musobaqasini “Nationals” jamoasi tark etishi bilan yana bir o‘yin boshlash ehtiyoj qolmagan edi.,"With the Nationals eliminated from playoff contention, there wasn't much reason to force another start.",public_v2_adapter,"The Pley-off team had a game of playback in the ""Nationals"" group.",0.2872942000394687,24,False,False
eval_000749,ntrex,539,uz,en,Nimaga bu musobaqada ishtirok etmas ekanman?”,"Why wouldn't I want to compete in that?""",public_v2_adapter,"Do you want to get there in this house?""",0.1542584999697283,13,False,False
eval_000750,ntrex,553,uz,en,U Demokratlar senatori Dayan Faynshteynni tilga olib senat adliya qo‘mitasini eslab o‘tdi. Uning bu gaplari olomonda salbiy hissiyotlarni uyg‘otdi.,"He referenced Senate Judiciary Committee ranking Democratic Sen. Dianne Feinstein by name, which received loud boos from the audience.",public_v2_adapter,"He voted for Senator Dayan Faynstein to join the Senate Court, who made these differences a sense of self-righteousness.",0.43720249994657934,37,False,False
eval_000751,ntrex,556,uz,en,"A, nima?","Uh, uh, what.",public_v2_adapter,What about?,0.06407109997235239,6,False,False
eval_000752,ntrex,57,uz,en,"Jayls ushbu hududda 135 turdagi akula borligini, lekin ularning koʻpi xavfli emasligini qayd etgan.","Giles noted that there are more than 135 shark species in the area, but most are not considered dangerous.",public_v2_adapter,"Jayls has a total of 135 aculates in the city, with a large number of children living.",0.2713517000665888,25,False,False
eval_000753,ntrex,571,uz,en,Va bu faqat mening boshimdan o‘tganlari emas.,And that is not just my experience.,public_v2_adapter,And this page has many of my own pages.,0.14723100000992417,13,False,False
eval_000754,ntrex,577,uz,en,"Ikki yil davomida menga kamtarroq bo‘lish, ovozimni chiqarmaslik haqida va ana o‘shanda “hammasi yaxshi bo‘lishi” haqida juda ko‘p maslahat berildi.","I have had lots of advice over the past two years urging me to keep my head down, not to be so vocal and then I would ""be all right.""",public_v2_adapter,"The two years later, she was a family member, and her husband was born as a ""born girl"" in the main place.",0.3775337999686599,30,False,False
eval_000755,ntrex,582,uz,en,"Juma kungi harakatda tashabbus ko‘rsatganlarga aytmoqchi bo‘lgan yagona gapim, oilalarga, bizneslarga va ijtimoiy xizmatlarimizga zarar keltiruvchi Brexit tomon qarab ketayotgan bir vaqtda Leyboristlar yetakchisiga sadoqatlikka vaqtim va kuchimni ketkazish xohishini tushunmayman.","To those who promoted the motion on Friday, all I would say is that when the country is ploughing towards a Brexit that will hurt households, businesses and our public services, I do not understand the desire to waste time and energy on my loyalty to the Labour party leader.",public_v2_adapter,"I have been in the middle of my current political crisis, and I have not been working with the Leyborists for a long time, as well as for a brexit that has damaged our economy, business and economic activities.",0.595566000090912,51,False,False
eval_000756,ntrex,583,uz,en,"Ammo yetkazishni istagan asosiy xabarim Notinghem Momentum uchun emas, balki xoh Leyborist bo‘lsin, xoh boshqa mening saylovchilarim uchundir: men sizlarga xizmat qilishdan mamnunman va hech qanday qayta saylash tahdidlari yoki siyosiy manfaat men muhim deb bilgan narsa – barchangizning manfaatlaringiz uchun kurashishdan qaytarmaydi.","But really the one message I have is not to Nottingham Momentum, it is to my constituents, whether Labour members or not: I am proud to serve you and I promise that no amount of deselection threats or political expediency will deter me from acting in what I believe are the best interests of you all.",public_v2_adapter,"My first wife, Notinghem Momentum, was the former Leyborist girlfriend, and I had many other stories: but you were not able to get back from the school for the benefits of the family's life and the interests of the people's lives.",0.7049094999674708,61,False,False
eval_000757,ntrex,584,uz,en,Kris Lesli Nottinghem Sharq uchun parlament a’zosi,Chris Leslie is MP for Nottingham East,public_v2_adapter,Kris Lesli Nottingham is a parliamentary deputy,0.20496119989547879,18,False,False
eval_000758,ntrex,585,uz,en,“Ayr” 38 - 17 “Melrose”: Yengilmas “Ayr” yuqoriga ko‘tarilmoqda,Ayr 38 - 17 Melrose: Unbeaten Ayr go top,public_v2_adapter,“Ayr” 38–17 “Melrose”: The newly-defined “Air” is a member of the team,0.49791060003917664,33,False,False
eval_000759,ntrex,594,uz,en,"Ruarid Notning jarohati uzoq to‘xtashga sabab bo‘ldi, uni zambilda maydondan olib chiqib ketishdi, bundan keyin “Ayr” jamoasi Stafford Maddoval urinishi va Klimoning yana bir realizatsiyasi bilan qo‘shimcha ochkoni qo‘lga kiritdi.","There was then a lengthy hold-up for a serious injury to Ruaridh Knott, who was stretchered off, and from the restart, Ayr surged further ahead through a Stafford McDowall try, converted by Climo.",public_v2_adapter,"Ruarid Notning was born because of his long-term life, and he had been left behind the ground in the middle, while after that he became a member of Stafford Maddoval, Ayr, who was a member and a member from Klimon.",0.6827068000566214,58,False,False
eval_000760,ntrex,600,uz,en,56 yashar aktyor BBCning mashhur serialida Jek Jarvis rolini oʻynaydi. U oʻzining eski sherigi Greg Hemfill bilan birga serial ssenariysini yozadi va bosh rolni ijro etadi.,"The 56-year-old plays Jack Jarvis on the popular BBC show, which he writes and co-stars with long-time comedy partner Greg Hemphill.",public_v2_adapter,"The 56-year-old actor played the role of Jek Jarvis in BBC's series, who was a former director and directed by Greg Hemfill.",0.41791890002787113,37,False,False
eval_000761,ntrex,619,uz,en,"“Dengizga chiqish yoʻli muammosi Boliviyaning joriy hukumati ixtiyoriga o’tdi”, dedi Zarate.","""The issue of access to the sea has been hijacked by the current Bolivian administration,"" said Zárate.",public_v2_adapter,"“The long-term warfare has led to the Bolivia military law,” Zarate said.",0.28224739991128445,23,False,False
eval_000762,ntrex,652,uz,en,"Taniqli stilist Lyuke Armitaj FEMAIL nashriga shunday dedi: “Keyingi yoz mavsumida ulkan shlyapalar va plyaj sumkalari ko‘chalarda ham paydo bo‘lishiga ishonaman, chunki bu dizayner juda katta ta’sir qilgan va ulkan hajmli aksesuarlarga bo‘lgan talabga e’tibor bermaslikning iloji bo‘lmaydi.”",Celebrity stylist Luke Armitage told FEMAIL: 'I'm expecting to see large hats and beach bags arrive on the high street for next summer - as the designer has made such a huge impact it would be hard to ignore the demand for the oversized accessories.',public_v2_adapter,"The former stylist Lyuke Armitaj told FEMAIL: “I have been working with the same style as the original paintings and playwear in my own house, but this designer has not been able to make a little more beautiful than the original, with its original accessories.”",0.8670739000663161,62,False,False
eval_000763,ntrex,66,uz,en,Supermarketlar onlayn xaridlar va kichik hajmdagi mahalliy do‘konlarda o‘z ehtiyojlarini qondiradigan iste’molchilar e’tiborini qozonish uchun supermarketlar yaxshiroq harakat qilishlari kerak bo‘lmoqda.,Online shopping and a shift towards buying small amounts of food daily at local convenience stores means supermarkets are having to do more to persuade people to visit.,public_v2_adapter,"Supermarkets are a number of different types of supermarkets that operate in the area and in the smallest areas, while they can afford to buy more than one million dollars.",0.47822799999266863,41,False,False
eval_000764,ntrex,671,uz,en,"2013-yilda YouGov portali tomonidan 4000 dan ortiq katta yoshlilar oʻrtasida oʻtkazilgan soʻrovga koʻra, 75 foiz odam xorijiy tilda suhbat olib borish uchun yetarli darajada yaxshi gapira olmasligini bildirgan, fransuz tili esa 15 foiz odam biladigan yagona til boʻlgan.","According to a YouGov poll of more than 4,000 UK adults in 2013, 75 per cent were unable to speak a foreign language well enough to hold a conversation and with French being the only language spoken by a double-digit percentage, 15 per cent.",public_v2_adapter,"In 2013, the YouGov portally had more than 4,000 children's rooms, 75 rooms were not available for a single room in the village of New York City, while French tour was only 15 rooms.",0.5105116999475285,47,False,False
eval_000765,ntrex,680,uz,en,"Mustaqil maktablar Shotlandiya yoshlari uchun bu kabi tanlov, xilma-xillik va afzalliklarni taklif qilishda davom etadi.","Independent schools will continue to offer this choice, diversity and excellence for Scotland's young people.",public_v2_adapter,"The most popular areas of the city are in the fields of education, education and education for Scottish citizens.",0.29113480006344616,27,False,False
eval_000766,ntrex,681,uz,en,Il faut bien le faire.,Il faut bien le faire.,public_v2_adapter,It must be done well.,0.09671420010272413,9,False,False
eval_000767,ntrex,70,uz,en,"Sainsbury 2000-yillar boshida Boots bilan birgalikda qo‘shma korxona ochib ko‘rgan, ammo supermarketlardagi dorixonalardan tushgan daromadni taqsimlash borasidagi tortishuvlar sabab aloqa uzilgan edi.","Sainsbury's tested a joint venture with Boots in the early 2000s, but the tie-up ended after a row over how to split the revenues from the chemist's stores in its supermarkets.",public_v2_adapter,"Sainsbury was a member of Boots' Association in the 2000s, and was also involved in the development of other supermarkets for the purposes of reducing their costs.",0.4530845999252051,42,False,False
eval_000768,ntrex,705,uz,en,"Reuter nashrining xabariga koʻra, Gʻarbiy Virjiniya Universiteti siyosatshunosi Saymon Xeder “saylovda Morrisseyni koʻtarish uchun prezidentning oʻzi kelishga majbur boʻlishi yaxshi alomat emas”ligini ta’kidlagan.","""It's not a good sign for Morrisey that the president has to come to try to give him a boost in the polls,"" said Simon Haeder, a political scientist at West Virginia University, according to Reuters.",public_v2_adapter,"As of Reuter's office, the University of Virginia University Professor Saymon Xeder described ""the president's presidential life as a majority of his parents for Morrissey's death.""",0.49878449994139373,45,False,False
eval_000769,ntrex,706,uz,en,Rayder kubogi 2018: AQSH jamoasi yakshanbadagi yakka bahslar oldidan ruhni tushirmasdan davom etishga jurʼat koʻrsatdi,Ryder Cup 2018: Team USA show stomach for fight to keep hopes alive heading into Sunday singles,public_v2_adapter,Rayder Cup 2018: AQSH has been awarded a jury for the public to take care of the spirit after the death of the youngest winners,0.36998870002571493,34,False,False
eval_000770,ntrex,71,uz,en,Yangi strategiya uch yil avval Sainsbury 281 ta do‘kondagi dori-darmon bo‘limlarini “Lloyds Pharmacy” dorixonalar tarmogʻiga egalik qiluvchi “Celesio” kompaniyasiga 125 million funt sterlingga sotganidan keyin qabul qilingan.,"The new strategy comes after Sainsbury's sold its 281-store pharmacy business to Celesio, the owner of the Lloyds Pharmacy chain, for £125m, three years ago.",public_v2_adapter,"The same strategy, in the year that Sainsbury made its 281 second-party wheels with a lot of 125 million pounds worth to Celesio, which was the first to make their own Lloyds Pharmacy.",0.5781907000346109,55,False,False
eval_000771,ntrex,711,uz,en,"Albatta, toʻrt ochkolik ustunlik Yevropa jamoasi tomonda va oldinda oʻn ikkita oʻyin bor.","Europe have the advantage, of course, four points ahead with twelve more in play.",public_v2_adapter,"In the middle of the summer, two of them were born in Europe and in the old.",0.24698840000201017,22,False,False
eval_000772,ntrex,716,uz,en,"“Shunchaki astoydil harakat qilish va oʻz oʻyiningiz uchun jon kuydirish kerak,” –  dedi Spayt.","""You've really just got to dig deep and worry about your own match,"" Spieth said.",public_v2_adapter,"“The oldest road in Shanghai is a huge challenge for your family,” Spayt said.",0.2540682000108063,23,False,False
eval_000773,ntrex,731,uz,en,Yevropa shanba kuni golfning toʻrt toʻplik va toʻrt otishlik oʻyinlarida 10-6 hisobida AQSHdan ustun kelganidan keyin Rayder Kubogining soʻnggi kunida salmoqli ustunlikka ega boʻladi.,Europe will take a healthy advantage into the final day of the Ryder Cup after emerging from Saturday's fourballs and foursomes matches with a 10-6 lead over the United States.,public_v2_adapter,"In Europe, the team played a lot of games and playing a lot in golf for 10-6 years after being an expert at AQSH, Rayder Cup was a member of the national team.",0.46116469998378307,42,False,False
eval_000774,ntrex,745,uz,en,"Shimoliy Koreya ishonch hosil qilinmasa, “hech qanaqasiga” bir taraflama qurolsizlanmasligini aytdi",North Korea says 'no way' will disarm unilaterally without trust,public_v2_adapter,"Shimoli said that if Korea did not have a foreign war, it would be ""with all the money"" to establish a party.",0.3706950999330729,32,False,False
eval_000775,ntrex,746,uz,en,Shimoliy Koreya Tashqi ishlar vaziri shanba kuni Birlashgan Millatlar Tashkilotiga sanksiyalarning davom etayotganligi AQSHga nisbatan ishonchsizlikni kuchaytirayotgani va mamlakat hech qanday vaziyatda atom qurolidan bir taraflama voz kechmasligini maʼlum qildi.,North Korea's foreign minister told the United Nations on Saturday continued sanctions were deepening its mistrust in the United States and there was no way the country would give up its nuclear weapons unilaterally under such circumstances.,public_v2_adapter,"She also said that the United Nations General Assembly of Securities on South Korea has not been responsible for sanctions against AQSH, and that it has been dismissed to a side of nuclear power in other countries.",0.5570402999874204,51,False,False
eval_000776,ntrex,747,uz,en,"Ri Yong Xo har yilgi Bosh Assambleyada Shimoliy Koreya oʻtgan yili “muhim salmoqli choralar”ni amalga oshirgani, jumladan, yadro va raketa sinovlarini toʻxtatish, yadro poligoni demontaj qilish va atom hamda yadro texnologiyalarining tarqalmasligi choralari koʻrilganini aytdi.","Ri Yong Ho told the world body's annual General Assembly that North Korea had taken ""significant goodwill measures"" in the past year, such as stopping nuclear and missiles tests, dismantling the nuclear test site, and pledging not to proliferate nuclear weapons and nuclear technology.",public_v2_adapter,"Ri Yong Yu said in the last year's Bush Assembly that he was preparing for Korean military ""most-smart choreas"", to build nuclear, nuclear and missile systems, to dismantle nuclear polygon and nuclear nuclear technology.",0.7335017999866977,60,False,False
eval_000777,ntrex,758,uz,en,"Vazir buning oʻrniga soʻnggi besh oy ichida Kim va Janubiy Koreya rahbari Mun Je-in oʻrtasida uchta uchrashuv boʻlib oʻtganini taʼkidladi va: “Agar yadro qurolidan holi boʻlish muammosi boʻyicha ikkinchi taraf AQSH emas, Janubiy Koreya boʻlganida, Koreya Yarimorolining yadro qurolidan holi etish shu qadar boshi berk koʻchaga kirib qolmagan boʻlardi”, – deb qoʻshimcha qildi.","The minister instead highlighted three meetings between Kim and South Korean leader Moon Jae-in in the past five months and added: ""If the party to this issue of denuclearization were South Korea and not the U.S., the denuclearization of the Korean peninsula would not have come to such a deadlock.""",public_v2_adapter,"As a result of this, the two parties said: ""The second part of the group's main development was AQSH, the second part in the Korean region, and the second side in the South Korean Central Region,"" he added.",0.6369941000593826,53,False,False
eval_000778,ntrex,760,uz,en,"Oʻtgan yili Shimoliy Koreyani “butunlay vayron qilishi”ni aytgan Tramp, bu yilgi BMT yigʻilishida, Kimni qurolsizlanish yoʻlidagi jasorati uchun maqtadi, ammo bu borada hali koʻp ishlar amalga oshirilishi zarurligi hamda Shimoliy Koreya atom qurolidan holi boʻlmaguncha, sanksiyalar saqlanib turishi maqsadga muvofiq ekanligini aytdi.","This year at the United Nations, Trump, who last year threatened to ""totally destroy"" North Korea, heaped praise on Kim for his courage in taking steps to disarm, but said much work still had to be done and sanctions must remain in place until North Korea denuclearizes.",public_v2_adapter,"Trump, who was the former Korean nuclear power plant in Shimoli, said that he had been a member of the United Nations for this year's UN conference, which led to China's disaster, and that he was a member in the Korean atomic system, with a number of military forces.",0.8864363000029698,69,False,False
eval_000779,ntrex,772,uz,en,"Akademiklardan biri dunyodagi birinchi raqamli universitet talabalari oʻzlariga gʻamxoʻrlik qilishni bilmaydi, deb topdi.",An academic found students at the world's number one university are often clueless when it comes to the very basics about how to look after themselves.,public_v2_adapter,"One of the academics did not know how to study at the first-class university school in Denmark, but was able to find a big deal.",0.44942469999659806,34,False,False
eval_000780,ntrex,775,uz,en,"“Maʼruza yakunida bir talaba qiz yonimga kelib, soʻradi: “Nima uchun menga bu haqida hozir, yuqori kurs boʻlganimdan keyin aytishyapti?”","'At the end of it one girl came up to me and said: 'Why am I only being told this now, in my senior year?'",public_v2_adapter,"“Mayruza asked me a little after, ‘Why did my mother leave me for this time and I had to go school?’”",0.4056664000963792,32,False,False
eval_000781,ntrex,781,uz,en,"Boshqa boʻlimda ishtirokchilarga koʻp uxlash yurak xuruji, insult, depressiya va saraton kasalliklariga chalinish xavfini kuchaytirishi haqida maʼlumot beriladi.","In another section, participants are told how long-term sleep deprivation can increase risks of heart attacks, stroke, depression and cancer.",public_v2_adapter,"He was also involved in the development of a family and had been killed by an accidental, insult, depression and disorder.",0.4410171000054106,32,False,False
eval_000782,ntrex,786,uz,en,"Yetarli va sifatli uyqu talabaning stress, charchoq hamda toliqishga qarshi “sirli quroli” boʻlishi kerak, – deydi u, – hattoki ortiqcha vaznga ham uyqusizlik sababchi. Chunki,uyqu yetishmasligi miyani ochlik rejimiga sozlaydi, bu esa oʻz navbatida doimiy ochlikni his qilishga olib keladi.","Ensuring you have enough sleep, of a good quality, should be a student's 'secret weapon' to combat stress, exhaustion and anxiety, he said - even to avoid putting on weight, as sleep deprivation puts the brain into starvation mode, making them constantly hungry.",public_v2_adapter,"The stress of the sleep loss and the stress of a sleep loss, the ""sick"" cause of the disease in the middle of the night, is due to all the illnesses in the area. The problem is that the sleep has been caused by an unhealthy regime, which has resulted in a long-term illness.",1.0608998000388965,75,False,False
eval_000783,ntrex,793,uz,en,"“Ibrox” klubi fevral oyida “St Johnstone” bilan o‘yinda 4-1 hisobda zafar quchganlaridan beri mehmonda birinchi g‘labani hisoblariga yozish niyatida bo‘lgan edilar, ammo Gari Holt jamoasi Djerard murabbiylikni o‘z bo‘yniga olganidan beri 18 ta oyinda ikkinchi mag‘lubiyatni olib keldi, uning jamoasi “Ladbrokes” premier ligase yetakchilari “Hearts”dan sakkiz ochko ortda qolmoqda.","The Ibrox side were looking to record their first win on the road since February's 4-1 triumph at St Johnstone, but Gary Holt's team inflicted just Gerrard's second defeat in 18 games as manager to leave his side eight points adrift of runaway Ladbrokes Premiership leaders Hearts.",public_v2_adapter,"The Ibrox club has won the second round in February after winning 4-1 in St Johnstone, while Gari Holt has won a second round since playing 18 games with Djerard as a player, and his team is now in the middle of the heart's headquarters for the Premier League.",1.0238244000356644,69,False,False
eval_000784,ntrex,808,uz,en,"Jerard tanaffus vaqtida Kulibalini Rayan Kentga almashtirdi, bu o‘zgartirish shu zahotiyoz ta’sirini ko‘rsatdi, hujumchi Morelosning yo‘lini kesib o‘tdi, ammo Kelli o‘z chizig‘idan himoyaga yetib keldi.",Gerrard acted at the break as he swapped Coulibaly for Ryan Kent and the switch almost provided an immediate impact as the winger slotted in Morelos but the impressive Kelly raced from his line to block.,public_v2_adapter,"Jerard was born to the village of Rayan Kent, where he had a long time in his life, and he had lost his wife Morelos, who had been born with Kelli's own family.",0.6387271999847144,46,False,False
eval_000785,ntrex,809,uz,en,"Ammo “Livingston” mehmonlarni aynan o‘zlari istagan o‘yinni o‘ynashga majbur qildilar, Litgou va Halket ketma-ket uzun to‘p oshirishlarni amalga oshirdilar.","But Livingston continued to suck the visitors into playing exactly the type of game they enjoy, with Lithgow and Halkett sweeping up long ball after long ball.",public_v2_adapter,"They also have been able to play the same game as Livingston, and Litgou and Halket both have developed long-term games.",0.4711586000630632,32,False,False
eval_000786,ntrex,833,uz,en,Kanyi Uest SNL dasturi ishtirok etdi va MAGA kepkasini kiygan holda Trampni oqlovchi tanqidga kirishdi.,"Kanye West Embarked on a Pro-Trump Diatribe, Wearing a MAGA Hat, After his SNL Appearance.",public_v2_adapter,"Kanyi Uest was a member of the SNL and after having won the MAGA, she was born with Trump's family.",0.4217144000576809,31,False,False
eval_000787,ntrex,846,uz,en,"Va shundan keyin ular men gʻarq boʻlgan joyda ekanligimni aytishdi”, – dedi u “Washington Examiner” nashriga.","And then they say I'm in a sunken place,"" he said, according to the Washington Examiner.",public_v2_adapter,"And the first of them was a four-year-old, who started his career,"" she told Washington Examiner.",0.32064960000570863,28,False,False
eval_000788,ntrex,850,uz,en,"Uestni Ariana Grandening sobiq yigiti – Mak Miller bundan bir necha kun muqaddam olamdan oʻtgani sababli, oʻrindosh sifatida tadbirga olib kelishgan.","West had been brought in as a late replacement for singer Ariana Grande, whose former boyfriend, the rapper Mac Miller had died a few days ago.",public_v2_adapter,The West is a friend of Ariana Granden – Mak Miller is not a member of the United States because she was only one.,0.36135660007130355,30,False,False
eval_000789,ntrex,866,uz,en,Kit Xerington HBOʼning oʻrta asr jangari fantastikasi hisoblangan “Taxtlar oʻyini” filmida jangchi Jon Snou roli bilan tanilgan.,Kit Harington is known for his sword-swinging role as Jon Snow in HBO's violent medieval fantasy series Game of Thrones.,public_v2_adapter,"Kit Xerington was known as Jon Snou in his first role in HBO's film ""The Game of the Taxtes"".",0.3629878000356257,32,False,False
eval_000790,ntrex,887,uz,en,"Yangi holatlarning aksariyati, avvalgi yillardan farqli ravishda, jinsiy aloqa orqali yuqtirilgan.","The vast majority of new cases were transmitted through sex, marking a change from the past.",public_v2_adapter,"The variety of these areas, different from the years of age, is a small area.",0.2394952999893576,21,False,False
eval_000791,ntrex,888,uz,en,"Odatda, OIV Xitoyning baʼzi hududlarida infeksiyalangan qon quyish oqibatida tez tarqalar edi.","Traditionally, HIV spread rapidly through some parts of China as a result of infected blood transfusions.",public_v2_adapter,"In the room, OIV has been diagnosed with a medical clinic for infection in the bacterial disease.",0.3070205000694841,28,False,False
eval_000792,ntrex,905,uz,en,"“Shaxsiy maʼlumotlari, xavfsizligi va shaxsi ushbu yolgʻon daʼvolar tufayli xavf ostida qolgan xodimim bu maʼlumotlarning tarqalib ketishiga hech qanaqasiga javobgar emas.","""The member of my staff - whose identity, personal information, and safety have been compromised as a result of these fraudulent and false allegations - was in no way responsible for the leak of this information.",public_v2_adapter,"“I am working in a large area of business, business and business areas with many different types of activities that are the main part of this project.",0.3763245999580249,33,False,False
eval_000793,ntrex,906,uz,en,Bu asossiz daʼvo butunlay soxta va mutlaqo yolgʻon”.,"This unfounded allegation is completely false and an absolute lie.""",public_v2_adapter,This is a very difficult and unfortunate way.”,0.16179359995294362,15,False,False
eval_000794,ntrex,915,uz,en,Uotersning oraliq saylovlardagi raqibi boʻlgan Respublikachilar partiyasi nomzodi Omar Navarro ham Twitterda bu voqeaga nisbatan oʻz fikrini bildirdi.,"Omar Navarro, a Republican candidate running to unseat Waters in the midterm elections, also voiced his thoughts on Twitter.",public_v2_adapter,"The Republican Party leader Omar Navarro, who was the leader of Uttar's officials, tweeted his opinion about this issue.",0.3674710000632331,34,False,False
eval_000795,ntrex,924,uz,en,"Uning kelib chiqishi aslida oʻz ortidan tartibsizlik qoldirib, hozirda unutilib ketgan Atkinson ijrosidagi “Baryclaycard” kompaniyasi tele-reklamalarida tasvirlangan sayohatchi va xalqaro mistik kishi qahramoniga ham asosnlangan. Jonni Inglishning soʻnggi chiqishida esa bir yoki ikkita yaxshi sahnalar bor.","He's also originally based on the traveller and international man of mystery Atkinson once played in the now forgotten Barclaycard TV ads, leaving chaos in his wake.",public_v2_adapter,"Their work was actually a little uninterrupted, and they were also familiar with the mysterious and mystical character of the company's television advertising show at Atkinson's ""Baryclaycard"" series.",0.5862774000270292,53,False,False
eval_000796,ntrex,944,uz,en,"Ma’lumotlarga ko‘ra, partiya korxonalar boshliqlari sun’iy intellekt (SI) inqilobi orqali tejalgan mablag‘lar hisobiga ishchilarga qo‘shimcha dam olish kuni berishni talab qilgan.",The party reportedly wants company bosses to pass on savings made through the artificial intelligence (AI) revolution to workers by giving them an extra day off.,public_v2_adapter,"In my practice, the party is a member of the group who has been involved in the development of intellectual (SI) education for courts.",0.36180549999698997,34,False,False
eval_000797,ntrex,963,uz,en,"Ayblovlar yangraganidan keyin unga qo‘ng‘iroq qildim, undan “Sen buni qildingmi?”, deb so‘radim.","I called him after this happened, that allegation came out, said, 'Did you do it?'",public_v2_adapter,"I left the sky for the day, and asked me, “Do you have a baby?”",0.25348239997401834,22,False,False
eval_000798,ntrex,985,uz,en,Tashkilot vebsaytining savol-javob bo‘limidagi “jadal qashshoqlikni to‘xtata olaman deyishga nima xizmat qiladi?” degan savoliga,"In response to one of the FAQs on its website asking ""what makes you think we can end extreme poverty?""",public_v2_adapter,"The post of Tashkilot said: ""What is the reason you want to do with your family?""",0.29719319997821003,24,False,False
eval_000799,ntrex,995,uz,en,"Zinke Isteʼmolchilar energetikasi ittifoqi (Consumer Energy Alliance), AQSHda oʻzini “energetika isteʼmolchilari ovozi” sifatida koʻrsatadigan notijorat guruh mezbonlik qilayotgan tadbir qatnashchilariga murojaat qilayotgandi.","Zinke was addressing the attendees of the event hosted by the Consumer Energy Alliance, a non-profit group which styles itself as the ""voice of the energy consumer"" in the US.",public_v2_adapter,The Zinke Energy Alliance (Consumer Energy Alliation) has established its system as an energy industry company in AQSH.,0.4054180000675842,31,False,False
eval_000800,tatoeba_latin,10473149-10473679,en,uz,When is Tom going shopping?,Tom qachon bozorlashadi?,public_v2_adapter,Tom ko'lida o'zilgan?,0.24349140003323555,13,False,False
eval_000801,tatoeba_latin,10473674-10473908,en,uz,Tom isn't Mary's father. He's her uncle.,"Tom Mariyaning otasi emas. U, uning amakisi.",public_v2_adapter,"Tom Mariya o'zasi, o'ynini.",0.27454809995833784,16,False,False
eval_000802,tatoeba_latin,10511151-10511144,en,uz,"Today, I want to cook pilaf.","Bugun, men osh pishirishni hohlayman.",public_v2_adapter,"Bugga, pilaf ko'lim.",0.1811722000129521,14,False,False
eval_000803,tatoeba_latin,1064334-8824205,en,uz,Do you know this song?,Bu qo'shiqni bilasanmi?,public_v2_adapter,Bu şarkıyini siz bilir?,0.1637309999205172,11,False,False
eval_000804,tatoeba_latin,10715863-10715888,en,uz,We all thought that Tom might kill himself.,Biz hammamiz Tom o'zini o'ldirishi mumkin deb o'ylagandik.,public_v2_adapter,Biz hamga Tom'yil o'zilgan.,0.29187959991395473,14,False,False
eval_000805,tatoeba_latin,10852008-10852565,en,uz,The president likes to travel.,Prezident sayohat qilishni yaxshi ko‘radi.,public_v2_adapter,Prezident o'zilgan.,0.14020010002423078,9,False,False
eval_000806,tatoeba_latin,1096479-3763781,en,uz,I don't have all the facts.,Menda hamma faktlar yo'q.,public_v2_adapter,U bütün faktlar ko'lim.,0.16479710000567138,12,False,False
eval_000807,tatoeba_latin,1097961-1223565,en,uz,My dog is fast.,Itim o'zg'ir.,public_v2_adapter,Qonim o'z.,0.1715107000200078,10,False,False
eval_000808,tatoeba_latin,1097988-1223568,en,uz,You are my mother.,Sen mening volidamsin.,public_v2_adapter,U u mami.,0.11909429996740073,8,False,False
eval_000809,tatoeba_latin,11070341-11070351,en,uz,You can't eat money.,Pul yeyilmas.,public_v2_adapter,U u o'zasi yagan.,0.15998120000585914,12,False,False
eval_000810,tatoeba_latin,11071484-11071980,en,uz,Tom tried to catch the children's attention.,Tom bolalarning e’tiborini jalb qilishga harakat qildi.,public_v2_adapter,Tom o'zilgan o'ynagan q'yashini.,0.22622399998363107,18,False,False
eval_000811,tatoeba_latin,1113162-2836664,en,uz,I don't see a man.,Bir odam ko'rmayman.,public_v2_adapter,U bir adamga ko'lim.,0.17503170005511492,12,False,False
eval_000812,tatoeba_latin,11165339-11165379,en,uz,I want to rent a bicycle.,Velosiped ijaraga olmoqchiman.,public_v2_adapter,U bisiklet qirlamam.,0.1891022000927478,12,False,False
eval_000813,tatoeba_latin,11483051-11483321,en,uz,They didn't have a cat.,Ularning mushuki yo‘q edi.,public_v2_adapter,U koʻlida bo'ilgan.,0.18123019998893142,12,False,False
eval_000814,tatoeba_latin,1160291-1223560,en,uz,It is my dog.,U mening itim.,public_v2_adapter,Bu ko'lum.,0.11195689998567104,8,False,False
eval_000815,tatoeba_latin,1160293-1223561,en,uz,It is mine.,U mening.,public_v2_adapter,U u mimi.,0.12486290000379086,8,False,False
eval_000816,tatoeba_latin,11844225-12073309,en,uz,My house is in this village.,Mening uyim bu qishloqda.,public_v2_adapter,U qumim bu qumida.,0.1492532999254763,12,False,False
eval_000817,tatoeba_latin,11864175-11905568,en,uz,He answered the question.,So‘roqqa javob berdi.,public_v2_adapter,U o'yagan qosipdi.,0.16614490002393723,13,False,False
eval_000818,tatoeba_latin,11864175-11905569,en,uz,He answered the question.,Savolga javob berdi.,public_v2_adapter,U o'yagan qosipdi.,0.16248519998043776,13,False,False
eval_000819,tatoeba_latin,1188714-1223550,en,uz,My hair is light brown.,Qillarim oq-go'los.,public_v2_adapter,U qafam o'zilgan.,0.14872379996813834,12,False,False
eval_000820,tatoeba_latin,1194034-2661342,en,uz,I'm not a doctor.,Men vrach emasman.,public_v2_adapter,U doktorga ko'm.,0.1170124999480322,10,False,False
eval_000821,tatoeba_latin,12174229-12174099,en,uz,Where in Tashkent are you from?,Toshkentning qayeridansan?,public_v2_adapter,Tashkentda siz o'z?,0.1426055000629276,11,False,False
eval_000822,tatoeba_latin,12175155-12175770,en,uz,How should we solve the problem?,Muammoni qanday hal qilishimiz kerak?,public_v2_adapter,Biz problemini nasıl q'ilgan?,0.12662350002210587,11,False,False
eval_000823,tatoeba_latin,12194491-12194916,en,uz,I don't want to sign it.,Men buni imzolashni xohlamayman.,public_v2_adapter,U bu o'zimi ayashilgan.,0.16162170004099607,13,False,False
eval_000824,tatoeba_latin,12194491-12194917,en,uz,I don't want to sign it.,Men uni imzolashni xohlamayman.,public_v2_adapter,U bu o'zimi ayashilgan.,0.1495652999728918,13,False,False
eval_000825,tatoeba_latin,12271500-12304625,en,uz,This shop does not sell women's clothing.,Bu do‘konda ayollar kiyimlari sotilmaydi.,public_v2_adapter,Bu shopning o'ziyari bo'shini o'qlam.,0.24479479994624853,20,False,False
eval_000826,tatoeba_latin,12471535-12474868,en,uz,You and Tom will be safe here.,Sen va Tom bu yerda xavfsiz bo'lasizlar.,public_v2_adapter,U va Tom burada o'zilgan.,0.12995690002571791,12,False,False
eval_000827,tatoeba_latin,12471846-12474870,en,uz,Why didn't he help you?,U senga nega yordam bermadi?,public_v2_adapter,U ni'l sizga o'zilgan?,0.15699160005897284,14,False,False
eval_000828,tatoeba_latin,12474791-12474916,en,uz,Did you win the match?,O'yinni yutdingizmi?,public_v2_adapter,U ma'kinini yildir?,0.14524350001011044,12,False,False
eval_000829,tatoeba_latin,12474818-12474915,en,uz,Tom has already chosen his successor.,Tom allaqachon o'z davomchisini tanlab bo'lgan.,public_v2_adapter,Tom o'zilgan o'ynini bo'zdi.,0.21659249998629093,17,False,False
eval_000830,tatoeba_latin,12474823-12474909,en,uz,Tom owns a recording studio.,Tomning ovoz yozish studiyasi bor.,public_v2_adapter,Tom rekord studioyu o'ynadi.,0.1854249999159947,13,False,False
eval_000831,tatoeba_latin,12474827-12474911,en,uz,Tom's first novel was translated into six languages.,Tomning birinchi asari 6 ta tilga tarjima qilingan.,public_v2_adapter,Tomning o'z romani six idiomida yolladi.,0.2887446000240743,18,False,False
eval_000832,tatoeba_latin,12474864-12474917,en,uz,Tom excels in his field.,Tom o'z sohasida juda yaxshi.,public_v2_adapter,Tom o'zilgan.,0.10795029997825623,9,False,False
eval_000833,tatoeba_latin,12794071-12794207,en,uz,I think Tom is still at home.,"Menimcha, Tom hali ham uyda.",public_v2_adapter,Tom o'zilgan ko'zadi.,0.15980430005583912,13,False,False
eval_000834,tatoeba_latin,12894420-12897219,en,uz,They spent all the money.,Ular hamma pulni sarflashdi.,public_v2_adapter,U bütün o'zini bo'ilgan.,0.1743301999522373,13,False,False
eval_000835,tatoeba_latin,1334388-10476371,en,uz,Who did you kill?,Kimni o'ldirding?,public_v2_adapter,Siz kimida o'zagan?,0.1504041999578476,11,False,False
eval_000836,tatoeba_latin,13507064-13538320,en,uz,I've got to read it.,Uni oʻqishim kerak.,public_v2_adapter,U o'zlamini ko'ltim.,0.18957779998891056,14,False,False
eval_000837,tatoeba_latin,13725499-13725533,en,uz,I don't know who to believe anymore.,Endi kimga ishonishni bilmayman.,public_v2_adapter,U kimida qay'ilgan o'zagan.,0.17724180000368506,14,False,False
eval_000838,tatoeba_latin,13850842-13851670,en,uz,Who rules the world?,Dunyoni kim boshqaradi?,public_v2_adapter,Kimi bo'lida ko'l?,0.15677329991012812,13,False,False
eval_000839,tatoeba_latin,138919-3835067,en,uz,Welcome.,Hush keldingiz!,public_v2_adapter,U u salim.,0.08949230005964637,8,False,False
eval_000840,tatoeba_latin,1418200-4374879,en,uz,I'll go to France to study painting.,Bo'yashni o'rganish uchun Frantsiyaga boraman.,public_v2_adapter,U Fransiyaya bo'zlamga o'ynam.,0.21220419998280704,17,False,False
eval_000841,tatoeba_latin,1549913-1223564,en,uz,"Hello, old friend!","Salam, eski do'stim!",public_v2_adapter,"U'z, o'z dost!",0.1348174000158906,12,False,False
eval_000842,tatoeba_latin,1549918-1223558,en,uz,He is Japanese.,U yapon.,public_v2_adapter,U japani.,0.08315149997361004,7,False,False
eval_000843,tatoeba_latin,1595366-10473685,en,uz,I work as a consultant.,Men maslahatchi bo'lib ishlayman.,public_v2_adapter,U danışman olarak çalışıyorum.,0.10839140007738024,10,False,False
eval_000844,tatoeba_latin,1632038-4420924,en,uz,Did you buy the medicine?,Dorini sotib oldingizmi?,public_v2_adapter,U u o'zini ko'lida?,0.17407900001853704,14,False,False
eval_000845,tatoeba_latin,1636183-521709,en,uz,Every rose has its thorns.,Go‘l tikansiz bo‘lmaydi.,public_v2_adapter,U q'yogda o'zlar bo'zilgan.,0.21476699993945658,18,False,False
eval_000846,tatoeba_latin,16492-3817333,en,uz,What are you doing?,Nima qilayapsan?,public_v2_adapter,Siz neyin?,0.08652349992189556,7,False,False
eval_000847,tatoeba_latin,1663416-10473686,en,uz,I work as a salesman.,Men sotuvchi bo'lib ishlayman.,public_v2_adapter,U salman olarak çalışıyorum.,0.14298640005290508,10,False,False
eval_000848,tatoeba_latin,16790-3763789,en,uz,How much money do you want?,Qancha pul xohlaysan?,public_v2_adapter,U ko'lida o'zagan?,0.16991659998893738,13,False,False
eval_000849,tatoeba_latin,16790-3763790,en,uz,How much money do you want?,Qancha pul xohlaysiz?,public_v2_adapter,U ko'lida o'zagan?,0.1665674999821931,13,False,False
eval_000850,tatoeba_latin,16790-3763791,en,uz,How much money do you want?,Qancha pul istaysan?,public_v2_adapter,U ko'lida o'zagan?,0.1606556000187993,13,False,False
eval_000851,tatoeba_latin,16908-3834134,en,uz,Your book is on the desk.,Kitobingiz stol ustida.,public_v2_adapter,U bo'zoni tabulda.,0.14495649992022663,12,False,False
eval_000852,tatoeba_latin,16996-423846,en,uz,Mind your own business!,Ishingizni qiling!,public_v2_adapter,U u bizasi bo'zagan!,0.14827720005996525,12,False,False
eval_000853,tatoeba_latin,16996-423848,en,uz,Mind your own business!,Ishinglarni qilinglar!,public_v2_adapter,U u bizasi bo'zagan!,0.13471340003889054,12,False,False
eval_000854,tatoeba_latin,1761849-3764115,en,uz,Do you drink beer?,Pivo ichasizmi?,public_v2_adapter,U biro ko'l?,0.11145620001479983,10,False,False
eval_000855,tatoeba_latin,1761849-3764116,en,uz,Do you drink beer?,Pivo ichasanmi?,public_v2_adapter,U biro ko'l?,0.11325119994580746,10,False,False
eval_000856,tatoeba_latin,1767253-2830951,en,uz,Thank you for your attention.,Diqqatingiz uchun rahmat.,public_v2_adapter,U q'yashini o'zagan.,0.15402660006657243,14,False,False
eval_000857,tatoeba_latin,1792644-8008829,en,uz,I won't die.,O‘lmayman.,public_v2_adapter,U u qimilgan.,0.09927429992239922,9,False,False
eval_000858,tatoeba_latin,1866502-3764310,en,uz,I live in a rural area.,Qishloq joyida yashayman.,public_v2_adapter,U qashiylik bir o'zida.,0.15591610001865774,14,False,False
eval_000859,tatoeba_latin,1891110-3834055,en,uz,I'm ready.,Tayyorman.,public_v2_adapter,U qimilgan.,0.09109289990738034,8,False,False
eval_000860,tatoeba_latin,1908577-2664987,en,uz,Go to your room!,Xonangizga boringiz!,public_v2_adapter,U u o'zida ko'z!,0.14703380002174526,13,False,False
eval_000861,tatoeba_latin,19904-2790055,en,uz,The customer did not come.,Xaridor kelmadi.,public_v2_adapter,Müşteri o'yndi.,0.12398639996536076,11,False,False
eval_000862,tatoeba_latin,2011083-2661332,en,uz,I read a letter.,Bir xatni o'qidim.,public_v2_adapter,Bir pismi ko'ltim.,0.12470669997856021,11,False,False
eval_000863,tatoeba_latin,2090872-2664995,en,uz,I want to be a teacher.,O'qituvchi bo'lmoq istayman.,public_v2_adapter,U bir mordida olgan.,0.12459459993988276,11,False,False
eval_000864,tatoeba_latin,2096111-12020358,en,uz,I read only the first translation.,Men faqat birinchi tarjimani o‘qidim.,public_v2_adapter,U u o'zdan bilan hamki yosim.,0.22781229997053742,16,False,False
eval_000865,tatoeba_latin,2096111-12020360,en,uz,I read only the first translation.,Faqat birinchi tarjimani o‘qidim.,public_v2_adapter,U u o'zdan bilan hamki yosim.,0.21131909999530762,16,False,False
eval_000866,tatoeba_latin,2111600-3776250,en,uz,Nobody answered.,Hech kim javob bermadi.,public_v2_adapter,Kimsi q'yagan.,0.1848604999249801,10,False,False
eval_000867,tatoeba_latin,2255310-3763482,en,uz,You will listen.,Tinglaysan.,public_v2_adapter,U u q'yash.,0.14306889998260885,10,False,False
eval_000868,tatoeba_latin,2255310-3763483,en,uz,You will listen.,Sen tinglaysan.,public_v2_adapter,U u q'yash.,0.13829299993813038,10,False,False
eval_000869,tatoeba_latin,2255314-3763470,en,uz,You will see.,Ko'rasan.,public_v2_adapter,U siz o'zagan.,0.13306550006382167,10,False,False
eval_000870,tatoeba_latin,2255314-3763471,en,uz,You will see.,Ko'rasiz.,public_v2_adapter,U siz o'zagan.,0.15046689996961504,10,False,False
eval_000871,tatoeba_latin,2258234-3212166,en,uz,Good morning.,Hayirli tong.,public_v2_adapter,U'ziy.,0.10617000004276633,8,False,False
eval_000872,tatoeba_latin,2311510-12073977,en,uz,Where is the food?,Ovqat qayerda?,public_v2_adapter,U bu g'zasi?,0.1254374000709504,10,False,False
eval_000873,tatoeba_latin,2332108-2664980,en,uz,I'm not a teacher.,Men o'qituvchi emas.,public_v2_adapter,U bir öğretmen olgan.,0.11012480000499636,9,False,False
eval_000874,tatoeba_latin,2362724-13758141,en,uz,Good night.,Xayrli tun.,public_v2_adapter,U'z.,0.07738470006734133,7,False,False
eval_000875,tatoeba_latin,2377504-10877160,en,uz,I like to read books.,Men kitob o‘qishni yaxshi ko‘raman.,public_v2_adapter,U kitaplar ko'lida.,0.13330350001342595,11,False,False
eval_000876,tatoeba_latin,2387508-12180541,en,uz,I need my keys.,Menga kalitlarim kerak.,public_v2_adapter,U qaplarimi ko'lim.,0.16452410002239048,13,False,False
eval_000877,tatoeba_latin,2412739-2927670,en,uz,I have two cats.,Ikki mushugim bor.,public_v2_adapter,U 2 koʻlga.,0.16431990009732544,10,False,False
eval_000878,tatoeba_latin,2412872-2665000,en,uz,The apple is on the table.,Olma stolning ustida.,public_v2_adapter,Apple masolida bo'ilgan.,0.13707260007504374,11,False,False
eval_000879,tatoeba_latin,2428904-2428905,en,uz,I have to change the baby's nappy.,Chaqaloqning tagligini o'zgartirishim kerak.,public_v2_adapter,U bebenin yogini ko'zilgan.,0.18999919993802905,14,False,False
eval_000880,tatoeba_latin,2499490-2499491,en,uz,Where is Laurie?,Laurie qayerda?,public_v2_adapter,Laurie u?,0.0920071000000462,7,False,False
eval_000881,tatoeba_latin,2499505-2499506,en,uz,Where is the hotel?,Mehmonxona qayerda?,public_v2_adapter,Hotelni?,0.07144400000106543,6,False,False
eval_000882,tatoeba_latin,2549287-13758146,en,uz,It's almost noon.,Deyarli peshin.,public_v2_adapter,U o'ziy.,0.11034519993700087,9,False,False
eval_000883,tatoeba_latin,257759-2664974,en,uz,I went to school yesterday.,Men kecha maktabga bordim.,public_v2_adapter,U yesterday ko'lida qaytladim.,0.17782390001229942,15,False,False
eval_000884,tatoeba_latin,2647714-3866784,en,uz,Do you have a house?,Uying bormi?,public_v2_adapter,U q'yasi var?,0.12526030000299215,10,False,False
eval_000885,tatoeba_latin,2647714-3866785,en,uz,Do you have a house?,Sening uying bormi?,public_v2_adapter,U q'yasi var?,0.11579889990389347,10,False,False
eval_000886,tatoeba_latin,2647714-3866786,en,uz,Do you have a house?,Uyingiz bormi?,public_v2_adapter,U q'yasi var?,0.11812549992464483,10,False,False
eval_000887,tatoeba_latin,2659137-2661337,en,uz,Laurie sat on the chair.,Lori stulga o'tqizdi.,public_v2_adapter,Laurie koldida yilgan.,0.1328936000354588,11,False,False
eval_000888,tatoeba_latin,2659150-2661336,en,uz,Laurie broke the glass.,Lori shishani sindirdi.,public_v2_adapter,Laurie o'zini bo'ilgan.,0.158674499951303,13,False,False
eval_000889,tatoeba_latin,2659524-2664990,en,uz,Every colour has a meaning.,Har bir rangning ma'nosi bor.,public_v2_adapter,U q'yolda bir o'zadi.,0.19912500004284084,15,False,False
eval_000890,tatoeba_latin,2659530-2664988,en,uz,I changed the baby's nappy.,Chaqaloqning tagligini o'zgartirdim.,public_v2_adapter,U babynagi yogga ko'zilgan.,0.20811120001599193,15,False,False
eval_000891,tatoeba_latin,2659574-2661329,en,uz,I dreamt a strange dream.,G'ayritabiiy tush ko'rdim.,public_v2_adapter,U bizing bir rami ko'lim.,0.18740170006640255,14,False,False
eval_000892,tatoeba_latin,2664946-2664973,en,uz,I will go to the school tomorrow.,Men ertaga maktabga boraman.,public_v2_adapter,U yaramdan o'yumga ko'lida.,0.22915949998423457,17,False,False
eval_000893,tatoeba_latin,2664954-2664962,en,uz,The women's basketball team has a male coach.,Ayollarning basketbol komandasining erkak murabbiyi bor.,public_v2_adapter,U baseball ekipi masolara ko'rini bo'ilgan.,0.24102869990747422,20,False,False
eval_000894,tatoeba_latin,2686464-3836877,en,uz,Children are the flowers of our lives.,Bolalar hayotimizning gullari.,public_v2_adapter,Uqlar bizim hayatlarımızın çiçeklerdir.,0.18872609990648925,14,False,False
eval_000895,tatoeba_latin,2739964-3776251,en,uz,I have a friend.,Mening bir do'stim bor.,public_v2_adapter,U bir dostim.,0.10334739997051656,8,False,False
eval_000896,tatoeba_latin,275296-392473,en,uz,I'll wait for you.,Seni kutaman.,public_v2_adapter,U u qimilgan.,0.13090929994359612,9,False,False
eval_000897,tatoeba_latin,276279-2830947,en,uz,Who stole the apple?,Olmani kim o'g'irladi?,public_v2_adapter,Kim applechi bo'ilgan?,0.13905050000175834,11,False,False
eval_000898,tatoeba_latin,2768798-2768810,en,uz,He was innocent.,U aybsiz bo'ldi.,public_v2_adapter,U uʻshimlik.,0.12289419991429895,10,False,False
eval_000899,tatoeba_latin,2828119-2836674,en,uz,The baby can't speak.,Chaqaloq gapira olmaydi.,public_v2_adapter,Bibi o'zilgan.,0.14121729996986687,10,False,False
eval_000900,tatoeba_latin,2836658-2836661,en,uz,I sometimes go to the cinema.,Ba'zan kinoteatrga boraman.,public_v2_adapter,U dava kinosida ko'mga.,0.19414010003674775,14,False,False
eval_000901,tatoeba_latin,2897826-3817385,en,uz,I hate maths.,Matematikani yomon ko'raman.,public_v2_adapter,Matrikata ko'lim.,0.14521630003582686,11,False,False
eval_000902,tatoeba_latin,2912789-3098138,en,uz,What is this? This is a car.,Bu nima? Bu avtomobil.,public_v2_adapter,Bu? - Bu bir ara.,0.12459090002812445,10,False,False
eval_000903,tatoeba_latin,2922539-2925632,en,uz,Emily is English.,Emili ingliz.,public_v2_adapter,Emily anglischi.,0.10291410004720092,9,False,False
eval_000904,tatoeba_latin,2928077-2928078,en,uz,Life on Earth may be expensive.,Dunyoda hayot qimmat bo'la oladi.,public_v2_adapter,U bo'rda o'zli o'yash.,0.2060661999275908,17,False,False
eval_000905,tatoeba_latin,293617-866398,en,uz,He is not a doctor.,U doktor emas.,public_v2_adapter,U doktorga o'ynam.,0.14051490009296685,11,False,False
eval_000906,tatoeba_latin,2960454-12073350,en,uz,What did you learn at school today?,Bugun maktabda nimani o‘rganding?,public_v2_adapter,Siz buggi o'zilgan ko'lida?,0.19538439996540546,15,False,False
eval_000907,tatoeba_latin,2960454-12073352,en,uz,What did you learn at school today?,Bugun maktabda nimani o‘rgandingiz?,public_v2_adapter,Siz buggi o'zilgan ko'lida?,0.1904662000015378,15,False,False
eval_000908,tatoeba_latin,3027899-3865743,en,uz,I'm dangerous.,Xavfliman.,public_v2_adapter,U masoliy.,0.1183305000886321,8,False,False
eval_000909,tatoeba_latin,3027899-3865744,en,uz,I'm dangerous.,Men xavfliman.,public_v2_adapter,U masoliy.,0.11318139999639243,8,False,False
eval_000910,tatoeba_latin,3092982-3098148,en,uz,She is here.,U bu yerda.,public_v2_adapter,U burda.,0.10024479997809976,7,False,False
eval_000911,tatoeba_latin,3094937-3098147,en,uz,Melanie has accidentally killed a fly.,Melani tasodifan bir pashsha o'ldirdi.,public_v2_adapter,Melanie o'zilgan bir u'zini bo'yndi.,0.24554509995505214,19,False,False
eval_000912,tatoeba_latin,319380-2768807,en,uz,My father painted the mailbox red.,Otam pochta qutisini qizilga bo'yadi.,public_v2_adapter,Babam mailboxni red bo'ilgan.,0.15612930001225322,13,False,False
eval_000913,tatoeba_latin,3220854-3982529,en,uz,English is written with a Latin alphabet.,Ingliz tili lotin alifbosi bilan yozilgan.,public_v2_adapter,Angliski latinal alfabeti ile yazılır.,0.22193870006594807,15,False,False
eval_000914,tatoeba_latin,324544-2768404,en,uz,The post office is the brown building.,Pochta qo'ng'ir bino.,public_v2_adapter,Post office - brun budiyasi.,0.16137950005941093,12,False,False
eval_000915,tatoeba_latin,3245828-3764455,en,uz,You are ugly.,Hunuksiz.,public_v2_adapter,U u bo'z.,0.09702830004971474,9,False,False
eval_000916,tatoeba_latin,324584-4866629,en,uz,Did you call me last night?,O'tgan kecha menga telefon qildingmi?,public_v2_adapter,U yoldan ma'yogida ko'zlad?,0.21568340004887432,17,False,False
eval_000917,tatoeba_latin,33133-872731,en,uz,Here comes the train.,Mana poezd kelyapti.,public_v2_adapter,Uga o'ziy.,0.12992039998061955,10,False,False
eval_000918,tatoeba_latin,3385245-11165448,en,uz,My friend doesn't use sugar.,Do‘stim shakar ishlatmaydi.,public_v2_adapter,U u shoklar şekerga o'zilgan.,0.22395640006288886,16,False,False
eval_000919,tatoeba_latin,3395892-4866632,en,uz,What do you believe in?,Nimaga ishonasiz?,public_v2_adapter,Siz ne'lida inan?,0.1301235998980701,10,False,False
eval_000920,tatoeba_latin,3506854-3507475,en,uz,Didn't you use to be a teacher?,Sen o'qituvchi emasmiding?,public_v2_adapter,U u m'yolga olgan?,0.1753018000163138,13,False,False
eval_000921,tatoeba_latin,3519626-3764120,en,uz,They haven't found Tom.,Ular Tomni topmadilar.,public_v2_adapter,Tomga o'zilgan.,0.12949660001322627,10,False,False
eval_000922,tatoeba_latin,3601134-8541681,en,uz,Did you see my daughter?,Qizimni ko'rdingmi?,public_v2_adapter,U u m'yumini ko'llar?,0.1989848999073729,15,False,False
eval_000923,tatoeba_latin,3653993-3834113,en,uz,Meztli likes the moon.,Meztliga oy yoqadi.,public_v2_adapter,Meztli ayga o'zilgan.,0.13225340005010366,13,False,False
eval_000924,tatoeba_latin,3712939-3763474,en,uz,I live in India.,Hindistonda yashayman.,public_v2_adapter,Indiyaga qilgan.,0.09954819991253316,9,False,False
eval_000925,tatoeba_latin,375822-423858,en,uz,What happened?,Nima gap?,public_v2_adapter,N'yash?,0.10260880005080253,8,False,False
eval_000926,tatoeba_latin,3762551-3764459,en,uz,The sugar is sweet.,Shakar shirin.,public_v2_adapter,Şeker o'z.,0.10799039993435144,9,False,False
eval_000927,tatoeba_latin,3763397-3763993,en,uz,You are comparing apples and oranges.,Olmalarni va apelsinlarni qiyoslayapsan.,public_v2_adapter,U apples va oranzlar bilan o'ynagan.,0.19521509995684028,16,False,False
eval_000928,tatoeba_latin,37744-3763801,en,uz,Who do you want to speak to?,Kim bilan gaplashishni xohlaysan?,public_v2_adapter,Kimida q'ilgan olgan?,0.14426289999391884,11,False,False
eval_000929,tatoeba_latin,3818654-3943961,en,uz,Why don't you update your website?,Nima uchun siz saytingizni yangilamaysiz?,public_v2_adapter,Siz internet sayatınızı ko'yashasi?,0.19571220001671463,14,False,False
eval_000930,tatoeba_latin,3832022-3835035,en,uz,My grandfather was an archaeologist.,Mening bobom arxeolog edi.,public_v2_adapter,U ayim archaeolog.,0.15660920005757362,11,False,False
eval_000931,tatoeba_latin,3834208-3834214,en,uz,Isn't it enough for you?,U siz uchun yetarli emasmi?,public_v2_adapter,U sizga o'zilgan?,0.15906309999991208,11,False,False
eval_000932,tatoeba_latin,3845167-3845180,en,uz,You eat.,Sen yeyapsan.,public_v2_adapter,U yagan.,0.09834859997499734,7,False,False
eval_000933,tatoeba_latin,392269-392421,en,uz,Life's a ruin without you.,Sensiz hayot barbod.,public_v2_adapter,U'zashni u'ziygi bo'shadi.,0.25624859996605664,18,False,False
eval_000934,tatoeba_latin,394894-423861,en,uz,What's the matter?,Nima bo'ldi?,public_v2_adapter,Qiygi o'z?,0.13494119991082698,10,False,False
eval_000935,tatoeba_latin,3954003-3817203,en,uz,How many girls are in this picture?,Bu suratda qancha qiz bor?,public_v2_adapter,Bu foto'da o'zlar?,0.14112069993279874,12,False,False
eval_000936,tatoeba_latin,3971623-3971668,en,uz,I was married at that time.,O'sha vaqtda uylangan edim.,public_v2_adapter,U o'zda uʻshim.,0.18564729997888207,13,False,False
eval_000937,tatoeba_latin,397202-397201,en,uz,"Don't wilt away, love.","Hazon bo'lma, muhabbat.",public_v2_adapter,"U u bo'zagan, o'z.",0.1862785000121221,14,False,False
eval_000938,tatoeba_latin,3974598-3982537,en,uz,That was our idea.,Bu bizning fikrimiz edi.,public_v2_adapter,Bu bizim fikirimiz.,0.10755760001484305,8,False,False
eval_000939,tatoeba_latin,410907-423841,en,uz,Where are my watches?,Soatlarim qani?,public_v2_adapter,U'llarim ko'l?,0.13821040000766516,12,False,False
eval_000940,tatoeba_latin,410907-423842,en,uz,Where are my watches?,Mening soatlarim qani?,public_v2_adapter,U'llarim ko'l?,0.1530158999375999,12,False,False
eval_000941,tatoeba_latin,410908-423841,en,uz,Where are my clocks?,Soatlarim qani?,public_v2_adapter,U qalarim ko'llar?,0.14428489992860705,12,False,False
eval_000942,tatoeba_latin,4125753-4125749,en,uz,Mahmud abhors being idle.,Mahmud bekor yurishni yoqtirmaydi.,public_v2_adapter,Mahmud aborlar idli.,0.15798899997025728,11,False,False
eval_000943,tatoeba_latin,4125768-4125767,en,uz,Lola abhors Salim's smoking.,Lola Salimning chekishini yoqtirmaydi.,public_v2_adapter,Lola Salimning o'zagan bo'ilgan.,0.24050489999353886,16,False,False
eval_000944,tatoeba_latin,4125771-4125769,en,uz,My father abides by what he said.,Mening otam doimo aytganini qiladi.,public_v2_adapter,U ayim o'zilgan o'yin o'ynagan o'yash.,0.31358789990190417,22,False,False
eval_000945,tatoeba_latin,4125773-4125772,en,uz,He is a master of ability.,U mohir usta.,public_v2_adapter,U u yetkinlik ma'sir.,0.16337550000753254,12,False,False
eval_000946,tatoeba_latin,4127484-4127482,en,uz,The temperature was above zero last week.,O'tgan hafta harorat noldan yuqori edi.,public_v2_adapter,U yoldan o'zlo bo'ilgan.,0.20084740000311285,15,False,False
eval_000947,tatoeba_latin,4127509-4127506,en,uz,Who is absent today?,Bugun kim yo'q?,public_v2_adapter,Kim bugida o'zilgan?,0.14838040003087372,11,False,False
eval_000948,tatoeba_latin,4127544-4127540,en,uz,"Thank you, tea would be very acceptable.","Rahmat,choy bo'lsa yo'q demayman.",public_v2_adapter,"U'z, o'z o'yagan o'ynash.",0.28705039992928505,19,False,False
eval_000949,tatoeba_latin,4127638-4127634,en,uz,How did you accomplish this?,Siz buni qanday bajardingiz?,public_v2_adapter,U bu bilan nasıl u qashilgan?,0.1619892999297008,12,False,False
eval_000950,tatoeba_latin,4129977-3835607,en,uz,I'm having some cheese.,Men pishloq yeyapman.,public_v2_adapter,U bir qirida ko'm.,0.15610069991089404,12,False,False
eval_000951,tatoeba_latin,4130014-3845180,en,uz,You are eating.,Sen yeyapsan.,public_v2_adapter,U yot.,0.09596910001710057,7,False,False
eval_000952,tatoeba_latin,4130014-3845181,en,uz,You are eating.,Siz yeyapsiz.,public_v2_adapter,U yot.,0.10039320006035268,7,False,False
eval_000953,tatoeba_latin,4136734-4136735,en,uz,We were at my aunt's last week.,O'tgan hafta biz holam nikida bo'ldik.,public_v2_adapter,Biz o'zimga yombida ko'lilgan.,0.22554819996003062,17,False,False
eval_000954,tatoeba_latin,413821-423839,en,uz,What's this?,Bu narsa nima?,public_v2_adapter,Bu nə?,0.08383040002081543,6,False,False
eval_000955,tatoeba_latin,423332-423333,en,uz,It's you I've come for.,Sen uchun keldim.,public_v2_adapter,U u yo'lim.,0.1265026000328362,10,False,False
eval_000956,tatoeba_latin,42358-423855,en,uz,That's my affair.,U mening ishim.,public_v2_adapter,Bu u m'yum.,0.12143970001488924,10,False,False
eval_000957,tatoeba_latin,423863-423862,en,uz,I fell ill last year.,Men bultur kasal bo'ldim.,public_v2_adapter,U ayda u hamga bo'ilgan.,0.15022750000935048,13,False,False
eval_000958,tatoeba_latin,436243-3763465,en,uz,How old are you?,Yoshingiz nechada?,public_v2_adapter,U u o'z?,0.11227529996540397,9,False,False
eval_000959,tatoeba_latin,436555-4866625,en,uz,I don't understand you.,Sizni tushunmayman.,public_v2_adapter,U u ko'lim.,0.12177870003506541,10,False,False
eval_000960,tatoeba_latin,436777-3773995,en,uz,I lost my passport!,Men pasportimni yo'qotib qo'ydim!,public_v2_adapter,U pasaportimi ko'ltim!,0.14991030003875494,12,False,False
eval_000961,tatoeba_latin,4380655-10473703,en,uz,"Before this, I worked as a cab driver.",Bungacha men taksi haydovchisi bo'lib ishlaganman.,public_v2_adapter,Bu o'zdan əvvəl kab driverga çalışgan.,0.19740149995777756,15,False,False
eval_000962,tatoeba_latin,4416084-4420919,en,uz,I want to see your picture.,Rasmingni ko'rmoqchiman.,public_v2_adapter,U sizga o'zilgan.,0.1485491000348702,11,False,False
eval_000963,tatoeba_latin,441964-3835076,en,uz,Spring has come.,Bahor keldi.,public_v2_adapter,U bahar o'yndi.,0.14837049995549023,11,False,False
eval_000964,tatoeba_latin,4518215-4543747,en,uz,My telephone number is 9876-5432.,Telefon raqamim 9876-5432.,public_v2_adapter,U telefon numiri 9876-5432-yil.,0.19166660006158054,14,False,False
eval_000965,tatoeba_latin,456317-3764077,en,uz,Look into my eyes.,Ko'zlarimning ichiga qara.,public_v2_adapter,U u o'zimga ko'l.,0.17577510001137853,14,False,False
eval_000966,tatoeba_latin,462654-2499499,en,uz,The coffee is cold.,Kofe sovuq.,public_v2_adapter,Kaffasi so'ladi.,0.1332765999250114,11,False,False
eval_000967,tatoeba_latin,4851580-4866623,en,uz,Where are the books?,Kitoblar qayerda?,public_v2_adapter,Kitalarlar ko'l?,0.13806890009436756,10,False,False
eval_000968,tatoeba_latin,48623-10474513,en,uz,Where is the bank?,Bank qayerda?,public_v2_adapter,Bankasi?,0.08613710000645369,6,False,False
eval_000969,tatoeba_latin,4889026-4889606,en,uz,This is not a dog.,Bu it emas.,public_v2_adapter,Bu qon.,0.09202579990960658,7,False,False
eval_000970,tatoeba_latin,4976765-10473704,en,uz,I worked as a waiter for three years.,Men uch yil ofitsiant bo'lib ishladim.,public_v2_adapter,U 3 yilga uqimiyga o'zagan.,0.22102179995272309,17,False,False
eval_000971,tatoeba_latin,499689-3212186,en,uz,Good afternoon.,Hayirli kun.,public_v2_adapter,U'ziy.,0.0915769999846816,8,False,False
eval_000972,tatoeba_latin,5152251-8542119,en,uz,I saw the queen.,Qirolichani ko'rdim.,public_v2_adapter,Kraliqi o'zilgan.,0.1499277000548318,11,False,False
eval_000973,tatoeba_latin,519817-4444371,en,uz,I do not accept your excuse.,Kechirimingizni qabul qilmayman.,public_v2_adapter,U u o'zini ko'lagan.,0.18747390003409237,14,False,False
eval_000974,tatoeba_latin,528229-521709,en,uz,There are no roses without thorns.,Go‘l tikansiz bo‘lmaydi.,public_v2_adapter,U hamlar bo'zlar yok.,0.1508902000496164,12,False,False
eval_000975,tatoeba_latin,5293174-11282118,en,uz,"I refuse to use public restrooms, as they are very unhygienic.",Juda antigigiyenik bo‘lganidan jamoat hojatxonalaridan foydalanishni rad etaman.,public_v2_adapter,"U o'ziyiyiyik sallar ko'ynamida u qilgan, o'yin o'yiyiyini bo'ynagan.",0.4434305999893695,36,False,False
eval_000976,tatoeba_latin,5295840-3835084,en,uz,Come here!,Buyerga kel!,public_v2_adapter,U burga!,0.07615689991507679,7,False,False
eval_000977,tatoeba_latin,5308161-5308289,en,uz,Turtles don't have teeth.,Toshbaqalarning tishlari yo'q.,public_v2_adapter,Turtles hamqlar bo'zilgan.,0.18408670008648187,14,False,False
eval_000978,tatoeba_latin,5379156-12156103,en,uz,Tom wanted to be an astronaut when he was young.,Tom yoshligida kosmonavt bo‘lmoqchi ekan.,public_v2_adapter,"Tom, o'zilgan astronaut olgan.",0.19595249998383224,15,False,False
eval_000979,tatoeba_latin,57068-12205402,en,uz,Who is the author of this book?,Bu kitobning muallifi kim?,public_v2_adapter,Bu kitabin o'zari?,0.13010239996947348,11,False,False
eval_000980,tatoeba_latin,5975639-10852595,en,uz,I don't like fish.,Baliqni yaxshi ko‘rmayman.,public_v2_adapter,U balida ko'm.,0.1288050999864936,10,False,False
eval_000981,tatoeba_latin,602534-3817381,en,uz,Your house is big.,Sening uying katta.,public_v2_adapter,U qossi sizga o'z.,0.15507400000933558,13,False,False
eval_000982,tatoeba_latin,60560-10785812,en,uz,This program cannot be run in DOS mode.,Ushbu dasturni DOS rejimida ishga tushirish mumkin emas.,public_v2_adapter,Bu program DOS modunda ko'lida.,0.17277519998606294,13,False,False
eval_000983,tatoeba_latin,642931-4866633,en,uz,Didn't you see my birds?,Siz mening qushlarimni ko'rmadingizmi?,public_v2_adapter,U u'zlarimi ko'zlamad?,0.19543469999916852,15,False,False
eval_000984,tatoeba_latin,642931-4866636,en,uz,Didn't you see my birds?,Mening qushlarimni ko'rmadingmi?,public_v2_adapter,U u'zlarimi ko'zlamad?,0.18176970002241433,15,False,False
eval_000985,tatoeba_latin,64332-866408,en,uz,You are drunk!,Qotibqobsanku!,public_v2_adapter,U u bo'ilgan!,0.11068040004465729,9,False,False
eval_000986,tatoeba_latin,64956-3834516,en,uz,I was hungry.,Men och edim.,public_v2_adapter,U hamga qumilgan.,0.1347533999942243,10,False,False
eval_000987,tatoeba_latin,67126-1223561,en,uz,That is mine.,U mening.,public_v2_adapter,Bu u mimi.,0.09489950002171099,8,False,False
eval_000988,tatoeba_latin,687376-3764317,en,uz,What is your surname?,Familiyangiz nima?,public_v2_adapter,U'zimni?,0.09447150002233684,9,False,False
eval_000989,tatoeba_latin,688706-3763466,en,uz,I'm 24 years old.,Yoshim yigirma to'rtda.,public_v2_adapter,U 24 yilga.,0.09821480000391603,8,False,False
eval_000990,tatoeba_latin,6979834-12896843,en,uz,I work as a cook.,Oshpaz bo‘lib ishlayman.,public_v2_adapter,U kuqga ko'lim.,0.14667450007982552,12,False,False
eval_000991,tatoeba_latin,7088979-12905917,en,uz,Why do you hate dogs so much?,Nega itlarni shunchalik yomon ko‘rasan?,public_v2_adapter,U qonlar o'ynagan?,0.14221080008428544,12,False,False
eval_000992,tatoeba_latin,7444292-11163461,en,uz,They told me that they found something.,Ular menga nimadir topishganini aytishdi.,public_v2_adapter,U bizim o'zilganlar.,0.14191569993272424,12,False,False
eval_000993,tatoeba_latin,7697543-8097840,en,uz,Bedouins live in the desert.,Badaviylar choʻlda yashaydi.,public_v2_adapter,Bedunlar çöslida bo'ynilgan.,0.20377829996868968,15,False,False
eval_000994,tatoeba_latin,785667-8453456,en,uz,"You may write in any language you want. On Tatoeba, all languages are equal.",Xohlagan tilingizda yozishingiz mumkin. Tatoeba saytida barcha tillar tengdir.,public_v2_adapter,"U tahilgan o'zida bo'qagan.Tatoba, bütün dillasi eylgi.",0.34989880002103746,26,False,False
eval_000995,tatoeba_latin,8624434-8628848,en,uz,Stay home.,Uyda qoling.,public_v2_adapter,U'zilgan.,0.10505579994060099,8,False,False
eval_000996,tatoeba_latin,865248-8821062,en,uz,"Tell me who your friends are, and I'll tell you who you are.","Do'stlaring kimligini ayt, shunda men kimligingni aytaman.",public_v2_adapter,U u o'zlar kimdi va u oʻzlar ko'zimi bo'zilgan.,0.3442905000410974,26,False,False
eval_000997,tatoeba_latin,8804638-13884335,en,uz,How many sentences have you written today?,Kitobimni olib kel,public_v2_adapter,Siz bugün o'zlar bo'zlari ko'zlad?,0.2318976999958977,18,False,False
eval_000998,tatoeba_latin,897320-3763870,en,uz,There's a rock in my shoe.,Tuflimning ichida bir qoya bor.,public_v2_adapter,U ayakkabda bir rock.,0.14779159997124225,11,False,False
eval_000999,tatoeba_latin,9767282-13778740,en,uz,"You can come, too.",Sen ham kelolasan.,public_v2_adapter,U sizga o'ynash.,0.13341649994254112,11,False,False
eval_001000,tatoeba_latin,10473149-10473679,uz,en,Tom qachon bozorlashadi?,When is Tom going shopping?,public_v2_adapter,Did Tom get lost?,0.09558449999894947,8,False,False
eval_001001,tatoeba_latin,10473674-10473908,uz,en,"Tom Mariyaning otasi emas. U, uning amakisi.",Tom isn't Mary's father. He's her uncle.,public_v2_adapter,"Tom is Mary's father, and her mother.",0.16833600006066263,14,False,False
eval_001002,tatoeba_latin,10511151-10511144,uz,en,"Bugun, men osh pishirishni hohlayman.","Today, I want to cook pilaf.",public_v2_adapter,"Now, I am not looking for the food.",0.17298989999108016,13,False,False
eval_001003,tatoeba_latin,1064334-8824205,uz,en,Bu qo'shiqni bilasanmi?,Do you know this song?,public_v2_adapter,Do you know this?,0.11148039996623993,8,False,False
eval_001004,tatoeba_latin,10715863-10715888,uz,en,Biz hammamiz Tom o'zini o'ldirishi mumkin deb o'ylagandik.,We all thought that Tom might kill himself.,public_v2_adapter,We just wanted to play for Tom's first time.,0.22086239990312606,15,False,False
eval_001005,tatoeba_latin,10852008-10852565,uz,en,Prezident sayohat qilishni yaxshi ko‘radi.,The president likes to travel.,public_v2_adapter,The president has announced his appointment.,0.17060589999891818,12,False,False
eval_001006,tatoeba_latin,1096479-3763781,uz,en,Menda hamma faktlar yo'q.,I don't have all the facts.,public_v2_adapter,There are many facts.,0.1263812999241054,9,False,False
eval_001007,tatoeba_latin,1097961-1223565,uz,en,Itim o'zg'ir.,My dog is fast.,public_v2_adapter,It is a time.,0.10708830005023628,8,False,False
eval_001008,tatoeba_latin,1097988-1223568,uz,en,Sen mening volidamsin.,You are my mother.,public_v2_adapter,You are a member of the government.,0.15149570000357926,11,False,False
eval_001009,tatoeba_latin,11070341-11070351,uz,en,Pul yeyilmas.,You can't eat money.,public_v2_adapter,I eat.,0.08417990000452846,6,False,False
eval_001010,tatoeba_latin,11071484-11071980,uz,en,Tom bolalarning e’tiborini jalb qilishga harakat qildi.,Tom tried to catch the children's attention.,public_v2_adapter,Tom made his father's wife a little bit more.,0.2014146998990327,15,False,False
eval_001011,tatoeba_latin,1113162-2836664,uz,en,Bir odam ko'rmayman.,I don't see a man.,public_v2_adapter,Don't buy a room.,0.13797370006795973,10,False,False
eval_001012,tatoeba_latin,11165339-11165379,uz,en,Velosiped ijaraga olmoqchiman.,I want to rent a bicycle.,public_v2_adapter,Motorcycle training.,0.10939659993164241,8,False,False
eval_001013,tatoeba_latin,11483051-11483321,uz,en,Ularning mushuki yo‘q edi.,They didn't have a cat.,public_v2_adapter,They had a very good time.,0.1472975000506267,10,False,False
eval_001014,tatoeba_latin,1160291-1223560,uz,en,U mening itim.,It is my dog.,public_v2_adapter,I am a member.,0.08785539993550628,8,False,False
eval_001015,tatoeba_latin,1160293-1223561,uz,en,U mening.,It is mine.,public_v2_adapter,It is a mind.,0.07714750000741333,8,False,False
eval_001016,tatoeba_latin,11844225-12073309,uz,en,Mening uyim bu qishloqda.,My house is in this village.,public_v2_adapter,I am in this house.,0.09013400005642325,9,False,False
eval_001017,tatoeba_latin,11864175-11905568,uz,en,So‘roqqa javob berdi.,He answered the question.,public_v2_adapter,I was in the middle of the day.,0.12390200002118945,12,False,False
eval_001018,tatoeba_latin,11864175-11905569,uz,en,Savolga javob berdi.,He answered the question.,public_v2_adapter,The city is located.,0.08801469998434186,8,False,False
eval_001019,tatoeba_latin,1188714-1223550,uz,en,Qillarim oq-go'los.,My hair is light brown.,public_v2_adapter,My daughter was in the middle.,0.11057889997027814,10,False,False
eval_001020,tatoeba_latin,1194034-2661342,uz,en,Men vrach emasman.,I'm not a doctor.,public_v2_adapter,I don't know.,0.10771740006748587,9,False,False
eval_001021,tatoeba_latin,12174229-12174099,uz,en,Toshkentning qayeridansan?,Where in Tashkent are you from?,public_v2_adapter,Are you back to your home?,0.09413660003338009,10,False,False
eval_001022,tatoeba_latin,12175155-12175770,uz,en,Muammoni qanday hal qilishimiz kerak?,How should we solve the problem?,public_v2_adapter,What is our state of affairs?,0.1516012999927625,12,False,False
eval_001023,tatoeba_latin,12194491-12194916,uz,en,Men buni imzolashni xohlamayman.,I don't want to sign it.,public_v2_adapter,But don't forget the signature.,0.1252041000407189,12,False,False
eval_001024,tatoeba_latin,12194491-12194917,uz,en,Men uni imzolashni xohlamayman.,I don't want to sign it.,public_v2_adapter,But don't forget your signature.,0.12684709997847676,12,False,False
eval_001025,tatoeba_latin,12271500-12304625,uz,en,Bu do‘konda ayollar kiyimlari sotilmaydi.,This shop does not sell women's clothing.,public_v2_adapter,There were no other events in this area.,0.1242245000321418,12,False,False
eval_001026,tatoeba_latin,12471535-12474868,uz,en,Sen va Tom bu yerda xavfsiz bo'lasizlar.,You and Tom will be safe here.,public_v2_adapter,You and Tom are unfamiliar here.,0.12446180009283125,12,False,False
eval_001027,tatoeba_latin,12471846-12474870,uz,en,U senga nega yordam bermadi?,Why didn't he help you?,public_v2_adapter,How did you get to?,0.08669740008190274,9,False,False
eval_001028,tatoeba_latin,12474791-12474916,uz,en,O'yinni yutdingizmi?,Did you win the match?,public_v2_adapter,Did you eat it?,0.0733012999407947,8,False,False
eval_001029,tatoeba_latin,12474818-12474915,uz,en,Tom allaqachon o'z davomchisini tanlab bo'lgan.,Tom has already chosen his successor.,public_v2_adapter,Tom was aware of his family.,0.12819169997237623,10,False,False
eval_001030,tatoeba_latin,12474823-12474909,uz,en,Tomning ovoz yozish studiyasi bor.,Tom owns a recording studio.,public_v2_adapter,Tom is a former student of science.,0.13586139993276447,11,False,False
eval_001031,tatoeba_latin,12474827-12474911,uz,en,Tomning birinchi asari 6 ta tilga tarjima qilingan.,Tom's first novel was translated into six languages.,public_v2_adapter,The first six months of the year were six years old.,0.1616298999870196,15,False,False
eval_001032,tatoeba_latin,12474864-12474917,uz,en,Tom o'z sohasida juda yaxshi.,Tom excels in his field.,public_v2_adapter,Tom was born at the time.,0.09626589994877577,10,False,False
eval_001033,tatoeba_latin,12794071-12794207,uz,en,"Menimcha, Tom hali ham uyda.",I think Tom is still at home.,public_v2_adapter,"Meanwhile, Tom is all in the middle.",0.1668309000087902,15,False,False
eval_001034,tatoeba_latin,12894420-12897219,uz,en,Ular hamma pulni sarflashdi.,They spent all the money.,public_v2_adapter,The womb was a little bit more.,0.1298331000143662,12,False,False
eval_001035,tatoeba_latin,1334388-10476371,uz,en,Kimni o'ldirding?,Who did you kill?,public_v2_adapter,Who did you play?,0.07864419999532402,8,False,False
eval_001036,tatoeba_latin,13507064-13538320,uz,en,Uni oʻqishim kerak.,I've got to read it.,public_v2_adapter,It is my old.,0.07763279997743666,8,False,False
eval_001037,tatoeba_latin,13725499-13725533,uz,en,Endi kimga ishonishni bilmayman.,I don't know who to believe anymore.,public_v2_adapter,You don't know who you are.,0.12127099989447743,12,False,False
eval_001038,tatoeba_latin,13850842-13851670,uz,en,Dunyoni kim boshqaradi?,Who rules the world?,public_v2_adapter,Who created Dunyon?,0.07781750010326505,8,False,False
eval_001039,tatoeba_latin,138919-3835067,uz,en,Hush keldingiz!,Welcome.,public_v2_adapter,"Well, I am happy!",0.091951800044626,9,False,False
eval_001040,tatoeba_latin,1418200-4374879,uz,en,Bo'yashni o'rganish uchun Frantsiyaga boraman.,I'll go to France to study painting.,public_v2_adapter,I am living in France for the rest of my life.,0.15335810009855777,15,False,False
eval_001041,tatoeba_latin,1549913-1223564,uz,en,"Salam, eski do'stim!","Hello, old friend!",public_v2_adapter,"Hello, my old friend!",0.08654869999736547,9,False,False
eval_001042,tatoeba_latin,1549918-1223558,uz,en,U yapon.,He is Japanese.,public_v2_adapter,It does.,0.05644489999394864,6,False,False
eval_001043,tatoeba_latin,1595366-10473685,uz,en,Men maslahatchi bo'lib ishlayman.,I work as a consultant.,public_v2_adapter,But you don't want to get a lot of money.,0.15800109994597733,16,False,False
eval_001044,tatoeba_latin,1632038-4420924,uz,en,Dorini sotib oldingizmi?,Did you buy the medicine?,public_v2_adapter,Do you have a doctor?,0.08345079992432147,9,False,False
eval_001045,tatoeba_latin,1636183-521709,uz,en,Go‘l tikansiz bo‘lmaydi.,Every rose has its thorns.,public_v2_adapter,He was not unhealthy.,0.10399259999394417,11,False,False
eval_001046,tatoeba_latin,16492-3817333,uz,en,Nima qilayapsan?,What are you doing?,public_v2_adapter,What do you want?,0.0760009998921305,8,False,False
eval_001047,tatoeba_latin,1663416-10473686,uz,en,Men sotuvchi bo'lib ishlayman.,I work as a salesman.,public_v2_adapter,But you don't want to go.,0.11205910006538033,12,False,False
eval_001048,tatoeba_latin,16790-3763789,uz,en,Qancha pul xohlaysan?,How much money do you want?,public_v2_adapter,What is your money?,0.07576139993034303,8,False,False
eval_001049,tatoeba_latin,16790-3763790,uz,en,Qancha pul xohlaysiz?,How much money do you want?,public_v2_adapter,What is the price?,0.07558579999022186,8,False,False
eval_001050,tatoeba_latin,16790-3763791,uz,en,Qancha pul istaysan?,How much money do you want?,public_v2_adapter,Are you a woman?,0.0799616000149399,8,False,False
eval_001051,tatoeba_latin,16908-3834134,uz,en,Kitobingiz stol ustida.,Your book is on the desk.,public_v2_adapter,The book is in the table.,0.09337020001839846,10,False,False
eval_001052,tatoeba_latin,16996-423846,uz,en,Ishingizni qiling!,Mind your own business!,public_v2_adapter,Take your old!,0.06748430000152439,7,False,False
eval_001053,tatoeba_latin,16996-423848,uz,en,Ishinglarni qilinglar!,Mind your own business!,public_v2_adapter,They are the first!,0.07327940000686795,8,False,False
eval_001054,tatoeba_latin,1761849-3764115,uz,en,Pivo ichasizmi?,Do you drink beer?,public_v2_adapter,What about beer?,0.0649567999644205,7,False,False
eval_001055,tatoeba_latin,1761849-3764116,uz,en,Pivo ichasanmi?,Do you drink beer?,public_v2_adapter,Do you want a beer?,0.08777250000275671,9,False,False
eval_001056,tatoeba_latin,1767253-2830951,uz,en,Diqqatingiz uchun rahmat.,Thank you for your attention.,public_v2_adapter,The mercy of your wife.,0.0935404000338167,10,False,False
eval_001057,tatoeba_latin,1792644-8008829,uz,en,O‘lmayman.,I won't die.,public_v2_adapter,Not to say.,0.06397970009129494,7,False,False
eval_001058,tatoeba_latin,1866502-3764310,uz,en,Qishloq joyida yashayman.,I live in a rural area.,public_v2_adapter,You are in the middle of the house.,0.11062429996673018,12,False,False
eval_001059,tatoeba_latin,1891110-3834055,uz,en,Tayyorman.,I'm ready.,public_v2_adapter,The day.,0.05521310004405677,6,False,False
eval_001060,tatoeba_latin,1908577-2664987,uz,en,Xonangizga boringiz!,Go to your room!,public_v2_adapter,Take care of your life!,0.08473500004038215,9,False,False
eval_001061,tatoeba_latin,19904-2790055,uz,en,Xaridor kelmadi.,The customer did not come.,public_v2_adapter,The house was not.,0.07381720002740622,8,False,False
eval_001062,tatoeba_latin,2011083-2661332,uz,en,Bir xatni o'qidim.,I read a letter.,public_v2_adapter,I have a little bit.,0.0883554999018088,9,False,False
eval_001063,tatoeba_latin,2090872-2664995,uz,en,O'qituvchi bo'lmoq istayman.,I want to be a teacher.,public_v2_adapter,I am not a woman.,0.08835799992084503,9,False,False
eval_001064,tatoeba_latin,2096111-12020358,uz,en,Men faqat birinchi tarjimani o‘qidim.,I read only the first translation.,public_v2_adapter,I had my first time.,0.08684020000509918,9,False,False
eval_001065,tatoeba_latin,2096111-12020360,uz,en,Faqat birinchi tarjimani o‘qidim.,I read only the first translation.,public_v2_adapter,I started my first time.,0.08281489997170866,9,False,False
eval_001066,tatoeba_latin,2111600-3776250,uz,en,Hech kim javob bermadi.,Nobody answered.,public_v2_adapter,They were all young.,0.07543880003504455,8,False,False
eval_001067,tatoeba_latin,2255310-3763482,uz,en,Tinglaysan.,You will listen.,public_v2_adapter,It is.,0.055165400030091405,6,False,False
eval_001068,tatoeba_latin,2255310-3763483,uz,en,Sen tinglaysan.,You will listen.,public_v2_adapter,You are a woman.,0.07783140009269118,8,False,False
eval_001069,tatoeba_latin,2255314-3763470,uz,en,Ko'rasan.,You will see.,public_v2_adapter,I know.,0.055365300038829446,6,False,False
eval_001070,tatoeba_latin,2255314-3763471,uz,en,Ko'rasiz.,You will see.,public_v2_adapter,No one.,0.05656060006003827,6,False,False
eval_001071,tatoeba_latin,2258234-3212166,uz,en,Hayirli tong.,Good morning.,public_v2_adapter,Good time.,0.05583440000191331,6,False,False
eval_001072,tatoeba_latin,2311510-12073977,uz,en,Ovqat qayerda?,Where is the food?,public_v2_adapter,Are you back?,0.06493710004724562,7,False,False
eval_001073,tatoeba_latin,2332108-2664980,uz,en,Men o'qituvchi emas.,I'm not a teacher.,public_v2_adapter,But it is the same.,0.08064499997999519,9,False,False
eval_001074,tatoeba_latin,2362724-13758141,uz,en,Xayrli tun.,Good night.,public_v2_adapter,It is a good time.,0.0826369000133127,9,False,False
eval_001075,tatoeba_latin,2377504-10877160,uz,en,Men kitob o‘qishni yaxshi ko‘raman.,I like to read books.,public_v2_adapter,I want to get a little bit of it.,0.12510750000365078,13,False,False
eval_001076,tatoeba_latin,2387508-12180541,uz,en,Menga kalitlarim kerak.,I need my keys.,public_v2_adapter,My quality is very high.,0.08592089999001473,9,False,False
eval_001077,tatoeba_latin,2412739-2927670,uz,en,Ikki mushugim bor.,I have two cats.,public_v2_adapter,I have both friends.,0.0705858999863267,8,False,False
eval_001078,tatoeba_latin,2412872-2665000,uz,en,Olma stolning ustida.,The apple is on the table.,public_v2_adapter,It is not in the table.,0.09221149992663413,10,False,False
eval_001079,tatoeba_latin,2428904-2428905,uz,en,Chaqaloqning tagligini o'zgartirishim kerak.,I have to change the baby's nappy.,public_v2_adapter,I want to read the book.,0.09261179994791746,10,False,False
eval_001080,tatoeba_latin,2499490-2499491,uz,en,Laurie qayerda?,Where is Laurie?,public_v2_adapter,Laurie is back?,0.07786650001071393,8,False,False
eval_001081,tatoeba_latin,2499505-2499506,uz,en,Mehmonxona qayerda?,Where is the hotel?,public_v2_adapter,Return to Mehmonzo?,0.12693140003830194,10,False,False
eval_001082,tatoeba_latin,2549287-13758146,uz,en,Deyarli peshin.,It's almost noon.,public_v2_adapter,It is a small.,0.10271410003770143,8,False,False
eval_001083,tatoeba_latin,257759-2664974,uz,en,Men kecha maktabga bordim.,I went to school yesterday.,public_v2_adapter,I have a lot of work.,0.11493779998272657,10,False,False
eval_001084,tatoeba_latin,2647714-3866784,uz,en,Uying bormi?,Do you have a house?,public_v2_adapter,What is the borrow?,0.09231970005203038,9,False,False
eval_001085,tatoeba_latin,2647714-3866785,uz,en,Sening uying bormi?,Do you have a house?,public_v2_adapter,What is your sleep?,0.0850733999395743,8,False,False
eval_001086,tatoeba_latin,2647714-3866786,uz,en,Uyingiz bormi?,Do you have a house?,public_v2_adapter,What is your sleep?,0.0746182999573648,8,False,False
eval_001087,tatoeba_latin,2659137-2661337,uz,en,Lori stulga o'tqizdi.,Laurie sat on the chair.,public_v2_adapter,Lori was a woman.,0.0826328000985086,9,False,False
eval_001088,tatoeba_latin,2659150-2661336,uz,en,Lori shishani sindirdi.,Laurie broke the glass.,public_v2_adapter,Lori was a woman.,0.08989480009768158,9,False,False
eval_001089,tatoeba_latin,2659524-2664990,uz,en,Har bir rangning ma'nosi bor.,Every colour has a meaning.,public_v2_adapter,There is a few days.,0.08165219996590167,9,False,False
eval_001090,tatoeba_latin,2659530-2664988,uz,en,Chaqaloqning tagligini o'zgartirdim.,I changed the baby's nappy.,public_v2_adapter,I have made my job.,0.08545150002464652,9,False,False
eval_001091,tatoeba_latin,2659574-2661329,uz,en,G'ayritabiiy tush ko'rdim.,I dreamt a strange dream.,public_v2_adapter,I had a doctor.,0.0770809999667108,8,False,False
eval_001092,tatoeba_latin,2664946-2664973,uz,en,Men ertaga maktabga boraman.,I will go to the school tomorrow.,public_v2_adapter,I am not in a room.,0.09603140002582222,10,False,False
eval_001093,tatoeba_latin,2664954-2664962,uz,en,Ayollarning basketbol komandasining erkak murabbiyi bor.,The women's basketball team has a male coach.,public_v2_adapter,He has a young team for the basketball team in Ayol.,0.15732850006315857,17,False,False
eval_001094,tatoeba_latin,2686464-3836877,uz,en,Bolalar hayotimizning gullari.,Children are the flowers of our lives.,public_v2_adapter,The balls are the gold of our team.,0.12075909995473921,13,False,False
eval_001095,tatoeba_latin,2739964-3776251,uz,en,Mening bir do'stim bor.,I have a friend.,public_v2_adapter,I have a couple of days.,0.09188689989969134,10,False,False
eval_001096,tatoeba_latin,275296-392473,uz,en,Seni kutaman.,I'll wait for you.,public_v2_adapter,I don't know you.,0.09797030000481755,10,False,False
eval_001097,tatoeba_latin,276279-2830947,uz,en,Olmani kim o'g'irladi?,Who stole the apple?,public_v2_adapter,Who was the leader of Olmani?,0.1038469000486657,11,False,False
eval_001098,tatoeba_latin,2768798-2768810,uz,en,U aybsiz bo'ldi.,He was innocent.,public_v2_adapter,She died unknown.,0.08466250007040799,9,False,False
eval_001099,tatoeba_latin,2828119-2836674,uz,en,Chaqaloq gapira olmaydi.,The baby can't speak.,public_v2_adapter,There was no room.,0.07288750004954636,8,False,False
eval_001100,tatoeba_latin,2836658-2836661,uz,en,Ba'zan kinoteatrga boraman.,I sometimes go to the cinema.,public_v2_adapter,I am living in the cinema.,0.09900200006086379,10,False,False
eval_001101,tatoeba_latin,2897826-3817385,uz,en,Matematikani yomon ko'raman.,I hate maths.,public_v2_adapter,I have a mathematical experience.,0.11067730002105236,11,False,False
eval_001102,tatoeba_latin,2912789-3098138,uz,en,Bu nima? Bu avtomobil.,What is this? This is a car.,public_v2_adapter,This is the car.,0.07662449998315424,8,False,False
eval_001103,tatoeba_latin,2922539-2925632,uz,en,Emili ingliz.,Emily is English.,public_v2_adapter,Emily is English.,0.07532350008841604,8,False,False
eval_001104,tatoeba_latin,2928077-2928078,uz,en,Dunyoda hayot qimmat bo'la oladi.,Life on Earth may be expensive.,public_v2_adapter,It was a little bit in the middle.,0.1159452999709174,12,False,False
eval_001105,tatoeba_latin,293617-866398,uz,en,U doktor emas.,He is not a doctor.,public_v2_adapter,He is a doctor.,0.07979729992803186,8,False,False
eval_001106,tatoeba_latin,2960454-12073350,uz,en,Bugun maktabda nimani o‘rganding?,What did you learn at school today?,public_v2_adapter,What are you doing today?,0.09853419999126345,9,False,False
eval_001107,tatoeba_latin,2960454-12073352,uz,en,Bugun maktabda nimani o‘rgandingiz?,What did you learn at school today?,public_v2_adapter,What do you want to do today?,0.10385039995890111,11,False,False
eval_001108,tatoeba_latin,3027899-3865743,uz,en,Xavfliman.,I'm dangerous.,public_v2_adapter,I am a friend.,0.08520059997681528,8,False,False
eval_001109,tatoeba_latin,3027899-3865744,uz,en,Men xavfliman.,I'm dangerous.,public_v2_adapter,But I am.,0.0729235999751836,7,False,False
eval_001110,tatoeba_latin,3092982-3098148,uz,en,U bu yerda.,She is here.,public_v2_adapter,He is here.,0.07173159997910261,7,False,False
eval_001111,tatoeba_latin,3094937-3098147,uz,en,Melani tasodifan bir pashsha o'ldirdi.,Melanie has accidentally killed a fly.,public_v2_adapter,Melani played a big match.,0.09736939996946603,10,False,False
eval_001112,tatoeba_latin,319380-2768807,uz,en,Otam pochta qutisini qizilga bo'yadi.,My father painted the mailbox red.,public_v2_adapter,My father broke her pocket.,0.1118649001000449,11,False,False
eval_001113,tatoeba_latin,3220854-3982529,uz,en,Ingliz tili lotin alifbosi bilan yozilgan.,English is written with a Latin alphabet.,public_v2_adapter,English gold was created by the lottery alifbose.,0.152217400027439,16,False,False
eval_001114,tatoeba_latin,324544-2768404,uz,en,Pochta qo'ng'ir bino.,The post office is the brown building.,public_v2_adapter,She was in the house.,0.08777720003854483,9,False,False
eval_001115,tatoeba_latin,3245828-3764455,uz,en,Hunuksiz.,You are ugly.,public_v2_adapter,No one.,0.05984080000780523,6,False,False
eval_001116,tatoeba_latin,324584-4866629,uz,en,O'tgan kecha menga telefon qildingmi?,Did you call me last night?,public_v2_adapter,What is the number of people who call?,0.11290559999179095,12,False,False
eval_001117,tatoeba_latin,33133-872731,uz,en,Mana poezd kelyapti.,Here comes the train.,public_v2_adapter,My poetry is a little.,0.09501389996148646,10,False,False
eval_001118,tatoeba_latin,3385245-11165448,uz,en,Do‘stim shakar ishlatmaydi.,My friend doesn't use sugar.,public_v2_adapter,I did not get a lot.,0.097342099994421,10,False,False
eval_001119,tatoeba_latin,3395892-4866632,uz,en,Nimaga ishonasiz?,What do you believe in?,public_v2_adapter,Do you have any friends?,0.08404079999309033,9,False,False
eval_001120,tatoeba_latin,3506854-3507475,uz,en,Sen o'qituvchi emasmiding?,Didn't you use to be a teacher?,public_v2_adapter,Do you know what it is?,0.09342449996620417,10,False,False
eval_001121,tatoeba_latin,3519626-3764120,uz,en,Ular Tomni topmadilar.,They haven't found Tom.,public_v2_adapter,The wings did not collect Tomni.,0.10912160004954785,12,False,False
eval_001122,tatoeba_latin,3601134-8541681,uz,en,Qizimni ko'rdingmi?,Did you see my daughter?,public_v2_adapter,Do you want to get your daughter?,0.10865330009255558,11,False,False
eval_001123,tatoeba_latin,3653993-3834113,uz,en,Meztliga oy yoqadi.,Meztli likes the moon.,public_v2_adapter,He played for the game.,0.0827365000732243,9,False,False
eval_001124,tatoeba_latin,3712939-3763474,uz,en,Hindistonda yashayman.,I live in India.,public_v2_adapter,You are in India.,0.0746369999833405,8,False,False
eval_001125,tatoeba_latin,375822-423858,uz,en,Nima gap?,What happened?,public_v2_adapter,What is the gap?,0.07482760003767908,8,False,False
eval_001126,tatoeba_latin,3762551-3764459,uz,en,Shakar shirin.,The sugar is sweet.,public_v2_adapter,The shaker program.,0.07722039998043329,8,False,False
eval_001127,tatoeba_latin,3763397-3763993,uz,en,Olmalarni va apelsinlarni qiyoslayapsan.,You are comparing apples and oranges.,public_v2_adapter,You want to be and call.,0.09811120002996176,10,False,False
eval_001128,tatoeba_latin,37744-3763801,uz,en,Kim bilan gaplashishni xohlaysan?,Who do you want to speak to?,public_v2_adapter,Who is the leader of your relationship?,0.10908449999988079,11,False,False
eval_001129,tatoeba_latin,3818654-3943961,uz,en,Nima uchun siz saytingizni yangilamaysiz?,Why don't you update your website?,public_v2_adapter,Why do you not want to get my website?,0.12413940008264035,13,False,False
eval_001130,tatoeba_latin,3832022-3835035,uz,en,Mening bobom arxeolog edi.,My grandfather was an archaeologist.,public_v2_adapter,I was an archaeologist.,0.11348709999583662,12,False,False
eval_001131,tatoeba_latin,3834208-3834214,uz,en,U siz uchun yetarli emasmi?,Isn't it enough for you?,public_v2_adapter,Are you a good guy for me?,0.1051352999638766,11,False,False
eval_001132,tatoeba_latin,3845167-3845180,uz,en,Sen yeyapsan.,You eat.,public_v2_adapter,You eat.,0.06142110005021095,6,False,False
eval_001133,tatoeba_latin,392269-392421,uz,en,Sensiz hayot barbod.,Life's a ruin without you.,public_v2_adapter,I am a woman without you.,0.09518720000050962,10,False,False
eval_001134,tatoeba_latin,394894-423861,uz,en,Nima bo'ldi?,What's the matter?,public_v2_adapter,What is it?,0.06701750005595386,7,False,False
eval_001135,tatoeba_latin,3954003-3817203,uz,en,Bu suratda qancha qiz bor?,How many girls are in this picture?,public_v2_adapter,What is the name on this page?,0.10093239997513592,11,False,False
eval_001136,tatoeba_latin,3971623-3971668,uz,en,O'sha vaqtda uylangan edim.,I was married at that time.,public_v2_adapter,I was in the middle of her.,0.10334020003210753,11,False,False
eval_001137,tatoeba_latin,397202-397201,uz,en,"Hazon bo'lma, muhabbat.","Don't wilt away, love.",public_v2_adapter,"I don't talk, talk.",0.10216449992731214,11,False,False
eval_001138,tatoeba_latin,3974598-3982537,uz,en,Bu bizning fikrimiz edi.,That was our idea.,public_v2_adapter,This is our idea.,0.08097440004348755,8,False,False
eval_001139,tatoeba_latin,410907-423841,uz,en,Soatlarim qani?,Where are my watches?,public_v2_adapter,What are my numbers?,0.07347950001712888,8,False,False
eval_001140,tatoeba_latin,410907-423842,uz,en,Mening soatlarim qani?,Where are my watches?,public_v2_adapter,What are my names?,0.07830390008166432,8,False,False
eval_001141,tatoeba_latin,410908-423841,uz,en,Soatlarim qani?,Where are my clocks?,public_v2_adapter,What are my numbers?,0.07368180004414171,8,False,False
eval_001142,tatoeba_latin,4125753-4125749,uz,en,Mahmud bekor yurishni yoqtirmaydi.,Mahmud abhors being idle.,public_v2_adapter,Mahmud did not leave his home.,0.10423189995344728,11,False,False
eval_001143,tatoeba_latin,4125768-4125767,uz,en,Lola Salimning chekishini yoqtirmaydi.,Lola abhors Salim's smoking.,public_v2_adapter,Lola didn't get to the check for Salim.,0.15182490006554872,16,False,False
eval_001144,tatoeba_latin,4125771-4125769,uz,en,Mening otam doimo aytganini qiladi.,My father abides by what he said.,public_v2_adapter,My father was born.,0.07467280002310872,8,False,False
eval_001145,tatoeba_latin,4125773-4125772,uz,en,U mohir usta.,He is a master of ability.,public_v2_adapter,He is a master.,0.0729867999907583,8,False,False
eval_001146,tatoeba_latin,4127484-4127482,uz,en,O'tgan hafta harorat noldan yuqori edi.,The temperature was above zero last week.,public_v2_adapter,He died from zero for the week.,0.1065604001050815,11,False,False
eval_001147,tatoeba_latin,4127509-4127506,uz,en,Bugun kim yo'q?,Who is absent today?,public_v2_adapter,Who is you today?,0.07341039995662868,8,False,False
eval_001148,tatoeba_latin,4127544-4127540,uz,en,"Rahmat,choy bo'lsa yo'q demayman.","Thank you, tea would be very acceptable.",public_v2_adapter,"Mercy, you don't want to go.",0.1352760000154376,14,False,False
eval_001149,tatoeba_latin,4127638-4127634,uz,en,Siz buni qanday bajardingiz?,How did you accomplish this?,public_v2_adapter,What do you want to do?,0.09340570005588233,10,False,False
eval_001150,tatoeba_latin,4129977-3835607,uz,en,Men pishloq yeyapman.,I'm having some cheese.,public_v2_adapter,I have a little food.,0.08499819994904101,9,False,False
eval_001151,tatoeba_latin,4130014-3845180,uz,en,Sen yeyapsan.,You are eating.,public_v2_adapter,You eat.,0.05382550007198006,6,False,False
eval_001152,tatoeba_latin,4130014-3845181,uz,en,Siz yeyapsiz.,You are eating.,public_v2_adapter,You are unhealthy.,0.0930730999680236,10,False,False
eval_001153,tatoeba_latin,4136734-4136735,uz,en,O'tgan hafta biz holam nikida bo'ldik.,We were at my aunt's last week.,public_v2_adapter,That week we died in the house.,0.09934249997604638,11,False,False
eval_001154,tatoeba_latin,413821-423839,uz,en,Bu narsa nima?,What's this?,public_v2_adapter,What is this?,0.06924709992017597,7,False,False
eval_001155,tatoeba_latin,423332-423333,uz,en,Sen uchun keldim.,It's you I've come for.,public_v2_adapter,I have been born for you.,0.09182450000662357,10,False,False
eval_001156,tatoeba_latin,42358-423855,uz,en,U mening ishim.,That's my affair.,public_v2_adapter,My name is Men.,0.07497209997382015,8,False,False
eval_001157,tatoeba_latin,423863-423862,uz,en,Men bultur kasal bo'ldim.,I fell ill last year.,public_v2_adapter,I was born in a house.,0.09127720003016293,10,False,False
eval_001158,tatoeba_latin,436243-3763465,uz,en,Yoshingiz nechada?,How old are you?,public_v2_adapter,What is it?,0.06595029996242374,7,False,False
eval_001159,tatoeba_latin,436555-4866625,uz,en,Sizni tushunmayman.,I don't understand you.,public_v2_adapter,I don't want you.,0.09159319999162108,10,False,False
eval_001160,tatoeba_latin,436777-3773995,uz,en,Men pasportimni yo'qotib qo'ydim!,I lost my passport!,public_v2_adapter,I have finished my passport!,0.09749039995949715,10,False,False
eval_001161,tatoeba_latin,4380655-10473703,uz,en,Bungacha men taksi haydovchisi bo'lib ishlaganman.,"Before this, I worked as a cab driver.",public_v2_adapter,I have a taxi ride.,0.0848822999978438,9,False,False
eval_001162,tatoeba_latin,4416084-4420919,uz,en,Rasmingni ko'rmoqchiman.,I want to see your picture.,public_v2_adapter,I am not a member of the office.,0.11267360008787364,12,False,False
eval_001163,tatoeba_latin,441964-3835076,uz,en,Bahor keldi.,Spring has come.,public_v2_adapter,The spring.,0.05410950002260506,6,False,False
eval_001164,tatoeba_latin,4518215-4543747,uz,en,Telefon raqamim 9876-5432.,My telephone number is 9876-5432.,public_v2_adapter,My phone number is 9876-5432.,0.11271749995648861,12,False,False
eval_001165,tatoeba_latin,456317-3764077,uz,en,Ko'zlarimning ichiga qara.,Look into my eyes.,public_v2_adapter,I have finished my work.,0.08263720001559705,9,False,False
eval_001166,tatoeba_latin,462654-2499499,uz,en,Kofe sovuq.,The coffee is cold.,public_v2_adapter,I drink a coffee.,0.07880040002055466,8,False,False
eval_001167,tatoeba_latin,4851580-4866623,uz,en,Kitoblar qayerda?,Where are the books?,public_v2_adapter,Are books back?,0.06504080002196133,7,False,False
eval_001168,tatoeba_latin,48623-10474513,uz,en,Bank qayerda?,Where is the bank?,public_v2_adapter,Banking?,0.0574162999400869,6,False,False
eval_001169,tatoeba_latin,4889026-4889606,uz,en,Bu it emas.,This is not a dog.,public_v2_adapter,This is the case.,0.07549249997828156,8,False,False
eval_001170,tatoeba_latin,4976765-10473704,uz,en,Men uch yil ofitsiant bo'lib ishladim.,I worked as a waiter for three years.,public_v2_adapter,But I was a member of the office for the last year.,0.15064929996151477,16,False,False
eval_001171,tatoeba_latin,499689-3212186,uz,en,Hayirli kun.,Good afternoon.,public_v2_adapter,Good is.,0.05585390003398061,6,False,False
eval_001172,tatoeba_latin,5152251-8542119,uz,en,Qirolichani ko'rdim.,I saw the queen.,public_v2_adapter,I was a woman.,0.08004809997510165,8,False,False
eval_001173,tatoeba_latin,519817-4444371,uz,en,Kechirimingizni qabul qilmayman.,I do not accept your excuse.,public_v2_adapter,I hope you don't get me.,0.11281289998441935,12,False,False
eval_001174,tatoeba_latin,528229-521709,uz,en,Go‘l tikansiz bo‘lmaydi.,There are no roses without thorns.,public_v2_adapter,He was not unhealthy.,0.1038774000480771,11,False,False
eval_001175,tatoeba_latin,5293174-11282118,uz,en,Juda antigigiyenik bo‘lganidan jamoat hojatxonalaridan foydalanishni rad etaman.,"I refuse to use public restrooms, as they are very unhygienic.",public_v2_adapter,I prefer the kind of antigenic disease in other cases.,0.15515879995655268,16,False,False
eval_001176,tatoeba_latin,5295840-3835084,uz,en,Buyerga kel!,Come here!,public_v2_adapter,Take a look!,0.07623039989266545,7,False,False
eval_001177,tatoeba_latin,5308161-5308289,uz,en,Toshbaqalarning tishlari yo'q.,Turtles don't have teeth.,public_v2_adapter,We have a lot of people.,0.10370979993604124,10,False,False
eval_001178,tatoeba_latin,5379156-12156103,uz,en,Tom yoshligida kosmonavt bo‘lmoqchi ekan.,Tom wanted to be an astronaut when he was young.,public_v2_adapter,Tom was a cosmonaut at the age of three.,0.1737365999724716,16,False,False
eval_001179,tatoeba_latin,57068-12205402,uz,en,Bu kitobning muallifi kim?,Who is the author of this book?,public_v2_adapter,Who is the leader of this project?,0.11928039998747408,11,False,False
eval_001180,tatoeba_latin,5975639-10852595,uz,en,Baliqni yaxshi ko‘rmayman.,I don't like fish.,public_v2_adapter,Don't let your child go.,0.11888239998370409,11,False,False
eval_001181,tatoeba_latin,602534-3817381,uz,en,Sening uying katta.,Your house is big.,public_v2_adapter,You are in the bed.,0.0853297000285238,9,False,False
eval_001182,tatoeba_latin,60560-10785812,uz,en,Ushbu dasturni DOS rejimida ishga tushirish mumkin emas.,This program cannot be run in DOS mode.,public_v2_adapter,His work was made in the DOS regime.,0.10930579993873835,12,False,False
eval_001183,tatoeba_latin,642931-4866633,uz,en,Siz mening qushlarimni ko'rmadingizmi?,Didn't you see my birds?,public_v2_adapter,Do you want my family?,0.08423559996299446,9,False,False
eval_001184,tatoeba_latin,642931-4866636,uz,en,Mening qushlarimni ko'rmadingmi?,Didn't you see my birds?,public_v2_adapter,Do you want my dogs?,0.08975220005959272,10,False,False
eval_001185,tatoeba_latin,64332-866408,uz,en,Qotibqobsanku!,You are drunk!,public_v2_adapter,My friend!,0.056476600002497435,6,False,False
eval_001186,tatoeba_latin,64956-3834516,uz,en,Men och edim.,I was hungry.,public_v2_adapter,I did it.,0.0676308999536559,7,False,False
eval_001187,tatoeba_latin,67126-1223561,uz,en,U mening.,That is mine.,public_v2_adapter,It is a mind.,0.0745943000074476,8,False,False
eval_001188,tatoeba_latin,687376-3764317,uz,en,Familiyangiz nima?,What is your surname?,public_v2_adapter,What is your family?,0.07377830008044839,8,False,False
eval_001189,tatoeba_latin,688706-3763466,uz,en,Yoshim yigirma to'rtda.,I'm 24 years old.,public_v2_adapter,My daughter was in the middle.,0.09321830002591014,10,False,False
eval_001190,tatoeba_latin,6979834-12896843,uz,en,Oshpaz bo‘lib ishlayman.,I work as a cook.,public_v2_adapter,You are not in the middle.,0.08952929999213666,10,False,False
eval_001191,tatoeba_latin,7088979-12905917,uz,en,Nega itlarni shunchalik yomon ko‘rasan?,Why do you hate dogs so much?,public_v2_adapter,How do you want to get a little more?,0.1220640999963507,13,False,False
eval_001192,tatoeba_latin,7444292-11163461,uz,en,Ular menga nimadir topishganini aytishdi.,They told me that they found something.,public_v2_adapter,The wreck had been put into the house.,0.13832849997561425,14,False,False
eval_001193,tatoeba_latin,7697543-8097840,uz,en,Badaviylar choʻlda yashaydi.,Bedouins live in the desert.,public_v2_adapter,The parents were in the middle.,0.09530600009020418,10,False,False
eval_001194,tatoeba_latin,785667-8453456,uz,en,Xohlagan tilingizda yozishingiz mumkin. Tatoeba saytida barcha tillar tengdir.,"You may write in any language you want. On Tatoeba, all languages are equal.",public_v2_adapter,It is a small village in the city of Tatua.Tataeba is one of the most famous towns in the world.,0.380456899991259,31,False,False
eval_001195,tatoeba_latin,8624434-8628848,uz,en,Uyda qoling.,Stay home.,public_v2_adapter,I go to the room.,0.11396470002364367,9,False,False
eval_001196,tatoeba_latin,865248-8821062,uz,en,"Do'stlaring kimligini ayt, shunda men kimligingni aytaman.","Tell me who your friends are, and I'll tell you who you are.",public_v2_adapter,"You know what you are doing, but you have a lot of money.",0.1795299999648705,18,False,False
eval_001197,tatoeba_latin,8804638-13884335,uz,en,Kitobimni olib kel,How many sentences have you written today?,public_v2_adapter,I have my book,0.07091680006124079,7,False,False
eval_001198,tatoeba_latin,897320-3763870,uz,en,Tuflimning ichida bir qoya bor.,There's a rock in my shoe.,public_v2_adapter,There is a few days after the death.,0.11137380008585751,12,False,False
eval_001199,tatoeba_latin,9767282-13778740,uz,en,Sen ham kelolasan.,"You can come, too.",public_v2_adapter,You are all in the house.,0.09433130000252277,10,False,False
